{"parent":"","display":{"thirdperson_righthand":{"rotation":[31.5,0.0,0.0],"translation":[0.0,3.25,-1.25]},"thirdperson_lefthand":{"rotation":[69.1,-30.24,13.28],"translation":[0.0,3.0,-0.5]},"firstperson_righthand":{"rotation":[98.26,52.76,-130.5]},"firstperson_lefthand":{"rotation":[129.26,51.11,-153.37]},"ground":{"rotation":[-180.0,-0.5,-180.0],"translation":[0.0,2.5,4.0]},"gui":{"rotation":[-180.0,-0.25,-180.0],"translation":[0.25,0.0,0.0]},"head":{"translation":[0.0,14.5,-2.5]},"fixed":{"rotation":[-0.5,0.0,0.0],"translation":[0.0,0.25,-7.5]}},"elements":[{"from":[10.0,0.0,6.0],"to":[12.0,2.0,9.0],"rotation":{"origin":[10.0,0.0,6.0],"axis":"y","angle":0.0},"faces":{"north":{"uv":[4.5,3.5,5.0,4.0],"texture":"#0"},"east":{"uv":[8.75,8.25,9.5,8.75],"texture":"#0"},"south":{"uv":[9.5,3.0,10.0,3.5],"texture":"#0"},"west":{"uv":[8.75,8.75,9.5,9.25],"texture":"#0"},"up":{"uv":[1.5,9.5,1.0,8.75],"texture":"#0"},"down":{"uv":[2.0,9.0,1.5,9.75],"texture":"#0"}}},{"from":[4.0,0.0,6.0],"to":[6.0,2.0,9.0],"rotation":{"origin":[4.0,0.0,6.0],"axis":"y","angle":0.0},"faces":{"north":{"uv":[6.0,9.5,6.5,10.0],"texture":"#0"},"east":{"uv":[3.5,9.0,4.25,9.5],"texture":"#0"},"south":{"uv":[6.5,9.5,7.0,10.0],"texture":"#0"},"west":{"uv":[6.5,9.0,7.25,9.5],"texture":"#0"},"up":{"uv":[2.5,9.75,2.0,9.0],"texture":"#0"},"down":{"uv":[7.75,9.0,7.25,9.75],"texture":"#0"}}},{"from":[7.0,1.0,15.0],"to":[9.0,3.0,18.0],"rotation":{"origin":[7.0,1.0,16.0],"axis":"y","angle":0.0},"faces":{"north":{"uv":[7.75,9.5,8.25,10.0],"texture":"#0"},"east":{"uv":[8.25,2.5,9.25,3.0],"texture":"#0"},"south":{"uv":[9.5,8.25,10.0,8.75],"texture":"#0"},"west":{"uv":[1.5,8.5,2.5,9.0],"texture":"#0"},"up":{"uv":[3.0,9.5,2.5,8.5],"texture":"#0"},"down":{"uv":[3.5,8.5,3.0,9.5],"texture":"#0"}}},{"from":[11.18691,2.76846,11.0],"to":[13.18691,7.76846,13.0],"rotation":{"origin":[13.3,7.3,12.0],"axis":"z","angle":37.5},"faces":{"north":{"uv":[0.0,7.5,0.5,8.75],"texture":"#0"},"east":{"uv":[0.5,7.5,1.0,8.75],"texture":"#0"},"south":{"uv":[1.0,7.5,1.5,8.75],"texture":"#0"},"west":{"uv":[8.25,1.25,8.75,2.5],"texture":"#0"},"up":{"uv":[3.0,10.25,2.5,9.75],"texture":"#0"},"down":{"uv":[3.5,9.75,3.0,10.25],"texture":"#0"}}},{"from":[0.41309,3.83154,11.0],"to":[2.41309,8.83154,13.0],"rotation":{"origin":[0.3,4.3,12.0],"axis":"z","angle":-40.0},"faces":{"north":{"uv":[4.5,8.25,5.0,9.5],"texture":"#0"},"east":{"uv":[5.0,8.25,5.5,9.5],"texture":"#0"},"south":{"uv":[5.5,8.25,6.0,9.5],"texture":"#0"},"west":{"uv":[6.0,8.25,6.5,9.5],"texture":"#0"},"up":{"uv":[4.0,10.25,3.5,9.75],"texture":"#0"},"down":{"uv":[10.25,4.5,9.75,5.0],"texture":"#0"}}},{"from":[2.5,13.7,12.0],"to":[5.3,16.3,13.0],"rotation":{"origin":[3.0,14.0,12.0],"axis":"y","angle":0.0},"faces":{"north":{"uv":[6.5,4.5,7.25,5.25],"texture":"#0"},"east":{"uv":[7.25,4.5,7.5,5.25],"texture":"#0"},"south":{"uv":[6.5,8.25,7.25,9.0],"texture":"#0"},"west":{"uv":[7.0,9.5,7.25,10.25],"texture":"#0"},"up":{"uv":[10.5,5.5,9.75,5.25],"texture":"#0"},"down":{"uv":[10.5,5.5,9.75,5.75],"texture":"#0"}}},{"from":[10.5,13.7,12.0],"to":[13.3,16.3,13.0],"rotation":{"origin":[11.0,14.0,12.0],"axis":"y","angle":0.0},"faces":{"north":{"uv":[7.25,8.25,8.0,9.0],"texture":"#0"},"east":{"uv":[8.25,9.5,8.5,10.25],"texture":"#0"},"south":{"uv":[8.0,8.25,8.75,9.0],"texture":"#0"},"west":{"uv":[9.75,7.0,10.0,7.75],"texture":"#0"},"up":{"uv":[10.5,6.0,9.75,5.75],"texture":"#0"},"down":{"uv":[10.5,7.75,9.75,8.0],"texture":"#0"}}},{"from":[5.0,0.0,8.6],"to":[11.0,6.0,9.0],"rotation":{"origin":[7.0,0.0,7.0],"axis":"y","angle":0.0},"faces":{"north":{"uv":[1.5,7.0,3.0,8.5],"texture":"#0"},"east":{"uv":[4.25,9.0,4.5,10.5],"texture":"#0"},"south":{"uv":[3.0,7.0,4.5,8.5],"texture":"#0"},"west":{"uv":[1.0,9.5,1.25,11.0],"texture":"#0"},"up":{"uv":[10.75,3.0,9.25,2.75],"texture":"#0"},"down":{"uv":[4.0,9.5,2.5,9.75],"texture":"#0"}}},{"from":[6.0,9.0,6.6],"to":[10.0,11.0,8.0],"rotation":{"origin":[6.0,5.0,9.0],"axis":"y","angle":0.0},"faces":{"north":{"uv":[8.5,3.0,9.5,3.5],"texture":"#0"},"east":{"uv":[6.25,3.0,6.5,3.5],"texture":"#0"},"south":{"uv":[3.5,8.5,4.5,9.0],"texture":"#0"},"west":{"uv":[7.25,9.75,7.5,10.25],"texture":"#0"},"up":{"uv":[7.5,5.5,6.5,5.25],"texture":"#0"},"down":{"uv":[10.75,5.0,9.75,5.25],"texture":"#0"}}},{"from":[3.0,0.0,9.0],"to":[13.0,8.0,15.0],"faces":{"north":{"uv":[0.0,0.0,2.5,2.0],"texture":"#0"},"east":{"uv":[5.0,3.5,6.5,5.5],"texture":"#0"},"south":{"uv":[0.0,2.0,2.5,4.0],"texture":"#0"},"west":{"uv":[0.0,5.5,1.5,7.5],"texture":"#0"},"up":{"uv":[2.5,5.5,0.0,4.0],"texture":"#0"},"down":{"uv":[5.0,4.0,2.5,5.5],"texture":"#0"}}},{"from":[4.0,1.0,15.0],"to":[12.0,7.0,16.0],"rotation":{"origin":[0.0,0.0,6.0],"axis":"y","angle":0.0},"faces":{"north":{"uv":[6.25,1.5,8.25,3.0],"texture":"#0"},"east":{"uv":[1.25,9.5,1.5,11.0],"texture":"#0"},"south":{"uv":[6.5,3.0,8.5,4.5],"texture":"#0"},"west":{"uv":[4.0,9.5,4.25,11.0],"texture":"#0"},"up":{"uv":[10.5,3.75,8.5,3.5],"texture":"#0"},"down":{"uv":[10.5,3.75,8.5,4.0],"texture":"#0"}}},{"from":[4.0,8.0,8.0],"to":[12.0,14.0,16.0],"rotation":{"origin":[0.0,8.0,0.0],"axis":"y","angle":0.0},"faces":{"north":{"uv":[1.5,5.5,3.5,7.0],"texture":"#0"},"east":{"uv":[3.5,5.5,5.5,7.0],"texture":"#0"},"south":{"uv":[5.5,5.5,7.5,7.0],"texture":"#0"},"west":{"uv":[6.25,0.0,8.25,1.5],"texture":"#0"},"up":{"uv":[4.5,2.0,2.5,0.0],"texture":"#0"},"down":{"uv":[4.5,2.0,2.5,4.0],"texture":"#0"}}},{"from":[4.5,14.0,8.5],"to":[11.5,14.6,15.5],"rotation":{"origin":[0.0,14.0,0.0],"axis":"y","angle":0.0},"faces":{"north":{"uv":[8.75,1.25,10.5,1.5],"texture":"#0"},"east":{"uv":[8.75,1.5,10.5,1.75],"texture":"#0"},"south":{"uv":[8.75,1.75,10.5,2.0],"texture":"#0"},"west":{"uv":[8.75,2.0,10.5,2.25],"texture":"#0"},"up":{"uv":[6.25,1.75,4.5,0.0],"texture":"#0"},"down":{"uv":[6.25,1.75,4.5,3.5],"texture":"#0"}}},{"from":[12.0,8.6,8.6],"to":[12.7,13.5,15.5],"rotation":{"origin":[8.0,8.0,0.0],"axis":"y","angle":0.0},"faces":{"north":{"uv":[5.0,9.5,5.25,10.75],"texture":"#0"},"east":{"uv":[7.5,4.5,9.25,5.75],"texture":"#0"},"south":{"uv":[5.25,9.5,5.5,10.75],"texture":"#0"},"west":{"uv":[7.5,5.75,9.25,7.0],"texture":"#0"},"up":{"uv":[0.25,10.5,0.0,8.75],"texture":"#0"},"down":{"uv":[0.5,8.75,0.25,10.5],"texture":"#0"}}},{"from":[3.3,8.6,8.6],"to":[4.0,13.5,15.5],"rotation":{"origin":[-0.7,8.0,0.0],"axis":"y","angle":0.0},"faces":{"north":{"uv":[5.5,9.5,5.75,10.75],"texture":"#0"},"east":{"uv":[8.0,7.0,9.75,8.25],"texture":"#0"},"south":{"uv":[5.75,9.5,6.0,10.75],"texture":"#0"},"west":{"uv":[8.25,0.0,10.0,1.25],"texture":"#0"},"up":{"uv":[0.75,10.5,0.5,8.75],"texture":"#0"},"down":{"uv":[1.0,8.75,0.75,10.5],"texture":"#0"}}},{"from":[4.6,8.7,16.0],"to":[11.4,13.6,16.7],"rotation":{"origin":[0.0,8.0,1.0],"axis":"y","angle":0.0},"faces":{"north":{"uv":[4.5,7.0,6.25,8.25],"texture":"#0"},"east":{"uv":[4.5,9.5,4.75,10.75],"texture":"#0"},"south":{"uv":[6.25,7.0,8.0,8.25],"texture":"#0"},"west":{"uv":[4.75,9.5,5.0,10.75],"texture":"#0"},"up":{"uv":[10.25,4.25,8.5,4.0],"texture":"#0"},"down":{"uv":[10.25,4.25,8.5,4.5],"texture":"#0"}}}],"textures":{"particle":"380abb84-17cf-4e18-8a99-f338d33a60f6","0":"380abb84-17cf-4e18-8a99-f338d33a60f6"}}