{"format_version":"1.21.6","credit":"Made with Blockbench","parent":"","texture_size":[64,64],"textures":{"0":"item/cow","particle":"item/cow"},"elements":[{"from":[3,0,0],"to":[5,3,4],"rotation":{"angle":0,"axis":"y","origin":[3,0,0]},"faces":{"north":{"uv":[4,7.25,4.5,8],"texture":"#0"},"east":{"uv":[0,6.25,1,7],"texture":"#0"},"south":{"uv":[4.5,7.25,5,8],"texture":"#0"},"west":{"uv":[1,6.25,2,7],"texture":"#0"},"up":{"uv":[7.25,1.75,6.75,0.75],"texture":"#0"},"down":{"uv":[7.25,1.75,6.75,2.75],"texture":"#0"}}},{"from":[3,5,0],"to":[5,7,4],"rotation":{"angle":0,"axis":"y","origin":[3,5,0]},"faces":{"north":{"uv":[7.75,1.25,8.25,1.75],"texture":"#0"},"east":{"uv":[6.75,2.75,7.75,3.25],"texture":"#0"},"south":{"uv":[6,8,6.5,8.5],"texture":"#0"},"west":{"uv":[6.75,3.25,7.75,3.75],"texture":"#0"},"up":{"uv":[7.25,4.75,6.75,3.75],"texture":"#0"},"down":{"uv":[0.5,7,0,8],"texture":"#0"}}},{"from":[10,5,0],"to":[12,7,4],"rotation":{"angle":0,"axis":"y","origin":[10,5,0]},"faces":{"north":{"uv":[8,6.25,8.5,6.75],"texture":"#0"},"east":{"uv":[6.75,4.75,7.75,5.25],"texture":"#0"},"south":{"uv":[6.5,8,7,8.5],"texture":"#0"},"west":{"uv":[0.5,7,1.5,7.5],"texture":"#0"},"up":{"uv":[2,8,1.5,7],"texture":"#0"},"down":{"uv":[2.5,7,2,8],"texture":"#0"}}},{"from":[10,0,0],"to":[12,3,4],"rotation":{"angle":0,"axis":"y","origin":[10,0,0]},"faces":{"north":{"uv":[5,7.25,5.5,8],"texture":"#0"},"east":{"uv":[4.25,6.5,5.25,7.25],"texture":"#0"},"south":{"uv":[5.5,7.25,6,8],"texture":"#0"},"west":{"uv":[5.25,6.5,6.25,7.25],"texture":"#0"},"up":{"uv":[3,8,2.5,7],"texture":"#0"},"down":{"uv":[3.5,7,3,8],"texture":"#0"}}},{"from":[3,0,4],"to":[12,7,8],"rotation":{"angle":0,"axis":"y","origin":[10,0,0]},"faces":{"north":{"uv":[2.25,0,4.5,1.75],"texture":"#0"},"east":{"uv":[2.25,5.25,3.25,7],"texture":"#0"},"south":{"uv":[2.25,1.75,4.5,3.5],"texture":"#0"},"west":{"uv":[3.25,5.25,4.25,7],"texture":"#0"},"up":{"uv":[6.75,4.5,4.5,3.5],"texture":"#0"},"down":{"uv":[6.75,4.5,4.5,5.5],"texture":"#0"}}},{"from":[4,7,4],"to":[11,8,8],"rotation":{"angle":0,"axis":"y","origin":[10,1,0]},"faces":{"north":{"uv":[6.75,5.25,8.5,5.5],"texture":"#0"},"east":{"uv":[7.75,5,8.75,5.25],"texture":"#0"},"south":{"uv":[7.25,1.75,9,2],"texture":"#0"},"west":{"uv":[8,6.75,9,7],"texture":"#0"},"up":{"uv":[6,6.5,4.25,5.5],"texture":"#0"},"down":{"uv":[7.75,5.5,6,6.5],"texture":"#0"}}},{"from":[3,8,1],"to":[12,15,10],"rotation":{"angle":0,"axis":"y","origin":[10,2,0]},"faces":{"north":{"uv":[2.25,3.5,4.5,5.25],"texture":"#0"},"east":{"uv":[0,4.5,2.25,6.25],"texture":"#0"},"south":{"uv":[4.5,0,6.75,1.75],"texture":"#0"},"west":{"uv":[4.5,1.75,6.75,3.5],"texture":"#0"},"up":{"uv":[2.25,2.25,0,0],"texture":"#0"},"down":{"uv":[2.25,2.25,0,4.5],"texture":"#0"}}},{"from":[6,9,-1],"to":[9,12,1],"rotation":{"angle":0,"axis":"y","origin":[9,4,-2]},"faces":{"north":{"uv":[6.25,6.5,7,7.25],"texture":"#0"},"east":{"uv":[6,7.25,6.5,8],"texture":"#0"},"south":{"uv":[6.75,0,7.5,0.75],"texture":"#0"},"west":{"uv":[6.5,7.25,7,8],"texture":"#0"},"up":{"uv":[8.25,0.5,7.5,0],"texture":"#0"},"down":{"uv":[1.25,7.5,0.5,8],"texture":"#0"}}},{"from":[1,11,5],"to":[3,14,7],"rotation":{"angle":0,"axis":"y","origin":[4,6,4]},"faces":{"north":{"uv":[7,7.5,7.5,8.25],"texture":"#0"},"east":{"uv":[7.5,7.5,8,8.25],"texture":"#0"},"south":{"uv":[7.75,0.5,8.25,1.25],"texture":"#0"},"west":{"uv":[7.75,2,8.25,2.75],"texture":"#0"},"up":{"uv":[8.5,7.5,8,7],"texture":"#0"},"down":{"uv":[8.5,7.5,8,8],"texture":"#0"}}},{"from":[2,14,4],"to":[4,17,6],"rotation":{"angle":0,"axis":"y","origin":[5,9,3]},"faces":{"north":{"uv":[7.75,2.75,8.25,3.5],"texture":"#0"},"east":{"uv":[7.75,3.5,8.25,4.25],"texture":"#0"},"south":{"uv":[7.75,4.25,8.25,5],"texture":"#0"},"west":{"uv":[7.75,5.5,8.25,6.25],"texture":"#0"},"up":{"uv":[8.5,8.5,8,8],"texture":"#0"},"down":{"uv":[8.75,0,8.25,0.5],"texture":"#0"}}},{"from":[11,14,4],"to":[13,17,6],"rotation":{"angle":0,"axis":"y","origin":[14,9,3]},"faces":{"north":{"uv":[0,8,0.5,8.75],"texture":"#0"},"east":{"uv":[0.5,8,1,8.75],"texture":"#0"},"south":{"uv":[1,8,1.5,8.75],"texture":"#0"},"west":{"uv":[1.5,8,2,8.75],"texture":"#0"},"up":{"uv":[8.75,1,8.25,0.5],"texture":"#0"},"down":{"uv":[8.75,1,8.25,1.5],"texture":"#0"}}},{"from":[0,12,5],"to":[1,14,7],"rotation":{"angle":0,"axis":"y","origin":[3,6,4]},"faces":{"north":{"uv":[1.25,7.5,1.5,8],"texture":"#0"},"east":{"uv":[8.25,2,8.75,2.5],"texture":"#0"},"south":{"uv":[0.25,8.75,0.5,9.25],"texture":"#0"},"west":{"uv":[8.25,2.5,8.75,3],"texture":"#0"},"up":{"uv":[0.75,9.25,0.5,8.75],"texture":"#0"},"down":{"uv":[1,8.75,0.75,9.25],"texture":"#0"}}},{"from":[12,11,5],"to":[14,14,7],"rotation":{"angle":0,"axis":"y","origin":[14,6,4]},"faces":{"north":{"uv":[2,8,2.5,8.75],"texture":"#0"},"east":{"uv":[2.5,8,3,8.75],"texture":"#0"},"south":{"uv":[3,8,3.5,8.75],"texture":"#0"},"west":{"uv":[3.5,8,4,8.75],"texture":"#0"},"up":{"uv":[8.75,3.5,8.25,3],"texture":"#0"},"down":{"uv":[8.75,3.5,8.25,4],"texture":"#0"}}},{"from":[14,12,5],"to":[15,14,7],"rotation":{"angle":0,"axis":"y","origin":[17,6,4]},"faces":{"north":{"uv":[8.75,0.75,9,1.25],"texture":"#0"},"east":{"uv":[8.25,4,8.75,4.5],"texture":"#0"},"south":{"uv":[1,8.75,1.25,9.25],"texture":"#0"},"west":{"uv":[8.25,4.5,8.75,5],"texture":"#0"},"up":{"uv":[1.5,9.25,1.25,8.75],"texture":"#0"},"down":{"uv":[1.75,8.75,1.5,9.25],"texture":"#0"}}},{"from":[6,4,0],"to":[10,5,2],"rotation":{"angle":0,"axis":"y","origin":[8,4,0]},"faces":{"north":{"uv":[8.25,1.5,9.25,1.75],"texture":"#0"},"east":{"uv":[8.75,1.25,9.25,1.5],"texture":"#0"},"south":{"uv":[8.25,5.5,9.25,5.75],"texture":"#0"},"west":{"uv":[1.75,8.75,2.25,9],"texture":"#0"},"up":{"uv":[8,7,7,6.5],"texture":"#0"},"down":{"uv":[8,7,7,7.5],"texture":"#0"}}},{"from":[7,1,0],"to":[9,4,2],"rotation":{"angle":0,"axis":"y","origin":[8,2,0]},"faces":{"north":{"uv":[4,8,4.5,8.75],"texture":"#0"},"east":{"uv":[4.5,8,5,8.75],"texture":"#0"},"south":{"uv":[5,8,5.5,8.75],"texture":"#0"},"west":{"uv":[5.5,8,6,8.75],"texture":"#0"},"up":{"uv":[8.75,6.25,8.25,5.75],"texture":"#0"},"down":{"uv":[7.5,8.25,7,8.75],"texture":"#0"}}},{"from":[7,5,0],"to":[9,6,2],"rotation":{"angle":0,"axis":"y","origin":[8,4,0]},"faces":{"north":{"uv":[8.75,2,9.25,2.25],"texture":"#0"},"east":{"uv":[2.25,8.75,2.75,9],"texture":"#0"},"south":{"uv":[8.75,2.25,9.25,2.5],"texture":"#0"},"west":{"uv":[8.75,2.5,9.25,2.75],"texture":"#0"},"up":{"uv":[8,8.75,7.5,8.25],"texture":"#0"},"down":{"uv":[6.5,8.5,6,9],"texture":"#0"}}},{"from":[8,6,0],"to":[9,7,2],"rotation":{"angle":0,"axis":"y","origin":[8,5,0]},"faces":{"north":{"uv":[4.25,5.25,4.5,5.5],"texture":"#0"},"east":{"uv":[2.75,8.75,3.25,9],"texture":"#0"},"south":{"uv":[4,7,4.25,7.25],"texture":"#0"},"west":{"uv":[8.75,2.75,9.25,3],"texture":"#0"},"up":{"uv":[9,3.5,8.75,3],"texture":"#0"},"down":{"uv":[3.5,8.75,3.25,9.25],"texture":"#0"}}},{"from":[7,0,8],"to":[8,2,10],"rotation":{"angle":0,"axis":"y","origin":[7,0,8]},"faces":{"north":{"uv":[3.5,8.75,3.75,9.25],"texture":"#0"},"east":{"uv":[8.5,6.25,9,6.75],"texture":"#0"},"south":{"uv":[8.75,3.5,9,4],"texture":"#0"},"west":{"uv":[6.5,8.5,7,9],"texture":"#0"},"up":{"uv":[4,9.25,3.75,8.75],"texture":"#0"},"down":{"uv":[4.25,8.75,4,9.25],"texture":"#0"}}},{"from":[6,0,10],"to":[8,2,11],"rotation":{"angle":0,"axis":"y","origin":[7,0,10]},"faces":{"north":{"uv":[8.5,7,9,7.5],"texture":"#0"},"east":{"uv":[8.75,4,9,4.5],"texture":"#0"},"south":{"uv":[8.5,7.5,9,8],"texture":"#0"},"west":{"uv":[4.25,8.75,4.5,9.25],"texture":"#0"},"up":{"uv":[5,9,4.5,8.75],"texture":"#0"},"down":{"uv":[9.25,4.5,8.75,4.75],"texture":"#0"}}},{"from":[6,1,11],"to":[8,2,13],"rotation":{"angle":0,"axis":"y","origin":[7,0,11]},"faces":{"north":{"uv":[8.75,4.75,9.25,5],"texture":"#0"},"east":{"uv":[5,8.75,5.5,9],"texture":"#0"},"south":{"uv":[8.75,5,9.25,5.25],"texture":"#0"},"west":{"uv":[5.5,8.75,6,9],"texture":"#0"},"up":{"uv":[8.5,9,8,8.5],"texture":"#0"},"down":{"uv":[9,8,8.5,8.5],"texture":"#0"}}},{"from":[6,2,12],"to":[8,6,13],"rotation":{"angle":0,"axis":"y","origin":[7,1,11]},"faces":{"north":{"uv":[3.5,7,4,8],"texture":"#0"},"east":{"uv":[8.5,8.5,8.75,9.5],"texture":"#0"},"south":{"uv":[7.25,0.75,7.75,1.75],"texture":"#0"},"west":{"uv":[0,8.75,0.25,9.75],"texture":"#0"},"up":{"uv":[9.25,6,8.75,5.75],"texture":"#0"},"down":{"uv":[9.25,6,8.75,6.25],"texture":"#0"}}},{"from":[6,3,13],"to":[8,6,14],"rotation":{"angle":0,"axis":"y","origin":[7,1,12]},"faces":{"north":{"uv":[7.25,2,7.75,2.75],"texture":"#0"},"east":{"uv":[2,6.25,2.25,7],"texture":"#0"},"south":{"uv":[7.25,3.75,7.75,4.5],"texture":"#0"},"west":{"uv":[8.75,0,9,0.75],"texture":"#0"},"up":{"uv":[7.75,4.75,7.25,4.5],"texture":"#0"},"down":{"uv":[9,5.25,8.5,5.5],"texture":"#0"}}}],"display":{"ground":{"translation":[0,6,0]},"gui":{"rotation":[-180,-0.5,-180]},"head":{"translation":[0,14.25,2.25]}},"groups":[{"name":"cow","origin":[8,8,8],"color":0,"children":[0,1,2,3,4,5,6,7,8,9,10,11,12,13,14,15,16,17,18,19,20,21,22]}]}
