{"parent":"item/generated","textures":{"layer0":"item/paper"},"overrides":[{"predicate":{"custom_model_data":1000},"model":"1e2890c2-1ec6-445c-a784-aa50d9cc74d5"},{"predicate":{"custom_model_data":1001},"model":"nexo:be055f24-b1e6-4c3d-a281-6d1d9af65198"},{"predicate":{"custom_model_data":1002},"model":"nexo:63735a6a-c881-418e-bdef-66da81cad7d3"},{"predicate":{"custom_model_data":1003},"model":"nexo:7a7db669-c22d-41b1-8cef-7e3addd018b0"},{"predicate":{"custom_model_data":1004},"model":"nexo:5ebcb834-5dbf-4e08-8b16-8efcb2c5a89e"},{"predicate":{"custom_model_data":1005},"model":"nexo:e48e7b7a-14f2-44e0-9949-ba0d85ca97a9"},{"predicate":{"custom_model_data":1006},"model":"nexo:3cab831f-0e5b-4a62-83ca-22210f920212"},{"predicate":{"custom_model_data":1007},"model":"nexo:3ef9be55-55be-4fda-97ca-4f143478d046"},{"predicate":{"custom_model_data":1008},"model":"35276de6-512f-4dd4-b6b6-5867e1e97025"},{"predicate":{"custom_model_data":1009},"model":"fa398fd5-9354-4320-ae5a-2332efecda76"},{"predicate":{"custom_model_data":1010},"model":"a8c81391-c4ac-472d-9dbe-5040eea8450d"},{"predicate":{"custom_model_data":1011},"model":"hmccosmetics:655e5f6f-f631-4fd3-8c9c-0026567de0a5"},{"predicate":{"custom_model_data":1012},"model":"hmccosmetics:09f7c821-b8fd-410d-babe-55272b174c24"},{"predicate":{"custom_model_data":1013},"model":"hmccosmetics:19fa741f-9c11-492d-9333-f5cf0a02d241"},{"predicate":{"custom_model_data":1014},"model":"hmccosmetics:ddcdeaa6-6e4e-4cb4-bf1f-df9072086382"},{"predicate":{"custom_model_data":1015},"model":"hmccosmetics:bf89790e-d59b-4a0a-b542-4cdea2ead302"},{"predicate":{"custom_model_data":1015},"model":"0932dd94-d313-4547-a4ac-8d9ea76db218"},{"predicate":{"custom_model_data":1016},"model":"hmccosmetics:cdd2628a-8c5f-4d68-8db8-e881ec102b41"},{"predicate":{"custom_model_data":1017},"model":"hmccosmetics:826a2fea-156f-4aa5-a98f-fa8fead9cb7d"},{"predicate":{"custom_model_data":1018},"model":"hmccosmetics:95a39c93-d75d-46ce-869c-4929e3825012"},{"predicate":{"custom_model_data":1019},"model":"hmccosmetics:63ca84d8-217c-46d8-9a7e-6ae9e7f7bfe4"},{"predicate":{"custom_model_data":1020},"model":"hmccosmetics:0f48a82e-236d-4346-8588-a003f22ff6dd"},{"predicate":{"custom_model_data":1021},"model":"hmccosmetics:3796fdfb-d10a-434e-b3ce-bce565047ce5"},{"predicate":{"custom_model_data":1022},"model":"hmccosmetics:ac5d0316-d9e3-41e2-af81-4d65de593655"},{"predicate":{"custom_model_data":1023},"model":"hmccosmetics:6a4a7f20-394a-4561-85bc-486409dc9d29"},{"predicate":{"custom_model_data":1024},"model":"hmccosmetics:5eae0146-64fa-452e-af31-14a6b8b3fad2"},{"predicate":{"custom_model_data":1025},"model":"hmccosmetics:8e40be4f-b8cd-4615-b466-409ff78d3722"},{"predicate":{"custom_model_data":1026},"model":"hmccosmetics:acc3c709-8343-45fd-a0aa-a5b6f0d0bec8"},{"predicate":{"custom_model_data":1027},"model":"hmccosmetics:635861b7-1ffd-4337-902a-83a373f92f8d"},{"predicate":{"custom_model_data":1028},"model":"hmccosmetics:33fce0e4-07f6-4a04-b4b8-bec0e58b646d"},{"predicate":{"custom_model_data":1029},"model":"hmccosmetics:5f0b5725-a1a8-4dcb-954e-e14b5a8b5639"},{"predicate":{"custom_model_data":1030},"model":"hmccosmetics:3bf59c78-24bc-4a57-a93e-0eca78db3da3"},{"predicate":{"custom_model_data":60046},"model":"528cd627-8130-4a67-8e64-d530cf8447c5"},{"predicate":{"custom_model_data":60047},"model":"73e45a49-4330-44c1-a34d-81bc63bee76b"},{"predicate":{"custom_model_data":60048},"model":"d6987a15-d209-470f-8ef8-9f9cf40b0b3b"},{"predicate":{"custom_model_data":60049},"model":"aff71740-2ef2-40ca-ab05-0901b7d9e451"},{"predicate":{"custom_model_data":60050},"model":"98969d0f-4878-4492-a15c-047ca82a0a90"},{"predicate":{"custom_model_data":60051},"model":"19032a3b-5b3d-46b2-93ee-c409e4997eae"},{"predicate":{"custom_model_data":60052},"model":"620ff05a-efcd-4846-a716-bc9a1d58219a"},{"predicate":{"custom_model_data":60053},"model":"48597c1c-1836-4a5a-b195-8ec4141f4d8f"},{"predicate":{"custom_model_data":890921},"model":"dfe1064b-8537-47ee-9101-b78026ddfe3c"}]}