{"format_version":"1.9.0","credit":"Made with Blockbench","parent":"item/handheld","texture_size":[64,64],"textures":{"0":"block/texture","particle":"block/texture"},"elements":[{"from":[7,0,-16],"to":[9,2,14],"rotation":{"angle":0,"axis":"y","origin":[8,1,15]},"faces":{"north":{"uv":[3.5,4.5,4,5],"texture":"#0"},"east":{"uv":[0,0,7.5,0.5],"texture":"#0"},"south":{"uv":[4.5,3.5,5,4],"texture":"#0"},"west":{"uv":[0,0.5,7.5,1],"texture":"#0"},"up":{"uv":[0.5,8.5,0,1],"texture":"#0"},"down":{"uv":[1,1,0.5,8.5],"texture":"#0"}}},{"from":[7,0,16],"to":[9,2,30],"rotation":{"angle":0,"axis":"y","origin":[8,1,15]},"faces":{"north":{"uv":[4,4.5,4.5,5],"texture":"#0"},"east":{"uv":[1,3,4.5,3.5],"texture":"#0"},"south":{"uv":[4.5,4.5,5,5],"texture":"#0"},"west":{"uv":[1,3.5,4.5,4],"texture":"#0"},"up":{"uv":[1.5,7.5,1,4],"texture":"#0"},"down":{"uv":[2,4,1.5,7.5],"texture":"#0"}}},{"from":[-5,0,14],"to":[21,2,16],"rotation":{"angle":0,"axis":"y","origin":[8,1,15]},"faces":{"north":{"uv":[1,1,7.5,1.5],"texture":"#0"},"east":{"uv":[2,5,2.5,5.5],"texture":"#0"},"south":{"uv":[1,1.5,7.5,2],"texture":"#0"},"west":{"uv":[2.5,5,3,5.5],"texture":"#0"},"up":{"uv":[7.5,2.5,1,2],"texture":"#0"},"down":{"uv":[7.5,2.5,1,3],"texture":"#0"}}},{"from":[5,0,30],"to":[11,2,32],"rotation":{"angle":0,"axis":"y","origin":[8,1,15]},"faces":{"north":{"uv":[2,4,3.5,4.5],"texture":"#0"},"east":{"uv":[3,5,3.5,5.5],"texture":"#0"},"south":{"uv":[3.5,4,5,4.5],"texture":"#0"},"west":{"uv":[3.5,5,4,5.5],"texture":"#0"},"up":{"uv":[3.5,5,2,4.5],"texture":"#0"},"down":{"uv":[6,3,4.5,3.5],"texture":"#0"}}}],"display":{"thirdperson_righthand":{"rotation":[88.5,0,0],"translation":[0,13.25,8.75]},"thirdperson_lefthand":{"rotation":[91.75,0,0],"translation":[0,13.75,9.5]},"firstperson_righthand":{"rotation":[58.5,0,0],"translation":[-2.25,12,2.5]},"firstperson_lefthand":{"rotation":[56,0,0],"translation":[0,16.75,3.5]},"gui":{"rotation":[89.35,-45.16,-5.44],"translation":[7,8.5,0]},"head":{"rotation":[19.25,0,0],"translation":[0,14.25,-12.25]},"fixed":{"rotation":[90.25,0,0],"translation":[0,8.25,7.75]}},"groups":[{"name":"sword1","origin":[8,8,8],"color":0,"children":[0,1,2,3]}]}
