{"parent":"","display":{"ground":{"translation":[0.0,4.0,0.0]},"gui":{"rotation":[-180.0,-0.25,-180.0]},"head":{"translation":[0.0,14.25,2.75]}},"elements":[{"from":[2.0,0.0,0.0],"to":[4.0,3.0,3.0],"rotation":{"origin":[2.0,1.0,0.0],"axis":"y","angle":0.0},"faces":{"north":{"uv":[7.75,0.5,8.25,1.25],"texture":"#0"},"east":{"uv":[7.0,5.5,7.75,6.25],"texture":"#0"},"south":{"uv":[2.75,7.75,3.25,8.5],"texture":"#0"},"west":{"uv":[3.75,7.25,4.5,8.0],"texture":"#0"},"up":{"uv":[8.25,6.25,7.75,5.5],"texture":"#0"},"down":{"uv":[8.25,6.25,7.75,7.0],"texture":"#0"}}},{"from":[11.0,0.0,0.0],"to":[13.0,3.0,3.0],"rotation":{"origin":[11.0,1.0,0.0],"axis":"y","angle":0.0},"faces":{"north":{"uv":[7.75,7.0,8.25,7.75],"texture":"#0"},"east":{"uv":[4.5,7.25,5.25,8.0],"texture":"#0"},"south":{"uv":[7.75,7.75,8.25,8.5],"texture":"#0"},"west":{"uv":[5.25,7.25,6.0,8.0],"texture":"#0"},"up":{"uv":[8.5,2.0,8.0,1.25],"texture":"#0"},"down":{"uv":[2.25,8.0,1.75,8.75],"texture":"#0"}}},{"from":[2.0,0.0,3.0],"to":[13.0,5.0,8.0],"rotation":{"origin":[3.0,1.0,3.0],"axis":"y","angle":0.0},"faces":{"north":{"uv":[4.5,0.0,6.75,1.25],"texture":"#0"},"east":{"uv":[4.5,5.0,5.75,6.25],"texture":"#0"},"south":{"uv":[4.5,1.25,6.75,2.5],"texture":"#0"},"west":{"uv":[2.25,5.25,3.5,6.5],"texture":"#0"},"up":{"uv":[6.75,3.75,4.5,2.5],"texture":"#0"},"down":{"uv":[6.75,3.75,4.5,5.0],"texture":"#0"}}},{"from":[4.0,5.0,3.0],"to":[11.0,7.0,8.0],"rotation":{"origin":[3.0,3.0,3.0],"axis":"y","angle":0.0},"faces":{"north":{"uv":[6.75,1.5,8.0,2.0],"texture":"#0"},"east":{"uv":[6.75,2.0,8.0,2.5],"texture":"#0"},"south":{"uv":[6.75,2.5,8.0,3.0],"texture":"#0"},"west":{"uv":[6.75,3.0,8.0,3.5],"texture":"#0"},"up":{"uv":[7.0,6.25,5.75,5.0],"texture":"#0"},"down":{"uv":[1.25,6.25,0.0,7.5],"texture":"#0"}}},{"from":[3.0,7.0,4.0],"to":[12.0,8.0,8.0],"rotation":{"origin":[3.0,5.0,3.0],"axis":"y","angle":0.0},"faces":{"north":{"uv":[8.5,3.0,9.75,3.25],"texture":"#0"},"east":{"uv":[8.5,3.5,9.5,3.75],"texture":"#0"},"south":{"uv":[8.5,3.25,9.75,3.5],"texture":"#0"},"west":{"uv":[8.5,4.25,9.5,4.5],"texture":"#0"},"up":{"uv":[4.75,7.25,3.5,6.25],"texture":"#0"},"down":{"uv":[6.0,6.25,4.75,7.25],"texture":"#0"}}},{"from":[10.0,5.0,5.0],"to":[13.0,7.0,8.0],"rotation":{"origin":[5.0,3.0,6.0],"axis":"y","angle":0.0},"faces":{"north":{"uv":[8.5,4.5,9.0,5.0],"texture":"#0"},"east":{"uv":[8.0,2.0,8.75,2.5],"texture":"#0"},"south":{"uv":[7.75,8.5,8.25,9.0],"texture":"#0"},"west":{"uv":[8.0,2.5,8.75,3.0],"texture":"#0"},"up":{"uv":[2.75,8.75,2.25,8.0],"texture":"#0"},"down":{"uv":[8.5,3.0,8.0,3.75],"texture":"#0"}}},{"from":[2.0,5.0,5.0],"to":[5.0,7.0,8.0],"rotation":{"origin":[-2.0,3.0,6.0],"axis":"y","angle":0.0},"faces":{"north":{"uv":[8.75,0.0,9.25,0.5],"texture":"#0"},"east":{"uv":[3.75,8.0,4.5,8.5],"texture":"#0"},"south":{"uv":[8.75,0.5,9.25,1.0],"texture":"#0"},"west":{"uv":[8.0,3.75,8.75,4.25],"texture":"#0"},"up":{"uv":[8.5,5.0,8.0,4.25],"texture":"#0"},"down":{"uv":[5.0,8.0,4.5,8.75],"texture":"#0"}}},{"from":[3.0,8.0,2.0],"to":[12.0,15.0,11.0],"rotation":{"origin":[3.0,6.0,4.0],"axis":"y","angle":0.0},"faces":{"north":{"uv":[2.25,0.0,4.5,1.75],"texture":"#0"},"east":{"uv":[2.25,1.75,4.5,3.5],"texture":"#0"},"south":{"uv":[2.25,3.5,4.5,5.25],"texture":"#0"},"west":{"uv":[0.0,4.5,2.25,6.25],"texture":"#0"},"up":{"uv":[2.25,2.25,0.0,0.0],"texture":"#0"},"down":{"uv":[2.25,2.25,0.0,4.5],"texture":"#0"}}},{"from":[2.0,8.0,2.0],"to":[3.0,11.0,4.0],"rotation":{"origin":[2.0,6.0,4.0],"axis":"y","angle":0.0},"faces":{"north":{"uv":[1.0,7.5,1.25,8.25],"texture":"#0"},"east":{"uv":[5.0,8.0,5.5,8.75],"texture":"#0"},"south":{"uv":[7.0,7.5,7.25,8.25],"texture":"#0"},"west":{"uv":[5.5,8.0,6.0,8.75],"texture":"#0"},"up":{"uv":[9.25,7.5,9.0,7.0],"texture":"#0"},"down":{"uv":[9.25,7.5,9.0,8.0],"texture":"#0"}}},{"from":[12.0,8.0,2.0],"to":[13.0,11.0,4.0],"rotation":{"origin":[12.0,6.0,4.0],"axis":"y","angle":0.0},"faces":{"north":{"uv":[1.5,9.0,1.75,9.75],"texture":"#0"},"east":{"uv":[0.5,8.25,1.0,9.0],"texture":"#0"},"south":{"uv":[9.0,5.0,9.25,5.75],"texture":"#0"},"west":{"uv":[8.25,0.5,8.75,1.25],"texture":"#0"},"up":{"uv":[8.0,9.5,7.75,9.0],"texture":"#0"},"down":{"uv":[8.25,9.0,8.0,9.5],"texture":"#0"}}},{"from":[6.0,10.0,0.0],"to":[9.0,11.0,2.0],"rotation":{"origin":[8.0,7.0,2.0],"axis":"y","angle":0.0},"faces":{"north":{"uv":[8.25,5.0,9.0,5.5],"texture":"#0"},"east":{"uv":[1.75,8.75,2.25,9.25],"texture":"#0"},"south":{"uv":[8.25,5.5,9.0,6.0],"texture":"#0"},"west":{"uv":[8.75,2.0,9.25,2.5],"texture":"#0"},"up":{"uv":[6.75,8.75,6.0,8.25],"texture":"#0"},"down":{"uv":[9.0,6.0,8.25,6.5],"texture":"#0"}}},{"from":[6.0,9.0,0.0],"to":[9.0,10.0,2.0],"rotation":{"origin":[8.0,6.0,2.0],"axis":"y","angle":0.0},"faces":{"north":{"uv":[0.0,14.0,6.0,16.0],"texture":"#0"},"east":{"uv":[12.0,0.0,16.0,2.0],"texture":"#0"},"south":{"uv":[10.0,3.0,16.0,5.0],"texture":"#0"},"west":{"uv":[12.0,7.0,16.0,9.0],"texture":"#0"},"up":{"uv":[3.5,10.75,5.25,12.0],"texture":"#0"},"down":{"uv":[10.0,12.0,16.0,16.0],"texture":"#0"}}},{"from":[2.0,5.0,0.0],"to":[4.0,7.0,5.0],"rotation":{"origin":[-3.0,3.0,3.0],"axis":"x","angle":-20.0},"faces":{"north":{"uv":[2.25,8.75,2.75,9.25],"texture":"#0"},"east":{"uv":[6.75,3.5,8.0,4.0],"texture":"#0"},"south":{"uv":[8.75,2.5,9.25,3.0],"texture":"#0"},"west":{"uv":[6.75,4.0,8.0,4.5],"texture":"#0"},"up":{"uv":[3.25,7.75,2.75,6.5],"texture":"#0"},"down":{"uv":[7.25,6.25,6.75,7.5],"texture":"#0"}}},{"from":[11.0,5.0,0.0],"to":[13.0,7.0,5.0],"rotation":{"origin":[6.0,3.0,3.0],"axis":"x","angle":-7.5},"faces":{"north":{"uv":[2.75,8.75,3.25,9.25],"texture":"#0"},"east":{"uv":[6.75,4.5,8.0,5.0],"texture":"#0"},"south":{"uv":[3.25,8.75,3.75,9.25],"texture":"#0"},"west":{"uv":[7.0,5.0,8.25,5.5],"texture":"#0"},"up":{"uv":[1.75,8.5,1.25,7.25],"texture":"#0"},"down":{"uv":[3.75,7.25,3.25,8.5],"texture":"#0"}}},{"from":[1.0,13.0,6.0],"to":[3.5,17.0,8.0],"rotation":{"origin":[1.0,13.0,6.0],"axis":"y","angle":0.0},"faces":{"north":{"uv":[3.5,5.25,4.25,6.25],"texture":"#0"},"east":{"uv":[6.0,7.25,6.5,8.25],"texture":"#0"},"south":{"uv":[1.25,6.25,2.0,7.25],"texture":"#0"},"west":{"uv":[7.25,6.25,7.75,7.25],"texture":"#0"},"up":{"uv":[9.0,7.0,8.25,6.5],"texture":"#0"},"down":{"uv":[7.5,8.25,6.75,8.75],"texture":"#0"}}},{"from":[11.5,13.0,6.0],"to":[14.0,17.0,8.0],"rotation":{"origin":[12.0,13.0,6.0],"axis":"y","angle":0.0},"faces":{"north":{"uv":[6.0,6.25,6.75,7.25],"texture":"#0"},"east":{"uv":[7.25,7.25,7.75,8.25],"texture":"#0"},"south":{"uv":[2.0,6.5,2.75,7.5],"texture":"#0"},"west":{"uv":[0.0,7.5,0.5,8.5],"texture":"#0"},"up":{"uv":[9.0,7.5,8.25,7.0],"texture":"#0"},"down":{"uv":[9.0,7.5,8.25,8.0],"texture":"#0"}}},{"from":[6.5,4.0,0.0],"to":[10.5,7.0,2.0],"rotation":{"origin":[9.0,4.0,0.0],"axis":"y","angle":0.0},"faces":{"north":{"uv":[6.75,0.0,7.75,0.75],"texture":"#0"},"east":{"uv":[8.25,8.0,8.75,8.75],"texture":"#0"},"south":{"uv":[6.75,0.75,7.75,1.5],"texture":"#0"},"west":{"uv":[0.0,8.5,0.5,9.25],"texture":"#0"},"up":{"uv":[2.75,8.0,1.75,7.5],"texture":"#0"},"down":{"uv":[8.75,0.0,7.75,0.5],"texture":"#0"}}},{"from":[5.8,4.0,0.0],"to":[6.5,6.2,2.0],"rotation":{"origin":[8.0,3.0,0.0],"axis":"y","angle":0.0},"faces":{"north":{"uv":[8.75,9.0,9.0,9.5],"texture":"#0"},"east":{"uv":[3.75,8.75,4.25,9.25],"texture":"#0"},"south":{"uv":[9.0,9.0,9.25,9.5],"texture":"#0"},"west":{"uv":[8.75,3.75,9.25,4.25],"texture":"#0"},"up":{"uv":[0.25,9.75,0.0,9.25],"texture":"#0"},"down":{"uv":[9.5,0.0,9.25,0.5],"texture":"#0"}}},{"from":[10.4,4.0,0.0],"to":[10.8,6.2,2.0],"rotation":{"origin":[13.0,3.0,0.0],"axis":"y","angle":0.0},"faces":{"north":{"uv":[0.25,9.25,0.5,9.75],"texture":"#0"},"east":{"uv":[4.5,8.75,5.0,9.25],"texture":"#0"},"south":{"uv":[9.25,0.5,9.5,1.0],"texture":"#0"},"west":{"uv":[5.0,8.75,5.5,9.25],"texture":"#0"},"up":{"uv":[9.5,1.75,9.25,1.25],"texture":"#0"},"down":{"uv":[2.0,9.25,1.75,9.75],"texture":"#0"}}},{"from":[6.5,7.0,0.0],"to":[9.5,8.0,2.0],"rotation":{"origin":[11.0,6.0,0.0],"axis":"y","angle":0.0},"faces":{"north":{"uv":[8.75,1.0,9.5,1.25],"texture":"#0"},"east":{"uv":[2.0,9.25,2.5,9.5],"texture":"#0"},"south":{"uv":[9.0,5.75,9.75,6.0],"texture":"#0"},"west":{"uv":[9.25,2.0,9.75,2.25],"texture":"#0"},"up":{"uv":[1.75,9.0,1.0,8.5],"texture":"#0"},"down":{"uv":[9.25,1.25,8.5,1.75],"texture":"#0"}}},{"from":[7.5,2.0,0.0],"to":[9.5,4.0,2.0],"rotation":{"origin":[11.0,2.0,0.0],"axis":"y","angle":0.0},"faces":{"north":{"uv":[5.5,8.75,6.0,9.25],"texture":"#0"},"east":{"uv":[6.0,8.75,6.5,9.25],"texture":"#0"},"south":{"uv":[6.5,8.75,7.0,9.25],"texture":"#0"},"west":{"uv":[7.0,8.75,7.5,9.25],"texture":"#0"},"up":{"uv":[9.25,8.5,8.75,8.0],"texture":"#0"},"down":{"uv":[8.75,8.75,8.25,9.25],"texture":"#0"}}},{"from":[9.1,1.6,0.0],"to":[10.1,2.6,2.0],"rotation":{"origin":[12.0,2.0,0.0],"axis":"y","angle":0.0},"faces":{"north":{"uv":[4.25,6.0,4.5,6.25],"texture":"#0"},"east":{"uv":[9.25,2.25,9.75,2.5],"texture":"#0"},"south":{"uv":[2.0,6.25,2.25,6.5],"texture":"#0"},"west":{"uv":[2.5,9.25,3.0,9.5],"texture":"#0"},"up":{"uv":[9.5,3.0,9.25,2.5],"texture":"#0"},"down":{"uv":[3.25,9.25,3.0,9.75],"texture":"#0"}}},{"from":[7.1,1.6,0.0],"to":[8.1,2.6,2.0],"rotation":{"origin":[10.0,2.0,0.0],"axis":"y","angle":0.0},"faces":{"north":{"uv":[1.75,7.25,2.0,7.5],"texture":"#0"},"east":{"uv":[3.25,9.25,3.75,9.5],"texture":"#0"},"south":{"uv":[6.5,7.25,6.75,7.5],"texture":"#0"},"west":{"uv":[3.75,9.25,4.25,9.5],"texture":"#0"},"up":{"uv":[9.5,4.25,9.25,3.75],"texture":"#0"},"down":{"uv":[4.75,9.25,4.5,9.75],"texture":"#0"}}},{"from":[0.0,14.0,6.0],"to":[1.0,16.0,8.0],"rotation":{"origin":[0.0,13.0,6.0],"axis":"y","angle":0.0},"faces":{"north":{"uv":[4.75,9.25,5.0,9.75],"texture":"#0"},"east":{"uv":[8.75,8.5,9.25,9.0],"texture":"#0"},"south":{"uv":[5.0,9.25,5.25,9.75],"texture":"#0"},"west":{"uv":[0.5,9.0,1.0,9.5],"texture":"#0"},"up":{"uv":[9.5,5.5,9.25,5.0],"texture":"#0"},"down":{"uv":[5.5,9.25,5.25,9.75],"texture":"#0"}}},{"from":[14.0,14.0,6.0],"to":[15.0,16.0,8.0],"rotation":{"origin":[14.0,13.0,6.0],"axis":"y","angle":0.0},"faces":{"north":{"uv":[5.5,9.25,5.75,9.75],"texture":"#0"},"east":{"uv":[1.0,9.0,1.5,9.5],"texture":"#0"},"south":{"uv":[5.75,9.25,6.0,9.75],"texture":"#0"},"west":{"uv":[9.0,4.5,9.5,5.0],"texture":"#0"},"up":{"uv":[6.25,9.75,6.0,9.25],"texture":"#0"},"down":{"uv":[9.5,6.0,9.25,6.5],"texture":"#0"}}},{"from":[6.0,1.0,8.0],"to":[7.0,2.0,14.0],"rotation":{"origin":[6.0,0.0,8.0],"axis":"y","angle":0.0},"faces":{"north":{"uv":[7.75,1.25,8.0,1.5],"texture":"#0"},"east":{"uv":[8.5,1.75,10.0,2.0],"texture":"#0"},"south":{"uv":[1.0,8.25,1.25,8.5],"texture":"#0"},"west":{"uv":[2.75,8.5,4.25,8.75],"texture":"#0"},"up":{"uv":[7.75,9.75,7.5,8.25],"texture":"#0"},"down":{"uv":[4.5,8.5,4.25,10.0],"texture":"#0"}}},{"from":[6.0,2.0,12.0],"to":[7.0,5.0,14.0],"rotation":{"origin":[6.0,1.0,8.0],"axis":"y","angle":0.0},"faces":{"north":{"uv":[4.25,5.25,4.5,6.0],"texture":"#0"},"east":{"uv":[0.5,7.5,1.0,8.25],"texture":"#0"},"south":{"uv":[3.25,6.5,3.5,7.25],"texture":"#0"},"west":{"uv":[6.5,7.5,7.0,8.25],"texture":"#0"},"up":{"uv":[9.25,6.5,9.0,6.0],"texture":"#0"},"down":{"uv":[9.25,6.5,9.0,7.0],"texture":"#0"}}}],"textures":{"particle":"55edabbe-3726-41a1-8f11-1ac541a26855","0":"55edabbe-3726-41a1-8f11-1ac541a26855"}}