{"display":{"head":{},"firstperson_righthand":{},"thirdperson_lefthand":{},"firstperson_lefthand":{},"fixed":{},"ground":{},"thirdperson_righthand":{},"gui":{"rotation":[-150.0,-45.0,180.0]}},"elements":[{"from":[6.0,-8.333334,6.0],"to":[10.0,5.0,10.0],"faces":{"east":{"uv":[0.0,0.0,3.0,10.0],"texture":"#2","tintindex":0},"south":{"uv":[0.0,0.0,3.0,10.0],"texture":"#2","tintindex":0},"north":{"uv":[0.0,0.0,3.0,10.0],"texture":"#2","tintindex":0},"west":{"uv":[0.0,0.0,3.0,10.0],"texture":"#2","tintindex":0},"up":{"uv":[3.0,13.0,0.0,10.0],"texture":"#2","tintindex":0},"down":{"uv":[6.0,10.0,3.0,13.0],"texture":"#2","tintindex":0}}}],"textures":{"particle":"#2","2":"modelengine:20e73753-15a3-4b5e-9617-384668762680"}}