{"display":{"thirdperson_righthand":{"rotation":[24.0,13.0,0.0],"translation":[0.0,1.25,-0.5],"scale":[0.6,0.6,0.6]},"thirdperson_lefthand":{"rotation":[24.0,13.0,0.0],"translation":[0.0,0.75,-0.5],"scale":[0.6,0.6,0.6]},"firstperson_righthand":{"rotation":[0.0,109.0,5.0],"translation":[2.0,5.25,0.0],"scale":[0.71,0.71,0.71]},"firstperson_lefthand":{"rotation":[0.0,109.0,5.0],"translation":[2.0,5.25,0.0],"scale":[0.71,0.71,0.71]},"ground":{"translation":[0.0,3.5,0.0],"scale":[0.65,0.65,0.65]},"gui":{"rotation":[25.0,151.0,0.0],"translation":[0.25,0.5,0.0],"scale":[0.73,0.73,0.73]},"head":{"translation":[0.0,14.4,0.0]},"fixed":{"rotation":[-90.0,0.0,0.0],"translation":[0.0,0.0,-13.5],"scale":[1.7,1.7,1.7]}},"elements":[{"from":[5.5,0.0,7.25],"to":[10.5,6.0,11.25],"rotation":{"origin":[8.0,2.0045,8.85355],"axis":"y","angle":0.0},"faces":{"north":{"uv":[8.0,7.5,10.5,10.5],"texture":"#0"},"east":{"uv":[3.5,11.5,5.5,14.5],"texture":"#0"},"south":{"uv":[9.0,0.5,11.5,3.5],"texture":"#0"},"west":{"uv":[11.0,4.5,13.0,7.5],"texture":"#0"},"up":{"uv":[8.5,13.0,6.0,11.0],"texture":"#0"},"down":{"uv":[13.5,8.0,11.0,10.0],"texture":"#0"}}},{"from":[4.0,4.6,5.35],"to":[12.0,11.6,11.35],"rotation":{"origin":[8.0,6.75,8.25],"axis":"x","angle":-22.5},"faces":{"north":{"uv":[0.0,0.0,4.0,3.5],"texture":"#0"},"east":{"uv":[4.5,7.0,7.5,10.5],"texture":"#0"},"south":{"uv":[0.0,4.0,4.0,7.5],"texture":"#0"},"west":{"uv":[0.0,8.0,3.0,11.5],"texture":"#0"},"up":{"uv":[8.5,3.0,4.5,0.0],"texture":"#0"},"down":{"uv":[8.5,3.5,4.5,6.5],"texture":"#0"}}},{"from":[5.5,6.73331,5.89522],"to":[6.5,8.73331,5.89522],"rotation":{"origin":[7.0,5.38331,8.87022],"axis":"x","angle":-22.5},"faces":{"north":{"uv":[11.0,13.5,10.5,14.5],"texture":"#0"},"east":{"uv":[10.5,5.5,10.5,6.5],"texture":"#0"},"south":{"uv":[10.5,13.5,11.0,14.5],"texture":"#0"},"west":{"uv":[10.5,4.0,10.5,5.0],"texture":"#0"},"up":{"uv":[9.0,6.5,9.5,6.5],"texture":"#0"},"down":{"uv":[3.5,10.5,4.0,10.5],"texture":"#0"}}},{"from":[9.5,6.73331,5.89522],"to":[10.5,8.73331,5.89522],"rotation":{"origin":[9.0,5.38331,8.87022],"axis":"x","angle":-22.5},"faces":{"north":{"uv":[10.5,13.5,11.0,14.5],"texture":"#0"},"east":{"uv":[10.5,4.0,10.5,5.0],"texture":"#0"},"south":{"uv":[11.0,13.5,10.5,14.5],"texture":"#0"},"west":{"uv":[10.5,5.5,10.5,6.5],"texture":"#0"},"up":{"uv":[9.5,6.5,9.0,6.5],"texture":"#0"},"down":{"uv":[4.0,10.5,3.5,10.5],"texture":"#0"}}},{"from":[7.5,6.73331,5.89522],"to":[8.5,7.73331,5.89522],"rotation":{"origin":[8.25,5.38331,8.87022],"axis":"x","angle":-22.5},"faces":{"north":{"uv":[11.5,14.5,12.0,15.0],"texture":"#0"},"east":{"uv":[10.5,4.0,10.5,5.0],"texture":"#0"},"south":{"uv":[12.0,14.5,11.5,15.0],"texture":"#0"},"west":{"uv":[10.5,5.5,10.5,6.5],"texture":"#0"},"up":{"uv":[9.5,6.5,9.0,6.5],"texture":"#0"},"down":{"uv":[4.0,10.5,3.5,10.5],"texture":"#0"}}},{"from":[4.85711,4.88709,5.69882],"to":[5.85711,5.88709,5.69882],"rotation":{"origin":[5.45711,5.48709,5.69882],"axis":"z","angle":45.0},"faces":{"north":{"uv":[14.5,3.5,15.0,4.0],"texture":"#0"},"east":{"uv":[3.0,12.0,3.0,12.5],"texture":"#0"},"south":{"uv":[14.5,4.5,15.0,5.0],"texture":"#0"},"west":{"uv":[3.0,13.0,3.0,13.5],"texture":"#0"},"up":{"uv":[11.5,10.5,11.0,10.5],"texture":"#0"},"down":{"uv":[15.0,11.0,14.5,11.0],"texture":"#0"}}},{"from":[10.14289,4.88709,5.69882],"to":[11.14289,5.88709,5.69882],"rotation":{"origin":[10.54289,5.48709,5.69882],"axis":"z","angle":-45.0},"faces":{"north":{"uv":[15.0,3.5,14.5,4.0],"texture":"#0"},"east":{"uv":[3.0,13.0,3.0,13.5],"texture":"#0"},"south":{"uv":[15.0,4.5,14.5,5.0],"texture":"#0"},"west":{"uv":[3.0,12.0,3.0,12.5],"texture":"#0"},"up":{"uv":[11.0,10.5,11.5,10.5],"texture":"#0"},"down":{"uv":[14.5,11.0,15.0,11.0],"texture":"#0"}}},{"from":[7.4,4.47515,5.86516],"to":[8.4,5.47515,5.86516],"rotation":{"origin":[8.0,5.07515,5.86516],"axis":"z","angle":45.0},"faces":{"north":{"uv":[14.5,3.5,15.0,4.0],"texture":"#0"},"east":{"uv":[3.0,12.0,3.0,12.5],"texture":"#0"},"south":{"uv":[14.5,4.5,15.0,5.0],"texture":"#0"},"west":{"uv":[3.0,13.0,3.0,13.5],"texture":"#0"},"up":{"uv":[11.5,10.5,11.0,10.5],"texture":"#0"},"down":{"uv":[15.0,11.0,14.5,11.0],"texture":"#0"}}},{"from":[5.9,4.47515,5.86516],"to":[6.9,5.47515,5.86516],"rotation":{"origin":[6.5,5.07515,5.86516],"axis":"z","angle":45.0},"faces":{"north":{"uv":[14.5,3.5,15.0,4.0],"texture":"#0"},"east":{"uv":[3.0,12.0,3.0,12.5],"texture":"#0"},"south":{"uv":[14.5,4.5,15.0,5.0],"texture":"#0"},"west":{"uv":[3.0,13.0,3.0,13.5],"texture":"#0"},"up":{"uv":[11.5,10.5,11.0,10.5],"texture":"#0"},"down":{"uv":[15.0,11.0,14.5,11.0],"texture":"#0"}}},{"from":[9.1,4.47515,5.86516],"to":[10.1,5.47515,5.86516],"rotation":{"origin":[9.5,5.07515,5.86516],"axis":"z","angle":-45.0},"faces":{"north":{"uv":[15.0,3.5,14.5,4.0],"texture":"#0"},"east":{"uv":[3.0,13.0,3.0,13.5],"texture":"#0"},"south":{"uv":[15.0,4.5,14.5,5.0],"texture":"#0"},"west":{"uv":[3.0,12.0,3.0,12.5],"texture":"#0"},"up":{"uv":[11.0,10.5,11.5,10.5],"texture":"#0"},"down":{"uv":[14.5,11.0,15.0,11.0],"texture":"#0"}}},{"from":[4.5,11.6,7.35],"to":[7.5,15.6,8.35],"rotation":{"origin":[7.0,6.75,8.25],"axis":"x","angle":-22.5},"faces":{"north":{"uv":[10.5,4.0,9.0,6.0],"texture":"#0"},"east":{"uv":[14.0,4.0,13.5,6.0],"texture":"#0"},"south":{"uv":[10.5,11.0,9.0,13.0],"texture":"#0"},"west":{"uv":[4.0,8.0,3.5,10.0],"texture":"#0"},"up":{"uv":[13.5,14.0,15.0,13.5],"texture":"#0"},"down":{"uv":[14.0,8.0,15.5,8.5],"texture":"#0"}}},{"from":[8.5,11.6,7.35],"to":[11.5,15.6,8.35],"rotation":{"origin":[9.0,6.75,8.25],"axis":"x","angle":-22.5},"faces":{"north":{"uv":[9.0,4.0,10.5,6.0],"texture":"#0"},"east":{"uv":[3.5,8.0,4.0,10.0],"texture":"#0"},"south":{"uv":[9.0,11.0,10.5,13.0],"texture":"#0"},"west":{"uv":[13.5,4.0,14.0,6.0],"texture":"#0"},"up":{"uv":[15.0,14.0,13.5,13.5],"texture":"#0"},"down":{"uv":[15.5,8.0,14.0,8.5],"texture":"#0"}}},{"from":[9.83187,1.74074,8.25],"to":[11.83187,5.74074,10.25],"rotation":{"origin":[10.83187,3.74074,9.25],"axis":"z","angle":45.0},"faces":{"north":{"uv":[10.5,11.0,11.5,13.0],"texture":"#0"},"east":{"uv":[0.0,12.0,1.0,14.0],"texture":"#0"},"south":{"uv":[12.0,0.0,13.0,2.0],"texture":"#0"},"west":{"uv":[1.5,12.0,2.5,14.0],"texture":"#0"},"up":{"uv":[7.0,14.5,6.0,13.5],"texture":"#0"},"down":{"uv":[14.5,6.5,13.5,7.5],"texture":"#0"}}},{"from":[4.16813,1.74074,8.25],"to":[6.16813,5.74074,10.25],"rotation":{"origin":[5.16813,3.74074,9.25],"axis":"z","angle":-45.0},"faces":{"north":{"uv":[11.5,11.0,10.5,13.0],"texture":"#0"},"east":{"uv":[2.5,12.0,1.5,14.0],"texture":"#0"},"south":{"uv":[13.0,0.0,12.0,2.0],"texture":"#0"},"west":{"uv":[1.0,12.0,0.0,14.0],"texture":"#0"},"up":{"uv":[6.0,14.5,7.0,13.5],"texture":"#0"},"down":{"uv":[13.5,6.5,14.5,7.5],"texture":"#0"}}},{"from":[4.925,0.01,4.2],"to":[6.925,2.01,8.2],"rotation":{"origin":[8.0,0.01,6.25],"axis":"y","angle":22.5},"faces":{"north":{"uv":[8.5,13.5,7.5,14.5],"texture":"#0"},"east":{"uv":[14.0,10.5,12.0,11.5],"texture":"#0"},"south":{"uv":[10.0,13.5,9.0,14.5],"texture":"#0"},"west":{"uv":[14.0,2.5,12.0,3.5],"texture":"#0"},"up":{"uv":[12.0,14.0,13.0,12.0],"texture":"#0"},"down":{"uv":[13.5,0.0,14.5,2.0],"texture":"#0"}}},{"from":[4.925,2.01,4.2],"to":[6.925,3.01,5.2],"rotation":{"origin":[8.0,0.01,6.25],"axis":"y","angle":22.5},"faces":{"north":{"uv":[15.0,9.0,14.0,9.5],"texture":"#0"},"east":{"uv":[15.0,10.0,14.5,10.5],"texture":"#0"},"south":{"uv":[1.0,14.5,0.0,15.0],"texture":"#0"},"west":{"uv":[15.0,5.5,14.5,6.0],"texture":"#0"},"up":{"uv":[1.5,15.0,2.5,14.5],"texture":"#0"},"down":{"uv":[14.5,2.5,15.5,3.0],"texture":"#0"}}},{"from":[9.075,0.01,4.2],"to":[11.075,2.01,8.2],"rotation":{"origin":[8.0,0.01,6.25],"axis":"y","angle":-22.5},"faces":{"north":{"uv":[7.5,13.5,8.5,14.5],"texture":"#0"},"east":{"uv":[12.0,2.5,14.0,3.5],"texture":"#0"},"south":{"uv":[9.0,13.5,10.0,14.5],"texture":"#0"},"west":{"uv":[12.0,10.5,14.0,11.5],"texture":"#0"},"up":{"uv":[13.0,14.0,12.0,12.0],"texture":"#0"},"down":{"uv":[14.5,0.0,13.5,2.0],"texture":"#0"}}},{"from":[9.075,2.01,4.2],"to":[11.075,3.01,5.2],"rotation":{"origin":[8.0,0.01,6.25],"axis":"y","angle":-22.5},"faces":{"north":{"uv":[14.0,9.0,15.0,9.5],"texture":"#0"},"east":{"uv":[14.5,5.5,15.0,6.0],"texture":"#0"},"south":{"uv":[0.0,14.5,1.0,15.0],"texture":"#0"},"west":{"uv":[14.5,10.0,15.0,10.5],"texture":"#0"},"up":{"uv":[2.5,15.0,1.5,14.5],"texture":"#0"},"down":{"uv":[15.5,2.5,14.5,3.0],"texture":"#0"}}}],"textures":{"particle":"ffa05506-0500-4227-82ae-25206f98e0b2","0":"ffa05506-0500-4227-82ae-25206f98e0b2"},"gui_light":"front"}