{"parent":"item/handheld","display":{"thirdperson_righthand":{"rotation":[-178.22,0.03,179.94],"translation":[-0.25,1.75,-0.5],"scale":[0.5,0.5,0.5]},"thirdperson_lefthand":{"rotation":[-178.56,-0.03,-179.88],"translation":[0.75,2.0,0.0],"scale":[0.5,0.5,0.5]},"firstperson_righthand":{"rotation":[-180.0,0.0,-180.0],"translation":[-1.25,5.75,1.25]},"firstperson_lefthand":{"rotation":[-180.0,0.0,180.0],"translation":[-0.25,7.0,1.75]},"ground":{"translation":[0.0,3.25,0.0]},"gui":{"rotation":[-180.0,0.0,-180.0],"translation":[-1.0,0.0,0.0]},"head":{"translation":[1.0,14.0,0.0]},"fixed":{"translation":[0.0,0.0,-3.0]}},"elements":[{"from":[8.0,11.0,10.0],"to":[11.0,15.0,11.0],"rotation":{"origin":[8.0,0.0,8.0],"axis":"y","angle":0.0},"faces":{"north":{"uv":[6.75,1.0,7.5,2.0],"texture":"#0"},"east":{"uv":[4.5,8.75,4.75,9.75],"texture":"#0"},"south":{"uv":[5.5,7.0,6.25,8.0],"texture":"#0"},"west":{"uv":[4.75,8.75,5.0,9.75],"texture":"#0"},"up":{"uv":[9.75,7.5,9.0,7.25],"texture":"#0"},"down":{"uv":[9.75,7.5,9.0,7.75],"texture":"#0"}}},{"from":[4.0,11.0,9.0],"to":[7.0,15.0,10.0],"rotation":{"origin":[8.0,0.0,8.0],"axis":"y","angle":0.0},"faces":{"north":{"uv":[4.75,6.5,5.5,7.5],"texture":"#0"},"east":{"uv":[4.0,8.75,4.25,9.75],"texture":"#0"},"south":{"uv":[6.75,0.0,7.5,1.0],"texture":"#0"},"west":{"uv":[4.25,8.75,4.5,9.75],"texture":"#0"},"up":{"uv":[9.75,7.0,9.0,6.75],"texture":"#0"},"down":{"uv":[9.75,7.0,9.0,7.25],"texture":"#0"}}},{"from":[4.0,11.0,10.0],"to":[7.0,15.0,11.0],"rotation":{"origin":[8.0,0.0,8.0],"axis":"y","angle":0.0},"faces":{"north":{"uv":[6.25,7.0,7.0,8.0],"texture":"#0"},"east":{"uv":[5.5,8.75,5.75,9.75],"texture":"#0"},"south":{"uv":[7.0,7.0,7.75,8.0],"texture":"#0"},"west":{"uv":[5.75,8.75,6.0,9.75],"texture":"#0"},"up":{"uv":[9.75,8.75,9.0,8.5],"texture":"#0"},"down":{"uv":[9.75,8.75,9.0,9.0],"texture":"#0"}}},{"from":[8.0,11.0,9.0],"to":[11.0,15.0,10.0],"rotation":{"origin":[8.0,0.0,8.0],"axis":"y","angle":0.0},"faces":{"north":{"uv":[4.0,6.5,4.75,7.5],"texture":"#0"},"east":{"uv":[3.5,8.75,3.75,9.75],"texture":"#0"},"south":{"uv":[6.5,4.0,7.25,5.0],"texture":"#0"},"west":{"uv":[3.75,8.75,4.0,9.75],"texture":"#0"},"up":{"uv":[9.75,6.75,9.0,6.5],"texture":"#0"},"down":{"uv":[7.5,9.0,6.75,9.25],"texture":"#0"}}},{"from":[5.0,6.0,8.0],"to":[10.0,12.0,13.0],"rotation":{"origin":[8.0,0.0,8.0],"axis":"y","angle":0.0},"faces":{"north":{"uv":[0.0,3.0,1.25,4.5],"texture":"#0"},"east":{"uv":[1.25,3.0,2.5,4.5],"texture":"#0"},"south":{"uv":[2.5,3.0,3.75,4.5],"texture":"#0"},"west":{"uv":[3.75,3.0,5.0,4.5],"texture":"#0"},"up":{"uv":[6.75,1.25,5.5,0.0],"texture":"#0"},"down":{"uv":[6.75,1.25,5.5,2.5],"texture":"#0"}}},{"from":[10.0,7.0,7.0],"to":[12.0,12.0,13.0],"rotation":{"origin":[8.0,0.0,8.0],"axis":"y","angle":0.0},"faces":{"north":{"uv":[7.25,3.75,7.75,5.0],"texture":"#0"},"east":{"uv":[4.0,0.0,5.5,1.25],"texture":"#0"},"south":{"uv":[7.5,0.0,8.0,1.25],"texture":"#0"},"west":{"uv":[4.0,1.25,5.5,2.5],"texture":"#0"},"up":{"uv":[2.5,7.25,2.0,5.75],"texture":"#0"},"down":{"uv":[3.0,5.75,2.5,7.25],"texture":"#0"}}},{"from":[3.0,7.0,7.0],"to":[5.0,12.0,13.0],"rotation":{"origin":[8.0,0.0,8.0],"axis":"y","angle":0.0},"faces":{"north":{"uv":[4.0,7.5,4.5,8.75],"texture":"#0"},"east":{"uv":[0.0,4.5,1.5,5.75],"texture":"#0"},"south":{"uv":[4.5,7.5,5.0,8.75],"texture":"#0"},"west":{"uv":[1.5,4.5,3.0,5.75],"texture":"#0"},"up":{"uv":[3.5,8.0,3.0,6.5],"texture":"#0"},"down":{"uv":[4.0,6.5,3.5,8.0],"texture":"#0"}}},{"from":[4.0,6.0,7.0],"to":[11.0,12.0,8.0],"rotation":{"origin":[8.0,0.0,8.0],"axis":"y","angle":0.0},"faces":{"north":{"uv":[2.25,0.0,4.0,1.5],"texture":"#0"},"east":{"uv":[7.5,8.0,7.75,9.5],"texture":"#0"},"south":{"uv":[2.25,1.5,4.0,3.0],"texture":"#0"},"west":{"uv":[8.25,6.25,8.5,7.75],"texture":"#0"},"up":{"uv":[9.5,4.75,7.75,4.5],"texture":"#0"},"down":{"uv":[9.5,4.75,7.75,5.0],"texture":"#0"}}},{"from":[5.0,7.0,13.0],"to":[10.0,11.0,14.0],"rotation":{"origin":[8.0,0.0,8.0],"axis":"y","angle":0.0},"faces":{"north":{"uv":[3.0,5.5,4.25,6.5],"texture":"#0"},"east":{"uv":[2.0,8.75,2.25,9.75],"texture":"#0"},"south":{"uv":[4.25,5.5,5.5,6.5],"texture":"#0"},"west":{"uv":[2.25,8.75,2.5,9.75],"texture":"#0"},"up":{"uv":[2.5,8.75,1.25,8.5],"texture":"#0"},"down":{"uv":[9.75,2.5,8.5,2.75],"texture":"#0"}}},{"from":[6.0,1.0,13.0],"to":[9.0,3.0,15.0],"rotation":{"origin":[8.0,0.0,8.0],"axis":"y","angle":0.0},"faces":{"north":{"uv":[4.0,2.5,4.75,3.0],"texture":"#0"},"east":{"uv":[0.0,8.75,0.5,9.25],"texture":"#0"},"south":{"uv":[7.75,5.0,8.5,5.5],"texture":"#0"},"west":{"uv":[8.75,0.0,9.25,0.5],"texture":"#0"},"up":{"uv":[8.75,0.5,8.0,0.0],"texture":"#0"},"down":{"uv":[8.75,0.5,8.0,1.0],"texture":"#0"}}},{"from":[4.0,0.0,12.0],"to":[11.0,4.0,13.0],"rotation":{"origin":[8.0,0.0,8.0],"axis":"y","angle":0.0},"faces":{"north":{"uv":[3.0,4.5,4.75,5.5],"texture":"#0"},"east":{"uv":[8.25,8.5,8.5,9.5],"texture":"#0"},"south":{"uv":[4.75,4.5,6.5,5.5],"texture":"#0"},"west":{"uv":[8.5,8.5,8.75,9.5],"texture":"#0"},"up":{"uv":[9.5,4.25,7.75,4.0],"texture":"#0"},"down":{"uv":[9.5,4.25,7.75,4.5],"texture":"#0"}}},{"from":[10.0,3.0,8.0],"to":[12.0,6.0,9.0],"rotation":{"origin":[8.0,0.0,8.0],"axis":"y","angle":0.0},"faces":{"north":{"uv":[7.75,7.0,8.25,7.75],"texture":"#0"},"east":{"uv":[8.75,8.5,9.0,9.25],"texture":"#0"},"south":{"uv":[7.75,7.75,8.25,8.5],"texture":"#0"},"west":{"uv":[9.0,1.0,9.25,1.75],"texture":"#0"},"up":{"uv":[8.25,9.5,7.75,9.25],"texture":"#0"},"down":{"uv":[9.25,9.25,8.75,9.5],"texture":"#0"}}},{"from":[3.0,2.0,7.0],"to":[5.0,3.0,9.0],"rotation":{"origin":[8.0,0.0,8.0],"axis":"y","angle":0.0},"faces":{"north":{"uv":[9.25,3.75,9.75,4.0],"texture":"#0"},"east":{"uv":[6.0,9.25,6.5,9.5],"texture":"#0"},"south":{"uv":[6.5,9.25,7.0,9.5],"texture":"#0"},"west":{"uv":[7.0,9.25,7.5,9.5],"texture":"#0"},"up":{"uv":[9.0,7.75,8.5,7.25],"texture":"#0"},"down":{"uv":[8.25,8.5,7.75,9.0],"texture":"#0"}}},{"from":[3.0,3.0,8.0],"to":[5.0,6.0,9.0],"rotation":{"origin":[8.0,0.0,8.0],"axis":"y","angle":0.0},"faces":{"north":{"uv":[5.0,7.5,5.5,8.25],"texture":"#0"},"east":{"uv":[2.75,7.25,3.0,8.0],"texture":"#0"},"south":{"uv":[1.75,7.75,2.25,8.5],"texture":"#0"},"west":{"uv":[8.75,5.5,9.0,6.25],"texture":"#0"},"up":{"uv":[9.75,1.75,9.25,1.5],"texture":"#0"},"down":{"uv":[3.0,9.25,2.5,9.5],"texture":"#0"}}},{"from":[10.0,2.0,7.0],"to":[12.0,3.0,9.0],"rotation":{"origin":[8.0,0.0,8.0],"axis":"y","angle":0.0},"faces":{"north":{"uv":[1.0,9.25,1.5,9.5],"texture":"#0"},"east":{"uv":[9.25,1.0,9.75,1.25],"texture":"#0"},"south":{"uv":[9.25,1.25,9.75,1.5],"texture":"#0"},"west":{"uv":[1.5,9.25,2.0,9.5],"texture":"#0"},"up":{"uv":[9.0,7.25,8.5,6.75],"texture":"#0"},"down":{"uv":[7.5,8.5,7.0,9.0],"texture":"#0"}}},{"from":[3.0,0.0,9.0],"to":[12.0,6.0,12.0],"rotation":{"origin":[8.0,0.0,8.0],"axis":"y","angle":0.0},"faces":{"north":{"uv":[0.0,0.0,2.25,1.5],"texture":"#0"},"east":{"uv":[5.5,5.5,6.25,7.0],"texture":"#0"},"south":{"uv":[0.0,1.5,2.25,3.0],"texture":"#0"},"west":{"uv":[0.0,5.75,0.75,7.25],"texture":"#0"},"up":{"uv":[7.25,3.25,5.0,2.5],"texture":"#0"},"down":{"uv":[7.25,3.25,5.0,4.0],"texture":"#0"}}},{"from":[3.0,2.0,4.0],"to":[5.0,3.0,6.0],"rotation":{"origin":[8.0,0.0,8.0],"axis":"y","angle":0.0},"faces":{"north":{"uv":[9.25,0.25,9.75,0.5],"texture":"#0"},"east":{"uv":[0.5,9.25,1.0,9.5],"texture":"#0"},"south":{"uv":[9.25,0.5,9.75,0.75],"texture":"#0"},"west":{"uv":[9.25,0.75,9.75,1.0],"texture":"#0"},"up":{"uv":[9.0,6.75,8.5,6.25],"texture":"#0"},"down":{"uv":[7.0,8.5,6.5,9.0],"texture":"#0"}}},{"from":[3.0,0.0,4.2],"to":[5.0,2.0,9.0],"rotation":{"origin":[8.0,0.0,8.0],"axis":"y","angle":0.0},"faces":{"north":{"uv":[8.5,5.0,9.0,5.5],"texture":"#0"},"east":{"uv":[6.75,2.0,8.0,2.5],"texture":"#0"},"south":{"uv":[6.0,8.5,6.5,9.0],"texture":"#0"},"west":{"uv":[1.0,7.25,2.25,7.75],"texture":"#0"},"up":{"uv":[2.75,8.5,2.25,7.25],"texture":"#0"},"down":{"uv":[7.75,2.5,7.25,3.75],"texture":"#0"}}},{"from":[10.0,2.0,4.0],"to":[12.0,3.0,6.0],"rotation":{"origin":[8.0,0.0,8.0],"axis":"y","angle":0.0},"faces":{"north":{"uv":[7.75,9.0,8.25,9.25],"texture":"#0"},"east":{"uv":[9.0,9.0,9.5,9.25],"texture":"#0"},"south":{"uv":[0.0,9.25,0.5,9.5],"texture":"#0"},"west":{"uv":[9.25,0.0,9.75,0.25],"texture":"#0"},"up":{"uv":[3.5,9.0,3.0,8.5],"texture":"#0"},"down":{"uv":[9.0,3.25,8.5,3.75],"texture":"#0"}}},{"from":[10.0,0.0,4.2],"to":[12.0,2.0,9.0],"rotation":{"origin":[8.0,0.0,8.0],"axis":"y","angle":0.0},"faces":{"north":{"uv":[2.5,8.5,3.0,9.0],"texture":"#0"},"east":{"uv":[5.0,4.0,6.25,4.5],"texture":"#0"},"south":{"uv":[8.5,2.75,9.0,3.25],"texture":"#0"},"west":{"uv":[6.5,5.0,7.75,5.5],"texture":"#0"},"up":{"uv":[0.5,8.5,0.0,7.25],"texture":"#0"},"down":{"uv":[1.0,7.25,0.5,8.5],"texture":"#0"}}},{"from":[2.0,4.0,8.0],"to":[3.0,6.0,9.0],"rotation":{"origin":[8.0,0.0,8.0],"axis":"y","angle":0.0},"faces":{"north":{"uv":[0.0,0.0,0.25,0.5],"texture":"#0"},"east":{"uv":[0.0,0.0,0.25,0.5],"texture":"#0"},"south":{"uv":[0.0,0.0,0.25,0.5],"texture":"#0"},"west":{"uv":[0.0,0.0,0.25,0.5],"texture":"#0"},"up":{"uv":[0.0,0.0,0.25,0.25],"texture":"#0"},"down":{"uv":[0.0,0.0,0.25,0.25],"texture":"#0"}}},{"from":[5.0,7.0,5.0],"to":[6.0,8.0,8.0],"rotation":{"origin":[8.0,1.0,8.0],"axis":"y","angle":0.0},"faces":{"north":{"uv":[9.5,8.0,9.75,8.25],"texture":"#0"},"east":{"uv":[9.0,6.0,9.75,6.25],"texture":"#0"},"south":{"uv":[8.25,9.5,8.5,9.75],"texture":"#0"},"west":{"uv":[9.0,6.25,9.75,6.5],"texture":"#0"},"up":{"uv":[3.5,9.75,3.25,9.0],"texture":"#0"},"down":{"uv":[5.25,9.0,5.0,9.75],"texture":"#0"}}},{"from":[3.0,6.0,6.0],"to":[4.0,7.0,8.0],"rotation":{"origin":[8.0,1.0,8.0],"axis":"y","angle":0.0},"faces":{"north":{"uv":[9.5,7.75,9.75,8.0],"texture":"#0"},"east":{"uv":[6.0,9.5,6.5,9.75],"texture":"#0"},"south":{"uv":[8.0,9.5,8.25,9.75],"texture":"#0"},"west":{"uv":[6.5,9.5,7.0,9.75],"texture":"#0"},"up":{"uv":[5.5,10.0,5.25,9.5],"texture":"#0"},"down":{"uv":[7.25,9.5,7.0,10.0],"texture":"#0"}}},{"from":[1.0,7.0,5.0],"to":[4.0,8.0,8.0],"rotation":{"origin":[8.0,1.0,8.0],"axis":"y","angle":0.0},"faces":{"north":{"uv":[9.0,5.25,9.75,5.5],"texture":"#0"},"east":{"uv":[9.0,5.5,9.75,5.75],"texture":"#0"},"south":{"uv":[9.0,5.75,9.75,6.0],"texture":"#0"},"west":{"uv":[6.0,9.0,6.75,9.25],"texture":"#0"},"up":{"uv":[8.5,3.25,7.75,2.5],"texture":"#0"},"down":{"uv":[8.5,3.25,7.75,4.0],"texture":"#0"}}},{"from":[1.0,8.0,5.0],"to":[2.0,9.0,7.0],"rotation":{"origin":[8.0,1.0,8.0],"axis":"y","angle":0.0},"faces":{"north":{"uv":[7.5,9.5,7.75,9.75],"texture":"#0"},"east":{"uv":[9.5,2.25,10.0,2.5],"texture":"#0"},"south":{"uv":[7.75,9.5,8.0,9.75],"texture":"#0"},"west":{"uv":[2.5,9.5,3.0,9.75],"texture":"#0"},"up":{"uv":[9.75,4.5,9.5,4.0],"texture":"#0"},"down":{"uv":[9.75,4.5,9.5,5.0],"texture":"#0"}}},{"from":[3.0,8.0,5.0],"to":[4.0,9.0,7.0],"rotation":{"origin":[8.0,1.0,8.0],"axis":"y","angle":0.0},"faces":{"north":{"uv":[8.0,1.0,8.25,1.25],"texture":"#0"},"east":{"uv":[1.5,9.5,2.0,9.75],"texture":"#0"},"south":{"uv":[7.25,9.5,7.5,9.75],"texture":"#0"},"west":{"uv":[9.5,2.0,10.0,2.25],"texture":"#0"},"up":{"uv":[5.5,9.5,5.25,9.0],"texture":"#0"},"down":{"uv":[3.25,9.25,3.0,9.75],"texture":"#0"}}},{"from":[4.0,4.0,5.0],"to":[9.0,5.0,8.0],"rotation":{"origin":[8.0,1.0,8.0],"axis":"y","angle":0.0},"faces":{"north":{"uv":[8.25,8.25,9.5,8.5],"texture":"#0"},"east":{"uv":[9.0,3.5,9.75,3.75],"texture":"#0"},"south":{"uv":[0.0,8.5,1.25,8.75],"texture":"#0"},"west":{"uv":[9.0,5.0,9.75,5.25],"texture":"#0"},"up":{"uv":[7.5,7.0,6.25,6.25],"texture":"#0"},"down":{"uv":[2.0,6.5,0.75,7.25],"texture":"#0"}}},{"from":[4.0,6.0,5.0],"to":[7.0,7.0,8.0],"rotation":{"origin":[8.0,1.0,8.0],"axis":"y","angle":0.0},"faces":{"north":{"uv":[2.5,9.0,3.25,9.25],"texture":"#0"},"east":{"uv":[9.0,2.75,9.75,3.0],"texture":"#0"},"south":{"uv":[9.0,3.0,9.75,3.25],"texture":"#0"},"west":{"uv":[9.0,3.25,9.75,3.5],"texture":"#0"},"up":{"uv":[8.25,7.0,7.5,6.25],"texture":"#0"},"down":{"uv":[1.75,7.75,1.0,8.5],"texture":"#0"}}},{"from":[3.0,5.0,5.0],"to":[8.0,6.0,8.0],"rotation":{"origin":[8.0,1.0,8.0],"axis":"y","angle":0.0},"faces":{"north":{"uv":[8.25,7.75,9.5,8.0],"texture":"#0"},"east":{"uv":[8.75,2.25,9.5,2.5],"texture":"#0"},"south":{"uv":[8.25,8.0,9.5,8.25],"texture":"#0"},"west":{"uv":[9.0,1.75,9.75,2.0],"texture":"#0"},"up":{"uv":[2.0,6.5,0.75,5.75],"texture":"#0"},"down":{"uv":[7.5,5.5,6.25,6.25],"texture":"#0"}}},{"from":[5.0,3.0,5.0],"to":[7.0,4.0,8.0],"rotation":{"origin":[8.0,1.0,8.0],"axis":"y","angle":0.0},"faces":{"north":{"uv":[0.5,9.5,1.0,9.75],"texture":"#0"},"east":{"uv":[8.5,3.75,9.25,4.0],"texture":"#0"},"south":{"uv":[1.0,9.5,1.5,9.75],"texture":"#0"},"west":{"uv":[8.75,2.0,9.5,2.25],"texture":"#0"},"up":{"uv":[5.5,9.0,5.0,8.25],"texture":"#0"},"down":{"uv":[8.75,5.5,8.25,6.25],"texture":"#0"}}},{"from":[7.0,2.0,5.0],"to":[10.0,4.0,8.0],"rotation":{"origin":[8.0,1.0,8.0],"axis":"y","angle":0.0},"faces":{"north":{"uv":[6.0,8.0,6.75,8.5],"texture":"#0"},"east":{"uv":[6.75,8.0,7.5,8.5],"texture":"#0"},"south":{"uv":[8.25,1.0,9.0,1.5],"texture":"#0"},"west":{"uv":[8.25,1.5,9.0,2.0],"texture":"#0"},"up":{"uv":[8.25,2.0,7.5,1.25],"texture":"#0"},"down":{"uv":[8.25,5.5,7.5,6.25],"texture":"#0"}}},{"from":[8.0,4.0,4.0],"to":[10.0,6.0,5.0],"rotation":{"origin":[8.0,0.0,8.0],"axis":"y","angle":0.0},"faces":{"north":{"uv":[1.0,8.75,1.5,9.25],"texture":"#0"},"east":{"uv":[4.75,2.5,5.0,3.0],"texture":"#0"},"south":{"uv":[1.5,8.75,2.0,9.25],"texture":"#0"},"west":{"uv":[6.25,4.0,6.5,4.5],"texture":"#0"},"up":{"uv":[9.75,9.5,9.25,9.25],"texture":"#0"},"down":{"uv":[0.5,9.5,0.0,9.75],"texture":"#0"}}},{"from":[9.0,4.0,5.0],"to":[11.0,6.0,8.0],"rotation":{"origin":[8.0,0.0,8.0],"axis":"y","angle":0.0},"faces":{"north":{"uv":[0.5,8.75,1.0,9.25],"texture":"#0"},"east":{"uv":[8.0,2.0,8.75,2.5],"texture":"#0"},"south":{"uv":[8.75,0.5,9.25,1.0],"texture":"#0"},"west":{"uv":[2.75,8.0,3.5,8.5],"texture":"#0"},"up":{"uv":[4.0,8.75,3.5,8.0],"texture":"#0"},"down":{"uv":[6.0,8.0,5.5,8.75],"texture":"#0"}}},{"from":[1.0,4.0,4.0],"to":[3.0,6.0,8.0],"rotation":{"origin":[8.0,0.0,8.0],"axis":"y","angle":0.0},"faces":{"north":{"uv":[0.0,0.0,0.5,0.5],"texture":"#0"},"east":{"uv":[0.0,0.0,1.0,0.5],"texture":"#0"},"south":{"uv":[0.0,0.0,0.5,0.5],"texture":"#0"},"west":{"uv":[0.0,0.0,1.0,0.5],"texture":"#0"},"up":{"uv":[0.0,0.0,0.5,1.0],"texture":"#0"},"down":{"uv":[0.0,0.0,0.5,1.0],"texture":"#0"}}}],"textures":{"particle":"5b7a4ce9-9b98-43b4-a294-0b3e844a0046","0":"5b7a4ce9-9b98-43b4-a294-0b3e844a0046"}}