{"display":{"thirdperson_righthand":{"translation":[3.5,-1.25,-3.75],"scale":[0.55,0.55,0.55]},"thirdperson_lefthand":{"translation":[-4.5,-1.25,-3.75],"scale":[0.55,0.55,0.55]},"firstperson_righthand":{"rotation":[0.0,94.0,5.0],"translation":[3.25,5.0,-2.5],"scale":[0.44,0.44,0.44]},"firstperson_lefthand":{"rotation":[0.0,96.0,5.0],"translation":[3.25,4.5,2.5],"scale":[0.44,0.44,0.44]},"ground":{"translation":[4.0,3.0,0.0],"scale":[0.52,0.52,0.52]},"gui":{"rotation":[25.0,151.0,0.0],"translation":[-3.25,0.5,0.0],"scale":[0.49,0.49,0.49]},"head":{"translation":[7.5,13.5,0.0],"scale":[0.89,0.89,0.89]},"fixed":{"rotation":[-90.0,0.0,0.0],"translation":[0.0,0.0,-16.0],"scale":[2.0,2.0,2.0]}},"elements":[{"from":[-13.0,0.0,0.9995],"to":[13.0,2.0,14.9995],"rotation":{"origin":[1.0,0.0,-5.0E-4],"axis":"y","angle":0.0},"faces":{"north":{"uv":[1.125,7.5,4.375,7.75],"texture":"#2"},"east":{"uv":[1.125,7.875,2.875,8.125],"texture":"#2"},"south":{"uv":[4.5,7.5,7.75,7.75],"texture":"#2"},"west":{"uv":[3.0,7.875,4.75,8.125],"texture":"#2"},"up":{"uv":[6.625,1.75,3.375,0.0],"texture":"#2"},"down":{"uv":[6.625,1.875,3.375,3.625],"texture":"#2"}}},{"from":[-13.0,2.0,14.9985],"to":[13.0,16.0,14.9985],"rotation":{"origin":[3.0,0.0,-0.0015],"axis":"y","angle":0.0},"faces":{"north":{"uv":[0.0,3.75,3.25,5.5],"texture":"#2"},"east":{"uv":[5.875,8.0,5.875,9.75],"texture":"#2"},"south":{"uv":[3.375,3.75,6.625,5.5],"texture":"#2"},"west":{"uv":[6.0,8.0,6.0,9.75],"texture":"#2"},"up":{"uv":[9.375,8.0,6.125,8.0],"texture":"#2"},"down":{"uv":[9.375,8.125,6.125,8.125],"texture":"#2"}}},{"from":[13.075,2.0,3.9995],"to":[13.075,14.0,11.9995],"rotation":{"origin":[13.075,8.0,7.9995],"axis":"y","angle":0.0},"faces":{"north":{"uv":[4.875,8.125,4.875,9.625],"texture":"#1"},"east":{"uv":[0.0,0.0,4.0,6.0],"texture":"#1"},"south":{"uv":[4.875,8.125,4.875,9.625],"texture":"#1"},"west":{"uv":[0.0,7.5,1.0,9.0],"texture":"#1"},"up":{"uv":[2.125,8.25,1.125,8.25],"texture":"#1","rotation":270},"down":{"uv":[2.125,8.25,1.125,8.25],"texture":"#1","rotation":90}}},{"from":[-13.0,2.0,1.0005],"to":[13.0,16.0,1.0005],"rotation":{"origin":[3.0,0.0,16.0005],"axis":"y","angle":0.0},"faces":{"north":{"uv":[0.0,5.625,3.25,7.375],"texture":"#2"},"east":{"uv":[5.0,8.125,5.0,9.875],"texture":"#2"},"south":{"uv":[6.625,5.625,3.375,7.375],"texture":"#2"},"west":{"uv":[5.125,8.125,5.125,9.875],"texture":"#2"},"up":{"uv":[9.375,8.25,6.125,8.25],"texture":"#2"},"down":{"uv":[4.375,8.375,1.125,8.375],"texture":"#2"}}},{"from":[-13.0,2.0,0.9995],"to":[-13.0,16.0,14.9995],"rotation":{"origin":[-13.0,0.0,-5.0E-4],"axis":"y","angle":0.0},"faces":{"north":{"uv":[5.5,8.25,5.5,10.0],"texture":"#2"},"east":{"uv":[8.5,0.0,6.75,1.75],"texture":"#2"},"south":{"uv":[5.625,8.25,5.625,10.0],"texture":"#2"},"west":{"uv":[6.75,1.875,8.5,3.625],"texture":"#2"},"up":{"uv":[5.25,10.125,5.25,8.375],"texture":"#2"},"down":{"uv":[5.375,8.375,5.375,10.125],"texture":"#2"}}},{"from":[-13.0,16.0,0.9995],"to":[13.0,16.0,14.9995],"rotation":{"origin":[3.0,2.0,-5.0E-4],"axis":"y","angle":0.0},"faces":{"north":{"uv":[5.875,7.875,9.125,7.875],"texture":"#2"},"east":{"uv":[7.875,7.5,9.625,7.5],"texture":"#2"},"south":{"uv":[7.875,7.625,11.125,7.625],"texture":"#2"},"west":{"uv":[7.875,7.75,9.625,7.75],"texture":"#2"},"up":{"uv":[3.25,1.75,0.0,0.0],"texture":"#2"},"down":{"uv":[3.25,1.875,0.0,3.625],"texture":"#2"}}},{"from":[13.0,2.0,0.9995],"to":[13.0,16.0,14.9995],"rotation":{"origin":[13.0,0.0,-5.0E-4],"axis":"y","angle":0.0},"faces":{"north":{"uv":[5.75,8.375,5.75,10.125],"texture":"#2"},"east":{"uv":[6.75,3.75,8.5,5.5],"texture":"#2"},"south":{"uv":[6.125,8.375,6.125,10.125],"texture":"#2"},"west":{"uv":[6.75,5.625,8.5,7.375],"texture":"#2"},"up":{"uv":[6.25,10.125,6.25,8.375],"texture":"#2"},"down":{"uv":[6.375,8.375,6.375,10.125],"texture":"#2"}}},{"from":[-6.98974,6.0,3.36162],"to":[-1.98974,11.0,10.36162],"rotation":{"origin":[-1.0,9.18028,11.56427],"axis":"y","angle":0.0},"faces":{"north":{"uv":[5.5,3.0,6.75,4.25],"texture":"#3"},"east":{"uv":[0.0,0.0,1.75,1.25],"texture":"#3"},"south":{"uv":[1.5,6.0,2.75,7.25],"texture":"#3"},"west":{"uv":[0.0,1.5,1.75,2.75],"texture":"#3"},"up":{"uv":[3.25,1.75,2.0,0.0],"texture":"#3"},"down":{"uv":[3.25,2.0,2.0,3.75],"texture":"#3"}}},{"from":[-7.98974,6.0,4.36162],"to":[-0.98974,11.0,9.36162],"rotation":{"origin":[-1.0,9.18028,11.56427],"axis":"y","angle":0.0},"faces":{"north":{"uv":[0.0,3.0,1.75,4.25],"texture":"#3"},"east":{"uv":[0.0,6.5,1.25,7.75],"texture":"#3"},"south":{"uv":[3.5,0.0,5.25,1.25],"texture":"#3"},"west":{"uv":[3.0,6.5,4.25,7.75],"texture":"#3"},"up":{"uv":[5.25,2.75,3.5,1.5],"texture":"#3"},"down":{"uv":[5.25,3.0,3.5,4.25],"texture":"#3"}}},{"from":[-6.98974,5.0,4.36162],"to":[-1.98974,12.0,9.36162],"rotation":{"origin":[-1.0,9.18028,11.56427],"axis":"y","angle":0.0},"faces":{"north":{"uv":[2.0,4.0,3.25,5.75],"texture":"#3"},"east":{"uv":[0.0,4.5,1.25,6.25],"texture":"#3"},"south":{"uv":[3.5,4.5,4.75,6.25],"texture":"#3"},"west":{"uv":[5.0,4.5,6.25,6.25],"texture":"#3"},"up":{"uv":[5.75,7.75,4.5,6.5],"texture":"#3"},"down":{"uv":[7.75,4.5,6.5,5.75],"texture":"#3"}}},{"from":[-4.48974,2.0,6.36162],"to":[-4.48974,5.0,7.36162],"rotation":{"origin":[-4.48974,4.0,6.86162],"axis":"y","angle":-45.0},"faces":{"north":{"uv":[3.0,10.0,3.0,10.75],"texture":"#3"},"east":{"uv":[1.5,4.5,1.75,5.25],"texture":"#3"},"south":{"uv":[3.25,10.0,3.25,10.75],"texture":"#3"},"west":{"uv":[8.0,5.0,8.25,5.75],"texture":"#3"},"up":{"uv":[8.75,2.25,8.75,2.0],"texture":"#3"},"down":{"uv":[3.5,10.0,3.5,10.25],"texture":"#3"}}},{"from":[-4.48974,2.0,6.36162],"to":[-4.48974,5.0,7.36162],"rotation":{"origin":[-4.48974,4.0,6.86162],"axis":"y","angle":45.0},"faces":{"north":{"uv":[3.75,10.0,3.75,10.75],"texture":"#3"},"east":{"uv":[5.5,8.0,5.75,8.75],"texture":"#3"},"south":{"uv":[4.0,10.0,4.0,10.75],"texture":"#3"},"west":{"uv":[1.5,8.25,1.75,9.0],"texture":"#3"},"up":{"uv":[4.25,10.25,4.25,10.0],"texture":"#3"},"down":{"uv":[4.5,10.0,4.5,10.25],"texture":"#3"}}},{"from":[-9.71737,10.38921,6.36162],"to":[-8.71737,13.38921,7.36162],"rotation":{"origin":[-8.71737,13.38921,3.86162],"axis":"z","angle":45.0},"faces":{"north":{"uv":[2.0,8.25,2.25,9.0],"texture":"#3"},"east":{"uv":[2.5,8.25,2.75,9.0],"texture":"#3"},"south":{"uv":[6.0,8.25,6.25,9.0],"texture":"#3"},"west":{"uv":[6.5,8.25,6.75,9.0],"texture":"#3"},"up":{"uv":[1.75,5.75,1.5,5.5],"texture":"#3"},"down":{"uv":[3.25,6.0,3.0,6.25],"texture":"#3"}}},{"from":[-8.19684,8.0,1.7403],"to":[-5.19684,9.0,2.7403],"rotation":{"origin":[-8.69684,11.0,1.2403],"axis":"y","angle":-45.0},"faces":{"north":{"uv":[6.5,6.0,7.25,6.25],"texture":"#3"},"east":{"uv":[1.5,9.75,1.75,10.0],"texture":"#3"},"south":{"uv":[8.25,4.0,9.0,4.25],"texture":"#3"},"west":{"uv":[9.75,1.5,10.0,1.75],"texture":"#3"},"up":{"uv":[2.25,9.5,1.5,9.25],"texture":"#3"},"down":{"uv":[10.0,4.0,9.25,4.25],"texture":"#3"}}},{"from":[-4.98974,10.20711,2.2403],"to":[-3.98974,13.20711,3.2403],"rotation":{"origin":[-4.48974,12.70711,2.7403],"axis":"x","angle":-45.0},"faces":{"north":{"uv":[7.0,8.25,7.25,9.0],"texture":"#3"},"east":{"uv":[8.5,2.75,8.75,3.5],"texture":"#3"},"south":{"uv":[3.0,8.5,3.25,9.25],"texture":"#3"},"west":{"uv":[3.5,8.5,3.75,9.25],"texture":"#3"},"up":{"uv":[7.25,9.5,7.0,9.25],"texture":"#3"},"down":{"uv":[9.75,6.5,9.5,6.75],"texture":"#3"}}},{"from":[-4.98974,10.10711,10.6597],"to":[-3.98974,13.10711,11.6597],"rotation":{"origin":[-4.48974,12.70711,11.2597],"axis":"x","angle":45.0},"faces":{"north":{"uv":[4.0,8.5,4.25,9.25],"texture":"#3"},"east":{"uv":[4.5,8.5,4.75,9.25],"texture":"#3"},"south":{"uv":[5.0,8.5,5.25,9.25],"texture":"#3"},"west":{"uv":[8.5,5.0,8.75,5.75],"texture":"#3"},"up":{"uv":[9.75,7.25,9.5,7.0],"texture":"#3"},"down":{"uv":[9.75,7.5,9.5,7.75],"texture":"#3"}}},{"from":[-0.28263,10.38921,6.63838],"to":[0.71737,13.38921,7.63838],"rotation":{"origin":[-0.28263,13.38921,10.13838],"axis":"z","angle":-45.0},"faces":{"north":{"uv":[8.5,6.75,8.75,7.5],"texture":"#3"},"east":{"uv":[8.5,7.75,8.75,8.5],"texture":"#3"},"south":{"uv":[0.0,8.75,0.25,9.5],"texture":"#3"},"west":{"uv":[8.75,0.0,9.0,0.75],"texture":"#3"},"up":{"uv":[9.75,8.25,9.5,8.0],"texture":"#3"},"down":{"uv":[9.75,8.5,9.5,8.75],"texture":"#3"}}},{"from":[-3.80316,8.0,1.7403],"to":[-0.80316,9.0,2.7403],"rotation":{"origin":[-0.30316,11.0,1.2403],"axis":"y","angle":45.0},"faces":{"north":{"uv":[9.25,4.5,10.0,4.75],"texture":"#3"},"east":{"uv":[2.0,9.75,2.25,10.0],"texture":"#3"},"south":{"uv":[6.0,9.25,6.75,9.5],"texture":"#3"},"west":{"uv":[6.0,9.75,6.25,10.0],"texture":"#3"},"up":{"uv":[10.25,2.25,9.5,2.0],"texture":"#3"},"down":{"uv":[3.25,9.5,2.5,9.75],"texture":"#3"}}},{"from":[-0.28263,3.61079,6.63838],"to":[0.71737,6.61079,7.63838],"rotation":{"origin":[-0.28263,3.61079,10.13838],"axis":"z","angle":45.0},"faces":{"north":{"uv":[9.0,5.0,9.25,5.75],"texture":"#3"},"east":{"uv":[5.5,9.0,5.75,9.75],"texture":"#3"},"south":{"uv":[9.0,6.0,9.25,6.75],"texture":"#3"},"west":{"uv":[9.0,7.0,9.25,7.75],"texture":"#3"},"up":{"uv":[0.75,10.0,0.5,9.75],"texture":"#3"},"down":{"uv":[10.0,0.5,9.75,0.75],"texture":"#3"}}},{"from":[-4.98974,3.79289,2.2403],"to":[-3.98974,6.79289,3.2403],"rotation":{"origin":[-4.48974,4.29289,2.7403],"axis":"x","angle":45.0},"faces":{"north":{"uv":[9.0,8.0,9.25,8.75],"texture":"#3"},"east":{"uv":[9.0,9.0,9.25,9.75],"texture":"#3"},"south":{"uv":[9.25,0.0,9.5,0.75],"texture":"#3"},"west":{"uv":[9.25,1.0,9.5,1.75],"texture":"#3"},"up":{"uv":[1.25,10.0,1.0,9.75],"texture":"#3"},"down":{"uv":[10.0,1.0,9.75,1.25],"texture":"#3"}}},{"from":[-9.71737,3.61079,6.36162],"to":[-8.71737,6.61079,7.36162],"rotation":{"origin":[-8.71737,3.61079,3.86162],"axis":"z","angle":-45.0},"faces":{"north":{"uv":[8.0,8.75,8.25,9.5],"texture":"#3"},"east":{"uv":[8.5,8.75,8.75,9.5],"texture":"#3"},"south":{"uv":[9.0,2.0,9.25,2.75],"texture":"#3"},"west":{"uv":[9.0,3.0,9.25,3.75],"texture":"#3"},"up":{"uv":[0.25,10.0,0.0,9.75],"texture":"#3"},"down":{"uv":[10.0,0.0,9.75,0.25],"texture":"#3"}}},{"from":[-4.00316,8.0,11.0097],"to":[-1.00316,9.0,12.0097],"rotation":{"origin":[-0.30316,11.0,12.7597],"axis":"y","angle":-45.0},"faces":{"north":{"uv":[4.5,9.5,5.25,9.75],"texture":"#3"},"east":{"uv":[7.5,9.75,7.75,10.0],"texture":"#3"},"south":{"uv":[9.5,5.0,10.25,5.25],"texture":"#3"},"west":{"uv":[8.0,9.75,8.25,10.0],"texture":"#3"},"up":{"uv":[10.25,5.75,9.5,5.5],"texture":"#3"},"down":{"uv":[10.25,6.0,9.5,6.25],"texture":"#3"}}},{"from":[-7.99684,8.0,11.0097],"to":[-4.99684,9.0,12.0097],"rotation":{"origin":[-8.69684,11.0,12.7597],"axis":"y","angle":45.0},"faces":{"north":{"uv":[5.25,9.5,4.5,9.75],"texture":"#3"},"east":{"uv":[8.25,9.75,8.0,10.0],"texture":"#3"},"south":{"uv":[10.25,5.0,9.5,5.25],"texture":"#3"},"west":{"uv":[7.75,9.75,7.5,10.0],"texture":"#3"},"up":{"uv":[9.5,5.75,10.25,5.5],"texture":"#3"},"down":{"uv":[9.5,6.0,10.25,6.25],"texture":"#3"}}},{"from":[-4.98974,3.89289,10.6597],"to":[-3.98974,6.89289,11.6597],"rotation":{"origin":[-4.48974,4.29289,11.2597],"axis":"x","angle":-45.0},"faces":{"north":{"uv":[0.5,8.75,0.75,9.5],"texture":"#3"},"east":{"uv":[1.0,8.75,1.25,9.5],"texture":"#3"},"south":{"uv":[8.75,1.0,9.0,1.75],"texture":"#3"},"west":{"uv":[7.5,8.75,7.75,9.5],"texture":"#3"},"up":{"uv":[9.75,9.25,9.5,9.0],"texture":"#3"},"down":{"uv":[9.75,9.5,9.5,9.75],"texture":"#3"}}},{"from":[-5.89535,7.0,12.69404],"to":[-0.89535,10.0,15.69404],"rotation":{"origin":[0.16927,9.68028,12.12928],"axis":"y","angle":-45.0},"faces":{"north":{"uv":[6.0,6.5,7.25,7.25],"texture":"#3"},"east":{"uv":[7.5,6.75,8.25,7.5],"texture":"#3"},"south":{"uv":[7.0,3.0,8.25,3.75],"texture":"#3"},"west":{"uv":[7.5,7.75,8.25,8.5],"texture":"#3"},"up":{"uv":[8.5,0.75,7.25,0.0],"texture":"#3"},"down":{"uv":[8.5,1.0,7.25,1.75],"texture":"#3"}}},{"from":[4.74132,4.56927,12.44615],"to":[10.74132,9.56927,12.44615],"rotation":{"origin":[5.24132,7.06927,12.44615],"axis":"y","angle":45.0},"faces":{"north":{"uv":[5.5,0.0,7.0,1.25],"texture":"#3"},"east":{"uv":[4.75,10.0,4.75,11.25],"texture":"#3"},"south":{"uv":[7.0,0.0,5.5,1.25],"texture":"#3"},"west":{"uv":[5.0,10.0,5.0,11.25],"texture":"#3"},"up":{"uv":[11.5,6.5,10.0,6.5],"texture":"#3"},"down":{"uv":[11.5,6.75,10.0,6.75],"texture":"#3"}}},{"from":[-3.1042,7.5,11.64715],"to":[1.8958,9.5,13.64715],"rotation":{"origin":[-0.1042,8.5,12.64715],"axis":"z","angle":0.0},"faces":{"north":{"uv":[7.25,2.0,8.5,2.5],"texture":"#3"},"east":{"uv":[0.0,8.0,0.5,8.5],"texture":"#3"},"south":{"uv":[1.5,7.5,2.75,8.0],"texture":"#3"},"west":{"uv":[0.75,8.0,1.25,8.5],"texture":"#3"},"up":{"uv":[7.25,8.0,6.0,7.5],"texture":"#3"},"down":{"uv":[8.75,6.0,7.5,6.5],"texture":"#3"}}},{"from":[1.55221,7.37269,12.14715],"to":[5.55221,8.37269,13.14715],"rotation":{"origin":[3.55221,7.87269,12.64715],"axis":"z","angle":-22.5},"faces":{"north":{"uv":[7.0,4.0,8.0,4.25],"texture":"#3"},"east":{"uv":[8.5,9.75,8.75,10.0],"texture":"#3"},"south":{"uv":[3.0,8.0,4.0,8.25],"texture":"#3"},"west":{"uv":[2.5,10.0,2.75,10.25],"texture":"#3"},"up":{"uv":[5.25,8.25,4.25,8.0],"texture":"#3"},"down":{"uv":[9.0,4.5,8.0,4.75],"texture":"#3"}}}],"textures":{"particle":"99c5a2af-5902-4f43-ba69-96a8b978f48a","1":"88bae93f-791f-4cb5-bf3b-f3481cbf32e0","2":"99c5a2af-5902-4f43-ba69-96a8b978f48a","3":"d753cfaf-ac33-48a3-a21c-7587a0aebe67"},"gui_light":"front"}