{"display":{"thirdperson_righthand":{"rotation":[49.0,0.0,0.0],"translation":[0.0,2.0,0.5],"scale":[0.55,0.55,0.55]},"thirdperson_lefthand":{"rotation":[49.0,0.0,0.0],"translation":[0.0,2.0,0.5],"scale":[0.55,0.55,0.55]},"firstperson_righthand":{"rotation":[0.0,113.0,5.0],"translation":[3.0,5.0,0.0],"scale":[0.73,0.73,0.73]},"firstperson_lefthand":{"rotation":[0.0,113.0,5.0],"translation":[3.0,5.0,0.0],"scale":[0.73,0.73,0.73]},"ground":{"translation":[0.0,2.5,0.0],"scale":[0.7,0.7,0.7]},"gui":{"rotation":[25.0,151.0,0.0],"translation":[0.25,1.5,0.0],"scale":[0.74,0.74,0.74]},"head":{"translation":[0.0,13.5,-1.0],"scale":[0.89,0.89,0.89]},"fixed":{"rotation":[-90.0,0.0,0.0],"translation":[0.0,0.0,-16.0],"scale":[2.0,2.0,2.0]}},"elements":[{"from":[5.5,3.0,6.4995],"to":[10.5,7.0,10.4995],"rotation":{"origin":[7.5,5.0,8.70625],"axis":"y","angle":0.0},"faces":{"north":{"uv":[0.0,0.0,2.5,2.0],"texture":"#3"},"east":{"uv":[0.0,5.0,2.0,7.0],"texture":"#3"},"south":{"uv":[0.0,2.5,2.5,4.5],"texture":"#3"},"west":{"uv":[2.5,5.0,4.5,7.0],"texture":"#3"},"up":{"uv":[5.5,2.0,3.0,0.0],"texture":"#3"},"down":{"uv":[5.5,2.5,3.0,4.5],"texture":"#3"}}},{"from":[6.5,3.0,4.4995],"to":[9.5,6.0,6.4995],"rotation":{"origin":[7.5,5.0,6.70625],"axis":"y","angle":0.0},"faces":{"north":{"uv":[5.0,5.0,6.5,6.5],"texture":"#3"},"east":{"uv":[6.0,2.0,7.0,3.5],"texture":"#3"},"south":{"uv":[6.0,0.0,7.5,1.5],"texture":"#3"},"west":{"uv":[7.0,4.0,8.0,5.5],"texture":"#3"},"up":{"uv":[6.5,8.0,5.0,7.0],"texture":"#3"},"down":{"uv":[8.5,6.0,7.0,7.0],"texture":"#3"}}},{"from":[7.5,3.0,10.4995],"to":[8.5,4.0,12.4995],"rotation":{"origin":[7.5,5.0,11.70625],"axis":"y","angle":0.0},"faces":{"north":{"uv":[6.0,4.0,6.5,4.5],"texture":"#3"},"east":{"uv":[3.0,7.5,4.0,8.0],"texture":"#3"},"south":{"uv":[3.0,8.5,3.5,9.0],"texture":"#3"},"west":{"uv":[7.0,7.5,8.0,8.0],"texture":"#3"},"up":{"uv":[8.5,1.0,8.0,0.0],"texture":"#3"},"down":{"uv":[9.0,1.5,8.5,2.5],"texture":"#3"}}},{"from":[7.5,0.0,7.9995],"to":[8.5,3.0,7.9995],"rotation":{"origin":[8.0,1.0,7.9995],"axis":"y","angle":-45.0},"faces":{"north":{"uv":[0.0,7.5,0.5,9.0],"texture":"#3"},"east":{"uv":[4.5,7.5,4.5,9.0],"texture":"#3"},"south":{"uv":[1.0,7.5,1.5,9.0],"texture":"#3"},"west":{"uv":[8.5,3.0,8.5,4.5],"texture":"#3"},"up":{"uv":[5.5,8.5,5.0,8.5],"texture":"#3"},"down":{"uv":[9.0,5.0,8.5,5.0],"texture":"#3"}}},{"from":[7.5,0.0,7.9995],"to":[8.5,3.0,7.9995],"rotation":{"origin":[8.0,1.0,7.9995],"axis":"y","angle":45.0},"faces":{"north":{"uv":[2.0,7.5,2.5,9.0],"texture":"#3"},"east":{"uv":[4.0,8.5,4.0,10.0],"texture":"#3"},"south":{"uv":[7.5,2.0,8.0,3.5],"texture":"#3"},"west":{"uv":[6.0,8.5,6.0,10.0],"texture":"#3"},"up":{"uv":[9.0,5.5,8.5,5.5],"texture":"#3"},"down":{"uv":[7.0,8.5,6.5,8.5],"texture":"#3"}}}],"textures":{"3":"43fd75b1-efad-4527-8dc4-d7cd361ed046"},"gui_light":"front"}