{"parent":"","display":{"thirdperson_righthand":{"rotation":[90.75,0.0,0.0],"translation":[0.25,-2.25,0.75]},"thirdperson_lefthand":{"rotation":[91.75,0.0,0.0],"translation":[0.0,-2.5,1.0]},"firstperson_righthand":{"rotation":[38.7,73.4,-44.94],"translation":[4.0,5.75,1.5]},"firstperson_lefthand":{"rotation":[0.0,75.5,-25.0],"translation":[4.5,5.0,0.0]},"ground":{"translation":[0.0,1.75,0.0]},"gui":{"rotation":[0.0,90.0,0.0],"translation":[-1.25,2.0,0.0]},"head":{"translation":[0.0,0.0,-2.25]},"fixed":{"rotation":[135.02,-88.23,135.01],"translation":[0.0,3.0,-1.0]}},"elements":[{"from":[6.0,2.1,4.0],"to":[10.0,7.0,11.0],"rotation":{"origin":[7.0,3.0,7.0],"axis":"y","angle":0.0},"faces":{"north":{"uv":[0.0,5.0,2.0,7.5],"texture":"#0"},"east":{"uv":[0.0,0.0,3.5,2.5],"texture":"#0"},"south":{"uv":[5.5,0.0,7.5,2.5],"texture":"#0"},"west":{"uv":[0.0,2.5,3.5,5.0],"texture":"#0"},"up":{"uv":[5.5,3.5,3.5,0.0],"texture":"#0"},"down":{"uv":[5.5,3.5,3.5,7.0],"texture":"#0"}}},{"from":[6.4,7.0,4.5],"to":[9.6,7.4,10.5],"rotation":{"origin":[7.0,8.0,7.0],"axis":"y","angle":0.0},"faces":{"north":{"uv":[11.0,1.0,12.5,1.25],"texture":"#0"},"east":{"uv":[9.0,9.0,12.0,9.25],"texture":"#0"},"south":{"uv":[11.0,2.0,12.5,2.25],"texture":"#0"},"west":{"uv":[9.5,1.5,12.5,1.75],"texture":"#0"},"up":{"uv":[3.5,8.0,2.0,5.0],"texture":"#0"},"down":{"uv":[7.0,2.5,5.5,5.5],"texture":"#0"}}},{"from":[6.2,2.7,2.7],"to":[9.8,6.3,4.0],"rotation":{"origin":[7.0,3.0,0.0],"axis":"y","angle":0.0},"faces":{"north":{"uv":[3.5,7.0,5.25,8.75],"texture":"#0"},"east":{"uv":[2.0,8.0,2.75,9.75],"texture":"#0"},"south":{"uv":[0.0,7.5,1.75,9.25],"texture":"#0"},"west":{"uv":[7.5,8.0,8.25,9.75],"texture":"#0"},"up":{"uv":[9.25,2.25,7.5,1.5],"texture":"#0"},"down":{"uv":[10.25,6.0,8.5,6.75],"texture":"#0"}}},{"from":[6.2,2.7,11.0],"to":[9.8,6.5,12.3],"rotation":{"origin":[7.0,3.0,8.3],"axis":"y","angle":0.0},"faces":{"north":{"uv":[5.5,5.5,7.25,7.5],"texture":"#0"},"east":{"uv":[7.5,6.0,8.25,8.0],"texture":"#0"},"south":{"uv":[7.0,2.5,8.75,4.5],"texture":"#0"},"west":{"uv":[6.5,7.5,7.25,9.5],"texture":"#0"},"up":{"uv":[10.25,7.75,8.5,7.0],"texture":"#0"},"down":{"uv":[10.25,8.0,8.5,8.75],"texture":"#0"}}},{"from":[6.5,3.0,12.3],"to":[9.5,6.2,12.9],"rotation":{"origin":[7.0,3.0,9.6],"axis":"y","angle":0.0},"faces":{"north":{"uv":[7.5,0.0,9.0,1.5],"texture":"#0"},"east":{"uv":[3.5,11.0,3.75,12.5],"texture":"#0"},"south":{"uv":[7.5,4.5,9.0,6.0],"texture":"#0"},"west":{"uv":[11.0,3.5,11.25,5.0],"texture":"#0"},"up":{"uv":[12.5,5.25,11.0,5.0],"texture":"#0"},"down":{"uv":[7.0,11.0,5.5,11.25],"texture":"#0"}}},{"from":[6.5,5.1,1.9],"to":[9.5,5.7,2.7],"rotation":{"origin":[7.0,3.0,-1.3],"axis":"y","angle":0.0},"faces":{"north":{"uv":[11.0,5.5,12.5,5.75],"texture":"#0"},"east":{"uv":[12.5,2.0,13.0,2.25],"texture":"#0"},"south":{"uv":[11.0,6.0,12.5,6.25],"texture":"#0"},"west":{"uv":[12.5,2.5,13.0,2.75],"texture":"#0"},"up":{"uv":[1.5,10.0,0.0,9.5],"texture":"#0"},"down":{"uv":[11.0,2.0,9.5,2.5],"texture":"#0"}}},{"from":[9.0,3.5,1.9],"to":[9.5,5.1,2.7],"rotation":{"origin":[8.1,1.8,-1.4],"axis":"y","angle":0.0},"faces":{"north":{"uv":[12.0,12.0,12.25,12.75],"texture":"#0"},"east":{"uv":[7.0,4.5,7.5,5.25],"texture":"#0"},"south":{"uv":[0.5,12.5,0.75,13.25],"texture":"#0"},"west":{"uv":[10.0,5.0,10.5,5.75],"texture":"#0"},"up":{"uv":[12.75,3.5,12.5,3.0],"texture":"#0"},"down":{"uv":[3.75,12.5,3.5,13.0],"texture":"#0"}}},{"from":[6.5,3.0,1.9],"to":[9.5,3.5,2.7],"rotation":{"origin":[7.0,0.6,-1.3],"axis":"y","angle":0.0},"faces":{"north":{"uv":[11.0,6.5,12.5,6.75],"texture":"#0"},"east":{"uv":[12.5,3.5,13.0,3.75],"texture":"#0"},"south":{"uv":[11.0,7.0,12.5,7.25],"texture":"#0"},"west":{"uv":[5.0,12.5,5.5,12.75],"texture":"#0"},"up":{"uv":[10.5,10.0,9.0,9.5],"texture":"#0"},"down":{"uv":[1.5,10.0,0.0,10.5],"texture":"#0"}}},{"from":[6.5,3.5,1.9],"to":[7.0,5.1,2.7],"rotation":{"origin":[6.0,1.8,-1.4],"axis":"y","angle":0.0},"faces":{"north":{"uv":[1.0,12.5,1.25,13.25],"texture":"#0"},"east":{"uv":[7.0,11.0,7.5,11.75],"texture":"#0"},"south":{"uv":[12.5,1.0,12.75,1.75],"texture":"#0"},"west":{"uv":[11.0,7.5,11.5,8.25],"texture":"#0"},"up":{"uv":[12.75,5.5,12.5,5.0],"texture":"#0"},"down":{"uv":[12.75,5.5,12.5,6.0],"texture":"#0"}}},{"from":[7.5,6.5,5.95],"to":[8.5,9.5,7.0],"rotation":{"origin":[7.0,7.5,6.8],"axis":"x","angle":-20.0},"faces":{"north":{"uv":[1.5,9.5,2.0,11.0],"texture":"#0"},"east":{"uv":[6.5,9.5,7.0,11.0],"texture":"#0"},"south":{"uv":[7.0,9.5,7.5,11.0],"texture":"#0"},"west":{"uv":[2.0,10.0,2.5,11.5],"texture":"#0"},"up":{"uv":[12.5,4.0,12.0,3.5],"texture":"#0"},"down":{"uv":[7.5,12.0,7.0,12.5],"texture":"#0"}}},{"from":[7.5,6.3,7.65],"to":[8.5,9.3,8.7],"rotation":{"origin":[7.0,7.3,8.4],"axis":"x","angle":25.0},"faces":{"north":{"uv":[2.5,10.0,3.0,11.5],"texture":"#0"},"east":{"uv":[3.0,10.0,3.5,11.5],"texture":"#0"},"south":{"uv":[4.0,10.0,4.5,11.5],"texture":"#0"},"west":{"uv":[4.5,10.0,5.0,11.5],"texture":"#0"},"up":{"uv":[9.5,12.5,9.0,12.0],"texture":"#0"},"down":{"uv":[12.5,9.0,12.0,9.5],"texture":"#0"}}},{"from":[7.5,6.5,6.75],"to":[8.5,9.5,7.9],"rotation":{"origin":[7.0,7.5,7.6],"axis":"y","angle":0.0},"faces":{"north":{"uv":[7.5,10.0,8.0,11.5],"texture":"#0"},"east":{"uv":[8.0,10.0,8.5,11.5],"texture":"#0"},"south":{"uv":[9.0,10.0,9.5,11.5],"texture":"#0"},"west":{"uv":[9.5,10.0,10.0,11.5],"texture":"#0"},"up":{"uv":[10.0,12.5,9.5,12.0],"texture":"#0"},"down":{"uv":[12.5,9.5,12.0,10.0],"texture":"#0"}}},{"from":[7.5,-0.28092,8.72606],"to":[8.5,2.71908,9.77606],"rotation":{"origin":[7.0,-1.1,7.9],"axis":"x","angle":-17.5},"faces":{"north":{"uv":[7.0,9.5,7.5,11.0],"texture":"#0","rotation":180},"east":{"uv":[6.5,9.5,7.0,11.0],"texture":"#0","rotation":180},"south":{"uv":[1.5,9.5,2.0,11.0],"texture":"#0","rotation":180},"west":{"uv":[2.0,10.0,2.5,11.5],"texture":"#0","rotation":180},"up":{"uv":[7.5,12.0,7.0,12.5],"texture":"#0"},"down":{"uv":[12.5,4.0,12.0,3.5],"texture":"#0"}}},{"from":[7.5,-0.876,4.79753],"to":[8.5,2.124,5.84753],"rotation":{"origin":[7.0,-1.1,7.9],"axis":"x","angle":27.5},"faces":{"north":{"uv":[4.0,10.0,4.5,11.5],"texture":"#0","rotation":180},"east":{"uv":[3.0,10.0,3.5,11.5],"texture":"#0","rotation":180},"south":{"uv":[2.5,10.0,3.0,11.5],"texture":"#0","rotation":180},"west":{"uv":[4.5,10.0,5.0,11.5],"texture":"#0","rotation":180},"up":{"uv":[12.5,9.0,12.0,9.5],"texture":"#0"},"down":{"uv":[9.5,12.5,9.0,12.0],"texture":"#0"}}},{"from":[7.5,-0.1,6.8],"to":[8.5,2.9,7.95],"rotation":{"origin":[7.0,-1.1,7.9],"axis":"x","angle":2.5},"faces":{"north":{"uv":[9.0,10.0,9.5,11.5],"texture":"#0","rotation":180},"east":{"uv":[8.0,10.0,8.5,11.5],"texture":"#0","rotation":180},"south":{"uv":[7.5,10.0,8.0,11.5],"texture":"#0","rotation":180},"west":{"uv":[9.5,10.0,10.0,11.5],"texture":"#0","rotation":180},"up":{"uv":[12.5,9.5,12.0,10.0],"texture":"#0"},"down":{"uv":[10.0,12.5,9.5,12.0],"texture":"#0"}}},{"from":[7.7,3.6,13.05],"to":[8.4,10.2,14.1],"rotation":{"origin":[7.0,6.6,13.8],"axis":"x","angle":25.0},"faces":{"north":{"uv":[5.0,9.0,5.25,12.25],"texture":"#0"},"east":{"uv":[5.5,7.5,6.0,10.75],"texture":"#0"},"south":{"uv":[8.5,9.0,8.75,12.25],"texture":"#0"},"west":{"uv":[6.0,7.5,6.5,10.75],"texture":"#0"},"up":{"uv":[12.75,6.5,12.5,6.0],"texture":"#0"},"down":{"uv":[12.75,6.5,12.5,7.0],"texture":"#0"}}},{"from":[7.7,4.6,13.75],"to":[8.4,8.6,14.8],"rotation":{"origin":[7.0,5.6,14.5],"axis":"x","angle":25.0},"faces":{"north":{"uv":[0.5,10.5,0.75,12.5],"texture":"#0"},"east":{"uv":[3.0,8.0,3.5,10.0],"texture":"#0"},"south":{"uv":[1.0,10.5,1.25,12.5],"texture":"#0"},"west":{"uv":[3.5,9.0,4.0,11.0],"texture":"#0"},"up":{"uv":[7.25,13.0,7.0,12.5],"texture":"#0"},"down":{"uv":[12.75,7.0,12.5,7.5],"texture":"#0"}}},{"from":[7.7,4.1,14.65],"to":[8.4,7.2,15.6],"rotation":{"origin":[7.0,5.1,15.7],"axis":"x","angle":25.0},"faces":{"north":{"uv":[11.0,9.5,11.25,11.0],"texture":"#0"},"east":{"uv":[10.0,10.0,10.5,11.5],"texture":"#0"},"south":{"uv":[11.0,11.0,11.25,12.5],"texture":"#0"},"west":{"uv":[0.0,10.5,0.5,12.0],"texture":"#0"},"up":{"uv":[8.75,13.0,8.5,12.5],"texture":"#0"},"down":{"uv":[12.75,8.5,12.5,9.0],"texture":"#0"}}},{"from":[7.7,3.8,13.0],"to":[8.4,4.75,17.0],"rotation":{"origin":[7.0,4.0,14.0],"axis":"x","angle":22.5},"faces":{"north":{"uv":[9.0,12.5,9.25,13.0],"texture":"#0"},"east":{"uv":[9.0,1.0,11.0,1.5],"texture":"#0"},"south":{"uv":[12.5,9.0,12.75,9.5],"texture":"#0"},"west":{"uv":[9.0,3.5,11.0,4.0],"texture":"#0"},"up":{"uv":[10.75,7.0,10.5,5.0],"texture":"#0"},"down":{"uv":[10.75,7.0,10.5,9.0],"texture":"#0"}}},{"from":[7.7,3.1,11.9],"to":[8.4,4.15,15.9],"rotation":{"origin":[7.0,3.4,12.9],"axis":"x","angle":22.5},"faces":{"north":{"uv":[9.5,12.5,9.75,13.0],"texture":"#0"},"east":{"uv":[9.0,4.0,11.0,4.5],"texture":"#0"},"south":{"uv":[12.5,9.5,12.75,10.0],"texture":"#0"},"west":{"uv":[9.0,4.5,11.0,5.0],"texture":"#0"},"up":{"uv":[10.75,11.5,10.5,9.5],"texture":"#0"},"down":{"uv":[1.75,11.0,1.5,13.0],"texture":"#0"}}},{"from":[5.6,4.0,4.0],"to":[6.0,6.2,6.2],"rotation":{"origin":[4.0,4.0,4.0],"axis":"y","angle":0.0},"faces":{"north":{"uv":[10.0,12.0,10.25,13.0],"texture":"#0"},"east":{"uv":[4.0,9.0,5.0,10.0],"texture":"#0"},"south":{"uv":[12.0,10.0,12.25,11.0],"texture":"#0"},"west":{"uv":[9.0,5.0,10.0,6.0],"texture":"#0"},"up":{"uv":[12.25,12.0,12.0,11.0],"texture":"#0"},"down":{"uv":[11.75,12.0,11.5,13.0],"texture":"#0"}}},{"from":[10.0,4.0,4.0],"to":[10.4,6.2,6.2],"rotation":{"origin":[8.4,4.0,4.0],"axis":"y","angle":0.0},"faces":{"north":{"uv":[10.5,11.5,10.75,12.5],"texture":"#0"},"east":{"uv":[9.0,0.0,10.0,1.0],"texture":"#0"},"south":{"uv":[11.5,11.0,11.75,12.0],"texture":"#0"},"west":{"uv":[9.0,2.5,10.0,3.5],"texture":"#0"},"up":{"uv":[0.25,13.0,0.0,12.0],"texture":"#0"},"down":{"uv":[12.25,2.5,12.0,3.5],"texture":"#0"}}},{"from":[6.0,3.8,3.0],"to":[6.1,4.3,3.7],"rotation":{"origin":[6.5,4.1,3.2],"axis":"y","angle":-36.0},"faces":{"north":{"uv":[3.5,13.0,3.75,13.25],"texture":"#0"},"east":{"uv":[13.0,3.5,13.25,3.75],"texture":"#0"},"south":{"uv":[4.0,13.0,4.25,13.25],"texture":"#0"},"west":{"uv":[13.0,4.0,13.25,4.25],"texture":"#0"},"up":{"uv":[4.75,13.25,4.5,13.0],"texture":"#0"},"down":{"uv":[13.25,4.5,13.0,4.75],"texture":"#0"}}},{"from":[6.0,4.2,3.7],"to":[6.1,4.5,4.4],"rotation":{"origin":[6.5,4.1,3.2],"axis":"y","angle":-36.0},"faces":{"north":{"uv":[5.0,13.0,5.25,13.25],"texture":"#0"},"east":{"uv":[13.0,5.0,13.25,5.25],"texture":"#0"},"south":{"uv":[5.5,13.0,5.75,13.25],"texture":"#0"},"west":{"uv":[13.0,5.5,13.25,5.75],"texture":"#0"},"up":{"uv":[6.25,13.25,6.0,13.0],"texture":"#0"},"down":{"uv":[13.25,6.0,13.0,6.25],"texture":"#0"}}},{"from":[6.0,4.4,4.4],"to":[6.1,4.7,5.1],"rotation":{"origin":[6.5,4.1,3.2],"axis":"y","angle":-36.0},"faces":{"north":{"uv":[6.5,13.0,6.75,13.25],"texture":"#0"},"east":{"uv":[13.0,6.5,13.25,6.75],"texture":"#0"},"south":{"uv":[7.0,13.0,7.25,13.25],"texture":"#0"},"west":{"uv":[13.0,7.0,13.25,7.25],"texture":"#0"},"up":{"uv":[7.75,13.25,7.5,13.0],"texture":"#0"},"down":{"uv":[13.25,7.5,13.0,7.75],"texture":"#0"}}},{"from":[6.0,4.6,5.1],"to":[6.1,4.9,5.8],"rotation":{"origin":[6.5,4.1,3.2],"axis":"y","angle":-36.0},"faces":{"north":{"uv":[8.0,13.0,8.25,13.25],"texture":"#0"},"east":{"uv":[13.0,8.0,13.25,8.25],"texture":"#0"},"south":{"uv":[8.5,13.0,8.75,13.25],"texture":"#0"},"west":{"uv":[13.0,8.5,13.25,8.75],"texture":"#0"},"up":{"uv":[9.25,13.25,9.0,13.0],"texture":"#0"},"down":{"uv":[13.25,9.0,13.0,9.25],"texture":"#0"}}},{"from":[6.0,4.4,5.6],"to":[6.1,4.6,6.3],"rotation":{"origin":[6.5,4.3,3.2],"axis":"y","angle":-36.0},"faces":{"north":{"uv":[9.5,13.0,9.75,13.25],"texture":"#0"},"east":{"uv":[13.0,9.5,13.25,9.75],"texture":"#0"},"south":{"uv":[10.0,13.0,10.25,13.25],"texture":"#0"},"west":{"uv":[13.0,10.0,13.25,10.25],"texture":"#0"},"up":{"uv":[10.75,13.25,10.5,13.0],"texture":"#0"},"down":{"uv":[13.25,10.5,13.0,10.75],"texture":"#0"}}},{"from":[6.0,4.2,6.3],"to":[6.1,4.4,7.0],"rotation":{"origin":[6.5,4.3,3.2],"axis":"y","angle":-36.0},"faces":{"north":{"uv":[11.0,13.0,11.25,13.25],"texture":"#0"},"east":{"uv":[13.0,11.0,13.25,11.25],"texture":"#0"},"south":{"uv":[11.5,13.0,11.75,13.25],"texture":"#0"},"west":{"uv":[13.0,11.5,13.25,11.75],"texture":"#0"},"up":{"uv":[12.25,13.25,12.0,13.0],"texture":"#0"},"down":{"uv":[13.25,12.0,13.0,12.25],"texture":"#0"}}},{"from":[10.0,3.8,2.9],"to":[10.1,4.3,3.6],"rotation":{"origin":[9.8,4.1,3.3],"axis":"y","angle":35.0},"faces":{"north":{"uv":[12.5,13.0,12.75,13.25],"texture":"#0"},"east":{"uv":[13.0,12.5,13.25,12.75],"texture":"#0"},"south":{"uv":[13.0,13.0,13.25,13.25],"texture":"#0"},"west":{"uv":[0.0,13.5,0.25,13.75],"texture":"#0"},"up":{"uv":[13.75,0.25,13.5,0.0],"texture":"#0"},"down":{"uv":[0.75,13.5,0.5,13.75],"texture":"#0"}}},{"from":[10.0,4.2,3.6],"to":[10.1,4.5,4.3],"rotation":{"origin":[9.8,4.1,3.3],"axis":"y","angle":35.0},"faces":{"north":{"uv":[13.5,0.5,13.75,0.75],"texture":"#0"},"east":{"uv":[1.0,13.5,1.25,13.75],"texture":"#0"},"south":{"uv":[13.5,1.0,13.75,1.25],"texture":"#0"},"west":{"uv":[1.5,13.5,1.75,13.75],"texture":"#0"},"up":{"uv":[13.75,1.75,13.5,1.5],"texture":"#0"},"down":{"uv":[2.25,13.5,2.0,13.75],"texture":"#0"}}},{"from":[10.0,4.4,4.3],"to":[10.1,4.7,5.0],"rotation":{"origin":[9.8,4.1,3.3],"axis":"y","angle":35.0},"faces":{"north":{"uv":[13.5,2.0,13.75,2.25],"texture":"#0"},"east":{"uv":[2.5,13.5,2.75,13.75],"texture":"#0"},"south":{"uv":[13.5,2.5,13.75,2.75],"texture":"#0"},"west":{"uv":[3.0,13.5,3.25,13.75],"texture":"#0"},"up":{"uv":[13.75,3.25,13.5,3.0],"texture":"#0"},"down":{"uv":[3.75,13.5,3.5,13.75],"texture":"#0"}}},{"from":[10.0,4.6,5.0],"to":[10.1,4.9,5.7],"rotation":{"origin":[9.8,4.1,3.3],"axis":"y","angle":35.0},"faces":{"north":{"uv":[13.5,3.5,13.75,3.75],"texture":"#0"},"east":{"uv":[4.0,13.5,4.25,13.75],"texture":"#0"},"south":{"uv":[13.5,4.0,13.75,4.25],"texture":"#0"},"west":{"uv":[4.5,13.5,4.75,13.75],"texture":"#0"},"up":{"uv":[13.75,4.75,13.5,4.5],"texture":"#0"},"down":{"uv":[5.25,13.5,5.0,13.75],"texture":"#0"}}},{"from":[10.0,4.4,5.5],"to":[10.1,4.6,6.2],"rotation":{"origin":[9.8,4.3,3.3],"axis":"y","angle":35.0},"faces":{"north":{"uv":[13.5,5.0,13.75,5.25],"texture":"#0"},"east":{"uv":[5.5,13.5,5.75,13.75],"texture":"#0"},"south":{"uv":[13.5,5.5,13.75,5.75],"texture":"#0"},"west":{"uv":[6.0,13.5,6.25,13.75],"texture":"#0"},"up":{"uv":[13.75,6.25,13.5,6.0],"texture":"#0"},"down":{"uv":[6.75,13.5,6.5,13.75],"texture":"#0"}}},{"from":[10.0,4.2,6.2],"to":[10.1,4.4,6.9],"rotation":{"origin":[9.8,4.3,3.3],"axis":"y","angle":35.0},"faces":{"north":{"uv":[13.5,6.5,13.75,6.75],"texture":"#0"},"east":{"uv":[7.0,13.5,7.25,13.75],"texture":"#0"},"south":{"uv":[13.5,7.0,13.75,7.25],"texture":"#0"},"west":{"uv":[7.5,13.5,7.75,13.75],"texture":"#0"},"up":{"uv":[13.75,7.75,13.5,7.5],"texture":"#0"},"down":{"uv":[8.25,13.5,8.0,13.75],"texture":"#0"}}},{"from":[10.0,4.0,7.0],"to":[10.4,5.0,9.3],"rotation":{"origin":[9.9,4.5,7.0],"axis":"y","angle":25.0},"faces":{"north":{"uv":[12.5,10.0,12.75,10.5],"texture":"#0"},"east":{"uv":[10.0,0.0,11.25,0.5],"texture":"#0"},"south":{"uv":[10.5,12.5,10.75,13.0],"texture":"#0"},"west":{"uv":[10.0,0.5,11.25,1.0],"texture":"#0"},"up":{"uv":[2.25,12.75,2.0,11.5],"texture":"#0"},"down":{"uv":[2.75,11.5,2.5,12.75],"texture":"#0"}}},{"from":[10.0,3.2,9.9],"to":[10.4,3.7,10.7],"rotation":{"origin":[9.9,4.5,7.0],"axis":"y","angle":25.0},"faces":{"north":{"uv":[13.5,8.0,13.75,8.25],"texture":"#0"},"east":{"uv":[12.5,10.5,13.0,10.75],"texture":"#0"},"south":{"uv":[8.5,13.5,8.75,13.75],"texture":"#0"},"west":{"uv":[11.0,12.5,11.5,12.75],"texture":"#0"},"up":{"uv":[12.75,11.5,12.5,11.0],"texture":"#0"},"down":{"uv":[12.75,11.5,12.5,12.0],"texture":"#0"}}},{"from":[10.0,5.0,7.4],"to":[10.4,5.6,9.9],"rotation":{"origin":[9.9,4.5,7.0],"axis":"y","angle":25.0},"faces":{"north":{"uv":[13.5,8.5,13.75,8.75],"texture":"#0"},"east":{"uv":[11.0,8.5,12.25,8.75],"texture":"#0"},"south":{"uv":[9.0,13.5,9.25,13.75],"texture":"#0"},"west":{"uv":[11.5,0.0,12.75,0.25],"texture":"#0"},"up":{"uv":[11.75,3.75,11.5,2.5],"texture":"#0"},"down":{"uv":[3.25,11.5,3.0,12.75],"texture":"#0"}}},{"from":[10.0,3.7,7.9],"to":[10.4,4.0,10.4],"rotation":{"origin":[9.9,4.5,7.0],"axis":"y","angle":25.0},"faces":{"north":{"uv":[13.5,9.0,13.75,9.25],"texture":"#0"},"east":{"uv":[11.5,0.5,12.75,0.75],"texture":"#0"},"south":{"uv":[9.5,13.5,9.75,13.75],"texture":"#0"},"west":{"uv":[11.5,4.0,12.75,4.25],"texture":"#0"},"up":{"uv":[4.25,12.75,4.0,11.5],"texture":"#0"},"down":{"uv":[4.75,11.5,4.5,12.75],"texture":"#0"}}},{"from":[10.0,4.0,9.3],"to":[10.4,4.6,9.8],"rotation":{"origin":[9.9,4.5,7.0],"axis":"y","angle":25.0},"faces":{"north":{"uv":[13.5,9.5,13.75,9.75],"texture":"#0"},"east":{"uv":[10.0,13.5,10.25,13.75],"texture":"#0"},"south":{"uv":[13.5,10.0,13.75,10.25],"texture":"#0"},"west":{"uv":[10.5,13.5,10.75,13.75],"texture":"#0"},"up":{"uv":[13.75,10.75,13.5,10.5],"texture":"#0"},"down":{"uv":[11.25,13.5,11.0,13.75],"texture":"#0"}}},{"from":[10.0,5.4,9.9],"to":[10.4,6.0,10.7],"rotation":{"origin":[9.9,4.5,7.0],"axis":"y","angle":25.0},"faces":{"north":{"uv":[13.5,11.0,13.75,11.25],"texture":"#0"},"east":{"uv":[12.5,12.0,13.0,12.25],"texture":"#0"},"south":{"uv":[11.5,13.5,11.75,13.75],"texture":"#0"},"west":{"uv":[12.5,12.5,13.0,12.75],"texture":"#0"},"up":{"uv":[0.25,13.5,0.0,13.0],"texture":"#0"},"down":{"uv":[13.25,0.0,13.0,0.5],"texture":"#0"}}},{"from":[5.6,4.0,7.0],"to":[6.0,5.0,9.3],"rotation":{"origin":[6.0,4.5,7.0],"axis":"y","angle":-23.0},"faces":{"north":{"uv":[13.0,0.5,13.25,1.0],"texture":"#0"},"east":{"uv":[10.0,2.5,11.25,3.0],"texture":"#0"},"south":{"uv":[13.0,1.0,13.25,1.5],"texture":"#0"},"west":{"uv":[10.0,3.0,11.25,3.5],"texture":"#0"},"up":{"uv":[5.75,12.75,5.5,11.5],"texture":"#0"},"down":{"uv":[6.25,11.5,6.0,12.75],"texture":"#0"}}},{"from":[5.6,5.0,7.4],"to":[6.0,5.6,9.9],"rotation":{"origin":[6.0,4.5,7.0],"axis":"y","angle":-23.0},"faces":{"north":{"uv":[13.5,11.5,13.75,11.75],"texture":"#0"},"east":{"uv":[11.5,4.5,12.75,4.75],"texture":"#0"},"south":{"uv":[12.0,13.5,12.25,13.75],"texture":"#0"},"west":{"uv":[11.5,7.5,12.75,7.75],"texture":"#0"},"up":{"uv":[6.75,12.75,6.5,11.5],"texture":"#0"},"down":{"uv":[7.75,11.5,7.5,12.75],"texture":"#0"}}},{"from":[5.6,3.6,7.9],"to":[6.0,4.0,10.4],"rotation":{"origin":[6.0,4.5,7.0],"axis":"y","angle":-23.0},"faces":{"north":{"uv":[13.5,12.0,13.75,12.25],"texture":"#0"},"east":{"uv":[11.5,8.0,12.75,8.25],"texture":"#0"},"south":{"uv":[12.5,13.5,12.75,13.75],"texture":"#0"},"west":{"uv":[9.0,11.5,10.25,11.75],"texture":"#0"},"up":{"uv":[8.25,12.75,8.0,11.5],"texture":"#0"},"down":{"uv":[11.75,9.5,11.5,10.75],"texture":"#0"}}},{"from":[5.6,4.0,9.3],"to":[6.0,4.6,10.0],"rotation":{"origin":[6.0,4.5,7.0],"axis":"y","angle":-23.0},"faces":{"north":{"uv":[13.5,12.5,13.75,12.75],"texture":"#0"},"east":{"uv":[13.0,13.5,13.25,13.75],"texture":"#0"},"south":{"uv":[13.5,13.0,13.75,13.25],"texture":"#0"},"west":{"uv":[13.5,13.5,13.75,13.75],"texture":"#0"},"up":{"uv":[0.25,14.25,0.0,14.0],"texture":"#0"},"down":{"uv":[14.25,0.0,14.0,0.25],"texture":"#0"}}},{"from":[5.6,5.3,9.9],"to":[6.0,5.9,10.7],"rotation":{"origin":[6.0,4.5,7.0],"axis":"y","angle":-23.0},"faces":{"north":{"uv":[0.5,14.0,0.75,14.25],"texture":"#0"},"east":{"uv":[1.5,13.0,2.0,13.25],"texture":"#0"},"south":{"uv":[14.0,0.5,14.25,0.75],"texture":"#0"},"west":{"uv":[13.0,1.5,13.5,1.75],"texture":"#0"},"up":{"uv":[2.25,13.5,2.0,13.0],"texture":"#0"},"down":{"uv":[13.25,2.0,13.0,2.5],"texture":"#0"}}},{"from":[5.6,3.1,9.9],"to":[6.0,3.6,10.7],"rotation":{"origin":[6.0,4.5,7.0],"axis":"y","angle":-23.0},"faces":{"north":{"uv":[1.0,14.0,1.25,14.25],"texture":"#0"},"east":{"uv":[2.5,13.0,3.0,13.25],"texture":"#0"},"south":{"uv":[14.0,1.0,14.25,1.25],"texture":"#0"},"west":{"uv":[13.0,2.5,13.5,2.75],"texture":"#0"},"up":{"uv":[3.25,13.5,3.0,13.0],"texture":"#0"},"down":{"uv":[13.25,3.0,13.0,3.5],"texture":"#0"}}}],"textures":{"particle":"3d06121a-d625-49ff-baa6-c72ed3c57f8d","0":"3d06121a-d625-49ff-baa6-c72ed3c57f8d"}}