{"display":{"thirdperson_righthand":{"translation":[0.0,1.75,0.0]},"thirdperson_lefthand":{"translation":[0.0,1.75,0.0]},"firstperson_righthand":{"rotation":[-180.0,63.0,-180.0],"translation":[0.0,5.25,0.0]},"firstperson_lefthand":{"rotation":[-180.0,46.5,180.0],"translation":[-1.25,5.75,0.0]},"ground":{"translation":[0.0,3.75,0.0]},"gui":{"rotation":[-180.0,2.5,-180.0],"translation":[0.0,1.25,0.0]},"head":{"translation":[0.0,14.25,1.75]},"fixed":{"translation":[0.0,1.0,0.0]}},"elements":[{"from":[12.53444,5.23522,4.94239],"to":[16.53444,6.23522,7.94239],"rotation":{"origin":[14.53444,5.73522,6.44239],"axis":"z","angle":-25.0},"faces":{"north":{"uv":[13.0,11.5,12.0,11.25],"texture":"#1","rotation":180},"east":{"uv":[3.5,7.5,3.75,8.25],"texture":"#1","rotation":90},"south":{"uv":[13.0,11.5,12.0,11.75],"texture":"#1"},"west":{"uv":[3.5,8.25,3.75,9.0],"texture":"#1","rotation":270},"up":{"uv":[5.5,11.25,6.5,12.0],"texture":"#1"},"down":{"uv":[4.5,11.25,5.5,12.0],"texture":"#1","rotation":180}}},{"from":[-0.46556,5.18655,5.05629],"to":[3.53444,6.18655,8.05629],"rotation":{"origin":[1.53444,5.68655,6.55629],"axis":"z","angle":25.0},"faces":{"north":{"uv":[13.0,12.0,12.0,12.25],"texture":"#1","rotation":180},"east":{"uv":[8.0,9.5,8.25,10.25],"texture":"#1","rotation":270},"south":{"uv":[13.0,12.0,12.0,11.75],"texture":"#1"},"west":{"uv":[3.0,9.75,3.25,10.5],"texture":"#1","rotation":90},"up":{"uv":[11.25,9.25,12.25,10.0],"texture":"#1","rotation":180},"down":{"uv":[11.25,10.0,12.25,10.75],"texture":"#1"}}},{"from":[4.0,3.0,5.0],"to":[12.0,12.0,9.0],"rotation":{"origin":[13.0,3.0,9.0],"axis":"y","angle":0.0},"faces":{"north":{"uv":[0.0,0.0,2.0,2.25],"texture":"#1"},"east":{"uv":[0.0,10.0,1.0,12.25],"texture":"#1"},"south":{"uv":[2.0,0.0,4.0,2.25],"texture":"#1"},"west":{"uv":[8.0,10.5,9.0,12.75],"texture":"#1"},"up":{"uv":[12.75,7.0,10.75,6.0],"texture":"#1"},"down":{"uv":[12.75,7.0,10.75,8.0],"texture":"#1"}}},{"from":[5.0,3.0,4.0],"to":[11.0,12.0,10.0],"rotation":{"origin":[13.0,3.0,10.0],"axis":"y","angle":0.0},"faces":{"north":{"uv":[5.25,7.25,6.75,9.5],"texture":"#1"},"east":{"uv":[6.75,7.25,8.25,9.5],"texture":"#1"},"south":{"uv":[2.0,7.5,3.5,9.75],"texture":"#1"},"west":{"uv":[0.0,7.75,1.5,10.0],"texture":"#1"},"up":{"uv":[11.25,3.0,9.75,1.5],"texture":"#1"},"down":{"uv":[11.25,9.5,9.75,11.0],"texture":"#1"}}},{"from":[6.0,12.0,5.0],"to":[10.0,13.0,7.0],"rotation":{"origin":[12.0,11.0,9.0],"axis":"y","angle":0.0},"faces":{"north":{"uv":[5.5,12.0,6.5,12.25],"texture":"#1"},"east":{"uv":[3.0,10.75,3.5,11.0],"texture":"#1"},"south":{"uv":[12.0,11.0,13.0,11.25],"texture":"#1"},"west":{"uv":[9.0,10.75,9.5,11.0],"texture":"#1"},"up":{"uv":[10.75,3.5,9.75,3.0],"texture":"#1"},"down":{"uv":[3.0,12.0,2.0,12.5],"texture":"#1"}}},{"from":[5.0,12.0,6.0],"to":[11.0,13.0,9.0],"rotation":{"origin":[12.0,11.0,9.0],"axis":"y","angle":0.0},"faces":{"north":{"uv":[11.25,10.75,12.75,11.0],"texture":"#1"},"east":{"uv":[9.0,5.25,9.75,5.5],"texture":"#1"},"south":{"uv":[3.0,12.0,4.5,12.25],"texture":"#1"},"west":{"uv":[9.0,10.5,9.75,10.75],"texture":"#1"},"up":{"uv":[12.75,2.25,11.25,1.5],"texture":"#1"},"down":{"uv":[3.5,11.25,2.0,12.0],"texture":"#1"}}},{"from":[6.0,3.0,3.0],"to":[10.0,12.0,9.0],"rotation":{"origin":[12.0,3.0,9.0],"axis":"y","angle":0.0},"faces":{"north":{"uv":[9.75,5.0,10.75,7.25],"texture":"#1"},"east":{"uv":[6.75,1.75,8.25,4.0],"texture":"#1"},"south":{"uv":[9.75,7.25,10.75,9.5],"texture":"#1"},"west":{"uv":[3.75,7.25,5.25,9.5],"texture":"#1"},"up":{"uv":[12.25,1.5,11.25,0.0],"texture":"#1"},"down":{"uv":[2.0,11.25,1.0,12.75],"texture":"#1"}}},{"from":[4.0,0.0,3.0],"to":[12.0,8.0,10.0],"rotation":{"origin":[14.0,1.0,9.0],"axis":"y","angle":0.0},"faces":{"north":{"uv":[0.0,4.0,2.0,6.0],"texture":"#1"},"east":{"uv":[5.0,2.0,6.75,4.0],"texture":"#1"},"south":{"uv":[4.0,0.0,6.0,2.0],"texture":"#1"},"west":{"uv":[2.0,5.5,3.75,7.5],"texture":"#1"},"up":{"uv":[5.75,7.25,3.75,5.5],"texture":"#1"},"down":{"uv":[7.75,5.5,5.75,7.25],"texture":"#1"}}},{"from":[3.0,1.0,4.0],"to":[13.0,8.0,10.0],"rotation":{"origin":[10.0,2.0,10.0],"axis":"y","angle":0.0},"faces":{"north":{"uv":[0.0,2.25,2.5,4.0],"texture":"#1"},"east":{"uv":[8.0,0.0,9.5,1.75],"texture":"#1"},"south":{"uv":[2.5,2.25,5.0,4.0],"texture":"#1"},"west":{"uv":[8.25,1.75,9.75,3.5],"texture":"#1"},"up":{"uv":[4.5,5.5,2.0,4.0],"texture":"#1"},"down":{"uv":[7.0,4.0,4.5,5.5],"texture":"#1"}}},{"from":[4.0,1.0,5.0],"to":[12.0,8.0,11.0],"rotation":{"origin":[10.0,2.0,11.0],"axis":"y","angle":0.0},"faces":{"north":{"uv":[0.0,6.0,2.0,7.75],"texture":"#1"},"east":{"uv":[8.25,7.0,9.75,8.75],"texture":"#1"},"south":{"uv":[6.0,0.0,8.0,1.75],"texture":"#1"},"west":{"uv":[8.25,8.75,9.75,10.5],"texture":"#1"},"up":{"uv":[9.0,5.5,7.0,4.0],"texture":"#1"},"down":{"uv":[9.75,5.5,7.75,7.0],"texture":"#1"}}},{"from":[5.0,1.0,5.0],"to":[11.0,7.0,12.0],"rotation":{"origin":[10.0,2.0,11.0],"axis":"y","angle":0.0},"faces":{"north":{"uv":[10.75,3.0,12.25,4.5],"texture":"#1"},"east":{"uv":[9.0,3.5,10.75,5.0],"texture":"#1"},"south":{"uv":[10.75,4.5,12.25,6.0],"texture":"#1"},"west":{"uv":[9.5,0.0,11.25,1.5],"texture":"#1"},"up":{"uv":[5.0,11.25,3.5,9.5],"texture":"#1"},"down":{"uv":[6.5,9.5,5.0,11.25],"texture":"#1"}}},{"from":[6.0,8.0,0.0],"to":[10.0,9.0,3.0],"rotation":{"origin":[8.0,0.0,2.0],"axis":"y","angle":0.0},"faces":{"north":{"uv":[4.0,2.0,5.0,2.25],"texture":"#1"},"east":{"uv":[6.0,1.75,6.75,2.0],"texture":"#1"},"south":{"uv":[4.5,12.0,5.5,12.25],"texture":"#1"},"west":{"uv":[9.0,5.0,9.75,5.25],"texture":"#1"},"up":{"uv":[12.25,3.0,11.25,2.25],"texture":"#1"},"down":{"uv":[4.5,11.25,3.5,12.0],"texture":"#1"}}},{"from":[5.0,2.0,2.0],"to":[11.0,7.0,8.0],"rotation":{"origin":[12.0,1.0,9.0],"axis":"y","angle":0.0},"faces":{"north":{"uv":[10.75,8.0,12.25,9.25],"texture":"#1"},"east":{"uv":[6.5,11.0,8.0,12.25],"texture":"#1"},"south":{"uv":[9.0,11.0,10.5,12.25],"texture":"#1"},"west":{"uv":[10.5,11.0,12.0,12.25],"texture":"#1"},"up":{"uv":[8.0,11.0,6.5,9.5],"texture":"#1"},"down":{"uv":[3.0,9.75,1.5,11.25],"texture":"#1"}}},{"from":[10.0,0.0,1.0],"to":[12.0,1.0,3.0],"rotation":{"origin":[11.0,0.0,2.0],"axis":"y","angle":0.0},"faces":{"north":{"uv":[1.0,10.25,1.5,10.5],"texture":"#1"},"east":{"uv":[1.0,10.5,1.5,10.75],"texture":"#1"},"south":{"uv":[3.0,10.5,3.5,10.75],"texture":"#1"},"west":{"uv":[1.0,10.75,1.5,11.0],"texture":"#1"},"up":{"uv":[8.75,4.0,8.25,3.5],"texture":"#1"},"down":{"uv":[2.0,8.75,1.5,9.25],"texture":"#1"}}},{"from":[4.0,0.0,1.0],"to":[6.0,1.0,3.0],"rotation":{"origin":[5.0,0.0,2.0],"axis":"y","angle":0.0},"faces":{"north":{"uv":[7.75,7.0,8.25,7.25],"texture":"#1"},"east":{"uv":[1.5,9.25,2.0,9.5],"texture":"#1"},"south":{"uv":[1.5,9.5,2.0,9.75],"texture":"#1"},"west":{"uv":[1.0,10.0,1.5,10.25],"texture":"#1"},"up":{"uv":[2.0,8.25,1.5,7.75],"texture":"#1"},"down":{"uv":[2.0,8.25,1.5,8.75],"texture":"#1"}}}],"textures":{"particle":"8d4ff087-c160-4d67-9ca1-b0e181c599ff","1":"8d4ff087-c160-4d67-9ca1-b0e181c599ff"}}