{"display":{"thirdperson_righthand":{"rotation":[49.0,0.0,0.0],"translation":[0.0,1.25,0.5],"scale":[0.55,0.55,0.55]},"thirdperson_lefthand":{"rotation":[49.0,0.0,0.0],"translation":[0.0,1.25,0.5],"scale":[0.55,0.55,0.55]},"firstperson_righthand":{"rotation":[0.0,113.0,5.0],"translation":[3.0,5.0,0.0],"scale":[0.73,0.73,0.73]},"firstperson_lefthand":{"rotation":[0.0,113.0,5.0],"translation":[3.0,5.0,0.0],"scale":[0.73,0.73,0.73]},"ground":{"translation":[0.0,3.75,0.0],"scale":[0.7,0.7,0.7]},"gui":{"rotation":[25.0,151.0,0.0],"translation":[0.25,1.5,0.0],"scale":[0.74,0.74,0.74]},"head":{"translation":[0.0,13.5,0.0],"scale":[0.89,0.89,0.89]},"fixed":{"rotation":[-90.0,0.0,0.0],"translation":[0.0,0.0,-16.0],"scale":[2.0,2.0,2.0]}},"elements":[{"from":[9.2719,1.18718,7.4995],"to":[10.2719,5.18718,8.4995],"rotation":{"origin":[9.7719,3.68718,7.9995],"axis":"z","angle":22.5},"faces":{"north":{"uv":[2.0,9.0,2.5,11.0],"texture":"#2"},"east":{"uv":[5.0,10.0,5.5,12.0],"texture":"#2"},"south":{"uv":[6.0,10.0,6.5,12.0],"texture":"#2"},"west":{"uv":[7.0,10.0,7.5,12.0],"texture":"#2"},"up":{"uv":[10.5,10.0,10.0,9.5],"texture":"#2"},"down":{"uv":[0.5,10.5,0.0,11.0],"texture":"#2"}}},{"from":[5.7281,1.18718,7.4995],"to":[6.7281,5.18718,8.4995],"rotation":{"origin":[6.2281,3.68718,7.9995],"axis":"z","angle":-22.5},"faces":{"north":{"uv":[2.5,9.0,2.0,11.0],"texture":"#2"},"east":{"uv":[7.5,10.0,7.0,12.0],"texture":"#2"},"south":{"uv":[6.5,10.0,6.0,12.0],"texture":"#2"},"west":{"uv":[5.5,10.0,5.0,12.0],"texture":"#2"},"up":{"uv":[10.0,10.0,10.5,9.5],"texture":"#2"},"down":{"uv":[0.0,10.5,0.5,11.0],"texture":"#2"}}},{"from":[6.5,3.0,6.4995],"to":[9.5,5.0,9.4995],"rotation":{"origin":[1.5,-3.0,-5.0E-4],"axis":"y","angle":0.0},"faces":{"north":{"uv":[0.0,9.0,1.5,10.0],"texture":"#2"},"east":{"uv":[9.0,0.0,10.5,1.0],"texture":"#2"},"south":{"uv":[9.0,1.5,10.5,2.5],"texture":"#2"},"west":{"uv":[8.0,9.5,9.5,10.5],"texture":"#2"},"up":{"uv":[4.5,10.0,3.0,8.5],"texture":"#2"},"down":{"uv":[10.0,3.0,8.5,4.5],"texture":"#2"}}},{"from":[6.0,0.0,5.9995],"to":[10.0,3.0,9.9995],"rotation":{"origin":[1.5,-5.0,-5.0E-4],"axis":"y","angle":0.0},"faces":{"north":{"uv":[5.5,6.0,7.5,7.5],"texture":"#2"},"east":{"uv":[5.5,8.0,7.5,9.5],"texture":"#2"},"south":{"uv":[8.0,5.5,10.0,7.0],"texture":"#2"},"west":{"uv":[8.0,7.5,10.0,9.0],"texture":"#2"},"up":{"uv":[5.0,8.0,3.0,6.0],"texture":"#2"},"down":{"uv":[8.0,3.0,6.0,5.0],"texture":"#2"}}},{"from":[5.5,5.0,5.4995],"to":[10.5,10.0,10.4995],"rotation":{"origin":[8.09567,8.0,7.9995],"axis":"y","angle":0.0},"faces":{"north":{"uv":[0.0,0.0,2.5,2.5],"texture":"#2"},"east":{"uv":[0.0,3.0,2.5,5.5],"texture":"#2"},"south":{"uv":[3.0,0.0,5.5,2.5],"texture":"#2"},"west":{"uv":[3.0,3.0,5.5,5.5],"texture":"#2"},"up":{"uv":[2.5,8.5,0.0,6.0],"texture":"#2"},"down":{"uv":[8.5,0.0,6.0,2.5],"texture":"#2"}}}],"textures":{"2":"03b8fb00-cac1-4f8f-8363-4606c1a90263"},"gui_light":"front"}