{"display":{"thirdperson_righthand":{"translation":[0.0,-1.25,-2.75],"scale":[0.55,0.55,0.55]},"thirdperson_lefthand":{"translation":[0.0,-1.25,-2.75],"scale":[0.55,0.55,0.55]},"firstperson_righthand":{"rotation":[0.0,113.0,5.0],"translation":[3.5,5.0,0.0],"scale":[0.73,0.73,0.73]},"firstperson_lefthand":{"rotation":[0.0,113.0,5.0],"translation":[3.5,5.0,0.0],"scale":[0.73,0.73,0.73]},"ground":{"translation":[0.0,3.0,0.0],"scale":[0.7,0.7,0.7]},"gui":{"rotation":[25.0,151.0,0.0],"translation":[0.25,0.25,0.0],"scale":[0.74,0.74,0.74]},"head":{"translation":[0.0,13.5,0.0],"scale":[0.89,0.89,0.89]},"fixed":{"rotation":[-90.0,0.0,0.0],"translation":[0.0,0.0,-16.0],"scale":[2.0,2.0,2.0]}},"elements":[{"from":[3.0,0.0,2.9995],"to":[13.0,2.0,12.9995],"rotation":{"origin":[1.0,0.0,-5.0E-4],"axis":"y","angle":0.0},"faces":{"north":{"uv":[0.0,9.0,2.5,9.5],"texture":"#0"},"east":{"uv":[2.5,9.0,5.0,9.5],"texture":"#0"},"south":{"uv":[0.0,9.5,2.5,10.0],"texture":"#0"},"west":{"uv":[2.5,9.5,5.0,10.0],"texture":"#0"},"up":{"uv":[7.5,8.5,5.0,6.0],"texture":"#0"},"down":{"uv":[10.0,0.0,7.5,2.5],"texture":"#0"}}},{"from":[3.0,2.0,12.9985],"to":[13.0,14.0,12.9985],"rotation":{"origin":[3.0,0.0,-2.0015],"axis":"y","angle":0.0},"faces":{"north":{"uv":[0.0,0.0,2.5,3.0],"texture":"#0"},"east":{"uv":[0.0,0.0,0.0,3.0],"texture":"#0"},"south":{"uv":[2.5,0.0,5.0,3.0],"texture":"#0"},"west":{"uv":[0.0,0.0,0.0,3.0],"texture":"#0"},"up":{"uv":[2.5,0.0,0.0,0.0],"texture":"#0"},"down":{"uv":[2.5,0.0,0.0,0.0],"texture":"#0"}}},{"from":[4.0,1.0,13.05],"to":[12.0,13.0,13.05],"rotation":{"origin":[8.5,11.5,12.9985],"axis":"y","angle":0.0},"faces":{"north":{"uv":[0.0,0.0,4.0,6.0],"texture":"#1"},"east":{"uv":[0.0,0.0,0.0,7.0],"texture":"#1"},"south":{"uv":[0.0,0.0,4.0,6.0],"texture":"#1"},"west":{"uv":[0.0,0.0,0.0,7.0],"texture":"#1"},"up":{"uv":[5.0,0.0,0.0,0.0],"texture":"#1"},"down":{"uv":[5.0,0.0,0.0,0.0],"texture":"#1"}}},{"from":[3.0,2.0,3.0005],"to":[13.0,14.0,3.0005],"rotation":{"origin":[3.0,0.0,18.0005],"axis":"y","angle":0.0},"faces":{"north":{"uv":[0.0,3.0,2.5,6.0],"texture":"#0"},"east":{"uv":[0.0,0.0,0.0,3.0],"texture":"#0"},"south":{"uv":[2.5,3.0,5.0,6.0],"texture":"#0"},"west":{"uv":[0.0,0.0,0.0,3.0],"texture":"#0"},"up":{"uv":[2.5,0.0,0.0,0.0],"texture":"#0"},"down":{"uv":[2.5,0.0,0.0,0.0],"texture":"#0"}}},{"from":[3.0,2.0,2.9995],"to":[3.0,14.0,12.9995],"rotation":{"origin":[3.0,0.0,-5.0E-4],"axis":"y","angle":0.0},"faces":{"north":{"uv":[0.0,0.0,0.0,3.0],"texture":"#0"},"east":{"uv":[5.0,0.0,7.5,3.0],"texture":"#0"},"south":{"uv":[0.0,0.0,0.0,3.0],"texture":"#0"},"west":{"uv":[5.0,3.0,7.5,6.0],"texture":"#0"},"up":{"uv":[0.0,2.5,0.0,0.0],"texture":"#0"},"down":{"uv":[0.0,0.0,0.0,2.5],"texture":"#0"}}},{"from":[3.0,14.0,2.9995],"to":[13.0,14.0,12.9995],"rotation":{"origin":[3.0,0.0,-5.0E-4],"axis":"y","angle":0.0},"faces":{"north":{"uv":[0.0,0.0,2.5,0.0],"texture":"#0"},"east":{"uv":[0.0,0.0,2.5,0.0],"texture":"#0"},"south":{"uv":[0.0,0.0,2.5,0.0],"texture":"#0"},"west":{"uv":[0.0,0.0,2.5,0.0],"texture":"#0"},"up":{"uv":[10.0,5.0,7.5,2.5],"texture":"#0"},"down":{"uv":[10.0,5.0,7.5,7.5],"texture":"#0"}}},{"from":[13.0,2.0,2.9995],"to":[13.0,14.0,12.9995],"rotation":{"origin":[13.0,0.0,-5.0E-4],"axis":"y","angle":0.0},"faces":{"north":{"uv":[0.0,0.0,0.0,3.0],"texture":"#0"},"east":{"uv":[0.0,6.0,2.5,9.0],"texture":"#0"},"south":{"uv":[0.0,0.0,0.0,3.0],"texture":"#0"},"west":{"uv":[2.5,6.0,5.0,9.0],"texture":"#0"},"up":{"uv":[0.0,2.5,0.0,0.0],"texture":"#0"},"down":{"uv":[0.0,0.0,0.0,2.5],"texture":"#0"}}},{"from":[8.2719,3.18718,7.4995],"to":[9.2719,7.18718,8.4995],"rotation":{"origin":[8.7719,5.68718,7.9995],"axis":"z","angle":22.5},"faces":{"north":{"uv":[2.0,9.0,2.5,11.0],"texture":"#2"},"east":{"uv":[5.0,10.0,5.5,12.0],"texture":"#2"},"south":{"uv":[6.0,10.0,6.5,12.0],"texture":"#2"},"west":{"uv":[7.0,10.0,7.5,12.0],"texture":"#2"},"up":{"uv":[10.5,10.0,10.0,9.5],"texture":"#2"},"down":{"uv":[0.5,10.5,0.0,11.0],"texture":"#2"}}},{"from":[4.7281,3.18718,7.4995],"to":[5.7281,7.18718,8.4995],"rotation":{"origin":[5.2281,5.68718,7.9995],"axis":"z","angle":-22.5},"faces":{"north":{"uv":[2.5,9.0,2.0,11.0],"texture":"#2"},"east":{"uv":[7.5,10.0,7.0,12.0],"texture":"#2"},"south":{"uv":[6.5,10.0,6.0,12.0],"texture":"#2"},"west":{"uv":[5.5,10.0,5.0,12.0],"texture":"#2"},"up":{"uv":[10.0,10.0,10.5,9.5],"texture":"#2"},"down":{"uv":[0.0,10.5,0.5,11.0],"texture":"#2"}}},{"from":[5.5,5.0,6.4995],"to":[8.5,7.0,9.4995],"rotation":{"origin":[0.5,-1.0,-5.0E-4],"axis":"y","angle":0.0},"faces":{"north":{"uv":[0.0,9.0,1.5,10.0],"texture":"#2"},"east":{"uv":[9.0,0.0,10.5,1.0],"texture":"#2"},"south":{"uv":[9.0,1.5,10.5,2.5],"texture":"#2"},"west":{"uv":[8.0,9.5,9.5,10.5],"texture":"#2"},"up":{"uv":[4.5,10.0,3.0,8.5],"texture":"#2"},"down":{"uv":[10.0,3.0,8.5,4.5],"texture":"#2"}}},{"from":[5.0,2.0,5.9995],"to":[9.0,5.0,9.9995],"rotation":{"origin":[0.5,-3.0,-5.0E-4],"axis":"y","angle":0.0},"faces":{"north":{"uv":[5.5,6.0,7.5,7.5],"texture":"#2"},"east":{"uv":[5.5,8.0,7.5,9.5],"texture":"#2"},"south":{"uv":[8.0,5.5,10.0,7.0],"texture":"#2"},"west":{"uv":[8.0,7.5,10.0,9.0],"texture":"#2"},"up":{"uv":[5.0,8.0,3.0,6.0],"texture":"#2"},"down":{"uv":[8.0,3.0,6.0,5.0],"texture":"#2"}}},{"from":[4.5,7.0,5.4995],"to":[9.5,12.0,10.4995],"rotation":{"origin":[7.09567,10.0,7.9995],"axis":"y","angle":0.0},"faces":{"north":{"uv":[0.0,0.0,2.5,2.5],"texture":"#2"},"east":{"uv":[0.0,3.0,2.5,5.5],"texture":"#2"},"south":{"uv":[3.0,0.0,5.5,2.5],"texture":"#2"},"west":{"uv":[3.0,3.0,5.5,5.5],"texture":"#2"},"up":{"uv":[2.5,8.5,0.0,6.0],"texture":"#2"},"down":{"uv":[8.5,0.0,6.0,2.5],"texture":"#2"}}}],"textures":{"particle":"bbf6a945-62c4-4d97-b4d2-5138b1d16af1","0":"bbf6a945-62c4-4d97-b4d2-5138b1d16af1","1":"88bae93f-791f-4cb5-bf3b-f3481cbf32e0","2":"03b8fb00-cac1-4f8f-8363-4606c1a90263"},"gui_light":"front"}