{"display":{"head":{},"firstperson_righthand":{},"thirdperson_lefthand":{},"firstperson_lefthand":{},"fixed":{},"ground":{},"thirdperson_righthand":{},"gui":{"rotation":[-150.0,-45.0,180.0]}},"elements":[{"from":[7.0,7.8086586,7.13806],"to":[9.0,10.808659,9.138061],"rotation":{"origin":[8.0,7.8086586,8.638061],"axis":"x","angle":-22.5},"faces":{"east":{"uv":[12.75,3.75,13.25,4.5],"texture":"#0","tintindex":0},"south":{"uv":[12.75,4.5,13.25,5.25],"texture":"#0","tintindex":0},"north":{"uv":[12.25,12.5,12.75,13.25],"texture":"#0","tintindex":0},"west":{"uv":[5.0,12.75,5.5,13.5],"texture":"#0","tintindex":0},"up":{"uv":[13.25,8.75,12.75,8.25],"texture":"#0","tintindex":0},"down":{"uv":[13.25,8.75,12.75,9.25],"texture":"#0","tintindex":0}}},{"from":[4.0,8.0,2.0],"to":[12.0,17.0,10.0],"faces":{"east":{"uv":[4.0,2.25,6.0,4.5],"texture":"#0","tintindex":0},"south":{"uv":[0.0,4.5,2.0,6.75],"texture":"#0","tintindex":0},"north":{"uv":[4.0,0.0,6.0,2.25],"texture":"#0","tintindex":0},"west":{"uv":[2.0,4.5,4.0,6.75],"texture":"#0","tintindex":0},"up":{"uv":[8.0,8.0,6.0,6.0],"texture":"#0","tintindex":0},"down":{"uv":[6.0,6.5,4.0,8.5],"texture":"#0","tintindex":0}}},{"from":[12.0,17.0,10.0],"to":[4.0,8.0,2.0],"faces":{"east":{"uv":[2.0,0.0,4.0,2.25],"texture":"#0","tintindex":0},"south":{"uv":[0.0,2.25,2.0,4.5],"texture":"#0","tintindex":0},"north":{"uv":[0.0,0.0,2.0,2.25],"texture":"#0","tintindex":0},"west":{"uv":[2.0,2.25,4.0,4.5],"texture":"#0","tintindex":0},"up":{"uv":[6.0,6.5,4.0,4.5],"texture":"#0","tintindex":0},"down":{"uv":[8.0,0.0,6.0,2.0],"texture":"#0","tintindex":0}}},{"from":[5.0,12.0,2.25],"to":[11.0,14.0,2.25],"faces":{"south":{"uv":[16.0,14.0,10.0,16.0],"texture":"#1","tintindex":0},"north":{"uv":[10.0,14.0,16.0,16.0],"texture":"#1","tintindex":0}}},{"from":[3.9,9.9625,1.9],"to":[12.1,17.1625,10.1],"faces":{"east":{"uv":[8.0,5.25,10.0,7.0],"texture":"#0","tintindex":0},"south":{"uv":[6.0,8.0,8.0,9.75],"texture":"#0","tintindex":0},"north":{"uv":[8.0,3.5,10.0,5.25],"texture":"#0","tintindex":0},"west":{"uv":[8.0,7.0,10.0,8.75],"texture":"#0","tintindex":0},"up":{"uv":[8.0,4.0,6.0,2.0],"texture":"#0","tintindex":0},"down":{"uv":[8.0,4.0,6.0,6.0],"texture":"#0","tintindex":0}}}],"textures":{"particle":"#0","0":"modelengine:139c9a73-27c1-4ee7-a2f0-3a19101b4920","1":"modelengine:65719a85-1ae9-4509-a038-e23036d3cbda"}}