{"display":{"head":{},"firstperson_righthand":{},"thirdperson_lefthand":{},"firstperson_lefthand":{},"fixed":{},"ground":{},"thirdperson_righthand":{},"gui":{"rotation":[-150.0,-45.0,180.0]}},"elements":[{"from":[7.0,1.0,7.0],"to":[9.0,9.0,9.0],"faces":{"east":{"uv":[5.5,10.75,6.0,12.75],"texture":"#0","tintindex":0},"south":{"uv":[6.0,10.75,6.5,12.75],"texture":"#0","tintindex":0},"north":{"uv":[5.0,10.75,5.5,12.75],"texture":"#0","tintindex":0},"west":{"uv":[6.5,10.75,7.0,12.75],"texture":"#0","tintindex":0},"up":{"uv":[12.0,8.0,11.5,7.5],"texture":"#0","tintindex":0},"down":{"uv":[13.25,5.25,12.75,5.75],"texture":"#0","tintindex":0}}}],"textures":{"particle":"#0","0":"modelengine:139c9a73-27c1-4ee7-a2f0-3a19101b4920"}}