{"display":{"head":{},"firstperson_righthand":{},"thirdperson_lefthand":{},"firstperson_lefthand":{},"fixed":{},"ground":{},"thirdperson_righthand":{},"gui":{"rotation":[-150.0,-45.0,180.0]}},"elements":[{"from":[6.996,0.996,6.996],"to":[9.004,8.004,9.004],"faces":{"east":{"uv":[1.0,12.0,1.5,13.75],"texture":"#0","tintindex":0},"south":{"uv":[1.5,12.0,2.0,13.75],"texture":"#0","tintindex":0},"north":{"uv":[0.5,12.0,1.0,13.75],"texture":"#0","tintindex":0},"west":{"uv":[12.0,1.75,12.5,3.5],"texture":"#0","tintindex":0},"up":{"uv":[8.0,13.25,7.5,12.75],"texture":"#0","tintindex":0},"down":{"uv":[13.25,7.75,12.75,8.25],"texture":"#0","tintindex":0}}}],"textures":{"particle":"#0","0":"modelengine:139c9a73-27c1-4ee7-a2f0-3a19101b4920"}}