{"display":{"head":{},"firstperson_righthand":{},"thirdperson_lefthand":{},"firstperson_lefthand":{},"fixed":{},"ground":{},"thirdperson_righthand":{},"gui":{"rotation":[-150.0,-45.0,180.0]}},"elements":[{"from":[8.0,2.0,7.0],"to":[10.0,9.0,9.0],"faces":{"east":{"uv":[2.5,12.0,3.0,13.75],"texture":"#0","tintindex":0},"south":{"uv":[3.0,12.0,3.5,13.75],"texture":"#0","tintindex":0},"north":{"uv":[2.0,12.0,2.5,13.75],"texture":"#0","tintindex":0},"west":{"uv":[3.5,12.0,4.0,13.75],"texture":"#0","tintindex":0},"up":{"uv":[13.25,9.75,12.75,9.25],"texture":"#0","tintindex":0},"down":{"uv":[13.25,10.75,12.75,11.25],"texture":"#0","tintindex":0}}}],"textures":{"particle":"#0","0":"modelengine:139c9a73-27c1-4ee7-a2f0-3a19101b4920"}}