{"display":{"head":{},"firstperson_righthand":{},"thirdperson_lefthand":{},"firstperson_lefthand":{},"fixed":{},"ground":{},"thirdperson_righthand":{},"gui":{"rotation":[-150.0,-45.0,180.0]}},"elements":[{"from":[7.0,1.0,7.0],"to":[9.0,9.0,9.0],"faces":{"east":{"uv":[7.5,10.75,8.0,12.75],"texture":"#0","tintindex":0},"south":{"uv":[11.0,4.0,11.5,6.0],"texture":"#0","tintindex":0},"north":{"uv":[7.0,10.75,7.5,12.75],"texture":"#0","tintindex":0},"west":{"uv":[11.0,6.0,11.5,8.0],"texture":"#0","tintindex":0},"up":{"uv":[6.5,13.25,6.0,12.75],"texture":"#0","tintindex":0},"down":{"uv":[13.25,6.25,12.75,6.75],"texture":"#0","tintindex":0}}}],"textures":{"particle":"#0","0":"modelengine:139c9a73-27c1-4ee7-a2f0-3a19101b4920"}}