{"display":{"head":{},"firstperson_righthand":{},"thirdperson_lefthand":{},"firstperson_lefthand":{},"fixed":{},"ground":{},"thirdperson_righthand":{},"gui":{"rotation":[-150.0,-45.0,180.0]}},"elements":[{"from":[12.0,13.65,8.45],"to":[4.0,6.6499996,4.45],"faces":{"east":{"uv":[5.5075,6.0075,5.9925,6.8675],"texture":"#0","tintindex":0},"south":{"uv":[1.0075,4.3825,1.9925,5.2425],"texture":"#0","tintindex":0},"north":{"uv":[0.0075,4.3825,0.9925,5.2425],"texture":"#0","tintindex":0},"west":{"uv":[6.0075,5.8825,6.4925,6.7425],"texture":"#0","tintindex":0},"up":{"uv":[2.9925,6.2425,2.0075,5.7575],"texture":"#0","tintindex":0},"down":{"uv":[4.9925,5.7575,4.0075,6.2425],"texture":"#0","tintindex":0}}},{"from":[7.0,7.6499996,7.55],"to":[9.0,13.65,8.55],"faces":{"east":{"uv":[2.875,6.25,3.0,7.0],"texture":"#0","tintindex":0},"south":{"uv":[4.125,8.125,4.375,8.875],"texture":"#0","tintindex":0},"north":{"uv":[3.875,8.125,4.125,8.875],"texture":"#0","tintindex":0},"west":{"uv":[1.875,7.125,2.0,7.875],"texture":"#0","tintindex":0},"up":{"uv":[9.0,8.75,8.75,8.625],"texture":"#0","tintindex":0},"down":{"uv":[9.0,8.75,8.75,8.875],"texture":"#0","tintindex":0}}},{"from":[4.0,6.6499996,4.45],"to":[12.0,13.65,8.45],"faces":{"east":{"uv":[5.0075,6.0075,5.4925,6.8675],"texture":"#0","tintindex":0},"south":{"uv":[3.0075,4.1325,3.9925,4.9925],"texture":"#0","tintindex":0},"north":{"uv":[4.0075,3.5075,4.9925,4.3675],"texture":"#0","tintindex":0},"west":{"uv":[6.0075,5.0075,6.4925,5.8675],"texture":"#0","tintindex":0},"up":{"uv":[4.9925,5.7425,4.0075,5.2575],"texture":"#0","tintindex":0},"down":{"uv":[5.9925,5.5075,5.0075,5.9925],"texture":"#0","tintindex":0}}},{"from":[3.76,6.41,4.21],"to":[12.24,13.889999,8.69],"faces":{"east":{"uv":[3.0075,6.1325,3.4925,6.9925],"texture":"#0","tintindex":0},"south":{"uv":[4.0075,4.3825,4.9925,5.2425],"texture":"#0","tintindex":0},"north":{"uv":[2.0075,4.3825,2.9925,5.2425],"texture":"#0","tintindex":0},"west":{"uv":[3.5075,6.1325,3.9925,6.9925],"texture":"#0","tintindex":0},"up":{"uv":[0.9925,6.3675,0.0075,5.8825],"texture":"#0","tintindex":0},"down":{"uv":[6.9925,0.0075,6.0075,0.4925],"texture":"#0","tintindex":0}}},{"from":[3.85,6.4999995,4.2999997],"to":[12.15,13.799999,8.599999],"faces":{"east":{"uv":[1.0075,6.2575,1.4925,7.1175],"texture":"#0","tintindex":0},"south":{"uv":[5.0075,0.8825,5.9925,1.7425],"texture":"#0","tintindex":0},"north":{"uv":[5.0075,0.0075,5.9925,0.8675],"texture":"#0","tintindex":0},"west":{"uv":[1.5075,6.2575,1.9925,7.1175],"texture":"#0","tintindex":0},"up":{"uv":[6.9925,1.9925,6.0075,1.5075],"texture":"#0","tintindex":0},"down":{"uv":[6.9925,2.0075,6.0075,2.4925],"texture":"#0","tintindex":0}}}],"textures":{"particle":"#0","0":"modelengine:c6835564-85ea-44f6-81a0-7fec46b12edf"}}