{"display":{"head":{},"firstperson_righthand":{},"thirdperson_lefthand":{},"firstperson_lefthand":{},"fixed":{},"ground":{},"thirdperson_righthand":{},"gui":{"rotation":[-150.0,-45.0,180.0]}},"elements":[{"from":[4.0,7.0,6.0],"to":[12.0,12.0,10.0],"faces":{"east":{"uv":[2.25,6.25,2.75,6.875],"texture":"#0","tintindex":0},"south":{"uv":[5.0,2.375,6.0,3.0],"texture":"#0","tintindex":0},"north":{"uv":[5.0,1.75,6.0,2.375],"texture":"#0","tintindex":0},"west":{"uv":[6.5,5.75,7.0,6.375],"texture":"#0","tintindex":0},"up":{"uv":[2.0,5.75,1.0,5.25],"texture":"#0","tintindex":0},"down":{"uv":[3.0,5.25,2.0,5.75],"texture":"#0","tintindex":0}}},{"from":[7.0,6.0,5.0],"to":[9.0,9.0,11.0],"faces":{"east":{"uv":[6.75,4.625,7.5,5.0],"texture":"#0","tintindex":0},"south":{"uv":[8.625,2.75,8.375,3.125],"texture":"#0","tintindex":0},"north":{"uv":[8.375,2.75,8.625,3.125],"texture":"#0","tintindex":0},"west":{"uv":[5.0,6.875,5.75,7.25],"texture":"#0","tintindex":0},"up":{"uv":[0.75,9.0,0.5,8.25],"texture":"#0","tintindex":0},"down":{"uv":[1.0,8.25,0.75,9.0],"texture":"#0","tintindex":0}}},{"from":[3.88,8.580001,5.88],"to":[12.12,11.820001,10.12],"faces":{"east":{"uv":[8.125,5.125,8.625,5.5],"texture":"#0","tintindex":0},"south":{"uv":[0.0,6.375,1.0,6.75],"texture":"#0","tintindex":0},"north":{"uv":[4.0,6.25,5.0,6.625],"texture":"#0","tintindex":0},"west":{"uv":[0.0,8.25,0.5,8.625],"texture":"#0","tintindex":0},"up":{"uv":[7.0,1.0,6.0,0.5],"texture":"#0","tintindex":0},"down":{"uv":[7.0,1.0,6.0,1.5],"texture":"#0","tintindex":0}}},{"from":[7.0,7.0,9.1],"to":[9.0,13.0,10.1],"faces":{"east":{"uv":[2.625,8.25,2.75,9.0],"texture":"#0","tintindex":0},"south":{"uv":[8.125,4.375,8.375,5.125],"texture":"#0","tintindex":0},"north":{"uv":[4.375,8.125,4.625,8.875],"texture":"#0","tintindex":0},"west":{"uv":[8.375,1.5,8.5,2.25],"texture":"#0","tintindex":0},"up":{"uv":[0.25,9.0,0.0,8.875],"texture":"#0","tintindex":0},"down":{"uv":[9.125,0.0,8.875,0.125],"texture":"#0","tintindex":0}}},{"from":[12.0,12.0,10.0],"to":[4.0,7.0,6.0],"faces":{"east":{"uv":[4.5,6.625,5.0,7.25],"texture":"#0","tintindex":0},"south":{"uv":[5.0,3.0,6.0,3.625],"texture":"#0","tintindex":0},"north":{"uv":[3.0,5.0,4.0,5.625],"texture":"#0","tintindex":0},"west":{"uv":[0.0,6.75,0.5,7.375],"texture":"#0","tintindex":0},"up":{"uv":[4.0,6.125,3.0,5.625],"texture":"#0","tintindex":0},"down":{"uv":[2.0,5.75,1.0,6.25],"texture":"#0","tintindex":0}}},{"from":[7.35,6.5000005,5.85],"to":[12.65,8.8,10.15],"rotation":{"origin":[8.0,8.150001,8.0],"axis":"z","angle":22.5},"faces":{"east":{"uv":[8.375,0.0,8.875,0.25],"texture":"#0","tintindex":0},"south":{"uv":[8.25,7.75,8.875,8.0],"texture":"#0","tintindex":0},"north":{"uv":[8.25,7.5,8.875,7.75],"texture":"#0","tintindex":0},"west":{"uv":[8.375,0.25,8.875,0.5],"texture":"#0","tintindex":0},"up":{"uv":[7.375,4.625,6.75,4.125],"texture":"#0","tintindex":0},"down":{"uv":[2.875,6.875,2.25,7.375],"texture":"#0","tintindex":0}}},{"from":[3.35,6.5000005,5.85],"to":[8.65,8.8,10.15],"rotation":{"origin":[8.0,8.150001,8.0],"axis":"z","angle":-22.5},"faces":{"east":{"uv":[8.25,8.0,8.75,8.25],"texture":"#0","tintindex":0},"south":{"uv":[8.25,7.25,8.875,7.5],"texture":"#0","tintindex":0},"north":{"uv":[7.5,4.75,8.125,5.0],"texture":"#0","tintindex":0},"west":{"uv":[8.25,8.25,8.75,8.5],"texture":"#0","tintindex":0},"up":{"uv":[7.375,3.625,6.75,3.125],"texture":"#0","tintindex":0},"down":{"uv":[7.375,3.625,6.75,4.125],"texture":"#0","tintindex":0}}}],"textures":{"particle":"#0","0":"modelengine:c6835564-85ea-44f6-81a0-7fec46b12edf"}}