{"display":{"head":{},"firstperson_righthand":{},"thirdperson_lefthand":{},"firstperson_lefthand":{},"fixed":{},"ground":{},"thirdperson_righthand":{},"gui":{"rotation":[-150.0,-45.0,180.0]}},"elements":[{"from":[7.0,1.0,7.0],"to":[9.0,9.0,9.0],"faces":{"east":{"uv":[7.0,5.75,7.25,6.75],"texture":"#0","tintindex":0},"south":{"uv":[6.375,7.0,6.625,8.0],"texture":"#0","tintindex":0},"north":{"uv":[3.625,7.0,3.875,8.0],"texture":"#0","tintindex":0},"west":{"uv":[6.625,7.0,6.875,8.0],"texture":"#0","tintindex":0},"up":{"uv":[8.875,3.375,8.625,3.125],"texture":"#0","tintindex":0},"down":{"uv":[5.25,8.625,5.0,8.875],"texture":"#0","tintindex":0}}},{"from":[6.8,0.8,6.8],"to":[9.2,8.2,9.2],"faces":{"east":{"uv":[7.875,3.5,8.125,4.375],"texture":"#0","tintindex":0},"south":{"uv":[5.625,7.875,5.875,8.75],"texture":"#0","tintindex":0},"north":{"uv":[7.875,2.625,8.125,3.5],"texture":"#0","tintindex":0},"west":{"uv":[1.5,8.0,1.75,8.875],"texture":"#0","tintindex":0},"up":{"uv":[2.5,9.0,2.25,8.75],"texture":"#0","tintindex":0},"down":{"uv":[9.0,2.25,8.75,2.5],"texture":"#0","tintindex":0}}}],"textures":{"particle":"#0","0":"modelengine:c6835564-85ea-44f6-81a0-7fec46b12edf"}}