{"textures":{"0":"modelengine:entity/magicduck","particle":"#0"},"elements":[{"from":[7.0,3.0,4.0],"to":[8.0,8.0,11.0],"faces":{"east":{"uv":[11.0,3.625,11.875,4.25],"tintindex":0,"rotation":0,"texture":"#0"},"south":{"uv":[12.875,3.625,13.0,4.25],"tintindex":0,"rotation":0,"texture":"#0"},"north":{"uv":[11.875,3.625,12.0,4.25],"tintindex":0,"rotation":0,"texture":"#0"},"west":{"uv":[12.0,3.625,12.875,4.25],"tintindex":0,"rotation":0,"texture":"#0"},"up":{"uv":[12.0,3.625,11.875,2.75],"tintindex":0,"rotation":0,"texture":"#0"},"down":{"uv":[12.125,2.75,12.0,3.625],"tintindex":0,"rotation":0,"texture":"#0"}},"rotation":{"origin":[8.0,8.0,7.0],"angle":-45.0,"axis":"z"}}],"display":{"head":{"rotation":[0.0,0.0,0.0]},"firstperson_righthand":{"rotation":[0.0,0.0,0.0]},"thirdperson_lefthand":{"rotation":[0.0,-0.0,-0.0]},"firstperson_lefthand":{"rotation":[0.0,-0.0,-0.0]},"fixed":{"rotation":[0.0,0.0,0.0]},"ground":{"rotation":[0.0,0.0,0.0]},"thirdperson_righthand":{"rotation":[0.0,0.0,0.0]},"gui":{"rotation":[-150.0,-45.0,180.0]}}}