{"display":{"head":{},"firstperson_righthand":{},"thirdperson_lefthand":{},"firstperson_lefthand":{},"fixed":{},"ground":{},"thirdperson_righthand":{},"gui":{"rotation":[-150.0,-45.0,180.0]}},"elements":[{"from":[9.0,16.0,17.0],"to":[12.0,17.0,19.0],"faces":{"east":{"uv":[8.5,12.5,8.75,12.625],"texture":"#0","tintindex":0},"south":{"uv":[9.375,12.5,9.75,12.625],"texture":"#0","tintindex":0},"north":{"uv":[8.75,12.5,9.125,12.625],"texture":"#0","tintindex":0},"west":{"uv":[9.125,12.5,9.375,12.625],"texture":"#0","tintindex":0},"up":{"uv":[9.125,12.5,8.75,12.25],"texture":"#0","tintindex":0},"down":{"uv":[9.5,12.25,9.125,12.5],"texture":"#0","tintindex":0}}},{"from":[7.0,15.0,10.0],"to":[14.0,20.0,17.0],"faces":{"east":{"uv":[7.5,6.625,8.375,7.25],"texture":"#0","tintindex":0},"south":{"uv":[10.125,6.625,11.0,7.25],"texture":"#0","tintindex":0},"north":{"uv":[8.375,6.625,9.25,7.25],"texture":"#0","tintindex":0},"west":{"uv":[9.25,6.625,10.125,7.25],"texture":"#0","tintindex":0},"up":{"uv":[9.25,6.625,8.375,5.75],"texture":"#0","tintindex":0},"down":{"uv":[10.125,5.75,9.25,6.625],"texture":"#0","tintindex":0}}}],"textures":{"particle":"#0","0":"modelengine:750cc9e8-b9b3-49c4-b420-adf7ea375221"}}