{"display":{"head":{},"firstperson_righthand":{},"thirdperson_lefthand":{},"firstperson_lefthand":{},"fixed":{},"ground":{},"thirdperson_righthand":{},"gui":{"rotation":[-150.0,-45.0,180.0]}},"elements":[{"from":[7.0,4.0,7.0],"to":[8.0,8.0,8.0],"faces":{"east":{"uv":[7.5,11.5,7.625,12.0],"texture":"#0","tintindex":0},"south":{"uv":[7.875,11.5,8.0,12.0],"texture":"#0","tintindex":0},"north":{"uv":[7.625,11.5,7.75,12.0],"texture":"#0","tintindex":0},"west":{"uv":[7.75,11.5,7.875,12.0],"texture":"#0","tintindex":0},"up":{"uv":[7.75,11.5,7.625,11.375],"texture":"#0","tintindex":0},"down":{"uv":[7.875,11.375,7.75,11.5],"texture":"#0","tintindex":0}}},{"from":[5.0,3.0,6.0],"to":[8.0,4.0,9.0],"faces":{"east":{"uv":[7.5,14.25,7.875,14.375],"texture":"#0","tintindex":0},"south":{"uv":[8.625,14.25,9.0,14.375],"texture":"#0","tintindex":0},"north":{"uv":[7.875,14.25,8.25,14.375],"texture":"#0","tintindex":0},"west":{"uv":[8.25,14.25,8.625,14.375],"texture":"#0","tintindex":0},"up":{"uv":[8.25,14.25,7.875,13.875],"texture":"#0","tintindex":0},"down":{"uv":[8.625,13.875,8.25,14.25],"texture":"#0","tintindex":0}}}],"textures":{"particle":"#0","0":"modelengine:750cc9e8-b9b3-49c4-b420-adf7ea375221"}}