{"textures":{"0":"modelengine:entity/magicduck","particle":"#0"},"elements":[{"from":[5.45,11.650002,6.75],"to":[9.25,13.700001,10.25],"faces":{"east":{"uv":[1.5,12.625,1.875,12.875],"tintindex":0,"rotation":0,"texture":"#0"},"south":{"uv":[2.625,12.625,3.0,12.875],"tintindex":0,"rotation":0,"texture":"#0"},"north":{"uv":[1.875,12.625,2.25,12.875],"tintindex":0,"rotation":0,"texture":"#0"},"west":{"uv":[2.25,12.625,2.625,12.875],"tintindex":0,"rotation":0,"texture":"#0"},"up":{"uv":[2.25,12.625,1.875,12.25],"tintindex":0,"rotation":0,"texture":"#0"},"down":{"uv":[2.625,12.25,2.25,12.625],"tintindex":0,"rotation":0,"texture":"#0"}}},{"from":[4.25,9.65,5.25],"to":[9.75,11.700001,11.75],"faces":{"east":{"uv":[2.75,10.875,3.5,11.125],"tintindex":0,"rotation":0,"texture":"#0"},"south":{"uv":[4.875,10.875,5.5,11.125],"tintindex":0,"rotation":0,"texture":"#0"},"north":{"uv":[3.5,10.875,4.125,11.125],"tintindex":0,"rotation":0,"texture":"#0"},"west":{"uv":[4.125,10.875,4.875,11.125],"tintindex":0,"rotation":0,"texture":"#0"},"up":{"uv":[4.125,10.875,3.5,10.125],"tintindex":0,"rotation":0,"texture":"#0"},"down":{"uv":[4.75,10.125,4.125,10.875],"tintindex":0,"rotation":0,"texture":"#0"}}},{"from":[6.45,13.650002,6.75],"to":[10.5,14.650002,10.25],"faces":{"east":{"uv":[12.0,2.625,12.375,2.75],"tintindex":0,"rotation":0,"texture":"#0"},"south":{"uv":[13.25,2.625,13.75,2.75],"tintindex":0,"rotation":0,"texture":"#0"},"north":{"uv":[12.375,2.625,12.875,2.75],"tintindex":0,"rotation":0,"texture":"#0"},"west":{"uv":[12.875,2.625,13.25,2.75],"tintindex":0,"rotation":0,"texture":"#0"},"up":{"uv":[12.875,2.625,12.375,2.25],"tintindex":0,"rotation":0,"texture":"#0"},"down":{"uv":[13.375,2.25,12.875,2.625],"tintindex":0,"rotation":0,"texture":"#0"}}},{"from":[2.0,6.6000004,4.0],"to":[11.0,7.8999996,13.0],"faces":{"east":{"uv":[7.5,2.625,8.625,2.75],"tintindex":0,"rotation":0,"texture":"#0"},"south":{"uv":[10.875,2.625,12.0,2.75],"tintindex":0,"rotation":0,"texture":"#0"},"north":{"uv":[8.625,2.625,9.75,2.75],"tintindex":0,"rotation":0,"texture":"#0"},"west":{"uv":[9.75,2.625,10.875,2.75],"tintindex":0,"rotation":0,"texture":"#0"},"up":{"uv":[9.75,2.625,8.625,1.5],"tintindex":0,"rotation":0,"texture":"#0"},"down":{"uv":[10.875,1.5,9.75,2.625],"tintindex":0,"rotation":0,"texture":"#0"}}},{"from":[2.9,7.8999996,4.5],"to":[10.5,9.700001,12.5],"faces":{"east":{"uv":[8.5,8.25,9.5,8.375],"tintindex":0,"rotation":0,"texture":"#0"},"south":{"uv":[11.375,8.25,12.25,8.375],"tintindex":0,"rotation":0,"texture":"#0"},"north":{"uv":[9.5,8.25,10.375,8.375],"tintindex":0,"rotation":0,"texture":"#0"},"west":{"uv":[10.375,8.25,11.375,8.375],"tintindex":0,"rotation":0,"texture":"#0"},"up":{"uv":[10.375,8.25,9.5,7.25],"tintindex":0,"rotation":0,"texture":"#0"},"down":{"uv":[11.25,7.25,10.375,8.25],"tintindex":0,"rotation":0,"texture":"#0"}}},{"from":[10.65,10.950001,7.25],"to":[12.05,12.900002,9.25],"faces":{"east":{"uv":[2.0,11.0,2.25,11.125],"tintindex":0,"rotation":0,"texture":"#0"},"south":{"uv":[2.625,11.0,2.75,11.125],"tintindex":0,"rotation":0,"texture":"#0"},"north":{"uv":[2.25,11.0,2.375,11.125],"tintindex":0,"rotation":0,"texture":"#0"},"west":{"uv":[2.375,11.0,2.625,11.125],"tintindex":0,"rotation":0,"texture":"#0"},"up":{"uv":[2.375,11.0,2.25,10.75],"tintindex":0,"rotation":0,"texture":"#0"},"down":{"uv":[2.5,10.75,2.375,11.0],"tintindex":0,"rotation":0,"texture":"#0"}}},{"from":[1.0,4.8999996,3.0],"to":[12.0,6.6000004,14.0],"faces":{"east":{"uv":[7.5,1.375,8.875,1.5],"tintindex":0,"rotation":0,"texture":"#0"},"south":{"uv":[11.625,1.375,13.0,1.5],"tintindex":0,"rotation":0,"texture":"#0"},"north":{"uv":[8.875,1.375,10.25,1.5],"tintindex":0,"rotation":0,"texture":"#0"},"west":{"uv":[10.25,1.375,11.625,1.5],"tintindex":0,"rotation":0,"texture":"#0"},"up":{"uv":[10.25,1.375,8.875,0.0],"tintindex":0,"rotation":0,"texture":"#0"},"down":{"uv":[11.625,0.0,10.25,1.375],"tintindex":0,"rotation":0,"texture":"#0"}}},{"from":[9.2,11.650002,6.75],"to":[11.05,13.650002,10.25],"faces":{"east":{"uv":[4.5,12.625,4.875,12.875],"tintindex":0,"rotation":0,"texture":"#0"},"south":{"uv":[5.375,12.625,5.5,12.875],"tintindex":0,"rotation":0,"texture":"#0"},"north":{"uv":[4.875,12.625,5.0,12.875],"tintindex":0,"rotation":0,"texture":"#0"},"west":{"uv":[5.0,12.625,5.375,12.875],"tintindex":0,"rotation":0,"texture":"#0"},"up":{"uv":[5.0,12.625,4.875,12.25],"tintindex":0,"rotation":0,"texture":"#0"},"down":{"uv":[5.125,12.25,5.0,12.625],"tintindex":0,"rotation":0,"texture":"#0"}}},{"from":[11.25,9.950001,7.75],"to":[12.35,11.400002,8.75],"faces":{"east":{"uv":[8.0,9.125,8.125,9.25],"tintindex":0,"rotation":0,"texture":"#0"},"south":{"uv":[8.375,9.125,8.5,9.25],"tintindex":0,"rotation":0,"texture":"#0"},"north":{"uv":[8.125,9.125,8.25,9.25],"tintindex":0,"rotation":0,"texture":"#0"},"west":{"uv":[8.25,9.125,8.375,9.25],"tintindex":0,"rotation":0,"texture":"#0"},"up":{"uv":[8.25,9.125,8.125,9.0],"tintindex":0,"rotation":0,"texture":"#0"},"down":{"uv":[8.375,9.0,8.25,9.125],"tintindex":0,"rotation":0,"texture":"#0"}}}],"display":{"head":{"rotation":[0.0,0.0,0.0]},"firstperson_righthand":{"rotation":[0.0,0.0,0.0]},"thirdperson_lefthand":{"rotation":[0.0,-0.0,-0.0]},"firstperson_lefthand":{"rotation":[0.0,-0.0,-0.0]},"fixed":{"rotation":[0.0,0.0,0.0]},"ground":{"rotation":[0.0,0.0,0.0]},"thirdperson_righthand":{"rotation":[0.0,0.0,0.0]},"gui":{"rotation":[-150.0,-45.0,180.0]}}}