{"display":{"head":{},"firstperson_righthand":{},"thirdperson_lefthand":{},"firstperson_lefthand":{},"fixed":{},"ground":{},"thirdperson_righthand":{},"gui":{"rotation":[-150.0,-45.0,180.0]}},"elements":[{"from":[7.225,17.825,18.875],"to":[9.125,18.85,20.625],"faces":{"east":{"uv":[1.5,12.625,1.875,12.875],"texture":"#0","tintindex":0},"south":{"uv":[2.625,12.625,3.0,12.875],"texture":"#0","tintindex":0},"north":{"uv":[1.875,12.625,2.25,12.875],"texture":"#0","tintindex":0},"west":{"uv":[2.25,12.625,2.625,12.875],"texture":"#0","tintindex":0},"up":{"uv":[2.25,12.625,1.875,12.25],"texture":"#0","tintindex":0},"down":{"uv":[2.625,12.25,2.25,12.625],"texture":"#0","tintindex":0}}},{"from":[6.625,16.825,18.125],"to":[9.375,17.85,21.375],"faces":{"east":{"uv":[2.75,10.875,3.5,11.125],"texture":"#0","tintindex":0},"south":{"uv":[4.875,10.875,5.5,11.125],"texture":"#0","tintindex":0},"north":{"uv":[3.5,10.875,4.125,11.125],"texture":"#0","tintindex":0},"west":{"uv":[4.125,10.875,4.875,11.125],"texture":"#0","tintindex":0},"up":{"uv":[4.125,10.875,3.5,10.125],"texture":"#0","tintindex":0},"down":{"uv":[4.75,10.125,4.125,10.875],"texture":"#0","tintindex":0}}},{"from":[7.725,18.825,18.875],"to":[9.75,19.325,20.625],"faces":{"east":{"uv":[12.0,2.625,12.375,2.75],"texture":"#0","tintindex":0},"south":{"uv":[13.25,2.625,13.75,2.75],"texture":"#0","tintindex":0},"north":{"uv":[12.375,2.625,12.875,2.75],"texture":"#0","tintindex":0},"west":{"uv":[12.875,2.625,13.25,2.75],"texture":"#0","tintindex":0},"up":{"uv":[12.875,2.625,12.375,2.25],"texture":"#0","tintindex":0},"down":{"uv":[13.375,2.25,12.875,2.625],"texture":"#0","tintindex":0}}},{"from":[5.5,15.3,17.5],"to":[10.0,15.95,22.0],"faces":{"east":{"uv":[7.5,2.625,8.625,2.75],"texture":"#0","tintindex":0},"south":{"uv":[10.875,2.625,12.0,2.75],"texture":"#0","tintindex":0},"north":{"uv":[8.625,2.625,9.75,2.75],"texture":"#0","tintindex":0},"west":{"uv":[9.75,2.625,10.875,2.75],"texture":"#0","tintindex":0},"up":{"uv":[9.75,2.625,8.625,1.5],"texture":"#0","tintindex":0},"down":{"uv":[10.875,1.5,9.75,2.625],"texture":"#0","tintindex":0}}},{"from":[5.95,15.95,17.75],"to":[9.75,16.85,21.75],"faces":{"east":{"uv":[8.5,8.25,9.5,8.375],"texture":"#0","tintindex":0},"south":{"uv":[11.375,8.25,12.25,8.375],"texture":"#0","tintindex":0},"north":{"uv":[9.5,8.25,10.375,8.375],"texture":"#0","tintindex":0},"west":{"uv":[10.375,8.25,11.375,8.375],"texture":"#0","tintindex":0},"up":{"uv":[10.375,8.25,9.5,7.25],"texture":"#0","tintindex":0},"down":{"uv":[11.25,7.25,10.375,8.25],"texture":"#0","tintindex":0}}},{"from":[9.825,17.475,19.125],"to":[10.525,18.45,20.125],"faces":{"east":{"uv":[2.0,11.0,2.25,11.125],"texture":"#0","tintindex":0},"south":{"uv":[2.625,11.0,2.75,11.125],"texture":"#0","tintindex":0},"north":{"uv":[2.25,11.0,2.375,11.125],"texture":"#0","tintindex":0},"west":{"uv":[2.375,11.0,2.625,11.125],"texture":"#0","tintindex":0},"up":{"uv":[2.375,11.0,2.25,10.75],"texture":"#0","tintindex":0},"down":{"uv":[2.5,10.75,2.375,11.0],"texture":"#0","tintindex":0}}},{"from":[5.0,14.45,17.0],"to":[10.5,15.3,22.5],"faces":{"east":{"uv":[7.5,1.375,8.875,1.5],"texture":"#0","tintindex":0},"south":{"uv":[11.625,1.375,13.0,1.5],"texture":"#0","tintindex":0},"north":{"uv":[8.875,1.375,10.25,1.5],"texture":"#0","tintindex":0},"west":{"uv":[10.25,1.375,11.625,1.5],"texture":"#0","tintindex":0},"up":{"uv":[10.25,1.375,8.875,0.0],"texture":"#0","tintindex":0},"down":{"uv":[11.625,0.0,10.25,1.375],"texture":"#0","tintindex":0}}},{"from":[9.1,17.825,18.875],"to":[10.025,18.825,20.625],"faces":{"east":{"uv":[4.5,12.625,4.875,12.875],"texture":"#0","tintindex":0},"south":{"uv":[5.375,12.625,5.5,12.875],"texture":"#0","tintindex":0},"north":{"uv":[4.875,12.625,5.0,12.875],"texture":"#0","tintindex":0},"west":{"uv":[5.0,12.625,5.375,12.875],"texture":"#0","tintindex":0},"up":{"uv":[5.0,12.625,4.875,12.25],"texture":"#0","tintindex":0},"down":{"uv":[5.125,12.25,5.0,12.625],"texture":"#0","tintindex":0}}},{"from":[10.125,16.975,19.375],"to":[10.675,17.7,19.875],"faces":{"east":{"uv":[8.0,9.125,8.125,9.25],"texture":"#0","tintindex":0},"south":{"uv":[8.375,9.125,8.5,9.25],"texture":"#0","tintindex":0},"north":{"uv":[8.125,9.125,8.25,9.25],"texture":"#0","tintindex":0},"west":{"uv":[8.25,9.125,8.375,9.25],"texture":"#0","tintindex":0},"up":{"uv":[8.25,9.125,8.125,9.0],"texture":"#0","tintindex":0},"down":{"uv":[8.375,9.0,8.25,9.125],"texture":"#0","tintindex":0}}}],"textures":{"particle":"#0","0":"modelengine:750cc9e8-b9b3-49c4-b420-adf7ea375221"}}