{"display":{"head":{},"firstperson_righthand":{},"thirdperson_lefthand":{},"firstperson_lefthand":{},"fixed":{},"ground":{},"thirdperson_righthand":{},"gui":{"rotation":[-150.0,-45.0,180.0]}},"elements":[{"from":[6.0,10.0,15.0],"to":[7.0,11.0,16.0],"faces":{"east":{"uv":[13.0,11.25,13.25,11.5],"texture":"#0","tintindex":0},"south":{"uv":[13.75,11.25,14.0,11.5],"texture":"#0","tintindex":0},"north":{"uv":[13.25,11.25,13.5,11.5],"texture":"#0","tintindex":0},"west":{"uv":[13.5,11.25,13.75,11.5],"texture":"#0","tintindex":0},"up":{"uv":[13.5,11.25,13.25,11.0],"texture":"#0","tintindex":0},"down":{"uv":[13.75,11.0,13.5,11.25],"texture":"#0","tintindex":0}}},{"from":[6.0,10.0,8.0],"to":[7.0,11.0,9.0],"faces":{"east":{"uv":[13.0,9.25,13.25,9.5],"texture":"#0","tintindex":0},"south":{"uv":[13.75,9.25,14.0,9.5],"texture":"#0","tintindex":0},"north":{"uv":[13.25,9.25,13.5,9.5],"texture":"#0","tintindex":0},"west":{"uv":[13.5,9.25,13.75,9.5],"texture":"#0","tintindex":0},"up":{"uv":[13.5,9.25,13.25,9.0],"texture":"#0","tintindex":0},"down":{"uv":[13.75,9.0,13.5,9.25],"texture":"#0","tintindex":0}}},{"from":[7.0,9.0,8.0],"to":[13.0,12.0,16.0],"faces":{"east":{"uv":[0.0,2.0,2.0,2.75],"texture":"#0","tintindex":0},"south":{"uv":[5.5,2.0,7.0,2.75],"texture":"#0","tintindex":0},"north":{"uv":[2.0,2.0,3.5,2.75],"texture":"#0","tintindex":0},"west":{"uv":[3.5,2.0,5.5,2.75],"texture":"#0","tintindex":0},"up":{"uv":[3.5,2.0,2.0,0.0],"texture":"#0","tintindex":0},"down":{"uv":[5.0,0.0,3.5,2.0],"texture":"#0","tintindex":0}}},{"from":[7.0,10.0,7.0],"to":[9.0,11.0,8.0],"faces":{"east":{"uv":[9.0,12.25,9.25,12.5],"texture":"#0","tintindex":0},"south":{"uv":[10.0,12.25,10.5,12.5],"texture":"#0","tintindex":0},"north":{"uv":[9.25,12.25,9.75,12.5],"texture":"#0","tintindex":0},"west":{"uv":[9.75,12.25,10.0,12.5],"texture":"#0","tintindex":0},"up":{"uv":[9.75,12.25,9.25,12.0],"texture":"#0","tintindex":0},"down":{"uv":[10.25,12.0,9.75,12.25],"texture":"#0","tintindex":0}}},{"from":[11.0,10.0,7.0],"to":[13.0,11.0,8.0],"faces":{"east":{"uv":[12.0,9.75,12.25,10.0],"texture":"#0","tintindex":0},"south":{"uv":[13.0,9.75,13.5,10.0],"texture":"#0","tintindex":0},"north":{"uv":[12.25,9.75,12.75,10.0],"texture":"#0","tintindex":0},"west":{"uv":[12.75,9.75,13.0,10.0],"texture":"#0","tintindex":0},"up":{"uv":[12.75,9.75,12.25,9.5],"texture":"#0","tintindex":0},"down":{"uv":[13.25,9.5,12.75,9.75],"texture":"#0","tintindex":0}}},{"from":[9.0,12.0,11.0],"to":[11.0,13.0,13.0],"faces":{"east":{"uv":[9.5,2.25,10.0,2.5],"texture":"#0","tintindex":0},"south":{"uv":[11.0,2.25,11.5,2.5],"texture":"#0","tintindex":0},"north":{"uv":[10.0,2.25,10.5,2.5],"texture":"#0","tintindex":0},"west":{"uv":[10.5,2.25,11.0,2.5],"texture":"#0","tintindex":0},"up":{"uv":[10.5,2.25,10.0,1.75],"texture":"#0","tintindex":0},"down":{"uv":[11.0,1.75,10.5,2.25],"texture":"#0","tintindex":0}}},{"from":[13.0,10.0,8.0],"to":[14.0,11.0,9.0],"faces":{"east":{"uv":[8.0,13.25,8.25,13.5],"texture":"#0","tintindex":0},"south":{"uv":[8.75,13.25,9.0,13.5],"texture":"#0","tintindex":0},"north":{"uv":[8.25,13.25,8.5,13.5],"texture":"#0","tintindex":0},"west":{"uv":[8.5,13.25,8.75,13.5],"texture":"#0","tintindex":0},"up":{"uv":[8.5,13.25,8.25,13.0],"texture":"#0","tintindex":0},"down":{"uv":[8.75,13.0,8.5,13.25],"texture":"#0","tintindex":0}}},{"from":[13.0,10.0,15.0],"to":[14.0,11.0,16.0],"faces":{"east":{"uv":[10.0,13.25,10.25,13.5],"texture":"#0","tintindex":0},"south":{"uv":[10.75,13.25,11.0,13.5],"texture":"#0","tintindex":0},"north":{"uv":[10.25,13.25,10.5,13.5],"texture":"#0","tintindex":0},"west":{"uv":[10.5,13.25,10.75,13.5],"texture":"#0","tintindex":0},"up":{"uv":[10.5,13.25,10.25,13.0],"texture":"#0","tintindex":0},"down":{"uv":[10.75,13.0,10.5,13.25],"texture":"#0","tintindex":0}}},{"from":[13.0,9.0,14.0],"to":[14.0,10.0,16.0],"faces":{"east":{"uv":[11.0,0.5,11.5,0.75],"texture":"#0","tintindex":0},"south":{"uv":[12.25,0.5,12.5,0.75],"texture":"#0","tintindex":0},"north":{"uv":[11.5,0.5,11.75,0.75],"texture":"#0","tintindex":0},"west":{"uv":[11.75,0.5,12.25,0.75],"texture":"#0","tintindex":0},"up":{"uv":[11.75,0.5,11.5,0.0],"texture":"#0","tintindex":0},"down":{"uv":[12.0,0.0,11.75,0.5],"texture":"#0","tintindex":0}}},{"from":[13.0,8.0,14.0],"to":[14.0,9.0,15.0],"faces":{"east":{"uv":[11.0,13.25,11.25,13.5],"texture":"#0","tintindex":0},"south":{"uv":[11.75,13.25,12.0,13.5],"texture":"#0","tintindex":0},"north":{"uv":[11.25,13.25,11.5,13.5],"texture":"#0","tintindex":0},"west":{"uv":[11.5,13.25,11.75,13.5],"texture":"#0","tintindex":0},"up":{"uv":[11.5,13.25,11.25,13.0],"texture":"#0","tintindex":0},"down":{"uv":[11.75,13.0,11.5,13.25],"texture":"#0","tintindex":0}}}],"textures":{"particle":"#0","0":"modelengine:f16bc9f5-3cb0-48e9-82eb-31aecd7a5431"}}