{"display":{"head":{},"firstperson_righthand":{},"thirdperson_lefthand":{},"firstperson_lefthand":{},"fixed":{},"ground":{},"thirdperson_righthand":{},"gui":{"rotation":[-150.0,-45.0,180.0]}},"elements":[{"from":[12.0,10.0,3.0],"to":[13.0,14.0,7.0],"faces":{"east":{"uv":[0.0,6.0,1.0,7.0],"texture":"#0","tintindex":0},"south":{"uv":[2.25,6.0,2.5,7.0],"texture":"#0","tintindex":0},"north":{"uv":[1.0,6.0,1.25,7.0],"texture":"#0","tintindex":0},"west":{"uv":[1.25,6.0,2.25,7.0],"texture":"#0","tintindex":0},"up":{"uv":[1.25,6.0,1.0,5.0],"texture":"#0","tintindex":0},"down":{"uv":[1.5,5.0,1.25,6.0],"texture":"#0","tintindex":0}}},{"from":[13.0,10.0,7.0],"to":[17.0,15.0,8.0],"faces":{"east":{"uv":[6.5,6.5,6.75,7.75],"texture":"#0","tintindex":0},"south":{"uv":[8.0,6.5,9.0,7.75],"texture":"#0","tintindex":0},"north":{"uv":[6.75,6.5,7.75,7.75],"texture":"#0","tintindex":0},"west":{"uv":[7.75,6.5,8.0,7.75],"texture":"#0","tintindex":0},"up":{"uv":[7.75,6.5,6.75,6.25],"texture":"#0","tintindex":0},"down":{"uv":[8.75,6.25,7.75,6.5],"texture":"#0","tintindex":0}}},{"from":[13.0,10.0,3.0],"to":[17.0,15.0,7.0],"faces":{"east":{"uv":[0.0,3.75,1.0,5.0],"texture":"#0","tintindex":0},"south":{"uv":[3.0,3.75,4.0,5.0],"texture":"#0","tintindex":0},"north":{"uv":[1.0,3.75,2.0,5.0],"texture":"#0","tintindex":0},"west":{"uv":[2.0,3.75,3.0,5.0],"texture":"#0","tintindex":0},"up":{"uv":[2.0,3.75,1.0,2.75],"texture":"#0","tintindex":0},"down":{"uv":[3.0,2.75,2.0,3.75],"texture":"#0","tintindex":0}}},{"from":[14.0,7.0,3.0],"to":[16.0,10.0,5.0],"faces":{"east":{"uv":[0.0,9.0,0.5,9.75],"texture":"#0","tintindex":0},"south":{"uv":[1.5,9.0,2.0,9.75],"texture":"#0","tintindex":0},"north":{"uv":[0.5,9.0,1.0,9.75],"texture":"#0","tintindex":0},"west":{"uv":[1.0,9.0,1.5,9.75],"texture":"#0","tintindex":0},"up":{"uv":[1.0,9.0,0.5,8.5],"texture":"#0","tintindex":0},"down":{"uv":[1.5,8.5,1.0,9.0],"texture":"#0","tintindex":0}}},{"from":[17.0,10.0,7.0],"to":[18.0,14.0,8.0],"faces":{"east":{"uv":[10.0,9.75,10.25,10.75],"texture":"#0","tintindex":0},"south":{"uv":[10.75,9.75,11.0,10.75],"texture":"#0","tintindex":0},"north":{"uv":[10.25,9.75,10.5,10.75],"texture":"#0","tintindex":0},"west":{"uv":[10.5,9.75,10.75,10.75],"texture":"#0","tintindex":0},"up":{"uv":[10.5,9.75,10.25,9.5],"texture":"#0","tintindex":0},"down":{"uv":[10.75,9.5,10.5,9.75],"texture":"#0","tintindex":0}}},{"from":[13.0,9.0,3.0],"to":[14.0,10.0,5.0],"faces":{"east":{"uv":[0.0,10.75,0.5,11.0],"texture":"#0","tintindex":0},"south":{"uv":[1.25,10.75,1.5,11.0],"texture":"#0","tintindex":0},"north":{"uv":[0.5,10.75,0.75,11.0],"texture":"#0","tintindex":0},"west":{"uv":[0.75,10.75,1.25,11.0],"texture":"#0","tintindex":0},"up":{"uv":[0.75,10.75,0.5,10.25],"texture":"#0","tintindex":0},"down":{"uv":[1.0,10.25,0.75,10.75],"texture":"#0","tintindex":0}}},{"from":[13.0,10.0,8.0],"to":[17.0,14.0,9.0],"faces":{"east":{"uv":[2.5,7.0,2.75,8.0],"texture":"#0","tintindex":0},"south":{"uv":[4.0,7.0,5.0,8.0],"texture":"#0","tintindex":0},"north":{"uv":[2.75,7.0,3.75,8.0],"texture":"#0","tintindex":0},"west":{"uv":[3.75,7.0,4.0,8.0],"texture":"#0","tintindex":0},"up":{"uv":[3.75,7.0,2.75,6.75],"texture":"#0","tintindex":0},"down":{"uv":[4.75,6.75,3.75,7.0],"texture":"#0","tintindex":0}}},{"from":[16.0,9.0,3.0],"to":[17.0,10.0,5.0],"faces":{"east":{"uv":[8.0,10.75,8.5,11.0],"texture":"#0","tintindex":0},"south":{"uv":[9.25,10.75,9.5,11.0],"texture":"#0","tintindex":0},"north":{"uv":[8.5,10.75,8.75,11.0],"texture":"#0","tintindex":0},"west":{"uv":[8.75,10.75,9.25,11.0],"texture":"#0","tintindex":0},"up":{"uv":[8.75,10.75,8.5,10.25],"texture":"#0","tintindex":0},"down":{"uv":[9.0,10.25,8.75,10.75],"texture":"#0","tintindex":0}}},{"from":[14.0,10.0,1.0],"to":[16.0,12.0,5.0],"faces":{"east":{"uv":[6.5,5.75,7.5,6.25],"texture":"#0","tintindex":0},"south":{"uv":[9.0,5.75,9.5,6.25],"texture":"#0","tintindex":0},"north":{"uv":[7.5,5.75,8.0,6.25],"texture":"#0","tintindex":0},"west":{"uv":[8.0,5.75,9.0,6.25],"texture":"#0","tintindex":0},"up":{"uv":[8.0,5.75,7.5,4.75],"texture":"#0","tintindex":0},"down":{"uv":[8.5,4.75,8.0,5.75],"texture":"#0","tintindex":0}}},{"from":[12.0,10.0,7.0],"to":[13.0,14.0,8.0],"faces":{"east":{"uv":[7.0,10.25,7.25,11.25],"texture":"#0","tintindex":0},"south":{"uv":[7.75,10.25,8.0,11.25],"texture":"#0","tintindex":0},"north":{"uv":[7.25,10.25,7.5,11.25],"texture":"#0","tintindex":0},"west":{"uv":[7.5,10.25,7.75,11.25],"texture":"#0","tintindex":0},"up":{"uv":[7.5,10.25,7.25,10.0],"texture":"#0","tintindex":0},"down":{"uv":[7.75,10.0,7.5,10.25],"texture":"#0","tintindex":0}}},{"from":[17.0,14.0,4.0],"to":[18.0,15.0,7.0],"faces":{"east":{"uv":[6.0,9.75,6.75,10.0],"texture":"#0","tintindex":0},"south":{"uv":[7.75,9.75,8.0,10.0],"texture":"#0","tintindex":0},"north":{"uv":[6.75,9.75,7.0,10.0],"texture":"#0","tintindex":0},"west":{"uv":[7.0,9.75,7.75,10.0],"texture":"#0","tintindex":0},"up":{"uv":[7.0,9.75,6.75,9.0],"texture":"#0","tintindex":0},"down":{"uv":[7.25,9.0,7.0,9.75],"texture":"#0","tintindex":0}}},{"from":[12.0,10.0,8.0],"to":[13.0,13.0,9.0],"faces":{"east":{"uv":[6.5,12.0,6.75,12.75],"texture":"#0","tintindex":0},"south":{"uv":[7.25,12.0,7.5,12.75],"texture":"#0","tintindex":0},"north":{"uv":[6.75,12.0,7.0,12.75],"texture":"#0","tintindex":0},"west":{"uv":[7.0,12.0,7.25,12.75],"texture":"#0","tintindex":0},"up":{"uv":[7.0,12.0,6.75,11.75],"texture":"#0","tintindex":0},"down":{"uv":[7.25,11.75,7.0,12.0],"texture":"#0","tintindex":0}}},{"from":[17.0,10.0,3.0],"to":[18.0,14.0,7.0],"faces":{"east":{"uv":[4.0,5.75,5.0,6.75],"texture":"#0","tintindex":0},"south":{"uv":[6.25,5.75,6.5,6.75],"texture":"#0","tintindex":0},"north":{"uv":[5.0,5.75,5.25,6.75],"texture":"#0","tintindex":0},"west":{"uv":[5.25,5.75,6.25,6.75],"texture":"#0","tintindex":0},"up":{"uv":[5.25,5.75,5.0,4.75],"texture":"#0","tintindex":0},"down":{"uv":[5.5,4.75,5.25,5.75],"texture":"#0","tintindex":0}}},{"from":[13.0,10.0,2.0],"to":[17.0,14.0,6.0],"faces":{"east":{"uv":[4.0,3.75,5.0,4.75],"texture":"#0","tintindex":0},"south":{"uv":[7.0,3.75,8.0,4.75],"texture":"#0","tintindex":0},"north":{"uv":[5.0,3.75,6.0,4.75],"texture":"#0","tintindex":0},"west":{"uv":[6.0,3.75,7.0,4.75],"texture":"#0","tintindex":0},"up":{"uv":[6.0,3.75,5.0,2.75],"texture":"#0","tintindex":0},"down":{"uv":[7.0,2.75,6.0,3.75],"texture":"#0","tintindex":0}}},{"from":[14.0,9.0,2.0],"to":[16.0,10.0,5.0],"faces":{"east":{"uv":[7.0,2.25,7.75,2.5],"texture":"#0","tintindex":0},"south":{"uv":[9.0,2.25,9.5,2.5],"texture":"#0","tintindex":0},"north":{"uv":[7.75,2.25,8.25,2.5],"texture":"#0","tintindex":0},"west":{"uv":[8.25,2.25,9.0,2.5],"texture":"#0","tintindex":0},"up":{"uv":[8.25,2.25,7.75,1.5],"texture":"#0","tintindex":0},"down":{"uv":[8.75,1.5,8.25,2.25],"texture":"#0","tintindex":0}}},{"from":[12.0,14.0,4.0],"to":[13.0,15.0,7.0],"faces":{"east":{"uv":[9.0,7.0,9.75,7.25],"texture":"#0","tintindex":0},"south":{"uv":[10.75,7.0,11.0,7.25],"texture":"#0","tintindex":0},"north":{"uv":[9.75,7.0,10.0,7.25],"texture":"#0","tintindex":0},"west":{"uv":[10.0,7.0,10.75,7.25],"texture":"#0","tintindex":0},"up":{"uv":[10.0,7.0,9.75,6.25],"texture":"#0","tintindex":0},"down":{"uv":[10.25,6.25,10.0,7.0],"texture":"#0","tintindex":0}}},{"from":[17.0,10.0,8.0],"to":[18.0,13.0,9.0],"faces":{"east":{"uv":[5.5,12.0,5.75,12.75],"texture":"#0","tintindex":0},"south":{"uv":[6.25,12.0,6.5,12.75],"texture":"#0","tintindex":0},"north":{"uv":[5.75,12.0,6.0,12.75],"texture":"#0","tintindex":0},"west":{"uv":[6.0,12.0,6.25,12.75],"texture":"#0","tintindex":0},"up":{"uv":[6.0,12.0,5.75,11.75],"texture":"#0","tintindex":0},"down":{"uv":[6.25,11.75,6.0,12.0],"texture":"#0","tintindex":0}}}],"textures":{"particle":"#0","0":"modelengine:f16bc9f5-3cb0-48e9-82eb-31aecd7a5431"}}