{"display":{"head":{},"firstperson_righthand":{},"thirdperson_lefthand":{},"firstperson_lefthand":{},"fixed":{},"ground":{},"thirdperson_righthand":{},"gui":{"rotation":[-150.0,-45.0,180.0]}},"elements":[{"from":[8.0,11.0,6.0],"to":[11.0,12.0,7.0],"faces":{"east":{"uv":[9.5,6.0,9.75,6.25],"texture":"#0","tintindex":0},"south":{"uv":[10.75,6.0,11.5,6.25],"texture":"#0","tintindex":0},"north":{"uv":[9.75,6.0,10.5,6.25],"texture":"#0","tintindex":0},"west":{"uv":[10.5,6.0,10.75,6.25],"texture":"#0","tintindex":0},"up":{"uv":[10.5,6.0,9.75,5.75],"texture":"#0","tintindex":0},"down":{"uv":[11.25,5.75,10.5,6.0],"texture":"#0","tintindex":0}}},{"from":[8.0,12.0,6.0],"to":[10.0,13.0,7.0],"faces":{"east":{"uv":[12.0,2.5,12.25,2.75],"texture":"#0","tintindex":0},"south":{"uv":[13.0,2.5,13.5,2.75],"texture":"#0","tintindex":0},"north":{"uv":[12.25,2.5,12.75,2.75],"texture":"#0","tintindex":0},"west":{"uv":[12.75,2.5,13.0,2.75],"texture":"#0","tintindex":0},"up":{"uv":[12.75,2.5,12.25,2.25],"texture":"#0","tintindex":0},"down":{"uv":[13.25,2.25,12.75,2.5],"texture":"#0","tintindex":0}}},{"from":[9.0,10.0,7.0],"to":[11.0,11.0,8.0],"faces":{"east":{"uv":[12.0,7.25,12.25,7.5],"texture":"#0","tintindex":0},"south":{"uv":[13.0,7.25,13.5,7.5],"texture":"#0","tintindex":0},"north":{"uv":[12.25,7.25,12.75,7.5],"texture":"#0","tintindex":0},"west":{"uv":[12.75,7.25,13.0,7.5],"texture":"#0","tintindex":0},"up":{"uv":[12.75,7.25,12.25,7.0],"texture":"#0","tintindex":0},"down":{"uv":[13.25,7.0,12.75,7.25],"texture":"#0","tintindex":0}}},{"from":[9.0,11.0,7.0],"to":[10.0,12.0,8.0],"faces":{"east":{"uv":[13.0,5.5,13.25,5.75],"texture":"#0","tintindex":0},"south":{"uv":[13.75,5.5,14.0,5.75],"texture":"#0","tintindex":0},"north":{"uv":[13.25,5.5,13.5,5.75],"texture":"#0","tintindex":0},"west":{"uv":[13.5,5.5,13.75,5.75],"texture":"#0","tintindex":0},"up":{"uv":[13.5,5.5,13.25,5.25],"texture":"#0","tintindex":0},"down":{"uv":[13.75,5.25,13.5,5.5],"texture":"#0","tintindex":0}}},{"from":[9.0,10.0,6.0],"to":[12.0,11.0,7.0],"faces":{"east":{"uv":[0.0,10.0,0.25,10.25],"texture":"#0","tintindex":0},"south":{"uv":[1.25,10.0,2.0,10.25],"texture":"#0","tintindex":0},"north":{"uv":[0.25,10.0,1.0,10.25],"texture":"#0","tintindex":0},"west":{"uv":[1.0,10.0,1.25,10.25],"texture":"#0","tintindex":0},"up":{"uv":[1.0,10.0,0.25,9.75],"texture":"#0","tintindex":0},"down":{"uv":[1.75,9.75,1.0,10.0],"texture":"#0","tintindex":0}}}],"textures":{"particle":"#0","0":"modelengine:f16bc9f5-3cb0-48e9-82eb-31aecd7a5431"}}