{"display":{"head":{},"firstperson_righthand":{},"thirdperson_lefthand":{},"firstperson_lefthand":{},"fixed":{},"ground":{},"thirdperson_righthand":{},"gui":{"rotation":[-150.0,-45.0,180.0]}},"elements":[{"from":[2.0,13.0,0.0],"to":[5.0,14.0,1.0],"faces":{"east":{"uv":[9.5,5.0,9.75,5.25],"texture":"#0","tintindex":0},"south":{"uv":[10.75,5.0,11.5,5.25],"texture":"#0","tintindex":0},"north":{"uv":[9.75,5.0,10.5,5.25],"texture":"#0","tintindex":0},"west":{"uv":[10.5,5.0,10.75,5.25],"texture":"#0","tintindex":0},"up":{"uv":[10.5,5.0,9.75,4.75],"texture":"#0","tintindex":0},"down":{"uv":[11.25,4.75,10.5,5.0],"texture":"#0","tintindex":0}}},{"from":[6.0,8.0,1.0],"to":[7.0,11.0,2.0],"faces":{"east":{"uv":[8.0,11.25,8.25,12.0],"texture":"#0","tintindex":0},"south":{"uv":[8.75,11.25,9.0,12.0],"texture":"#0","tintindex":0},"north":{"uv":[8.25,11.25,8.5,12.0],"texture":"#0","tintindex":0},"west":{"uv":[8.5,11.25,8.75,12.0],"texture":"#0","tintindex":0},"up":{"uv":[8.5,11.25,8.25,11.0],"texture":"#0","tintindex":0},"down":{"uv":[8.75,11.0,8.5,11.25],"texture":"#0","tintindex":0}}},{"from":[5.0,8.0,1.0],"to":[6.0,12.0,2.0],"faces":{"east":{"uv":[5.0,10.25,5.25,11.25],"texture":"#0","tintindex":0},"south":{"uv":[5.75,10.25,6.0,11.25],"texture":"#0","tintindex":0},"north":{"uv":[5.25,10.25,5.5,11.25],"texture":"#0","tintindex":0},"west":{"uv":[5.5,10.25,5.75,11.25],"texture":"#0","tintindex":0},"up":{"uv":[5.5,10.25,5.25,10.0],"texture":"#0","tintindex":0},"down":{"uv":[5.75,10.0,5.5,10.25],"texture":"#0","tintindex":0}}},{"from":[5.0,11.0,0.0],"to":[7.0,12.0,1.0],"faces":{"east":{"uv":[11.0,8.25,11.25,8.5],"texture":"#0","tintindex":0},"south":{"uv":[12.0,8.25,12.5,8.5],"texture":"#0","tintindex":0},"north":{"uv":[11.25,8.25,11.75,8.5],"texture":"#0","tintindex":0},"west":{"uv":[11.75,8.25,12.0,8.5],"texture":"#0","tintindex":0},"up":{"uv":[11.75,8.25,11.25,8.0],"texture":"#0","tintindex":0},"down":{"uv":[12.25,8.0,11.75,8.25],"texture":"#0","tintindex":0}}},{"from":[7.0,7.0,1.0],"to":[8.0,10.0,2.0],"faces":{"east":{"uv":[11.0,9.75,11.25,10.5],"texture":"#0","tintindex":0},"south":{"uv":[11.75,9.75,12.0,10.5],"texture":"#0","tintindex":0},"north":{"uv":[11.25,9.75,11.5,10.5],"texture":"#0","tintindex":0},"west":{"uv":[11.5,9.75,11.75,10.5],"texture":"#0","tintindex":0},"up":{"uv":[11.5,9.75,11.25,9.5],"texture":"#0","tintindex":0},"down":{"uv":[11.75,9.5,11.5,9.75],"texture":"#0","tintindex":0}}},{"from":[0.0,11.0,0.0],"to":[2.0,12.0,1.0],"faces":{"east":{"uv":[4.5,11.5,4.75,11.75],"texture":"#0","tintindex":0},"south":{"uv":[5.5,11.5,6.0,11.75],"texture":"#0","tintindex":0},"north":{"uv":[4.75,11.5,5.25,11.75],"texture":"#0","tintindex":0},"west":{"uv":[5.25,11.5,5.5,11.75],"texture":"#0","tintindex":0},"up":{"uv":[5.25,11.5,4.75,11.25],"texture":"#0","tintindex":0},"down":{"uv":[5.75,11.25,5.25,11.5],"texture":"#0","tintindex":0}}},{"from":[0.0,9.0,2.0],"to":[1.0,10.0,3.0],"faces":{"east":{"uv":[11.5,12.75,11.75,13.0],"texture":"#0","tintindex":0},"south":{"uv":[12.25,12.75,12.5,13.0],"texture":"#0","tintindex":0},"north":{"uv":[11.75,12.75,12.0,13.0],"texture":"#0","tintindex":0},"west":{"uv":[12.0,12.75,12.25,13.0],"texture":"#0","tintindex":0},"up":{"uv":[12.0,12.75,11.75,12.5],"texture":"#0","tintindex":0},"down":{"uv":[12.25,12.5,12.0,12.75],"texture":"#0","tintindex":0}}},{"from":[5.0,8.0,2.0],"to":[6.0,11.0,3.0],"faces":{"east":{"uv":[11.5,11.75,11.75,12.5],"texture":"#0","tintindex":0},"south":{"uv":[12.25,11.75,12.5,12.5],"texture":"#0","tintindex":0},"north":{"uv":[11.75,11.75,12.0,12.5],"texture":"#0","tintindex":0},"west":{"uv":[12.0,11.75,12.25,12.5],"texture":"#0","tintindex":0},"up":{"uv":[12.0,11.75,11.75,11.5],"texture":"#0","tintindex":0},"down":{"uv":[12.25,11.5,12.0,11.75],"texture":"#0","tintindex":0}}},{"from":[6.0,10.0,0.0],"to":[7.0,11.0,1.0],"faces":{"east":{"uv":[12.5,4.5,12.75,4.75],"texture":"#0","tintindex":0},"south":{"uv":[13.25,4.5,13.5,4.75],"texture":"#0","tintindex":0},"north":{"uv":[12.75,4.5,13.0,4.75],"texture":"#0","tintindex":0},"west":{"uv":[13.0,4.5,13.25,4.75],"texture":"#0","tintindex":0},"up":{"uv":[13.0,4.5,12.75,4.25],"texture":"#0","tintindex":0},"down":{"uv":[13.25,4.25,13.0,4.5],"texture":"#0","tintindex":0}}},{"from":[1.0,9.0,2.0],"to":[2.0,11.0,3.0],"faces":{"east":{"uv":[12.5,3.0,12.75,3.5],"texture":"#0","tintindex":0},"south":{"uv":[13.25,3.0,13.5,3.5],"texture":"#0","tintindex":0},"north":{"uv":[12.75,3.0,13.0,3.5],"texture":"#0","tintindex":0},"west":{"uv":[13.0,3.0,13.25,3.5],"texture":"#0","tintindex":0},"up":{"uv":[13.0,3.0,12.75,2.75],"texture":"#0","tintindex":0},"down":{"uv":[13.25,2.75,13.0,3.0],"texture":"#0","tintindex":0}}},{"from":[6.0,8.0,2.0],"to":[7.0,10.0,3.0],"faces":{"east":{"uv":[4.0,12.5,4.25,13.0],"texture":"#0","tintindex":0},"south":{"uv":[4.75,12.5,5.0,13.0],"texture":"#0","tintindex":0},"north":{"uv":[4.25,12.5,4.5,13.0],"texture":"#0","tintindex":0},"west":{"uv":[4.5,12.5,4.75,13.0],"texture":"#0","tintindex":0},"up":{"uv":[4.5,12.5,4.25,12.25],"texture":"#0","tintindex":0},"down":{"uv":[4.75,12.25,4.5,12.5],"texture":"#0","tintindex":0}}},{"from":[3.0,13.0,1.0],"to":[4.0,14.0,2.0],"faces":{"east":{"uv":[12.5,6.25,12.75,6.5],"texture":"#0","tintindex":0},"south":{"uv":[13.25,6.25,13.5,6.5],"texture":"#0","tintindex":0},"north":{"uv":[12.75,6.25,13.0,6.5],"texture":"#0","tintindex":0},"west":{"uv":[13.0,6.25,13.25,6.5],"texture":"#0","tintindex":0},"up":{"uv":[13.0,6.25,12.75,6.0],"texture":"#0","tintindex":0},"down":{"uv":[13.25,6.0,13.0,6.25],"texture":"#0","tintindex":0}}},{"from":[3.0,9.0,1.0],"to":[5.0,13.0,2.0],"faces":{"east":{"uv":[2.5,5.25,2.75,6.25],"texture":"#0","tintindex":0},"south":{"uv":[3.5,5.25,4.0,6.25],"texture":"#0","tintindex":0},"north":{"uv":[2.75,5.25,3.25,6.25],"texture":"#0","tintindex":0},"west":{"uv":[3.25,5.25,3.5,6.25],"texture":"#0","tintindex":0},"up":{"uv":[3.25,5.25,2.75,5.0],"texture":"#0","tintindex":0},"down":{"uv":[3.75,5.0,3.25,5.25],"texture":"#0","tintindex":0}}},{"from":[-1.0,10.0,0.0],"to":[1.0,11.0,1.0],"faces":{"east":{"uv":[6.0,11.5,6.25,11.75],"texture":"#0","tintindex":0},"south":{"uv":[7.0,11.5,7.5,11.75],"texture":"#0","tintindex":0},"north":{"uv":[6.25,11.5,6.75,11.75],"texture":"#0","tintindex":0},"west":{"uv":[6.75,11.5,7.0,11.75],"texture":"#0","tintindex":0},"up":{"uv":[6.75,11.5,6.25,11.25],"texture":"#0","tintindex":0},"down":{"uv":[7.25,11.25,6.75,11.5],"texture":"#0","tintindex":0}}},{"from":[2.0,10.0,1.0],"to":[3.0,13.0,2.0],"faces":{"east":{"uv":[11.0,7.25,11.25,8.0],"texture":"#0","tintindex":0},"south":{"uv":[11.75,7.25,12.0,8.0],"texture":"#0","tintindex":0},"north":{"uv":[11.25,7.25,11.5,8.0],"texture":"#0","tintindex":0},"west":{"uv":[11.5,7.25,11.75,8.0],"texture":"#0","tintindex":0},"up":{"uv":[11.5,7.25,11.25,7.0],"texture":"#0","tintindex":0},"down":{"uv":[11.75,7.0,11.5,7.25],"texture":"#0","tintindex":0}}},{"from":[1.0,12.0,0.0],"to":[3.0,13.0,1.0],"faces":{"east":{"uv":[1.5,11.5,1.75,11.75],"texture":"#0","tintindex":0},"south":{"uv":[2.5,11.5,3.0,11.75],"texture":"#0","tintindex":0},"north":{"uv":[1.75,11.5,2.25,11.75],"texture":"#0","tintindex":0},"west":{"uv":[2.25,11.5,2.5,11.75],"texture":"#0","tintindex":0},"up":{"uv":[2.25,11.5,1.75,11.25],"texture":"#0","tintindex":0},"down":{"uv":[2.75,11.25,2.25,11.5],"texture":"#0","tintindex":0}}},{"from":[3.0,14.0,0.0],"to":[4.0,15.0,1.0],"faces":{"east":{"uv":[12.5,6.75,12.75,7.0],"texture":"#0","tintindex":0},"south":{"uv":[13.25,6.75,13.5,7.0],"texture":"#0","tintindex":0},"north":{"uv":[12.75,6.75,13.0,7.0],"texture":"#0","tintindex":0},"west":{"uv":[13.0,6.75,13.25,7.0],"texture":"#0","tintindex":0},"up":{"uv":[13.0,6.75,12.75,6.5],"texture":"#0","tintindex":0},"down":{"uv":[13.25,6.5,13.0,6.75],"texture":"#0","tintindex":0}}},{"from":[1.0,9.0,1.0],"to":[2.0,12.0,2.0],"faces":{"east":{"uv":[4.0,8.25,4.25,9.0],"texture":"#0","tintindex":0},"south":{"uv":[4.75,8.25,5.0,9.0],"texture":"#0","tintindex":0},"north":{"uv":[4.25,8.25,4.5,9.0],"texture":"#0","tintindex":0},"west":{"uv":[4.5,8.25,4.75,9.0],"texture":"#0","tintindex":0},"up":{"uv":[4.5,8.25,4.25,8.0],"texture":"#0","tintindex":0},"down":{"uv":[4.75,8.0,4.5,8.25],"texture":"#0","tintindex":0}}},{"from":[0.0,9.0,1.0],"to":[1.0,11.0,2.0],"faces":{"east":{"uv":[1.0,12.5,1.25,13.0],"texture":"#0","tintindex":0},"south":{"uv":[1.75,12.5,2.0,13.0],"texture":"#0","tintindex":0},"north":{"uv":[1.25,12.5,1.5,13.0],"texture":"#0","tintindex":0},"west":{"uv":[1.5,12.5,1.75,13.0],"texture":"#0","tintindex":0},"up":{"uv":[1.5,12.5,1.25,12.25],"texture":"#0","tintindex":0},"down":{"uv":[1.75,12.25,1.5,12.5],"texture":"#0","tintindex":0}}},{"from":[7.0,8.0,0.0],"to":[8.0,11.0,1.0],"faces":{"east":{"uv":[11.0,10.75,11.25,11.5],"texture":"#0","tintindex":0},"south":{"uv":[11.75,10.75,12.0,11.5],"texture":"#0","tintindex":0},"north":{"uv":[11.25,10.75,11.5,11.5],"texture":"#0","tintindex":0},"west":{"uv":[11.5,10.75,11.75,11.5],"texture":"#0","tintindex":0},"up":{"uv":[11.5,10.75,11.25,10.5],"texture":"#0","tintindex":0},"down":{"uv":[11.75,10.5,11.5,10.75],"texture":"#0","tintindex":0}}},{"from":[2.0,7.0,2.0],"to":[5.0,12.0,3.0],"faces":{"east":{"uv":[0.0,7.25,0.25,8.5],"texture":"#0","tintindex":0},"south":{"uv":[1.25,7.25,2.0,8.5],"texture":"#0","tintindex":0},"north":{"uv":[0.25,7.25,1.0,8.5],"texture":"#0","tintindex":0},"west":{"uv":[1.0,7.25,1.25,8.5],"texture":"#0","tintindex":0},"up":{"uv":[1.0,7.25,0.25,7.0],"texture":"#0","tintindex":0},"down":{"uv":[1.75,7.0,1.0,7.25],"texture":"#0","tintindex":0}}},{"from":[-1.0,9.0,1.0],"to":[0.0,10.0,2.0],"faces":{"east":{"uv":[12.0,11.25,12.25,11.5],"texture":"#0","tintindex":0},"south":{"uv":[12.75,11.25,13.0,11.5],"texture":"#0","tintindex":0},"north":{"uv":[12.25,11.25,12.5,11.5],"texture":"#0","tintindex":0},"west":{"uv":[12.5,11.25,12.75,11.5],"texture":"#0","tintindex":0},"up":{"uv":[12.5,11.25,12.25,11.0],"texture":"#0","tintindex":0},"down":{"uv":[12.75,11.0,12.5,11.25],"texture":"#0","tintindex":0}}},{"from":[4.0,12.0,0.0],"to":[6.0,13.0,1.0],"faces":{"east":{"uv":[2.5,6.5,2.75,6.75],"texture":"#0","tintindex":0},"south":{"uv":[3.5,6.5,4.0,6.75],"texture":"#0","tintindex":0},"north":{"uv":[2.75,6.5,3.25,6.75],"texture":"#0","tintindex":0},"west":{"uv":[3.25,6.5,3.5,6.75],"texture":"#0","tintindex":0},"up":{"uv":[3.25,6.5,2.75,6.25],"texture":"#0","tintindex":0},"down":{"uv":[3.75,6.25,3.25,6.5],"texture":"#0","tintindex":0}}}],"textures":{"particle":"#0","0":"modelengine:f16bc9f5-3cb0-48e9-82eb-31aecd7a5431"}}