{"display":{"head":{},"firstperson_righthand":{},"thirdperson_lefthand":{},"firstperson_lefthand":{},"fixed":{},"ground":{},"thirdperson_righthand":{},"gui":{"rotation":[-150.0,-45.0,180.0]}},"elements":[{"from":[7.0,10.0,7.0],"to":[9.0,11.0,8.0],"faces":{"east":{"uv":[12.0,10.75,12.25,11.0],"texture":"#0","tintindex":0},"south":{"uv":[13.0,10.75,13.5,11.0],"texture":"#0","tintindex":0},"north":{"uv":[12.25,10.75,12.75,11.0],"texture":"#0","tintindex":0},"west":{"uv":[12.75,10.75,13.0,11.0],"texture":"#0","tintindex":0},"up":{"uv":[12.75,10.75,12.25,10.5],"texture":"#0","tintindex":0},"down":{"uv":[13.25,10.5,12.75,10.75],"texture":"#0","tintindex":0}}},{"from":[6.0,11.0,8.0],"to":[7.0,12.0,10.0],"faces":{"east":{"uv":[11.0,6.75,11.5,7.0],"texture":"#0","tintindex":0},"south":{"uv":[12.25,6.75,12.5,7.0],"texture":"#0","tintindex":0},"north":{"uv":[11.5,6.75,11.75,7.0],"texture":"#0","tintindex":0},"west":{"uv":[11.75,6.75,12.25,7.0],"texture":"#0","tintindex":0},"up":{"uv":[11.75,6.75,11.5,6.25],"texture":"#0","tintindex":0},"down":{"uv":[12.0,6.25,11.75,6.75],"texture":"#0","tintindex":0}}},{"from":[7.0,9.0,8.0],"to":[9.0,12.0,10.0],"faces":{"east":{"uv":[2.0,8.5,2.5,9.25],"texture":"#0","tintindex":0},"south":{"uv":[3.5,8.5,4.0,9.25],"texture":"#0","tintindex":0},"north":{"uv":[2.5,8.5,3.0,9.25],"texture":"#0","tintindex":0},"west":{"uv":[3.0,8.5,3.5,9.25],"texture":"#0","tintindex":0},"up":{"uv":[3.0,8.5,2.5,8.0],"texture":"#0","tintindex":0},"down":{"uv":[3.5,8.0,3.0,8.5],"texture":"#0","tintindex":0}}},{"from":[7.0,8.0,7.0],"to":[9.0,9.0,9.0],"faces":{"east":{"uv":[9.0,8.5,9.5,8.75],"texture":"#0","tintindex":0},"south":{"uv":[10.5,8.5,11.0,8.75],"texture":"#0","tintindex":0},"north":{"uv":[9.5,8.5,10.0,8.75],"texture":"#0","tintindex":0},"west":{"uv":[10.0,8.5,10.5,8.75],"texture":"#0","tintindex":0},"up":{"uv":[10.0,8.5,9.5,8.0],"texture":"#0","tintindex":0},"down":{"uv":[10.5,8.0,10.0,8.5],"texture":"#0","tintindex":0}}},{"from":[6.0,10.0,8.0],"to":[7.0,11.0,9.0],"faces":{"east":{"uv":[12.0,13.25,12.25,13.5],"texture":"#0","tintindex":0},"south":{"uv":[12.75,13.25,13.0,13.5],"texture":"#0","tintindex":0},"north":{"uv":[12.25,13.25,12.5,13.5],"texture":"#0","tintindex":0},"west":{"uv":[12.5,13.25,12.75,13.5],"texture":"#0","tintindex":0},"up":{"uv":[12.5,13.25,12.25,13.0],"texture":"#0","tintindex":0},"down":{"uv":[12.75,13.0,12.5,13.25],"texture":"#0","tintindex":0}}}],"textures":{"particle":"#0","0":"modelengine:f16bc9f5-3cb0-48e9-82eb-31aecd7a5431"}}