{"display":{"head":{},"firstperson_righthand":{},"thirdperson_lefthand":{},"firstperson_lefthand":{},"fixed":{},"ground":{},"thirdperson_righthand":{},"gui":{"rotation":[-150.0,-45.0,180.0]}},"elements":[{"from":[3.0,20.0,3.0],"to":[4.0,21.0,4.0],"faces":{"east":{"uv":[13.0,5.0,13.25,5.25],"texture":"#0","tintindex":0},"south":{"uv":[13.75,5.0,14.0,5.25],"texture":"#0","tintindex":0},"north":{"uv":[13.25,5.0,13.5,5.25],"texture":"#0","tintindex":0},"west":{"uv":[13.5,5.0,13.75,5.25],"texture":"#0","tintindex":0},"up":{"uv":[13.5,5.0,13.25,4.75],"texture":"#0","tintindex":0},"down":{"uv":[13.75,4.75,13.5,5.0],"texture":"#0","tintindex":0}}},{"from":[4.0,19.0,3.0],"to":[6.0,21.0,5.0],"faces":{"east":{"uv":[4.0,9.5,4.5,10.0],"texture":"#0","tintindex":0},"south":{"uv":[5.5,9.5,6.0,10.0],"texture":"#0","tintindex":0},"north":{"uv":[4.5,9.5,5.0,10.0],"texture":"#0","tintindex":0},"west":{"uv":[5.0,9.5,5.5,10.0],"texture":"#0","tintindex":0},"up":{"uv":[5.0,9.5,4.5,9.0],"texture":"#0","tintindex":0},"down":{"uv":[5.5,9.0,5.0,9.5],"texture":"#0","tintindex":0}}},{"from":[5.0,19.0,5.0],"to":[6.0,20.0,6.0],"faces":{"east":{"uv":[2.0,13.25,2.25,13.5],"texture":"#0","tintindex":0},"south":{"uv":[2.75,13.25,3.0,13.5],"texture":"#0","tintindex":0},"north":{"uv":[2.25,13.25,2.5,13.5],"texture":"#0","tintindex":0},"west":{"uv":[2.5,13.25,2.75,13.5],"texture":"#0","tintindex":0},"up":{"uv":[2.5,13.25,2.25,13.0],"texture":"#0","tintindex":0},"down":{"uv":[2.75,13.0,2.5,13.25],"texture":"#0","tintindex":0}}},{"from":[6.0,19.0,3.0],"to":[7.0,20.0,4.0],"faces":{"east":{"uv":[0.0,13.0,0.25,13.25],"texture":"#0","tintindex":0},"south":{"uv":[0.75,13.0,1.0,13.25],"texture":"#0","tintindex":0},"north":{"uv":[0.25,13.0,0.5,13.25],"texture":"#0","tintindex":0},"west":{"uv":[0.5,13.0,0.75,13.25],"texture":"#0","tintindex":0},"up":{"uv":[0.5,13.0,0.25,12.75],"texture":"#0","tintindex":0},"down":{"uv":[0.75,12.75,0.5,13.0],"texture":"#0","tintindex":0}}},{"from":[2.0,20.0,4.0],"to":[3.0,22.0,5.0],"faces":{"east":{"uv":[12.5,3.75,12.75,4.25],"texture":"#0","tintindex":0},"south":{"uv":[13.25,3.75,13.5,4.25],"texture":"#0","tintindex":0},"north":{"uv":[12.75,3.75,13.0,4.25],"texture":"#0","tintindex":0},"west":{"uv":[13.0,3.75,13.25,4.25],"texture":"#0","tintindex":0},"up":{"uv":[13.0,3.75,12.75,3.5],"texture":"#0","tintindex":0},"down":{"uv":[13.25,3.5,13.0,3.75],"texture":"#0","tintindex":0}}},{"from":[4.0,21.0,4.0],"to":[5.0,22.0,5.0],"faces":{"east":{"uv":[4.0,13.25,4.25,13.5],"texture":"#0","tintindex":0},"south":{"uv":[4.75,13.25,5.0,13.5],"texture":"#0","tintindex":0},"north":{"uv":[4.25,13.25,4.5,13.5],"texture":"#0","tintindex":0},"west":{"uv":[4.5,13.25,4.75,13.5],"texture":"#0","tintindex":0},"up":{"uv":[4.5,13.25,4.25,13.0],"texture":"#0","tintindex":0},"down":{"uv":[4.75,13.0,4.5,13.25],"texture":"#0","tintindex":0}}}],"textures":{"particle":"#0","0":"modelengine:f16bc9f5-3cb0-48e9-82eb-31aecd7a5431"}}