{"display":{"head":{},"firstperson_righthand":{},"thirdperson_lefthand":{},"firstperson_lefthand":{},"fixed":{},"ground":{},"thirdperson_righthand":{},"gui":{"rotation":[-150.0,-45.0,180.0]}},"elements":[{"from":[18.5,18.5,18.5],"to":[-2.5,-2.5,-2.5],"faces":{"east":{"uv":[2.0,0.0,2.5,0.5],"texture":"#2","tintindex":0},"south":{"uv":[2.0,0.0,2.5,0.5],"texture":"#2","tintindex":0},"north":{"uv":[2.0,0.0,2.5,0.5],"texture":"#2","tintindex":0},"west":{"uv":[2.0,0.0,2.5,0.5],"texture":"#2","tintindex":0},"up":{"uv":[2.0,0.0,2.5,0.5],"texture":"#2","tintindex":0},"down":{"uv":[2.0,0.0,2.5,0.5],"texture":"#2","tintindex":0}}},{"from":[17.2,17.2,17.2],"to":[-1.2,-1.2,-1.2],"faces":{"east":{"uv":[3.0,0.0,3.5,0.5],"texture":"#2","tintindex":0},"south":{"uv":[3.0,0.0,3.5,0.5],"texture":"#2","tintindex":0},"north":{"uv":[3.0,0.0,3.5,0.5],"texture":"#2","tintindex":0},"west":{"uv":[3.0,0.0,3.5,0.5],"texture":"#2","tintindex":0},"up":{"uv":[3.0,0.0,3.5,0.5],"texture":"#2","tintindex":0},"down":{"uv":[3.0,0.0,3.5,0.5],"texture":"#2","tintindex":0}}},{"from":[15.5,15.5,15.5],"to":[0.5,0.5,0.5],"faces":{"east":{"uv":[4.0,0.0,4.5,0.5],"texture":"#2","tintindex":0},"south":{"uv":[4.0,0.0,4.5,0.5],"texture":"#2","tintindex":0},"north":{"uv":[4.0,0.0,4.5,0.5],"texture":"#2","tintindex":0},"west":{"uv":[4.0,0.0,4.5,0.5],"texture":"#2","tintindex":0},"up":{"uv":[4.0,0.0,4.5,0.5],"texture":"#2","tintindex":0},"down":{"uv":[4.0,0.0,4.5,0.5],"texture":"#2","tintindex":0}}}],"textures":{"particle":"#2","2":"modelengine:d525d230-9c38-4307-8e35-373fcb8fa4c6"}}