{"textures":{"0":"modelengine:entity/sword1","particle":"#0"},"elements":[{"from":[7.0,0.0,-16.0],"to":[9.0,2.0,14.0],"faces":{"east":{"uv":[0.0,0.0,7.5,0.5],"tintindex":0,"rotation":0,"texture":"#0"},"south":{"uv":[4.5,3.5,5.0,4.0],"tintindex":0,"rotation":0,"texture":"#0"},"north":{"uv":[3.5,4.5,4.0,5.0],"tintindex":0,"rotation":0,"texture":"#0"},"west":{"uv":[0.0,0.5,7.5,1.0],"tintindex":0,"rotation":0,"texture":"#0"},"up":{"uv":[0.5,8.5,0.0,1.0],"tintindex":0,"rotation":0,"texture":"#0"},"down":{"uv":[1.0,1.0,0.5,8.5],"tintindex":0,"rotation":0,"texture":"#0"}}},{"from":[5.0,0.0,30.0],"to":[11.0,2.0,32.0],"faces":{"east":{"uv":[3.0,5.0,3.5,5.5],"tintindex":0,"rotation":0,"texture":"#0"},"south":{"uv":[3.5,4.0,5.0,4.5],"tintindex":0,"rotation":0,"texture":"#0"},"north":{"uv":[2.0,4.0,3.5,4.5],"tintindex":0,"rotation":0,"texture":"#0"},"west":{"uv":[3.5,5.0,4.0,5.5],"tintindex":0,"rotation":0,"texture":"#0"},"up":{"uv":[3.5,5.0,2.0,4.5],"tintindex":0,"rotation":0,"texture":"#0"},"down":{"uv":[6.0,3.0,4.5,3.5],"tintindex":0,"rotation":0,"texture":"#0"}}},{"from":[7.0,0.0,16.0],"to":[9.0,2.0,30.0],"faces":{"east":{"uv":[1.0,3.0,4.5,3.5],"tintindex":0,"rotation":0,"texture":"#0"},"south":{"uv":[4.5,4.5,5.0,5.0],"tintindex":0,"rotation":0,"texture":"#0"},"north":{"uv":[4.0,4.5,4.5,5.0],"tintindex":0,"rotation":0,"texture":"#0"},"west":{"uv":[1.0,3.5,4.5,4.0],"tintindex":0,"rotation":0,"texture":"#0"},"up":{"uv":[1.5,7.5,1.0,4.0],"tintindex":0,"rotation":0,"texture":"#0"},"down":{"uv":[2.0,4.0,1.5,7.5],"tintindex":0,"rotation":0,"texture":"#0"}}},{"from":[-5.0,0.0,14.0],"to":[21.0,2.0,16.0],"faces":{"east":{"uv":[2.0,5.0,2.5,5.5],"tintindex":0,"rotation":0,"texture":"#0"},"south":{"uv":[1.0,1.5,7.5,2.0],"tintindex":0,"rotation":0,"texture":"#0"},"north":{"uv":[1.0,1.0,7.5,1.5],"tintindex":0,"rotation":0,"texture":"#0"},"west":{"uv":[2.5,5.0,3.0,5.5],"tintindex":0,"rotation":0,"texture":"#0"},"up":{"uv":[7.5,2.5,1.0,2.0],"tintindex":0,"rotation":0,"texture":"#0"},"down":{"uv":[7.5,2.5,1.0,3.0],"tintindex":0,"rotation":0,"texture":"#0"}}}],"display":{"head":{"rotation":[0.0,0.0,0.0]},"firstperson_righthand":{"rotation":[0.0,0.0,0.0]},"thirdperson_lefthand":{"rotation":[0.0,-0.0,-0.0]},"firstperson_lefthand":{"rotation":[0.0,-0.0,-0.0]},"fixed":{"rotation":[0.0,0.0,0.0]},"ground":{"rotation":[0.0,0.0,0.0]},"thirdperson_righthand":{"rotation":[0.0,0.0,0.0]},"gui":{"rotation":[-150.0,-45.0,180.0]}}}