{
  "parent": "item/handheld",
  "textures": {
    "layer0": "item/777_sword"
  }
}

{"format_version":"1.21.6","credit":"Made with Blockbench","texture_size":[128,128],"textures":{"0":"block/777"},"elements":[{"from":[19,31,6],"to":[21,32,17],"rotation":{"angle":0,"axis":"y","origin":[20,41,13]},"faces":{"north":{"uv":[2.875,4.375,3.125,4.5],"texture":"#0"},"east":{"uv":[1.5,4.375,2.875,4.5],"texture":"#0"},"south":{"uv":[4.5,4.375,4.75,4.5],"texture":"#0"},"west":{"uv":[3.125,4.375,4.5,4.5],"texture":"#0"},"up":{"uv":[3.125,4.375,2.875,3],"texture":"#0"},"down":{"uv":[3.375,3,3.125,4.375],"texture":"#0"}}},{"from":[19,31,0],"to":[21,32,11],"rotation":{"angle":-45,"axis":"x","origin":[20,49,7]},"faces":{"north":{"uv":[1.375,5.875,1.625,6],"texture":"#0"},"east":{"uv":[0,5.875,1.375,6],"texture":"#0"},"south":{"uv":[3,5.875,3.25,6],"texture":"#0"},"west":{"uv":[1.625,5.875,3,6],"texture":"#0"},"up":{"uv":[1.625,5.875,1.375,4.5],"texture":"#0"},"down":{"uv":[1.875,4.5,1.625,5.875],"texture":"#0"}}},{"from":[15,22,7],"to":[17,32,9],"rotation":{"angle":0,"axis":"y","origin":[16,31,8]},"faces":{"north":{"uv":[6,0.5,6.5,2],"texture":"#0"},"east":{"uv":[5.5,0.5,6,2],"texture":"#0"},"south":{"uv":[7,0.5,7.5,2],"texture":"#0"},"west":{"uv":[6.5,0.5,7,2],"texture":"#0"},"up":{"uv":[6.5,0.5,6,0],"texture":"#0"},"down":{"uv":[7,0,6.5,0.5],"texture":"#0"}}},{"from":[15,31,11],"to":[17,31,13],"rotation":{"angle":45,"axis":"y","origin":[16,31,12]},"faces":{"north":{"uv":[0.5,6.5,1,6.75],"texture":"#0"},"east":{"uv":[0,6.5,0.5,6.75],"texture":"#0"},"south":{"uv":[1.5,6.5,2,6.75],"texture":"#0"},"west":{"uv":[1,6.5,1.5,6.75],"texture":"#0"},"up":{"uv":[1,6.5,0.5,6],"texture":"#0"},"down":{"uv":[1.5,6,1,6.5],"texture":"#0"}}},{"from":[15,26,10],"to":[17,26,12],"rotation":{"angle":45,"axis":"y","origin":[16,26,11]},"faces":{"north":{"uv":[6.75,4.375,7.25,4.625],"texture":"#0"},"east":{"uv":[6.25,4.375,6.75,4.625],"texture":"#0"},"south":{"uv":[7.75,4.375,8.25,4.625],"texture":"#0"},"west":{"uv":[7.25,4.375,7.75,4.625],"texture":"#0"},"up":{"uv":[7.25,4.375,6.75,3.875],"texture":"#0"},"down":{"uv":[7.75,3.875,7.25,4.375],"texture":"#0"}}},{"from":[13,32,5],"to":[19,32,11],"rotation":{"angle":0,"axis":"y","origin":[14,40,6]},"faces":{"north":{"uv":[2.5,2.75,3.5,3],"texture":"#0"},"east":{"uv":[1.5,2.75,2.5,3],"texture":"#0"},"south":{"uv":[4.5,2.75,5.5,3],"texture":"#0"},"west":{"uv":[3.5,2.75,4.5,3],"texture":"#0"},"up":{"uv":[3.5,2.75,2.5,1.75],"texture":"#0"},"down":{"uv":[4.5,1.75,3.5,2.75],"texture":"#0"}}},{"from":[15,26,4],"to":[17,26,6],"rotation":{"angle":45,"axis":"y","origin":[16,26,5]},"faces":{"north":{"uv":[5,6.25,5.5,6.5],"texture":"#0"},"east":{"uv":[4.5,6.25,5,6.5],"texture":"#0"},"south":{"uv":[6,6.25,6.5,6.5],"texture":"#0"},"west":{"uv":[5.5,6.25,6,6.5],"texture":"#0"},"up":{"uv":[5.5,6.25,5,5.75],"texture":"#0"},"down":{"uv":[6,5.75,5.5,6.25],"texture":"#0"}}},{"from":[15,31,3],"to":[17,31,5],"rotation":{"angle":45,"axis":"y","origin":[16,31,4]},"faces":{"north":{"uv":[6,2.5,6.5,2.75],"texture":"#0"},"east":{"uv":[5.5,2.5,6,2.75],"texture":"#0"},"south":{"uv":[7,2.5,7.5,2.75],"texture":"#0"},"west":{"uv":[6.5,2.5,7,2.75],"texture":"#0"},"up":{"uv":[6.5,2.5,6,2],"texture":"#0"},"down":{"uv":[7,2,6.5,2.5],"texture":"#0"}}},{"from":[16,28,7],"to":[20,30,11],"rotation":{"angle":45,"axis":"y","origin":[17,28,8]},"faces":{"north":{"uv":[4,5.25,4.75,5.75],"texture":"#0"},"east":{"uv":[3.25,5.25,4,5.75],"texture":"#0"},"south":{"uv":[5.5,5.25,6.25,5.75],"texture":"#0"},"west":{"uv":[4.75,5.25,5.5,5.75],"texture":"#0"},"up":{"uv":[4.75,5.25,4,4.5],"texture":"#0"},"down":{"uv":[5.5,4.5,4.75,5.25],"texture":"#0"}}},{"from":[14,31,6],"to":[18,31,10],"rotation":{"angle":0,"axis":"y","origin":[16,33,12]},"faces":{"north":{"uv":[6.75,5.125,7.25,5.125],"texture":"#0"},"east":{"uv":[6.25,5.125,6.75,5.125],"texture":"#0"},"south":{"uv":[7.75,5.125,8.25,5.125],"texture":"#0"},"west":{"uv":[7.25,5.125,7.75,5.125],"texture":"#0"},"up":{"uv":[7.25,5.125,6.75,4.625],"texture":"#0"},"down":{"uv":[7.75,4.625,7.25,5.125],"texture":"#0"}}},{"from":[14,32,6],"to":[18,32,10],"rotation":{"angle":0,"axis":"y","origin":[16,35,12]},"faces":{"north":{"uv":[6.75,5.625,7.25,5.625],"texture":"#0"},"east":{"uv":[6.25,5.625,6.75,5.625],"texture":"#0"},"south":{"uv":[7.75,5.625,8.25,5.625],"texture":"#0"},"west":{"uv":[7.25,5.625,7.75,5.625],"texture":"#0"},"up":{"uv":[7.25,5.625,6.75,5.125],"texture":"#0"},"down":{"uv":[7.75,5.125,7.25,5.625],"texture":"#0"}}},{"from":[14,32,6],"to":[18,32,10],"rotation":{"angle":0,"axis":"y","origin":[16,37,12]},"faces":{"north":{"uv":[5,7,5.5,7],"texture":"#0"},"east":{"uv":[4.5,7,5,7],"texture":"#0"},"south":{"uv":[6,7,6.5,7],"texture":"#0"},"west":{"uv":[5.5,7,6,7],"texture":"#0"},"up":{"uv":[5.5,7,5,6.5],"texture":"#0"},"down":{"uv":[6,6.5,5.5,7],"texture":"#0"}}},{"from":[7,31,-2],"to":[9,32,-1],"rotation":{"angle":0,"axis":"y","origin":[8,47,-1]},"faces":{"north":{"uv":[6.875,2.875,7.125,3],"texture":"#0"},"east":{"uv":[6.75,2.875,6.875,3],"texture":"#0"},"south":{"uv":[7.25,2.875,7.5,3],"texture":"#0"},"west":{"uv":[7.125,2.875,7.25,3],"texture":"#0"},"up":{"uv":[7.125,2.875,6.875,2.75],"texture":"#0"},"down":{"uv":[7.375,2.75,7.125,2.875],"texture":"#0"}}},{"from":[7,31,17],"to":[9,32,18],"rotation":{"angle":0,"axis":"y","origin":[8,47,18]},"faces":{"north":{"uv":[6.625,7,6.875,7.125],"texture":"#0"},"east":{"uv":[6.5,7,6.625,7.125],"texture":"#0"},"south":{"uv":[7,7,7.25,7.125],"texture":"#0"},"west":{"uv":[6.875,7,7,7.125],"texture":"#0"},"up":{"uv":[6.875,7,6.625,6.875],"texture":"#0"},"down":{"uv":[7.125,6.875,6.875,7],"texture":"#0"}}},{"from":[7,30,2],"to":[9,32,14],"rotation":{"angle":0,"axis":"y","origin":[8,41,-17]},"faces":{"north":{"uv":[3,1.5,3.25,1.75],"texture":"#0"},"east":{"uv":[1.5,1.5,3,1.75],"texture":"#0"},"south":{"uv":[4.75,1.5,5,1.75],"texture":"#0"},"west":{"uv":[3.25,1.5,4.75,1.75],"texture":"#0"},"up":{"uv":[3.25,1.5,3,0],"texture":"#0"},"down":{"uv":[3.5,0,3.25,1.5],"texture":"#0"}}},{"from":[7,30,14],"to":[9,32,17],"rotation":{"angle":0,"axis":"y","origin":[8,43,-5]},"faces":{"north":{"uv":[5.125,4.25,5.375,4.5],"texture":"#0"},"east":{"uv":[4.75,4.25,5.125,4.5],"texture":"#0"},"south":{"uv":[5.75,4.25,6,4.5],"texture":"#0"},"west":{"uv":[5.375,4.25,5.75,4.5],"texture":"#0"},"up":{"uv":[5.375,4.25,5.125,3.875],"texture":"#0"},"down":{"uv":[5.625,3.875,5.375,4.25],"texture":"#0"}}},{"from":[7,30,-1],"to":[9,32,2],"rotation":{"angle":0,"axis":"y","origin":[8,43,-20]},"faces":{"north":{"uv":[0.375,4.25,0.625,4.5],"texture":"#0"},"east":{"uv":[0,4.25,0.375,4.5],"texture":"#0"},"south":{"uv":[1,4.25,1.25,4.5],"texture":"#0"},"west":{"uv":[0.625,4.25,1,4.5],"texture":"#0"},"up":{"uv":[0.625,4.25,0.375,3.875],"texture":"#0"},"down":{"uv":[0.875,3.875,0.625,4.25],"texture":"#0"}}},{"from":[7,30,5],"to":[9,32,6],"rotation":{"angle":0,"axis":"y","origin":[8,43,-19]},"faces":{"north":{"uv":[0.875,6.875,1.125,7.125],"texture":"#0"},"east":{"uv":[0.75,6.875,0.875,7.125],"texture":"#0"},"south":{"uv":[1.25,6.875,1.5,7.125],"texture":"#0"},"west":{"uv":[1.125,6.875,1.25,7.125],"texture":"#0"},"up":{"uv":[1.125,6.875,0.875,6.75],"texture":"#0"},"down":{"uv":[1.375,6.75,1.125,6.875],"texture":"#0"}}},{"from":[7,30,10],"to":[9,32,11],"rotation":{"angle":0,"axis":"y","origin":[8,43,-14]},"faces":{"north":{"uv":[0.125,6.875,0.375,7.125],"texture":"#0"},"east":{"uv":[0,6.875,0.125,7.125],"texture":"#0"},"south":{"uv":[0.5,6.875,0.75,7.125],"texture":"#0"},"west":{"uv":[0.375,6.875,0.5,7.125],"texture":"#0"},"up":{"uv":[0.375,6.875,0.125,6.75],"texture":"#0"},"down":{"uv":[0.625,6.75,0.375,6.875],"texture":"#0"}}},{"from":[7,23,6],"to":[9,32,8],"rotation":{"angle":0,"axis":"y","origin":[8,87,8]},"faces":{"north":{"uv":[2.25,6.25,2.5,7.375],"texture":"#0"},"east":{"uv":[2,6.25,2.25,7.375],"texture":"#0"},"south":{"uv":[2.75,6.25,3,7.375],"texture":"#0"},"west":{"uv":[2.5,6.25,2.75,7.375],"texture":"#0"},"up":{"uv":[2.5,6.25,2.25,6],"texture":"#0"},"down":{"uv":[2.75,6,2.5,6.25],"texture":"#0"}}},{"from":[7,25,6],"to":[9,32,7],"rotation":{"angle":0,"axis":"y","origin":[8,97,8]},"faces":{"north":{"uv":[6.625,5.75,6.875,6.625],"texture":"#0"},"east":{"uv":[6.5,5.75,6.625,6.625],"texture":"#0"},"south":{"uv":[7,5.75,7.25,6.625],"texture":"#0"},"west":{"uv":[6.875,5.75,7,6.625],"texture":"#0"},"up":{"uv":[6.875,5.75,6.625,5.625],"texture":"#0"},"down":{"uv":[7.125,5.625,6.875,5.75],"texture":"#0"}}},{"from":[7,18,6],"to":[9,32,9],"rotation":{"angle":0,"axis":"y","origin":[8,73,8]},"faces":{"north":{"uv":[3.625,6.125,3.875,7.875],"texture":"#0"},"east":{"uv":[3.25,6.125,3.625,7.875],"texture":"#0"},"south":{"uv":[4.25,6.125,4.5,7.875],"texture":"#0"},"west":{"uv":[3.875,6.125,4.25,7.875],"texture":"#0"},"up":{"uv":[3.875,6.125,3.625,5.75],"texture":"#0"},"down":{"uv":[4.125,5.75,3.875,6.125],"texture":"#0"}}},{"from":[7,5,6],"to":[9,32,10],"rotation":{"angle":0,"axis":"y","origin":[8,46,8]},"faces":{"north":{"uv":[0.5,0.5,0.75,3.875],"texture":"#0"},"east":{"uv":[0,0.5,0.5,3.875],"texture":"#0"},"south":{"uv":[1.25,0.5,1.5,3.875],"texture":"#0"},"west":{"uv":[0.75,0.5,1.25,3.875],"texture":"#0"},"up":{"uv":[0.75,0.5,0.5,0],"texture":"#0"},"down":{"uv":[1,0,0.75,0.5],"texture":"#0"}}},{"from":[5,31,5],"to":[11,32,11],"rotation":{"angle":0,"axis":"y","origin":[8,41,8]},"faces":{"north":{"uv":[5.5,3.75,6.25,3.875],"texture":"#0"},"east":{"uv":[4.75,3.75,5.5,3.875],"texture":"#0"},"south":{"uv":[7,3.75,7.75,3.875],"texture":"#0"},"west":{"uv":[6.25,3.75,7,3.875],"texture":"#0"},"up":{"uv":[6.25,3.75,5.5,3],"texture":"#0"},"down":{"uv":[7,3,6.25,3.75],"texture":"#0"}}},{"from":[7,32,5],"to":[9,32,6],"rotation":{"angle":-20,"axis":"z","origin":[6,56,0]},"faces":{"north":{"uv":[0,0.25,0.25,0.25],"texture":"#0"},"east":{"uv":[-0.125,0.25,0,0.25],"texture":"#0"},"south":{"uv":[0.375,0.25,0.625,0.25],"texture":"#0"},"west":{"uv":[0.25,0.25,0.375,0.25],"texture":"#0"},"up":{"uv":[0.25,0.25,0,0.125],"texture":"#0"},"down":{"uv":[0.5,0.125,0.25,0.25],"texture":"#0"}}},{"from":[7,32,10],"to":[9,32,11],"rotation":{"angle":-20,"axis":"z","origin":[6,56,5]},"faces":{"north":{"uv":[0,0.25,0.25,0.25],"texture":"#0"},"east":{"uv":[-0.125,0.25,0,0.25],"texture":"#0"},"south":{"uv":[0.375,0.25,0.625,0.25],"texture":"#0"},"west":{"uv":[0.25,0.25,0.375,0.25],"texture":"#0"},"up":{"uv":[0.25,0.25,0,0.125],"texture":"#0"},"down":{"uv":[0.5,0.125,0.25,0.25],"texture":"#0"}}},{"from":[6,31,6],"to":[7,32,7],"rotation":{"angle":0,"axis":"y","origin":[5,54,1]},"faces":{"north":{"uv":[5.125,0.375,5.25,0.5],"texture":"#0"},"east":{"uv":[5,0.375,5.125,0.5],"texture":"#0"},"south":{"uv":[5.375,0.375,5.5,0.5],"texture":"#0"},"west":{"uv":[5.25,0.375,5.375,0.5],"texture":"#0"},"up":{"uv":[5.25,0.375,5.125,0.25],"texture":"#0"},"down":{"uv":[5.375,0.25,5.25,0.375],"texture":"#0"}}},{"from":[6,31,9],"to":[7,32,10],"rotation":{"angle":0,"axis":"y","origin":[5,54,4]},"faces":{"north":{"uv":[5.125,0.875,5.25,1],"texture":"#0"},"east":{"uv":[5,0.875,5.125,1],"texture":"#0"},"south":{"uv":[5.375,0.875,5.5,1],"texture":"#0"},"west":{"uv":[5.25,0.875,5.375,1],"texture":"#0"},"up":{"uv":[5.25,0.875,5.125,0.75],"texture":"#0"},"down":{"uv":[5.375,0.75,5.25,0.875],"texture":"#0"}}},{"from":[6,31,10],"to":[7,32,11],"rotation":{"angle":0,"axis":"y","origin":[5,55,5]},"faces":{"north":{"uv":[5.125,1.125,5.25,1.25],"texture":"#0"},"east":{"uv":[5,1.125,5.125,1.25],"texture":"#0"},"south":{"uv":[5.375,1.125,5.5,1.25],"texture":"#0"},"west":{"uv":[5.25,1.125,5.375,1.25],"texture":"#0"},"up":{"uv":[5.25,1.125,5.125,1],"texture":"#0"},"down":{"uv":[5.375,1,5.25,1.125],"texture":"#0"}}},{"from":[9,31,9],"to":[10,32,10],"rotation":{"angle":0,"axis":"y","origin":[8,55,4]},"faces":{"north":{"uv":[5.125,1.625,5.25,1.75],"texture":"#0"},"east":{"uv":[5,1.625,5.125,1.75],"texture":"#0"},"south":{"uv":[5.375,1.625,5.5,1.75],"texture":"#0"},"west":{"uv":[5.25,1.625,5.375,1.75],"texture":"#0"},"up":{"uv":[5.25,1.625,5.125,1.5],"texture":"#0"},"down":{"uv":[5.375,1.5,5.25,1.625],"texture":"#0"}}},{"from":[9,31,6],"to":[10,32,7],"rotation":{"angle":0,"axis":"y","origin":[8,55,1]},"faces":{"north":{"uv":[1.625,6.875,1.75,7],"texture":"#0"},"east":{"uv":[1.5,6.875,1.625,7],"texture":"#0"},"south":{"uv":[1.875,6.875,2,7],"texture":"#0"},"west":{"uv":[1.75,6.875,1.875,7],"texture":"#0"},"up":{"uv":[1.75,6.875,1.625,6.75],"texture":"#0"},"down":{"uv":[1.875,6.75,1.75,6.875],"texture":"#0"}}},{"from":[6,31,5],"to":[7,32,6],"rotation":{"angle":0,"axis":"y","origin":[5,55,0]},"faces":{"north":{"uv":[5.125,1.375,5.25,1.5],"texture":"#0"},"east":{"uv":[5,1.375,5.125,1.5],"texture":"#0"},"south":{"uv":[5.375,1.375,5.5,1.5],"texture":"#0"},"west":{"uv":[5.25,1.375,5.375,1.5],"texture":"#0"},"up":{"uv":[5.25,1.375,5.125,1.25],"texture":"#0"},"down":{"uv":[5.375,1.25,5.25,1.375],"texture":"#0"}}},{"from":[6,31,5],"to":[10,32,6],"rotation":{"angle":0,"axis":"y","origin":[8,54,0]},"faces":{"north":{"uv":[5.625,2.875,6.125,3],"texture":"#0"},"east":{"uv":[5.5,2.875,5.625,3],"texture":"#0"},"south":{"uv":[6.25,2.875,6.75,3],"texture":"#0"},"west":{"uv":[6.125,2.875,6.25,3],"texture":"#0"},"up":{"uv":[6.125,2.875,5.625,2.75],"texture":"#0"},"down":{"uv":[6.625,2.75,6.125,2.875],"texture":"#0"}}},{"from":[6,31,10],"to":[10,32,11],"rotation":{"angle":0,"axis":"y","origin":[8,54,5]},"faces":{"north":{"uv":[6.625,6.75,7.125,6.875],"texture":"#0"},"east":{"uv":[6.5,6.75,6.625,6.875],"texture":"#0"},"south":{"uv":[7.25,6.75,7.75,6.875],"texture":"#0"},"west":{"uv":[7.125,6.75,7.25,6.875],"texture":"#0"},"up":{"uv":[7.125,6.75,6.625,6.625],"texture":"#0"},"down":{"uv":[7.625,6.625,7.125,6.75],"texture":"#0"}}},{"from":[9,31,6],"to":[10,32,7],"rotation":{"angle":0,"axis":"y","origin":[8,54,1]},"faces":{"north":{"uv":[5.125,0.125,5.25,0.25],"texture":"#0"},"east":{"uv":[5,0.125,5.125,0.25],"texture":"#0"},"south":{"uv":[5.375,0.125,5.5,0.25],"texture":"#0"},"west":{"uv":[5.25,0.125,5.375,0.25],"texture":"#0"},"up":{"uv":[5.25,0.125,5.125,0],"texture":"#0"},"down":{"uv":[5.375,0,5.25,0.125],"texture":"#0"}}},{"from":[9,31,9],"to":[10,32,10],"rotation":{"angle":0,"axis":"y","origin":[8,54,4]},"faces":{"north":{"uv":[5.125,0.625,5.25,0.75],"texture":"#0"},"east":{"uv":[5,0.625,5.125,0.75],"texture":"#0"},"south":{"uv":[5.375,0.625,5.5,0.75],"texture":"#0"},"west":{"uv":[5.25,0.625,5.375,0.75],"texture":"#0"},"up":{"uv":[5.25,0.625,5.125,0.5],"texture":"#0"},"down":{"uv":[5.375,0.5,5.25,0.625],"texture":"#0"}}}],"groups":[{"name":"bone6","origin":[20,41,14],"color":0,"children":[{"name":"bone7","origin":[20,49,7],"color":0,"children":[0,1]}]},{"name":"bone5","origin":[16,31,12],"color":0,"children":[2,3,4,5,6,7,8,9,10,11]},{"name":"bone","origin":[8,43,-5],"color":0,"children":[12,13,14,15,16,17,18]},{"name":"bone2","origin":[8,84,8],"color":0,"children":[19,20,21,22]},23,{"name":"bone4","origin":[6,56,0],"color":0,"children":[24,25]},{"name":"bone3","origin":[8,54,1],"color":0,"children":[26,27,28,29,30,31,32,33,34,35]}]}
