{"format_version":"1.21.6","credit":"Made with Blockbench","parent":"","texture_size":[64,64],"textures":{"0":"item/avocado","particle":"item/avocado"},"elements":[{"from":[5,0,4],"to":[11,0.7,6],"faces":{"north":{"uv":[6,5.5,9,6],"texture":"#0"},"east":{"uv":[4.5,12,5.5,12.5],"texture":"#0"},"south":{"uv":[10,3,13,3.5],"texture":"#0"},"west":{"uv":[12,6,13,6.5],"texture":"#0"},"up":{"uv":[12.5,4.5,9.5,3.5],"texture":"#0"},"down":{"uv":[12.5,4.5,9.5,5.5],"texture":"#0"}}},{"from":[5,8,4],"to":[11,9,7],"rotation":{"angle":0,"axis":"y","origin":[0,8,0]},"faces":{"north":{"uv":[10,8,13,8.5],"texture":"#0"},"east":{"uv":[11.5,9.5,13,10],"texture":"#0"},"south":{"uv":[10,8.5,13,9],"texture":"#0"},"west":{"uv":[11.5,10,13,10.5],"texture":"#0"},"up":{"uv":[3,8.5,0,7],"texture":"#0"},"down":{"uv":[11,0,8,1.5],"texture":"#0"}}},{"from":[5.6,9,4],"to":[10.4,11,6.7],"rotation":{"angle":0,"axis":"y","origin":[0,9,0]},"faces":{"north":{"uv":[9,9.5,11.5,10.5],"texture":"#0"},"east":{"uv":[10.5,5.5,12,6.5],"texture":"#0"},"south":{"uv":[0,10,2.5,11],"texture":"#0"},"west":{"uv":[10.5,6.5,12,7.5],"texture":"#0"},"up":{"uv":[10,9.5,7.5,8],"texture":"#0"},"down":{"uv":[2.5,8.5,0,10],"texture":"#0"}}},{"from":[4.4,0.7,4],"to":[11.6,8,7.5],"rotation":{"angle":0,"axis":"y","origin":[0,1,0]},"faces":{"north":{"uv":[0,0,3.5,3.5],"texture":"#0"},"east":{"uv":[6,0,8,3.5],"texture":"#0"},"south":{"uv":[0,3.5,3.5,7],"texture":"#0"},"west":{"uv":[3.5,6,5.5,9.5],"texture":"#0"},"up":{"uv":[9.5,5.5,6,3.5],"texture":"#0"},"down":{"uv":[9,6,5.5,8],"texture":"#0"}}},{"from":[5.3,1.5,7.5],"to":[10.7,7.2,8.5],"rotation":{"angle":0,"axis":"y","origin":[0,1,6.5]},"faces":{"north":{"uv":[3.5,0,6,3],"texture":"#0"},"east":{"uv":[7,10,7.5,13],"texture":"#0"},"south":{"uv":[3.5,3,6,6],"texture":"#0"},"west":{"uv":[9,10.5,9.5,13.5],"texture":"#0"},"up":{"uv":[12.5,9.5,10,9],"texture":"#0"},"down":{"uv":[13,7.5,10.5,8],"texture":"#0"}}},{"from":[5.8,2.7,8.5],"to":[10.3,6.4,9.5],"rotation":{"angle":0,"axis":"y","origin":[0,1,8]},"faces":{"north":{"uv":[8,1.5,10,3.5],"texture":"#0"},"east":{"uv":[0,11,0.5,13],"texture":"#0"},"south":{"uv":[5.5,8,7.5,10],"texture":"#0"},"west":{"uv":[0.5,11,1,13],"texture":"#0"},"up":{"uv":[13,0.5,11,0],"texture":"#0"},"down":{"uv":[13,0.5,11,1],"texture":"#0"}}},{"from":[11.6,1.4,4],"to":[12.3,6.3,6.6],"rotation":{"angle":0,"axis":"y","origin":[7.2,0,0]},"faces":{"north":{"uv":[3,7,3.5,9.5],"texture":"#0"},"east":{"uv":[9,5.5,10.5,8],"texture":"#0"},"south":{"uv":[9.5,10.5,10,13],"texture":"#0"},"west":{"uv":[2.5,9.5,4,12],"texture":"#0"},"up":{"uv":[12,12,11.5,10.5],"texture":"#0"},"down":{"uv":[12.5,1,12,2.5],"texture":"#0"}}},{"from":[3.7,1.4,4],"to":[4.4,6.1,6.7],"rotation":{"angle":0,"axis":"y","origin":[-0.7,0,0]},"faces":{"north":{"uv":[10,10.5,10.5,13],"texture":"#0"},"east":{"uv":[4,9.5,5.5,12],"texture":"#0"},"south":{"uv":[10.5,10.5,11,13],"texture":"#0"},"west":{"uv":[7.5,9.5,9,12],"texture":"#0"},"up":{"uv":[3,13.5,2.5,12],"texture":"#0"},"down":{"uv":[3.5,12,3,13.5],"texture":"#0"}}},{"from":[7,11,5],"to":[7.9,13,6],"rotation":{"angle":0,"axis":"y","origin":[7,11,4]},"faces":{"north":{"uv":[2.5,8.5,3,9.5],"texture":"#0"},"east":{"uv":[12,6.5,12.5,7.5],"texture":"#0"},"south":{"uv":[7.5,12,8,13],"texture":"#0"},"west":{"uv":[8,12,8.5,13],"texture":"#0"},"up":{"uv":[11.5,1.5,11,1],"texture":"#0"},"down":{"uv":[13,2,12.5,2.5],"texture":"#0"}}},{"from":[6.5,2,3],"to":[9.3,5,4],"rotation":{"angle":0,"axis":"y","origin":[7,3,2]},"faces":{"north":{"uv":[10,1.5,11.5,3],"texture":"#0"},"east":{"uv":[3.5,12,4,13.5],"texture":"#0"},"south":{"uv":[5.5,10,7,11.5],"texture":"#0"},"west":{"uv":[4,12,4.5,13.5],"texture":"#0"},"up":{"uv":[13.5,3,12,2.5],"texture":"#0"},"down":{"uv":[13.5,5.5,12,6],"texture":"#0"}}},{"from":[7,2.5,2.5],"to":[8.8,4.5,3],"rotation":{"angle":0,"axis":"y","origin":[7,3,1]},"faces":{"north":{"uv":[10,1.5,11.5,3],"texture":"#0"},"east":{"uv":[3.5,12,4,13.5],"texture":"#0"},"south":{"uv":[5.5,10,7,11.5],"texture":"#0"},"west":{"uv":[4,12,4.5,13.5],"texture":"#0"},"up":{"uv":[13.5,3,12,2.5],"texture":"#0"},"down":{"uv":[13.5,5.5,12,6],"texture":"#0"}}},{"from":[6,0,2],"to":[7,1,4],"rotation":{"angle":0,"axis":"y","origin":[6,0,5]},"faces":{"north":{"uv":[4.5,12.5,5,13],"texture":"#0"},"east":{"uv":[12,10.5,13,11],"texture":"#0"},"south":{"uv":[12.5,4.5,13,5],"texture":"#0"},"west":{"uv":[12,11,13,11.5],"texture":"#0"},"up":{"uv":[9,13,8.5,12],"texture":"#0"},"down":{"uv":[12,12,11.5,13],"texture":"#0"}}},{"from":[3.7,1.2,4.4],"to":[4.7,5,5.4],"rotation":{"angle":-35.5,"axis":"z","origin":[4.7,5,5.4]},"faces":{"north":{"uv":[1,11,1.5,13],"texture":"#0"},"east":{"uv":[1.5,11,2,13],"texture":"#0"},"south":{"uv":[2,11,2.5,13],"texture":"#0"},"west":{"uv":[11,10.5,11.5,12.5],"texture":"#0"},"up":{"uv":[5.5,13,5,12.5],"texture":"#0"},"down":{"uv":[13,5,12.5,5.5],"texture":"#0"}}},{"from":[10.7,1.7,4.4],"to":[11.7,6,5.4],"rotation":{"angle":39.5,"axis":"z","origin":[11.7,6,5.4]},"faces":{"north":{"uv":[11.5,1,12,3],"texture":"#0"},"east":{"uv":[5.5,11.5,6,13.5],"texture":"#0"},"south":{"uv":[6,11.5,6.5,13.5],"texture":"#0"},"west":{"uv":[6.5,11.5,7,13.5],"texture":"#0"},"up":{"uv":[13,7,12.5,6.5],"texture":"#0"},"down":{"uv":[13,7,12.5,7.5],"texture":"#0"}}},{"from":[9,0,2],"to":[10,1,4],"rotation":{"angle":0,"axis":"y","origin":[8,0,2]},"faces":{"north":{"uv":[12.5,9,13,9.5],"texture":"#0"},"east":{"uv":[12,11.5,13,12],"texture":"#0"},"south":{"uv":[11,12.5,11.5,13],"texture":"#0"},"west":{"uv":[12,12,13,12.5],"texture":"#0"},"up":{"uv":[13,2,12.5,1],"texture":"#0"},"down":{"uv":[13,3.5,12.5,4.5],"texture":"#0"}}},{"from":[9.25,2.5,3],"to":[9.75,4.5,4],"rotation":{"angle":0,"axis":"y","origin":[8.25,3,2]},"faces":{"north":{"uv":[14.5,0,16,1.5],"texture":"#0"},"east":{"uv":[15,0,16,1],"texture":"#0"},"south":{"uv":[14.5,0,16,1.5],"texture":"#0"},"west":{"uv":[14.5,0,16,1.5],"texture":"#0"},"up":{"uv":[16,1.5,14.5,0],"texture":"#0"},"down":{"uv":[16,0,14.5,1.5],"texture":"#0"}}},{"from":[6,2.5,3],"to":[6.5,4.5,4],"rotation":{"angle":0,"axis":"y","origin":[5,3,2]},"faces":{"north":{"uv":[14.5,0,16,1.5],"texture":"#0"},"east":{"uv":[15,0,16,1],"texture":"#0"},"south":{"uv":[14.5,0,16,1.5],"texture":"#0"},"west":{"uv":[14.5,0,16,1.5],"texture":"#0"},"up":{"uv":[16,1.5,14.5,0],"texture":"#0"},"down":{"uv":[16,0,14.5,1.5],"texture":"#0"}}},{"from":[6.75,5,3],"to":[9,5.5,4],"rotation":{"angle":0,"axis":"y","origin":[6.5,5.5,2]},"faces":{"north":{"uv":[14.5,0,16,1.5],"texture":"#0"},"east":{"uv":[15,0,16,1],"texture":"#0"},"south":{"uv":[14.5,0,16,1.5],"texture":"#0"},"west":{"uv":[14.5,0,16,1.5],"texture":"#0"},"up":{"uv":[16,1.5,14.5,0],"texture":"#0"},"down":{"uv":[16,0,14.5,1.5],"texture":"#0"}}},{"from":[6.75,1.5,3],"to":[9,2,4],"rotation":{"angle":0,"axis":"y","origin":[6.5,2,2]},"faces":{"north":{"uv":[14.5,0,16,1.5],"texture":"#0"},"east":{"uv":[15,0,16,1],"texture":"#0"},"south":{"uv":[14.5,0,16,1.5],"texture":"#0"},"west":{"uv":[14.5,0,16,1.5],"texture":"#0"},"up":{"uv":[16,1.5,14.5,0],"texture":"#0"},"down":{"uv":[16,0,14.5,1.5],"texture":"#0"}}}],"display":{"thirdperson_righthand":{"rotation":[5.75,0,0],"translation":[0,1.75,0]},"thirdperson_lefthand":{"rotation":[5,0,0],"translation":[0,1.5,2]},"firstperson_righthand":{"rotation":[-164.49,84.16,121.15],"translation":[4,6.5,0]},"firstperson_lefthand":{"rotation":[-121.8,84.1,100.9],"translation":[5.5,6.75,0]},"ground":{"rotation":[-180,-0.25,-180],"translation":[0,3.25,0]},"gui":{"rotation":[-180,-0.5,-180],"translation":[0,2.5,0],"scale":[1.28125,1.28125,1.28125]},"head":{"translation":[0,14.5,1]},"fixed":{"translation":[0,1.5,1.25]}},"groups":[{"name":"group","origin":[0,9,0],"color":0,"children":[0,1,2,3,4,5,6,7,8,9,10,11,12,13,14,15,16,17,18]}]}
