{"format_version":"1.21.6","credit":"Made with Blockbench","parent":"","texture_size":[64,64],"textures":{"0":"item/beardoll","particle":"item/beardoll"},"elements":[{"from":[10,0,6],"to":[12,2,9],"rotation":{"angle":0,"axis":"y","origin":[10,0,6]},"faces":{"north":{"uv":[4.5,3.5,5,4],"texture":"#0"},"east":{"uv":[8.75,8.25,9.5,8.75],"texture":"#0"},"south":{"uv":[9.5,3,10,3.5],"texture":"#0"},"west":{"uv":[8.75,8.75,9.5,9.25],"texture":"#0"},"up":{"uv":[1.5,9.5,1,8.75],"texture":"#0"},"down":{"uv":[2,9,1.5,9.75],"texture":"#0"}}},{"from":[4,0,6],"to":[6,2,9],"rotation":{"angle":0,"axis":"y","origin":[4,0,6]},"faces":{"north":{"uv":[6,9.5,6.5,10],"texture":"#0"},"east":{"uv":[3.5,9,4.25,9.5],"texture":"#0"},"south":{"uv":[6.5,9.5,7,10],"texture":"#0"},"west":{"uv":[6.5,9,7.25,9.5],"texture":"#0"},"up":{"uv":[2.5,9.75,2,9],"texture":"#0"},"down":{"uv":[7.75,9,7.25,9.75],"texture":"#0"}}},{"from":[7,1,15],"to":[9,3,18],"rotation":{"angle":0,"axis":"y","origin":[7,1,16]},"faces":{"north":{"uv":[7.75,9.5,8.25,10],"texture":"#0"},"east":{"uv":[8.25,2.5,9.25,3],"texture":"#0"},"south":{"uv":[9.5,8.25,10,8.75],"texture":"#0"},"west":{"uv":[1.5,8.5,2.5,9],"texture":"#0"},"up":{"uv":[3,9.5,2.5,8.5],"texture":"#0"},"down":{"uv":[3.5,8.5,3,9.5],"texture":"#0"}}},{"from":[11.18691,2.76846,11],"to":[13.18691,7.76846,13],"rotation":{"angle":37.5,"axis":"z","origin":[13.3,7.3,12]},"faces":{"north":{"uv":[0,7.5,0.5,8.75],"texture":"#0"},"east":{"uv":[0.5,7.5,1,8.75],"texture":"#0"},"south":{"uv":[1,7.5,1.5,8.75],"texture":"#0"},"west":{"uv":[8.25,1.25,8.75,2.5],"texture":"#0"},"up":{"uv":[3,10.25,2.5,9.75],"texture":"#0"},"down":{"uv":[3.5,9.75,3,10.25],"texture":"#0"}}},{"from":[0.41309,3.83154,11],"to":[2.41309,8.83154,13],"rotation":{"angle":-40,"axis":"z","origin":[0.3,4.3,12]},"faces":{"north":{"uv":[4.5,8.25,5,9.5],"texture":"#0"},"east":{"uv":[5,8.25,5.5,9.5],"texture":"#0"},"south":{"uv":[5.5,8.25,6,9.5],"texture":"#0"},"west":{"uv":[6,8.25,6.5,9.5],"texture":"#0"},"up":{"uv":[4,10.25,3.5,9.75],"texture":"#0"},"down":{"uv":[10.25,4.5,9.75,5],"texture":"#0"}}},{"from":[2.5,13.7,12],"to":[5.3,16.3,13],"rotation":{"angle":0,"axis":"y","origin":[3,14,12]},"faces":{"north":{"uv":[6.5,4.5,7.25,5.25],"texture":"#0"},"east":{"uv":[7.25,4.5,7.5,5.25],"texture":"#0"},"south":{"uv":[6.5,8.25,7.25,9],"texture":"#0"},"west":{"uv":[7,9.5,7.25,10.25],"texture":"#0"},"up":{"uv":[10.5,5.5,9.75,5.25],"texture":"#0"},"down":{"uv":[10.5,5.5,9.75,5.75],"texture":"#0"}}},{"from":[10.5,13.7,12],"to":[13.3,16.3,13],"rotation":{"angle":0,"axis":"y","origin":[11,14,12]},"faces":{"north":{"uv":[7.25,8.25,8,9],"texture":"#0"},"east":{"uv":[8.25,9.5,8.5,10.25],"texture":"#0"},"south":{"uv":[8,8.25,8.75,9],"texture":"#0"},"west":{"uv":[9.75,7,10,7.75],"texture":"#0"},"up":{"uv":[10.5,6,9.75,5.75],"texture":"#0"},"down":{"uv":[10.5,7.75,9.75,8],"texture":"#0"}}},{"from":[5,0,8.6],"to":[11,6,9],"rotation":{"angle":0,"axis":"y","origin":[7,0,7]},"faces":{"north":{"uv":[1.5,7,3,8.5],"texture":"#0"},"east":{"uv":[4.25,9,4.5,10.5],"texture":"#0"},"south":{"uv":[3,7,4.5,8.5],"texture":"#0"},"west":{"uv":[1,9.5,1.25,11],"texture":"#0"},"up":{"uv":[10.75,3,9.25,2.75],"texture":"#0"},"down":{"uv":[4,9.5,2.5,9.75],"texture":"#0"}}},{"from":[6,9,6.6],"to":[10,11,8],"rotation":{"angle":0,"axis":"y","origin":[6,5,9]},"faces":{"north":{"uv":[8.5,3,9.5,3.5],"texture":"#0"},"east":{"uv":[6.25,3,6.5,3.5],"texture":"#0"},"south":{"uv":[3.5,8.5,4.5,9],"texture":"#0"},"west":{"uv":[7.25,9.75,7.5,10.25],"texture":"#0"},"up":{"uv":[7.5,5.5,6.5,5.25],"texture":"#0"},"down":{"uv":[10.75,5,9.75,5.25],"texture":"#0"}}},{"from":[3,0,9],"to":[13,8,15],"faces":{"north":{"uv":[0,0,2.5,2],"texture":"#0"},"east":{"uv":[5,3.5,6.5,5.5],"texture":"#0"},"south":{"uv":[0,2,2.5,4],"texture":"#0"},"west":{"uv":[0,5.5,1.5,7.5],"texture":"#0"},"up":{"uv":[2.5,5.5,0,4],"texture":"#0"},"down":{"uv":[5,4,2.5,5.5],"texture":"#0"}}},{"from":[4,1,15],"to":[12,7,16],"rotation":{"angle":0,"axis":"y","origin":[0,0,6]},"faces":{"north":{"uv":[6.25,1.5,8.25,3],"texture":"#0"},"east":{"uv":[1.25,9.5,1.5,11],"texture":"#0"},"south":{"uv":[6.5,3,8.5,4.5],"texture":"#0"},"west":{"uv":[4,9.5,4.25,11],"texture":"#0"},"up":{"uv":[10.5,3.75,8.5,3.5],"texture":"#0"},"down":{"uv":[10.5,3.75,8.5,4],"texture":"#0"}}},{"from":[4,8,8],"to":[12,14,16],"rotation":{"angle":0,"axis":"y","origin":[0,8,0]},"faces":{"north":{"uv":[1.5,5.5,3.5,7],"texture":"#0"},"east":{"uv":[3.5,5.5,5.5,7],"texture":"#0"},"south":{"uv":[5.5,5.5,7.5,7],"texture":"#0"},"west":{"uv":[6.25,0,8.25,1.5],"texture":"#0"},"up":{"uv":[4.5,2,2.5,0],"texture":"#0"},"down":{"uv":[4.5,2,2.5,4],"texture":"#0"}}},{"from":[4.5,14,8.5],"to":[11.5,14.6,15.5],"rotation":{"angle":0,"axis":"y","origin":[0,14,0]},"faces":{"north":{"uv":[8.75,1.25,10.5,1.5],"texture":"#0"},"east":{"uv":[8.75,1.5,10.5,1.75],"texture":"#0"},"south":{"uv":[8.75,1.75,10.5,2],"texture":"#0"},"west":{"uv":[8.75,2,10.5,2.25],"texture":"#0"},"up":{"uv":[6.25,1.75,4.5,0],"texture":"#0"},"down":{"uv":[6.25,1.75,4.5,3.5],"texture":"#0"}}},{"from":[12,8.6,8.6],"to":[12.7,13.5,15.5],"rotation":{"angle":0,"axis":"y","origin":[8,8,0]},"faces":{"north":{"uv":[5,9.5,5.25,10.75],"texture":"#0"},"east":{"uv":[7.5,4.5,9.25,5.75],"texture":"#0"},"south":{"uv":[5.25,9.5,5.5,10.75],"texture":"#0"},"west":{"uv":[7.5,5.75,9.25,7],"texture":"#0"},"up":{"uv":[0.25,10.5,0,8.75],"texture":"#0"},"down":{"uv":[0.5,8.75,0.25,10.5],"texture":"#0"}}},{"from":[3.3,8.6,8.6],"to":[4,13.5,15.5],"rotation":{"angle":0,"axis":"y","origin":[-0.7,8,0]},"faces":{"north":{"uv":[5.5,9.5,5.75,10.75],"texture":"#0"},"east":{"uv":[8,7,9.75,8.25],"texture":"#0"},"south":{"uv":[5.75,9.5,6,10.75],"texture":"#0"},"west":{"uv":[8.25,0,10,1.25],"texture":"#0"},"up":{"uv":[0.75,10.5,0.5,8.75],"texture":"#0"},"down":{"uv":[1,8.75,0.75,10.5],"texture":"#0"}}},{"from":[4.6,8.7,16],"to":[11.4,13.6,16.7],"rotation":{"angle":0,"axis":"y","origin":[0,8,1]},"faces":{"north":{"uv":[4.5,7,6.25,8.25],"texture":"#0"},"east":{"uv":[4.5,9.5,4.75,10.75],"texture":"#0"},"south":{"uv":[6.25,7,8,8.25],"texture":"#0"},"west":{"uv":[4.75,9.5,5,10.75],"texture":"#0"},"up":{"uv":[10.25,4.25,8.5,4],"texture":"#0"},"down":{"uv":[10.25,4.25,8.5,4.5],"texture":"#0"}}}],"display":{"thirdperson_righthand":{"rotation":[31.5,0,0],"translation":[0,3.25,-1.25]},"thirdperson_lefthand":{"rotation":[69.1,-30.24,13.28],"translation":[0,3,-0.5]},"firstperson_righthand":{"rotation":[98.26,52.76,-130.5]},"firstperson_lefthand":{"rotation":[129.26,51.11,-153.37]},"ground":{"rotation":[-180,-0.5,-180],"translation":[0,2.5,4]},"gui":{"rotation":[-180,-0.25,-180],"translation":[0.25,0,0]},"head":{"translation":[0,14.5,-2.5]},"fixed":{"rotation":[-0.5,0,0],"translation":[0,0.25,-7.5]}},"groups":[{"name":"group","origin":[4,0,9],"color":0,"children":[0]},{"name":"group","origin":[4,0,9],"color":0,"children":[1]},{"name":"group","origin":[7,1,16],"color":0,"children":[2]},{"name":"group","origin":[8,8,8],"color":0,"children":[3,4,5,6,7,8,9,10,11,12,13,14,15]}]}
