{
    "parent": "item/handheld",
    "textures": {
        "layer0": "item/godsword"
    },
    "display": {
        "thirdperson_righthand": {
            "rotation": [
                0,
                90,
                -35
            ],
            "translation": [
                0,
                4,
                0
            ],
            "scale": [
                0.9,
                0.9,
                0.9
            ]
        },
        "firstperson_righthand": {
            "rotation": [
                0,
                -135,
                25
            ],
            "translation": [
                1.13,
                3.2,
                1.13
            ],
            "scale": [
                0.68,
                0.68,
                0.68
            ]
        }
    }
}