{"format_version":"1.21.6","credit":"Made with Blockbench","parent":"","texture_size":[64,64],"textures":{"0":"block/jerry"},"elements":[{"from":[8,15,0],"to":[10,19,1],"rotation":{"angle":0,"axis":"y","origin":[9,15,0]},"faces":{"north":{"uv":[8.25,7.25,8.75,8.25],"texture":"#0"},"east":{"uv":[1.25,9.5,1.5,10.5],"texture":"#0"},"south":{"uv":[8.25,8.25,8.75,9.25],"texture":"#0"},"west":{"uv":[9.5,2.5,9.75,3.5],"texture":"#0"},"up":{"uv":[6,10.25,5.5,10],"texture":"#0"},"down":{"uv":[7,10,6.5,10.25],"texture":"#0"}}},{"from":[8,14,15],"to":[10,19,16],"rotation":{"angle":0,"axis":"y","origin":[9,15,14]},"faces":{"north":{"uv":[7.75,2.5,8.25,3.75],"texture":"#0"},"east":{"uv":[6.25,9.25,6.5,10.5],"texture":"#0"},"south":{"uv":[7.75,7.25,8.25,8.5],"texture":"#0"},"west":{"uv":[0.5,9.5,0.75,10.75],"texture":"#0"},"up":{"uv":[7.5,10.25,7,10],"texture":"#0"},"down":{"uv":[8.75,10,8.25,10.25],"texture":"#0"}}},{"from":[8,13,1],"to":[10,18,3],"rotation":{"angle":0,"axis":"y","origin":[9,14,1]},"faces":{"north":{"uv":[1.5,8,2,9.25],"texture":"#0"},"east":{"uv":[2,8,2.5,9.25],"texture":"#0"},"south":{"uv":[2.5,8,3,9.25],"texture":"#0"},"west":{"uv":[3,8,3.5,9.25],"texture":"#0"},"up":{"uv":[3.75,10,3.25,9.5],"texture":"#0"},"down":{"uv":[4.25,9.5,3.75,10],"texture":"#0"}}},{"from":[8,13,3],"to":[10,17,4],"rotation":{"angle":0,"axis":"y","origin":[9,13,2]},"faces":{"north":{"uv":[0,8.5,0.5,9.5],"texture":"#0"},"east":{"uv":[4.25,9.5,4.5,10.5],"texture":"#0"},"south":{"uv":[0.5,8.5,1,9.5],"texture":"#0"},"west":{"uv":[4.5,9.5,4.75,10.5],"texture":"#0"},"up":{"uv":[9.75,10.25,9.25,10],"texture":"#0"},"down":{"uv":[10.25,10,9.75,10.25],"texture":"#0"}}},{"from":[8,13,12],"to":[10,17,13],"rotation":{"angle":0,"axis":"y","origin":[9,13,13]},"faces":{"north":{"uv":[1,8.5,1.5,9.5],"texture":"#0"},"east":{"uv":[9.5,4.5,9.75,5.5],"texture":"#0"},"south":{"uv":[8.5,3.5,9,4.5],"texture":"#0"},"west":{"uv":[4.75,9.5,5,10.5],"texture":"#0"},"up":{"uv":[0.5,10.5,0,10.25],"texture":"#0"},"down":{"uv":[2,10.25,1.5,10.5],"texture":"#0"}}},{"from":[8,13,13],"to":[10,18,15],"rotation":{"angle":0,"axis":"y","origin":[9,14,14]},"faces":{"north":{"uv":[3.5,8,4,9.25],"texture":"#0"},"east":{"uv":[8,3.75,8.5,5],"texture":"#0"},"south":{"uv":[4,8,4.5,9.25],"texture":"#0"},"west":{"uv":[4.5,8,5,9.25],"texture":"#0"},"up":{"uv":[5.5,10,5,9.5],"texture":"#0"},"down":{"uv":[6,9.5,5.5,10],"texture":"#0"}}},{"from":[7,16,6],"to":[10,18,10],"rotation":{"angle":0,"axis":"y","origin":[9,16,9]},"faces":{"north":{"uv":[9,4,9.75,4.5],"texture":"#0"},"east":{"uv":[8.5,4.5,9.5,5],"texture":"#0"},"south":{"uv":[9,8,9.75,8.5],"texture":"#0"},"west":{"uv":[8.5,5,9.5,5.5],"texture":"#0"},"up":{"uv":[0.75,8.5,0,7.5],"texture":"#0"},"down":{"uv":[1.5,7.5,0.75,8.5],"texture":"#0"}}},{"from":[6,15,5],"to":[11,16,11],"rotation":{"angle":0,"axis":"y","origin":[11,14,8]},"faces":{"north":{"uv":[5.75,5.25,7,5.5],"texture":"#0"},"east":{"uv":[9,8.5,10.5,8.75],"texture":"#0"},"south":{"uv":[9.25,7,10.5,7.25],"texture":"#0"},"west":{"uv":[9,8.75,10.5,9],"texture":"#0"},"up":{"uv":[7,5.25,5.75,3.75],"texture":"#0"},"down":{"uv":[8.25,0,7,1.5],"texture":"#0"}}},{"from":[3,10,7],"to":[5,11,9],"rotation":{"angle":0,"axis":"y","origin":[6,14,11]},"faces":{"north":{"uv":[5.25,1.75,5.75,2],"texture":"#0"},"east":{"uv":[9.5,1.25,10,1.5],"texture":"#0"},"south":{"uv":[10,2.25,10.5,2.5],"texture":"#0"},"west":{"uv":[5,10,5.5,10.25],"texture":"#0"},"up":{"uv":[1.25,10,0.75,9.5],"texture":"#0"},"down":{"uv":[10,0.75,9.5,1.25],"texture":"#0"}}},{"from":[4,9,7],"to":[5,10,9],"rotation":{"angle":0,"axis":"y","origin":[6,13,11]},"faces":{"north":{"uv":[8.25,3.5,8.5,3.75],"texture":"#0"},"east":{"uv":[2,10.25,2.5,10.5],"texture":"#0"},"south":{"uv":[2,9.75,2.25,10],"texture":"#0"},"west":{"uv":[10.25,2.5,10.75,2.75],"texture":"#0"},"up":{"uv":[1.75,8,1.5,7.5],"texture":"#0"},"down":{"uv":[4.25,10,4,10.5],"texture":"#0"}}},{"from":[5,8,2],"to":[8,10,3],"rotation":{"angle":0,"axis":"y","origin":[9,12,5]},"faces":{"north":{"uv":[9,9,9.75,9.5],"texture":"#0"},"east":{"uv":[2.5,10.25,2.75,10.75],"texture":"#0"},"south":{"uv":[1.5,9.25,2.25,9.75],"texture":"#0"},"west":{"uv":[10.25,2.75,10.5,3.25],"texture":"#0"},"up":{"uv":[7.75,1.75,7,1.5],"texture":"#0"},"down":{"uv":[10.5,6.75,9.75,7],"texture":"#0"}}},{"from":[5,8,13],"to":[8,10,14],"rotation":{"angle":0,"axis":"y","origin":[9,12,16]},"faces":{"north":{"uv":[9.25,1.5,10,2],"texture":"#0"},"east":{"uv":[10.25,4,10.5,4.5],"texture":"#0"},"south":{"uv":[9.25,2,10,2.5],"texture":"#0"},"west":{"uv":[10.25,4.5,10.5,5],"texture":"#0"},"up":{"uv":[2.75,10.25,2,10],"texture":"#0"},"down":{"uv":[10.75,2,10,2.25],"texture":"#0"}}},{"from":[5,14,4],"to":[12,15,12],"rotation":{"angle":0,"axis":"y","origin":[9,14,8]},"faces":{"north":{"uv":[8.5,6,10.25,6.25],"texture":"#0"},"east":{"uv":[8.5,5.5,10.5,5.75],"texture":"#0"},"south":{"uv":[8.75,7.25,10.5,7.5],"texture":"#0"},"west":{"uv":[8.5,5.75,10.5,6],"texture":"#0"},"up":{"uv":[1.75,2,0,0],"texture":"#0"},"down":{"uv":[3.5,0,1.75,2],"texture":"#0"}}},{"from":[5,7,12],"to":[12,14,13],"rotation":{"angle":0,"axis":"y","origin":[9,14,15]},"faces":{"north":{"uv":[4,2,5.75,3.75],"texture":"#0"},"east":{"uv":[7.5,8.5,7.75,10.25],"texture":"#0"},"south":{"uv":[5.25,0,7,1.75],"texture":"#0"},"west":{"uv":[7.75,8.5,8,10.25],"texture":"#0"},"up":{"uv":[10.5,7.75,8.75,7.5],"texture":"#0"},"down":{"uv":[10.5,7.75,8.75,8],"texture":"#0"}}},{"from":[5,7,3],"to":[12,14,4],"rotation":{"angle":0,"axis":"y","origin":[8,8,6]},"faces":{"north":{"uv":[1.75,5.5,3.5,7.25],"texture":"#0"},"east":{"uv":[8,8.5,8.25,10.25],"texture":"#0"},"south":{"uv":[3.5,5.5,5.25,7.25],"texture":"#0"},"west":{"uv":[8.75,8,9,9.75],"texture":"#0"},"up":{"uv":[10.75,3.75,9,3.5],"texture":"#0"},"down":{"uv":[10.75,3.75,9,4],"texture":"#0"}}},{"from":[5,7,4],"to":[12,14,12],"rotation":{"angle":0,"axis":"y","origin":[8,8,8]},"faces":{"north":{"uv":[5.25,5.5,7,7.25],"texture":"#0"},"east":{"uv":[0,2,2,3.75],"texture":"#0"},"south":{"uv":[0,5.75,1.75,7.5],"texture":"#0"},"west":{"uv":[2,2,4,3.75],"texture":"#0"},"up":{"uv":[5.25,2,3.5,0],"texture":"#0"},"down":{"uv":[1.75,3.75,0,5.75],"texture":"#0"}}},{"from":[4,4,10],"to":[6,5,11],"rotation":{"angle":0,"axis":"y","origin":[5,2,11]},"faces":{"north":{"uv":[10.25,3.25,10.75,3.5],"texture":"#0"},"east":{"uv":[2,10.5,2.25,10.75],"texture":"#0"},"south":{"uv":[5,10.25,5.5,10.5],"texture":"#0"},"west":{"uv":[2.25,10.5,2.5,10.75],"texture":"#0"},"up":{"uv":[10.75,5.25,10.25,5],"texture":"#0"},"down":{"uv":[10.75,5.25,10.25,5.5],"texture":"#0"}}},{"from":[4,3,9],"to":[6,5,10],"rotation":{"angle":0,"axis":"y","origin":[5,2,10]},"faces":{"north":{"uv":[6.5,9.5,7,10],"texture":"#0"},"east":{"uv":[5.5,10.25,5.75,10.75],"texture":"#0"},"south":{"uv":[7,9.5,7.5,10],"texture":"#0"},"west":{"uv":[5.75,10.25,6,10.75],"texture":"#0"},"up":{"uv":[10.75,6.25,10.25,6],"texture":"#0"},"down":{"uv":[10.75,6.25,10.25,6.5],"texture":"#0"}}},{"from":[4,2,8],"to":[6,5,9],"rotation":{"angle":0,"axis":"y","origin":[5,2,9]},"faces":{"north":{"uv":[2.25,9.25,2.75,10],"texture":"#0"},"east":{"uv":[8.75,9.75,9,10.5],"texture":"#0"},"south":{"uv":[2.75,9.25,3.25,10],"texture":"#0"},"west":{"uv":[2.75,10,3,10.75],"texture":"#0"},"up":{"uv":[7,10.5,6.5,10.25],"texture":"#0"},"down":{"uv":[10.75,6.5,10.25,6.75],"texture":"#0"}}},{"from":[4,1,7],"to":[6,5,8],"rotation":{"angle":0,"axis":"y","origin":[5,2,8]},"faces":{"north":{"uv":[6.5,8.5,7,9.5],"texture":"#0"},"east":{"uv":[6,9.5,6.25,10.5],"texture":"#0"},"south":{"uv":[7,8.5,7.5,9.5],"texture":"#0"},"west":{"uv":[9,9.5,9.25,10.5],"texture":"#0"},"up":{"uv":[7.5,10.5,7,10.25],"texture":"#0"},"down":{"uv":[8,10.25,7.5,10.5],"texture":"#0"}}},{"from":[4,1,5],"to":[6,6,7],"rotation":{"angle":0,"axis":"y","origin":[5,2,6]},"faces":{"north":{"uv":[5,8,5.5,9.25],"texture":"#0"},"east":{"uv":[8,5,8.5,6.25],"texture":"#0"},"south":{"uv":[5.5,8,6,9.25],"texture":"#0"},"west":{"uv":[6,8,6.5,9.25],"texture":"#0"},"up":{"uv":[9.75,10,9.25,9.5],"texture":"#0"},"down":{"uv":[2,9.75,1.5,10.25],"texture":"#0"}}},{"from":[4,4,3],"to":[9,6,5],"rotation":{"angle":0,"axis":"y","origin":[8,4,4]},"faces":{"north":{"uv":[8,6.25,9.25,6.75],"texture":"#0"},"east":{"uv":[9.75,2.5,10.25,3],"texture":"#0"},"south":{"uv":[6.5,8,7.75,8.5],"texture":"#0"},"west":{"uv":[9.75,3,10.25,3.5],"texture":"#0"},"up":{"uv":[9.25,7.25,8,6.75],"texture":"#0"},"down":{"uv":[9.5,0,8.25,0.5],"texture":"#0"}}},{"from":[4,4,11],"to":[9,6,13],"rotation":{"angle":0,"axis":"y","origin":[8,4,12]},"faces":{"north":{"uv":[8.25,0.5,9.5,1],"texture":"#0"},"east":{"uv":[9.75,4,10.25,4.5],"texture":"#0"},"south":{"uv":[8.25,1,9.5,1.5],"texture":"#0"},"west":{"uv":[9.75,4.5,10.25,5],"texture":"#0"},"up":{"uv":[9.5,3,8.25,2.5],"texture":"#0"},"down":{"uv":[9.5,3,8.25,3.5],"texture":"#0"}}},{"from":[6,1,4],"to":[10,8,12],"rotation":{"angle":0,"axis":"y","origin":[8,1,8]},"faces":{"north":{"uv":[7,3.75,8,5.5],"texture":"#0"},"east":{"uv":[1.75,3.75,3.75,5.5],"texture":"#0"},"south":{"uv":[7,5.5,8,7.25],"texture":"#0"},"west":{"uv":[3.75,3.75,5.75,5.5],"texture":"#0"},"up":{"uv":[6.75,3.75,5.75,1.75],"texture":"#0"},"down":{"uv":[7.75,1.75,6.75,3.75],"texture":"#0"}}},{"from":[9,0,11],"to":[10,2,13],"rotation":{"angle":0,"axis":"y","origin":[14,0,12]},"faces":{"north":{"uv":[8,10.25,8.25,10.75],"texture":"#0"},"east":{"uv":[9.75,5,10.25,5.5],"texture":"#0"},"south":{"uv":[10.25,8,10.5,8.5],"texture":"#0"},"west":{"uv":[9.75,6.25,10.25,6.75],"texture":"#0"},"up":{"uv":[8.5,10.75,8.25,10.25],"texture":"#0"},"down":{"uv":[8.75,10.25,8.5,10.75],"texture":"#0"}}},{"from":[3,0,3],"to":[9,3,5],"rotation":{"angle":0,"axis":"y","origin":[8,0,4]},"faces":{"north":{"uv":[1.75,7.25,3.25,8],"texture":"#0"},"east":{"uv":[3,10,3.25,10.75],"texture":"#0"},"south":{"uv":[3.25,7.25,4.75,8],"texture":"#0"},"west":{"uv":[3.25,10,3.5,10.75],"texture":"#0"},"up":{"uv":[4.75,9.5,3.25,9.25],"texture":"#0"},"down":{"uv":[6.25,9.25,4.75,9.5],"texture":"#0"}}},{"from":[9,0,3],"to":[10,2,5],"rotation":{"angle":0,"axis":"y","origin":[14,0,4]},"faces":{"north":{"uv":[10.25,9,10.5,9.5],"texture":"#0"},"east":{"uv":[9.75,8,10.25,8.5],"texture":"#0"},"south":{"uv":[9.25,10.25,9.5,10.75],"texture":"#0"},"west":{"uv":[9.75,9,10.25,9.5],"texture":"#0"},"up":{"uv":[9.75,10.75,9.5,10.25],"texture":"#0"},"down":{"uv":[10.5,9.5,10.25,10],"texture":"#0"}}},{"from":[3,0,11],"to":[9,3,13],"rotation":{"angle":0,"axis":"y","origin":[8,0,12]},"faces":{"north":{"uv":[4.75,7.25,6.25,8],"texture":"#0"},"east":{"uv":[9.25,6.25,9.75,7],"texture":"#0"},"south":{"uv":[6.25,7.25,7.75,8],"texture":"#0"},"west":{"uv":[8.25,9.25,8.75,10],"texture":"#0"},"up":{"uv":[9.25,2,7.75,1.5],"texture":"#0"},"down":{"uv":[9.25,2,7.75,2.5],"texture":"#0"}}},{"from":[10,1,7],"to":[12,2,9],"rotation":{"angle":0,"axis":"y","origin":[10,0,8]},"faces":{"north":{"uv":[9.75,10.25,10.25,10.5],"texture":"#0"},"east":{"uv":[10.25,10,10.75,10.25],"texture":"#0"},"south":{"uv":[10.25,10.25,10.75,10.5],"texture":"#0"},"west":{"uv":[0,10.5,0.5,10.75],"texture":"#0"},"up":{"uv":[10.25,10,9.75,9.5],"texture":"#0"},"down":{"uv":[10.5,0,10,0.5],"texture":"#0"}}},{"from":[11,2,7],"to":[13,3,9],"rotation":{"angle":0,"axis":"y","origin":[12,1,8]},"faces":{"north":{"uv":[10.5,0,11,0.25],"texture":"#0"},"east":{"uv":[10.5,0.25,11,0.5],"texture":"#0"},"south":{"uv":[10.5,0.5,11,0.75],"texture":"#0"},"west":{"uv":[0.75,10.5,1.25,10.75],"texture":"#0"},"up":{"uv":[10.5,1,10,0.5],"texture":"#0"},"down":{"uv":[1.25,10,0.75,10.5],"texture":"#0"}}},{"from":[12,3,7],"to":[14,4,9],"rotation":{"angle":0,"axis":"y","origin":[13,2,8]},"faces":{"north":{"uv":[10.5,0.75,11,1],"texture":"#0"},"east":{"uv":[10.5,1,11,1.25],"texture":"#0"},"south":{"uv":[1.25,10.5,1.75,10.75],"texture":"#0"},"west":{"uv":[10.5,1.25,11,1.5],"texture":"#0"},"up":{"uv":[10.5,1.5,10,1],"texture":"#0"},"down":{"uv":[10.5,1.5,10,2],"texture":"#0"}}},{"from":[13,4,7],"to":[14,7,9],"rotation":{"angle":0,"axis":"y","origin":[14,3,8]},"faces":{"north":{"uv":[3.5,10,3.75,10.75],"texture":"#0"},"east":{"uv":[0,9.5,0.5,10.25],"texture":"#0"},"south":{"uv":[3.75,10,4,10.75],"texture":"#0"},"west":{"uv":[9.5,0,10,0.75],"texture":"#0"},"up":{"uv":[10.75,2,10.5,1.5],"texture":"#0"},"down":{"uv":[2,10.5,1.75,11],"texture":"#0"}}}],"display":{"thirdperson_lefthand":{"rotation":[134.99,0.01,-179.9]},"firstperson_lefthand":{"rotation":[-180,-1,-180]},"ground":{"translation":[0,4,0]},"gui":{"rotation":[-180,89.5,-180],"translation":[0,-1,0],"scale":[1,1.01172,1]},"head":{"rotation":[-180,-89.75,-180],"translation":[0,14.25,0]},"fixed":{"rotation":[-180,-89,-180],"translation":[0,0,-1.75]}},"groups":[{"name":"jerry","origin":[9,15,0],"color":0,"children":[0,1,2,3,4,5,6,7,8,9,10,11,12,13,14,15,16,17,18,19,20,21,22,23,24,25,26,27,28,29,30,31]}]}
