{"overrides":[{"predicate":{"custom_model_data":1},"model":"modelengine:777_sword/bone"},{"predicate":{"custom_model_data":2},"model":"modelengine:robot/hand"},{"predicate":{"custom_model_data":3},"model":"modelengine:duck/bone10"},{"predicate":{"custom_model_data":4},"model":"modelengine:piggy/rightear"},{"predicate":{"custom_model_data":5},"model":"modelengine:duck2/bone10"},{"predicate":{"custom_model_data":6},"model":"modelengine:robot/leg"},{"predicate":{"custom_model_data":7},"model":"modelengine:duck/bone6"},{"predicate":{"custom_model_data":8},"model":"modelengine:duck2/bone6"},{"predicate":{"custom_model_data":9},"model":"modelengine:duck/bone9"},{"predicate":{"custom_model_data":10},"model":"modelengine:duck2/bone15"},{"predicate":{"custom_model_data":11},"model":"modelengine:duck2/bone9"},{"predicate":{"custom_model_data":12},"model":"modelengine:duck2/bone3"},{"predicate":{"custom_model_data":13},"model":"modelengine:duck2/bone7"},{"predicate":{"custom_model_data":14},"model":"modelengine:duck2/bone2"},{"predicate":{"custom_model_data":15},"model":"modelengine:duck2/bone13"},{"predicate":{"custom_model_data":16},"model":"modelengine:duck/bone3"},{"predicate":{"custom_model_data":17},"model":"modelengine:duck2/bone"},{"predicate":{"custom_model_data":18},"model":"modelengine:robot/head"},{"predicate":{"custom_model_data":19},"model":"modelengine:duck/bone7"},{"predicate":{"custom_model_data":20},"model":"modelengine:duck2/bone5"},{"predicate":{"custom_model_data":21},"model":"modelengine:duck/bone5"},{"predicate":{"custom_model_data":22},"model":"modelengine:duck/bone8"},{"predicate":{"custom_model_data":23},"model":"modelengine:duck/bone4"},{"predicate":{"custom_model_data":24},"model":"modelengine:duck2/bone4"},{"predicate":{"custom_model_data":25},"model":"modelengine:duck2/bone14"},{"predicate":{"custom_model_data":26},"model":"modelengine:piggy/frontleftfoot"},{"predicate":{"custom_model_data":27},"model":"modelengine:piggy/backleftfoot"},{"predicate":{"custom_model_data":28},"model":"modelengine:piggy/trunk"},{"predicate":{"custom_model_data":29},"model":"modelengine:piggy/frontrightfoot"},{"predicate":{"custom_model_data":30},"model":"modelengine:piggy/backrightfoot"},{"predicate":{"custom_model_data":31},"model":"modelengine:piggy/leftear"},{"predicate":{"custom_model_data":32},"model":"modelengine:magicduck/bone23"},{"predicate":{"custom_model_data":33},"model":"modelengine:magicduck/bone8"},{"predicate":{"custom_model_data":34},"model":"modelengine:magicduck/bone14"},{"predicate":{"custom_model_data":35},"model":"modelengine:magicduck/bone16"},{"predicate":{"custom_model_data":36},"model":"modelengine:magicduck/bone12"},{"predicate":{"custom_model_data":37},"model":"modelengine:magicduck/bone15"},{"predicate":{"custom_model_data":38},"model":"modelengine:magicduck/bone11"},{"predicate":{"custom_model_data":39},"model":"modelengine:magicduck/bone18"},{"predicate":{"custom_model_data":40},"model":"modelengine:magicduck/bone13"},{"predicate":{"custom_model_data":41},"model":"modelengine:magicduck/bone22"},{"predicate":{"custom_model_data":42},"model":"modelengine:magicduck/bone10"},{"predicate":{"custom_model_data":43},"model":"modelengine:duck4/bone3/1"},{"predicate":{"custom_model_data":44},"model":"modelengine:duck4/outerfabric"},{"predicate":{"custom_model_data":45},"model":"modelengine:duck4/bone5"},{"predicate":{"custom_model_data":46},"model":"modelengine:duck4/bone12"},{"predicate":{"custom_model_data":47},"model":"modelengine:duck4/bone13"},{"predicate":{"custom_model_data":48},"model":"modelengine:duck4/hemcloth"},{"predicate":{"custom_model_data":49},"model":"modelengine:duck4/bone9"},{"predicate":{"custom_model_data":50},"model":"modelengine:duck4/bone4"},{"predicate":{"custom_model_data":51},"model":"modelengine:duck4/bone7"},{"predicate":{"custom_model_data":52},"model":"modelengine:duck4/bone3"},{"predicate":{"custom_model_data":53},"model":"modelengine:duck4/clockwork"},{"predicate":{"custom_model_data":54},"model":"modelengine:duck4/bone4/1"},{"predicate":{"custom_model_data":55},"model":"modelengine:duck4/bone6"},{"predicate":{"custom_model_data":56},"model":"modelengine:duck4/bow"},{"predicate":{"custom_model_data":57},"model":"modelengine:mouse/bone5"},{"predicate":{"custom_model_data":58},"model":"modelengine:mouse/bone10"},{"predicate":{"custom_model_data":59},"model":"modelengine:mouse/bone3"},{"predicate":{"custom_model_data":60},"model":"modelengine:mouse/bone7"},{"predicate":{"custom_model_data":61},"model":"modelengine:mouse/bone"},{"predicate":{"custom_model_data":62},"model":"modelengine:mouse/bone8"},{"predicate":{"custom_model_data":63},"model":"modelengine:mouse/bone9"},{"predicate":{"custom_model_data":64},"model":"modelengine:mouse/bone17"},{"predicate":{"custom_model_data":65},"model":"modelengine:mouse/bone12"},{"predicate":{"custom_model_data":66},"model":"modelengine:mouse/bone15"},{"predicate":{"custom_model_data":67},"model":"modelengine:mouse/bone15/1"},{"predicate":{"custom_model_data":68},"model":"modelengine:mouse/bone2"},{"predicate":{"custom_model_data":69},"model":"modelengine:mouse/bone13"},{"predicate":{"custom_model_data":70},"model":"modelengine:mouse/bone16"},{"predicate":{"custom_model_data":71},"model":"modelengine:mouse/bone11"},{"predicate":{"custom_model_data":72},"model":"modelengine:mouse/bone4"},{"predicate":{"custom_model_data":73},"model":"modelengine:mouse/bone14"},{"predicate":{"custom_model_data":74},"model":"modelengine:dragon/bone8"},{"predicate":{"custom_model_data":75},"model":"modelengine:dragon/bone10"},{"predicate":{"custom_model_data":76},"model":"modelengine:dragon/lwing/1"},{"predicate":{"custom_model_data":77},"model":"modelengine:dragon/lwing"},{"predicate":{"custom_model_data":78},"model":"modelengine:dragon/bone15"},{"predicate":{"custom_model_data":79},"model":"modelengine:dragon/bone3"},{"predicate":{"custom_model_data":80},"model":"modelengine:dragon/bone4"},{"predicate":{"custom_model_data":81},"model":"modelengine:dragon/bone14"},{"predicate":{"custom_model_data":82},"model":"modelengine:dragon/bone16"},{"predicate":{"custom_model_data":83},"model":"modelengine:dragon/bone6"},{"predicate":{"custom_model_data":84},"model":"modelengine:dragon/bone7"},{"predicate":{"custom_model_data":85},"model":"modelengine:dragon/bone12"},{"predicate":{"custom_model_data":86},"model":"modelengine:dragon/bone17"},{"predicate":{"custom_model_data":87},"model":"modelengine:dragon/bone5"},{"predicate":{"custom_model_data":88},"model":"modelengine:dragon/bone19"},{"predicate":{"custom_model_data":89},"model":"modelengine:dragon/bone21"},{"predicate":{"custom_model_data":90},"model":"modelengine:dragon/bone1/1"},{"predicate":{"custom_model_data":91},"model":"modelengine:dragon/bone1"},{"predicate":{"custom_model_data":92},"model":"modelengine:dragon/bone9"},{"predicate":{"custom_model_data":93},"model":"modelengine:dragon/bone20"},{"predicate":{"custom_model_data":94},"model":"modelengine:dragon/bone18"},{"predicate":{"custom_model_data":95},"model":"modelengine:dragon/bone13"},{"predicate":{"custom_model_data":96},"model":"modelengine:dragon/rwing"},{"predicate":{"custom_model_data":97},"model":"modelengine:dragon/rwing/1"},{"predicate":{"custom_model_data":98},"model":"modelengine:dragon/bone11"},{"predicate":{"custom_model_data":99},"model":"modelengine:dragon/bone2"},{"predicate":{"custom_model_data":100},"model":"modelengine:777_sword/bone4"},{"predicate":{"custom_model_data":101},"model":"modelengine:777_sword/bone2"},{"predicate":{"custom_model_data":102},"model":"modelengine:777_sword/bone5"},{"predicate":{"custom_model_data":103},"model":"modelengine:777_sword/bone7"},{"predicate":{"custom_model_data":104},"model":"modelengine:777_sword/bone7/1"},{"predicate":{"custom_model_data":105},"model":"modelengine:dragon/seat"},{"predicate":{"custom_model_data":106},"model":"modelengine:777_sword/bone3"}],"parent":"minecraft:item/generated","textures":{"layer0":"minecraft:item/leather_horse_armor"}}