{"overrides":[{"predicate":{"custom_model_data":1},"model":"modelengine:mouse/bone11"},{"predicate":{"custom_model_data":2},"model":"modelengine:mouse/bone13"},{"predicate":{"custom_model_data":3},"model":"modelengine:mouse/bone3"},{"predicate":{"custom_model_data":4},"model":"modelengine:mouse/bone14"},{"predicate":{"custom_model_data":5},"model":"modelengine:mouse/bone"},{"predicate":{"custom_model_data":6},"model":"modelengine:mouse/bone4"},{"predicate":{"custom_model_data":7},"model":"modelengine:mouse/bone15"},{"predicate":{"custom_model_data":8},"model":"modelengine:mouse/bone15/1"},{"predicate":{"custom_model_data":9},"model":"modelengine:mouse/bone8"},{"predicate":{"custom_model_data":10},"model":"modelengine:mouse/bone7"},{"predicate":{"custom_model_data":11},"model":"modelengine:mouse/bone5"},{"predicate":{"custom_model_data":12},"model":"modelengine:mouse/bone12"},{"predicate":{"custom_model_data":13},"model":"modelengine:mouse/bone2"},{"predicate":{"custom_model_data":14},"model":"modelengine:mouse/bone10"},{"predicate":{"custom_model_data":15},"model":"modelengine:mouse/bone9"},{"predicate":{"custom_model_data":16},"model":"modelengine:mouse/bone17"},{"predicate":{"custom_model_data":17},"model":"modelengine:mouse/bone16"},{"predicate":{"custom_model_data":18},"model":"modelengine:robot/leg"},{"predicate":{"custom_model_data":19},"model":"modelengine:duck/bone10"},{"predicate":{"custom_model_data":20},"model":"modelengine:duck/bone6"},{"predicate":{"custom_model_data":21},"model":"modelengine:duck/bone9"},{"predicate":{"custom_model_data":22},"model":"modelengine:duck/bone3"},{"predicate":{"custom_model_data":23},"model":"modelengine:duck/bone7"},{"predicate":{"custom_model_data":24},"model":"modelengine:duck/bone5"},{"predicate":{"custom_model_data":25},"model":"modelengine:duck/bone8"},{"predicate":{"custom_model_data":26},"model":"modelengine:duck/bone4"},{"predicate":{"custom_model_data":27},"model":"modelengine:robot/hand"},{"predicate":{"custom_model_data":28},"model":"modelengine:robot/head"}],"parent":"minecraft:item/generated","textures":{"layer0":"minecraft:item/leather_horse_armor"}}