{"overrides":[{"predicate":{"custom_model_data":1},"model":"modelengine:777_sword/bone"},{"predicate":{"custom_model_data":2},"model":"modelengine:robot/hand"},{"predicate":{"custom_model_data":3},"model":"modelengine:duck/bone10"},{"predicate":{"custom_model_data":4},"model":"modelengine:piggy/rightear"},{"predicate":{"custom_model_data":5},"model":"modelengine:duck2/bone10"},{"predicate":{"custom_model_data":6},"model":"modelengine:robot/leg"},{"predicate":{"custom_model_data":7},"model":"modelengine:duck/bone6"},{"predicate":{"custom_model_data":8},"model":"modelengine:duck2/bone6"},{"predicate":{"custom_model_data":9},"model":"modelengine:duck/bone9"},{"predicate":{"custom_model_data":10},"model":"modelengine:duck2/bone15"},{"predicate":{"custom_model_data":11},"model":"modelengine:duck2/bone9"},{"predicate":{"custom_model_data":12},"model":"modelengine:duck2/bone3"},{"predicate":{"custom_model_data":13},"model":"modelengine:duck2/bone7"},{"predicate":{"custom_model_data":14},"model":"modelengine:duck2/bone2"},{"predicate":{"custom_model_data":15},"model":"modelengine:duck2/bone13"},{"predicate":{"custom_model_data":16},"model":"modelengine:duck/bone3"},{"predicate":{"custom_model_data":17},"model":"modelengine:duck2/bone"},{"predicate":{"custom_model_data":18},"model":"modelengine:robot/head"},{"predicate":{"custom_model_data":19},"model":"modelengine:duck/bone7"},{"predicate":{"custom_model_data":20},"model":"modelengine:duck2/bone5"},{"predicate":{"custom_model_data":21},"model":"modelengine:duck/bone5"},{"predicate":{"custom_model_data":22},"model":"modelengine:duck/bone8"},{"predicate":{"custom_model_data":23},"model":"modelengine:duck/bone4"},{"predicate":{"custom_model_data":24},"model":"modelengine:duck2/bone4"},{"predicate":{"custom_model_data":25},"model":"modelengine:duck2/bone14"},{"predicate":{"custom_model_data":26},"model":"modelengine:piggy/frontleftfoot"},{"predicate":{"custom_model_data":27},"model":"modelengine:piggy/backleftfoot"},{"predicate":{"custom_model_data":28},"model":"modelengine:piggy/trunk"},{"predicate":{"custom_model_data":29},"model":"modelengine:piggy/frontrightfoot"},{"predicate":{"custom_model_data":30},"model":"modelengine:piggy/backrightfoot"},{"predicate":{"custom_model_data":31},"model":"modelengine:piggy/leftear"},{"predicate":{"custom_model_data":32},"model":"modelengine:magicduck/bone23"},{"predicate":{"custom_model_data":33},"model":"modelengine:magicduck/bone8"},{"predicate":{"custom_model_data":34},"model":"modelengine:magicduck/bone14"},{"predicate":{"custom_model_data":35},"model":"modelengine:magicduck/bone16"},{"predicate":{"custom_model_data":36},"model":"modelengine:magicduck/bone12"},{"predicate":{"custom_model_data":37},"model":"modelengine:magicduck/bone15"},{"predicate":{"custom_model_data":38},"model":"modelengine:magicduck/bone11"},{"predicate":{"custom_model_data":39},"model":"modelengine:magicduck/bone18"},{"predicate":{"custom_model_data":40},"model":"modelengine:magicduck/bone13"},{"predicate":{"custom_model_data":41},"model":"modelengine:magicduck/bone22"},{"predicate":{"custom_model_data":42},"model":"modelengine:magicduck/bone10"},{"predicate":{"custom_model_data":43},"model":"modelengine:duck4/bone3/1"},{"predicate":{"custom_model_data":44},"model":"modelengine:duck4/outerfabric"},{"predicate":{"custom_model_data":45},"model":"modelengine:duck4/bone5"},{"predicate":{"custom_model_data":46},"model":"modelengine:duck4/bone12"},{"predicate":{"custom_model_data":47},"model":"modelengine:duck4/bone13"},{"predicate":{"custom_model_data":48},"model":"modelengine:duck4/hemcloth"},{"predicate":{"custom_model_data":49},"model":"modelengine:duck4/bone9"},{"predicate":{"custom_model_data":50},"model":"modelengine:duck4/bone4"},{"predicate":{"custom_model_data":51},"model":"modelengine:duck4/bone7"},{"predicate":{"custom_model_data":52},"model":"modelengine:duck4/bone3"},{"predicate":{"custom_model_data":53},"model":"modelengine:duck4/clockwork"},{"predicate":{"custom_model_data":54},"model":"modelengine:duck4/bone4/1"},{"predicate":{"custom_model_data":55},"model":"modelengine:duck4/bone6"},{"predicate":{"custom_model_data":56},"model":"modelengine:duck4/bow"},{"predicate":{"custom_model_data":57},"model":"modelengine:mouse/bone5"},{"predicate":{"custom_model_data":58},"model":"modelengine:mouse/bone10"},{"predicate":{"custom_model_data":59},"model":"modelengine:mouse/bone3"},{"predicate":{"custom_model_data":60},"model":"modelengine:mouse/bone7"},{"predicate":{"custom_model_data":61},"model":"modelengine:mouse/bone"},{"predicate":{"custom_model_data":62},"model":"modelengine:mouse/bone8"},{"predicate":{"custom_model_data":63},"model":"modelengine:mouse/bone9"},{"predicate":{"custom_model_data":64},"model":"modelengine:mouse/bone17"},{"predicate":{"custom_model_data":65},"model":"modelengine:mouse/bone12"},{"predicate":{"custom_model_data":66},"model":"modelengine:mouse/bone15"},{"predicate":{"custom_model_data":67},"model":"modelengine:mouse/bone15/1"},{"predicate":{"custom_model_data":68},"model":"modelengine:mouse/bone2"},{"predicate":{"custom_model_data":69},"model":"modelengine:mouse/bone13"},{"predicate":{"custom_model_data":70},"model":"modelengine:mouse/bone16"},{"predicate":{"custom_model_data":71},"model":"modelengine:mouse/bone11"},{"predicate":{"custom_model_data":72},"model":"modelengine:mouse/bone4"},{"predicate":{"custom_model_data":73},"model":"modelengine:mouse/bone14"},{"predicate":{"custom_model_data":74},"model":"modelengine:dragon/bone8"},{"predicate":{"custom_model_data":75},"model":"modelengine:dragon/bone10"},{"predicate":{"custom_model_data":76},"model":"modelengine:dragon/lwing/1"},{"predicate":{"custom_model_data":77},"model":"modelengine:dragon/lwing"},{"predicate":{"custom_model_data":78},"model":"modelengine:dragon/bone15"},{"predicate":{"custom_model_data":79},"model":"modelengine:dragon/bone3"},{"predicate":{"custom_model_data":80},"model":"modelengine:dragon/bone4"},{"predicate":{"custom_model_data":81},"model":"modelengine:dragon/bone14"},{"predicate":{"custom_model_data":82},"model":"modelengine:dragon/bone16"},{"predicate":{"custom_model_data":83},"model":"modelengine:dragon/bone6"},{"predicate":{"custom_model_data":84},"model":"modelengine:dragon/bone7"},{"predicate":{"custom_model_data":85},"model":"modelengine:dragon/bone12"},{"predicate":{"custom_model_data":86},"model":"modelengine:dragon/bone17"},{"predicate":{"custom_model_data":87},"model":"modelengine:dragon/bone5"},{"predicate":{"custom_model_data":88},"model":"modelengine:dragon/bone19"},{"predicate":{"custom_model_data":89},"model":"modelengine:dragon/bone21"},{"predicate":{"custom_model_data":90},"model":"modelengine:dragon/bone1/1"},{"predicate":{"custom_model_data":91},"model":"modelengine:dragon/bone1"},{"predicate":{"custom_model_data":92},"model":"modelengine:dragon/bone9"},{"predicate":{"custom_model_data":93},"model":"modelengine:dragon/bone20"},{"predicate":{"custom_model_data":94},"model":"modelengine:dragon/bone18"},{"predicate":{"custom_model_data":95},"model":"modelengine:dragon/bone13"},{"predicate":{"custom_model_data":96},"model":"modelengine:dragon/rwing"},{"predicate":{"custom_model_data":97},"model":"modelengine:dragon/rwing/1"},{"predicate":{"custom_model_data":98},"model":"modelengine:dragon/bone11"},{"predicate":{"custom_model_data":99},"model":"modelengine:dragon/bone2"},{"predicate":{"custom_model_data":100},"model":"modelengine:777_sword/bone4"},{"predicate":{"custom_model_data":101},"model":"modelengine:777_sword/bone2"},{"predicate":{"custom_model_data":102},"model":"modelengine:777_sword/bone5"},{"predicate":{"custom_model_data":103},"model":"modelengine:777_sword/bone7"},{"predicate":{"custom_model_data":104},"model":"modelengine:777_sword/bone7/1"},{"predicate":{"custom_model_data":105},"model":"modelengine:ducking/cloak4"},{"predicate":{"custom_model_data":106},"model":"modelengine:777_sword/bone3"},{"predicate":{"custom_model_data":107},"model":"modelengine:ducking/arms"},{"predicate":{"custom_model_data":108},"model":"modelengine:ducking/body"},{"predicate":{"custom_model_data":109},"model":"modelengine:ducking/hat"},{"predicate":{"custom_model_data":110},"model":"modelengine:ducking/cloak"},{"predicate":{"custom_model_data":111},"model":"modelengine:ducking/change"},{"predicate":{"custom_model_data":112},"model":"modelengine:ducking/leftwing"},{"predicate":{"custom_model_data":113},"model":"modelengine:ducking/upperlip"},{"predicate":{"custom_model_data":114},"model":"modelengine:ducking/rightfoot"},{"predicate":{"custom_model_data":115},"model":"modelengine:ducking/rightwing"},{"predicate":{"custom_model_data":116},"model":"modelengine:ducking/leftfoot"},{"predicate":{"custom_model_data":117},"model":"modelengine:ducking/lowerlip"},{"predicate":{"custom_model_data":118},"model":"modelengine:ducking/cloak3"},{"predicate":{"custom_model_data":119},"model":"modelengine:ducking/cloak1"},{"predicate":{"custom_model_data":120},"model":"modelengine:ducking/cloak2"},{"predicate":{"custom_model_data":121},"model":"modelengine:ducking/cloak5"},{"predicate":{"custom_model_data":122},"model":"modelengine:terry/frontleftfoot"},{"predicate":{"custom_model_data":123},"model":"modelengine:terry/tail"},{"predicate":{"custom_model_data":124},"model":"modelengine:terry/leftrearfoot"},{"predicate":{"custom_model_data":125},"model":"modelengine:terry/hat"},{"predicate":{"custom_model_data":126},"model":"modelengine:terry/body"},{"predicate":{"custom_model_data":127},"model":"modelengine:terry/rightrearfoot"},{"predicate":{"custom_model_data":128},"model":"modelengine:terry/frontrightfoot"},{"predicate":{"custom_model_data":129},"model":"modelengine:sword1/sword1"},{"predicate":{"custom_model_data":130},"model":"modelengine:rabbit/rabbit"},{"predicate":{"custom_model_data":131},"model":"modelengine:rabbit/hand"},{"predicate":{"custom_model_data":132},"model":"modelengine:rabbit/carrot"},{"predicate":{"custom_model_data":133},"model":"modelengine:hv_zalthor/left_leg"},{"predicate":{"custom_model_data":134},"model":"modelengine:hv_zalthor/right_leg"},{"predicate":{"custom_model_data":135},"model":"modelengine:hv_zalthor/body"},{"predicate":{"custom_model_data":136},"model":"modelengine:hv_zalthor/left_leg2"},{"predicate":{"custom_model_data":137},"model":"modelengine:hv_zalthor/right_leg2"},{"predicate":{"custom_model_data":138},"model":"modelengine:hv_zalthor/coat"},{"predicate":{"custom_model_data":139},"model":"modelengine:hv_zalthor/left_banner"},{"predicate":{"custom_model_data":140},"model":"modelengine:hv_zalthor/right_banner"},{"predicate":{"custom_model_data":141},"model":"modelengine:hv_zalthor/right_arm"},{"predicate":{"custom_model_data":142},"model":"modelengine:hv_zalthor/left_arm"},{"predicate":{"custom_model_data":143},"model":"modelengine:hv_zalthor/bone2"},{"predicate":{"custom_model_data":144},"model":"modelengine:hv_zalthor/bone"},{"predicate":{"custom_model_data":145},"model":"modelengine:hv_zalthor/head"},{"predicate":{"custom_model_data":146},"model":"modelengine:hv_zalthor/left_leg3"},{"predicate":{"custom_model_data":147},"model":"modelengine:hv_zalthor/right_leg3"},{"predicate":{"custom_model_data":148},"model":"modelengine:hv_zalthor/coat2"},{"predicate":{"custom_model_data":149},"model":"modelengine:hv_zalthor/left_banner2"},{"predicate":{"custom_model_data":150},"model":"modelengine:hv_zalthor/right_banner2"},{"predicate":{"custom_model_data":151},"model":"modelengine:hv_zalthor/right_arm2"},{"predicate":{"custom_model_data":152},"model":"modelengine:hv_zalthor/left_arm2"},{"predicate":{"custom_model_data":153},"model":"modelengine:hv_zalthor/stars"},{"predicate":{"custom_model_data":154},"model":"modelengine:hv_zalthor/eye"},{"predicate":{"custom_model_data":155},"model":"modelengine:hv_zalthor/coat3"},{"predicate":{"custom_model_data":156},"model":"modelengine:hv_zalthor/left_banner_coat"},{"predicate":{"custom_model_data":157},"model":"modelengine:hv_zalthor/right_banner_coat"},{"predicate":{"custom_model_data":158},"model":"modelengine:hv_zalthor/right_arm3"},{"predicate":{"custom_model_data":159},"model":"modelengine:hv_zalthor/left_arm3"},{"predicate":{"custom_model_data":160},"model":"modelengine:hv_zalthor/left_banner_coat2"},{"predicate":{"custom_model_data":161},"model":"modelengine:hv_zalthor/right_banner_coat2"},{"predicate":{"custom_model_data":162},"model":"modelengine:hv_zalthor/right_index_finger"},{"predicate":{"custom_model_data":163},"model":"modelengine:hv_zalthor/hammer"},{"predicate":{"custom_model_data":164},"model":"modelengine:hv_zalthor/right_little_finger"},{"predicate":{"custom_model_data":165},"model":"modelengine:hv_zalthor/right_middle_finger"},{"predicate":{"custom_model_data":166},"model":"modelengine:hv_zalthor/left_little_finger"},{"predicate":{"custom_model_data":167},"model":"modelengine:hv_zalthor/left_index_finger"},{"predicate":{"custom_model_data":168},"model":"modelengine:hv_zalthor/left_middle_finger"},{"predicate":{"custom_model_data":169},"model":"modelengine:hv_zalthor/left_banner_coat3"},{"predicate":{"custom_model_data":170},"model":"modelengine:hv_zalthor/right_banner_coat3"},{"predicate":{"custom_model_data":171},"model":"modelengine:hv_zalthor/right_index_finger2"},{"predicate":{"custom_model_data":172},"model":"modelengine:hv_zalthor/right_little_finger2"},{"predicate":{"custom_model_data":173},"model":"modelengine:hv_zalthor/right_middle_finger2"},{"predicate":{"custom_model_data":174},"model":"modelengine:hv_zalthor/left_little_finger2"},{"predicate":{"custom_model_data":175},"model":"modelengine:hv_zalthor/left_index_finger2"},{"predicate":{"custom_model_data":176},"model":"modelengine:hv_zalthor/left_middle_finger2"},{"predicate":{"custom_model_data":177},"model":"modelengine:skelen/head"},{"predicate":{"custom_model_data":178},"model":"modelengine:skelen/lm"},{"predicate":{"custom_model_data":179},"model":"modelengine:skelen/rm"},{"predicate":{"custom_model_data":180},"model":"modelengine:skelen/rt"},{"predicate":{"custom_model_data":181},"model":"modelengine:skelen/lb"},{"predicate":{"custom_model_data":182},"model":"modelengine:skelen/lt"},{"predicate":{"custom_model_data":183},"model":"modelengine:skelen/rb"},{"predicate":{"custom_model_data":184},"model":"modelengine:skelen/rfingure/2"},{"predicate":{"custom_model_data":185},"model":"modelengine:skelen/rfingure"},{"predicate":{"custom_model_data":186},"model":"modelengine:skelen/rfingure/1"},{"predicate":{"custom_model_data":187},"model":"modelengine:skelen/lfingure/1"},{"predicate":{"custom_model_data":188},"model":"modelengine:skelen/lfingure/2"},{"predicate":{"custom_model_data":189},"model":"modelengine:skelen/lfingure"},{"predicate":{"custom_model_data":190},"model":"modelengine:skelen/bot"},{"predicate":{"custom_model_data":191},"model":"modelengine:skelen/mimid"},{"predicate":{"custom_model_data":192},"model":"modelengine:skelen/mid"},{"predicate":{"custom_model_data":193},"model":"modelengine:skelen/top"},{"predicate":{"custom_model_data":194},"model":"modelengine:skelen/rlt"},{"predicate":{"custom_model_data":195},"model":"modelengine:skelen/llb"},{"predicate":{"custom_model_data":196},"model":"modelengine:skelen/lt2"},{"predicate":{"custom_model_data":197},"model":"modelengine:skelen/rbon"},{"predicate":{"custom_model_data":198},"model":"modelengine:skelen/lbon"},{"predicate":{"custom_model_data":199},"model":"modelengine:skelen/bone"},{"predicate":{"custom_model_data":200},"model":"modelengine:skelen/rlb"},{"predicate":{"custom_model_data":201},"model":"modelengine:skelen/llt"},{"predicate":{"custom_model_data":202},"model":"modelengine:skelen/rt2"}],"parent":"minecraft:item/generated","textures":{"layer0":"minecraft:item/leather_horse_armor"}}