{"format_version":"1.21.6","credit":"Made with Blockbench","parent":"","texture_size":[64,64],"textures":{"0":"item/rabbit"},"elements":[{"from":[8,11,10],"to":[11,15,11],"rotation":{"angle":0,"axis":"y","origin":[8,0,8]},"faces":{"north":{"uv":[6.75,1,7.5,2],"texture":"#0"},"east":{"uv":[4.5,8.75,4.75,9.75],"texture":"#0"},"south":{"uv":[5.5,7,6.25,8],"texture":"#0"},"west":{"uv":[4.75,8.75,5,9.75],"texture":"#0"},"up":{"uv":[9.75,7.5,9,7.25],"texture":"#0"},"down":{"uv":[9.75,7.5,9,7.75],"texture":"#0"}}},{"from":[4,11,9],"to":[7,15,10],"rotation":{"angle":0,"axis":"y","origin":[8,0,8]},"faces":{"north":{"uv":[4.75,6.5,5.5,7.5],"texture":"#0"},"east":{"uv":[4,8.75,4.25,9.75],"texture":"#0"},"south":{"uv":[6.75,0,7.5,1],"texture":"#0"},"west":{"uv":[4.25,8.75,4.5,9.75],"texture":"#0"},"up":{"uv":[9.75,7,9,6.75],"texture":"#0"},"down":{"uv":[9.75,7,9,7.25],"texture":"#0"}}},{"from":[4,11,10],"to":[7,15,11],"rotation":{"angle":0,"axis":"y","origin":[8,0,8]},"faces":{"north":{"uv":[6.25,7,7,8],"texture":"#0"},"east":{"uv":[5.5,8.75,5.75,9.75],"texture":"#0"},"south":{"uv":[7,7,7.75,8],"texture":"#0"},"west":{"uv":[5.75,8.75,6,9.75],"texture":"#0"},"up":{"uv":[9.75,8.75,9,8.5],"texture":"#0"},"down":{"uv":[9.75,8.75,9,9],"texture":"#0"}}},{"from":[8,11,9],"to":[11,15,10],"rotation":{"angle":0,"axis":"y","origin":[8,0,8]},"faces":{"north":{"uv":[4,6.5,4.75,7.5],"texture":"#0"},"east":{"uv":[3.5,8.75,3.75,9.75],"texture":"#0"},"south":{"uv":[6.5,4,7.25,5],"texture":"#0"},"west":{"uv":[3.75,8.75,4,9.75],"texture":"#0"},"up":{"uv":[9.75,6.75,9,6.5],"texture":"#0"},"down":{"uv":[7.5,9,6.75,9.25],"texture":"#0"}}},{"from":[5,6,8],"to":[10,12,13],"rotation":{"angle":0,"axis":"y","origin":[8,0,8]},"faces":{"north":{"uv":[0,3,1.25,4.5],"texture":"#0"},"east":{"uv":[1.25,3,2.5,4.5],"texture":"#0"},"south":{"uv":[2.5,3,3.75,4.5],"texture":"#0"},"west":{"uv":[3.75,3,5,4.5],"texture":"#0"},"up":{"uv":[6.75,1.25,5.5,0],"texture":"#0"},"down":{"uv":[6.75,1.25,5.5,2.5],"texture":"#0"}}},{"from":[10,7,7],"to":[12,12,13],"rotation":{"angle":0,"axis":"y","origin":[8,0,8]},"faces":{"north":{"uv":[7.25,3.75,7.75,5],"texture":"#0"},"east":{"uv":[4,0,5.5,1.25],"texture":"#0"},"south":{"uv":[7.5,0,8,1.25],"texture":"#0"},"west":{"uv":[4,1.25,5.5,2.5],"texture":"#0"},"up":{"uv":[2.5,7.25,2,5.75],"texture":"#0"},"down":{"uv":[3,5.75,2.5,7.25],"texture":"#0"}}},{"from":[3,7,7],"to":[5,12,13],"rotation":{"angle":0,"axis":"y","origin":[8,0,8]},"faces":{"north":{"uv":[4,7.5,4.5,8.75],"texture":"#0"},"east":{"uv":[0,4.5,1.5,5.75],"texture":"#0"},"south":{"uv":[4.5,7.5,5,8.75],"texture":"#0"},"west":{"uv":[1.5,4.5,3,5.75],"texture":"#0"},"up":{"uv":[3.5,8,3,6.5],"texture":"#0"},"down":{"uv":[4,6.5,3.5,8],"texture":"#0"}}},{"from":[4,6,7],"to":[11,12,8],"rotation":{"angle":0,"axis":"y","origin":[8,0,8]},"faces":{"north":{"uv":[2.25,0,4,1.5],"texture":"#0"},"east":{"uv":[7.5,8,7.75,9.5],"texture":"#0"},"south":{"uv":[2.25,1.5,4,3],"texture":"#0"},"west":{"uv":[8.25,6.25,8.5,7.75],"texture":"#0"},"up":{"uv":[9.5,4.75,7.75,4.5],"texture":"#0"},"down":{"uv":[9.5,4.75,7.75,5],"texture":"#0"}}},{"from":[5,7,13],"to":[10,11,14],"rotation":{"angle":0,"axis":"y","origin":[8,0,8]},"faces":{"north":{"uv":[3,5.5,4.25,6.5],"texture":"#0"},"east":{"uv":[2,8.75,2.25,9.75],"texture":"#0"},"south":{"uv":[4.25,5.5,5.5,6.5],"texture":"#0"},"west":{"uv":[2.25,8.75,2.5,9.75],"texture":"#0"},"up":{"uv":[2.5,8.75,1.25,8.5],"texture":"#0"},"down":{"uv":[9.75,2.5,8.5,2.75],"texture":"#0"}}},{"from":[6,1,13],"to":[9,3,15],"rotation":{"angle":0,"axis":"y","origin":[8,0,8]},"faces":{"north":{"uv":[4,2.5,4.75,3],"texture":"#0"},"east":{"uv":[0,8.75,0.5,9.25],"texture":"#0"},"south":{"uv":[7.75,5,8.5,5.5],"texture":"#0"},"west":{"uv":[8.75,0,9.25,0.5],"texture":"#0"},"up":{"uv":[8.75,0.5,8,0],"texture":"#0"},"down":{"uv":[8.75,0.5,8,1],"texture":"#0"}}},{"from":[4,0,12],"to":[11,4,13],"rotation":{"angle":0,"axis":"y","origin":[8,0,8]},"faces":{"north":{"uv":[3,4.5,4.75,5.5],"texture":"#0"},"east":{"uv":[8.25,8.5,8.5,9.5],"texture":"#0"},"south":{"uv":[4.75,4.5,6.5,5.5],"texture":"#0"},"west":{"uv":[8.5,8.5,8.75,9.5],"texture":"#0"},"up":{"uv":[9.5,4.25,7.75,4],"texture":"#0"},"down":{"uv":[9.5,4.25,7.75,4.5],"texture":"#0"}}},{"from":[10,3,8],"to":[12,6,9],"rotation":{"angle":0,"axis":"y","origin":[8,0,8]},"faces":{"north":{"uv":[7.75,7,8.25,7.75],"texture":"#0"},"east":{"uv":[8.75,8.5,9,9.25],"texture":"#0"},"south":{"uv":[7.75,7.75,8.25,8.5],"texture":"#0"},"west":{"uv":[9,1,9.25,1.75],"texture":"#0"},"up":{"uv":[8.25,9.5,7.75,9.25],"texture":"#0"},"down":{"uv":[9.25,9.25,8.75,9.5],"texture":"#0"}}},{"from":[3,2,7],"to":[5,3,9],"rotation":{"angle":0,"axis":"y","origin":[8,0,8]},"faces":{"north":{"uv":[9.25,3.75,9.75,4],"texture":"#0"},"east":{"uv":[6,9.25,6.5,9.5],"texture":"#0"},"south":{"uv":[6.5,9.25,7,9.5],"texture":"#0"},"west":{"uv":[7,9.25,7.5,9.5],"texture":"#0"},"up":{"uv":[9,7.75,8.5,7.25],"texture":"#0"},"down":{"uv":[8.25,8.5,7.75,9],"texture":"#0"}}},{"from":[3,3,8],"to":[5,6,9],"rotation":{"angle":0,"axis":"y","origin":[8,0,8]},"faces":{"north":{"uv":[5,7.5,5.5,8.25],"texture":"#0"},"east":{"uv":[2.75,7.25,3,8],"texture":"#0"},"south":{"uv":[1.75,7.75,2.25,8.5],"texture":"#0"},"west":{"uv":[8.75,5.5,9,6.25],"texture":"#0"},"up":{"uv":[9.75,1.75,9.25,1.5],"texture":"#0"},"down":{"uv":[3,9.25,2.5,9.5],"texture":"#0"}}},{"from":[10,2,7],"to":[12,3,9],"rotation":{"angle":0,"axis":"y","origin":[8,0,8]},"faces":{"north":{"uv":[1,9.25,1.5,9.5],"texture":"#0"},"east":{"uv":[9.25,1,9.75,1.25],"texture":"#0"},"south":{"uv":[9.25,1.25,9.75,1.5],"texture":"#0"},"west":{"uv":[1.5,9.25,2,9.5],"texture":"#0"},"up":{"uv":[9,7.25,8.5,6.75],"texture":"#0"},"down":{"uv":[7.5,8.5,7,9],"texture":"#0"}}},{"from":[3,0,9],"to":[12,6,12],"rotation":{"angle":0,"axis":"y","origin":[8,0,8]},"faces":{"north":{"uv":[0,0,2.25,1.5],"texture":"#0"},"east":{"uv":[5.5,5.5,6.25,7],"texture":"#0"},"south":{"uv":[0,1.5,2.25,3],"texture":"#0"},"west":{"uv":[0,5.75,0.75,7.25],"texture":"#0"},"up":{"uv":[7.25,3.25,5,2.5],"texture":"#0"},"down":{"uv":[7.25,3.25,5,4],"texture":"#0"}}},{"from":[3,2,4],"to":[5,3,6],"rotation":{"angle":0,"axis":"y","origin":[8,0,8]},"faces":{"north":{"uv":[9.25,0.25,9.75,0.5],"texture":"#0"},"east":{"uv":[0.5,9.25,1,9.5],"texture":"#0"},"south":{"uv":[9.25,0.5,9.75,0.75],"texture":"#0"},"west":{"uv":[9.25,0.75,9.75,1],"texture":"#0"},"up":{"uv":[9,6.75,8.5,6.25],"texture":"#0"},"down":{"uv":[7,8.5,6.5,9],"texture":"#0"}}},{"from":[3,0,4.2],"to":[5,2,9],"rotation":{"angle":0,"axis":"y","origin":[8,0,8]},"faces":{"north":{"uv":[8.5,5,9,5.5],"texture":"#0"},"east":{"uv":[6.75,2,8,2.5],"texture":"#0"},"south":{"uv":[6,8.5,6.5,9],"texture":"#0"},"west":{"uv":[1,7.25,2.25,7.75],"texture":"#0"},"up":{"uv":[2.75,8.5,2.25,7.25],"texture":"#0"},"down":{"uv":[7.75,2.5,7.25,3.75],"texture":"#0"}}},{"from":[10,2,4],"to":[12,3,6],"rotation":{"angle":0,"axis":"y","origin":[8,0,8]},"faces":{"north":{"uv":[7.75,9,8.25,9.25],"texture":"#0"},"east":{"uv":[9,9,9.5,9.25],"texture":"#0"},"south":{"uv":[0,9.25,0.5,9.5],"texture":"#0"},"west":{"uv":[9.25,0,9.75,0.25],"texture":"#0"},"up":{"uv":[3.5,9,3,8.5],"texture":"#0"},"down":{"uv":[9,3.25,8.5,3.75],"texture":"#0"}}},{"from":[10,0,4.2],"to":[12,2,9],"rotation":{"angle":0,"axis":"y","origin":[8,0,8]},"faces":{"north":{"uv":[2.5,8.5,3,9],"texture":"#0"},"east":{"uv":[5,4,6.25,4.5],"texture":"#0"},"south":{"uv":[8.5,2.75,9,3.25],"texture":"#0"},"west":{"uv":[6.5,5,7.75,5.5],"texture":"#0"},"up":{"uv":[0.5,8.5,0,7.25],"texture":"#0"},"down":{"uv":[1,7.25,0.5,8.5],"texture":"#0"}}},{"from":[2,4,8],"to":[3,6,9],"rotation":{"angle":0,"axis":"y","origin":[8,0,8]},"faces":{"north":{"uv":[0,0,0.25,0.5],"texture":"#0"},"east":{"uv":[0,0,0.25,0.5],"texture":"#0"},"south":{"uv":[0,0,0.25,0.5],"texture":"#0"},"west":{"uv":[0,0,0.25,0.5],"texture":"#0"},"up":{"uv":[0,0,0.25,0.25],"texture":"#0"},"down":{"uv":[0,0,0.25,0.25],"texture":"#0"}}},{"from":[5,7,5],"to":[6,8,8],"rotation":{"angle":0,"axis":"y","origin":[8,1,8]},"faces":{"north":{"uv":[9.5,8,9.75,8.25],"texture":"#0"},"east":{"uv":[9,6,9.75,6.25],"texture":"#0"},"south":{"uv":[8.25,9.5,8.5,9.75],"texture":"#0"},"west":{"uv":[9,6.25,9.75,6.5],"texture":"#0"},"up":{"uv":[3.5,9.75,3.25,9],"texture":"#0"},"down":{"uv":[5.25,9,5,9.75],"texture":"#0"}}},{"from":[3,6,6],"to":[4,7,8],"rotation":{"angle":0,"axis":"y","origin":[8,1,8]},"faces":{"north":{"uv":[9.5,7.75,9.75,8],"texture":"#0"},"east":{"uv":[6,9.5,6.5,9.75],"texture":"#0"},"south":{"uv":[8,9.5,8.25,9.75],"texture":"#0"},"west":{"uv":[6.5,9.5,7,9.75],"texture":"#0"},"up":{"uv":[5.5,10,5.25,9.5],"texture":"#0"},"down":{"uv":[7.25,9.5,7,10],"texture":"#0"}}},{"from":[1,7,5],"to":[4,8,8],"rotation":{"angle":0,"axis":"y","origin":[8,1,8]},"faces":{"north":{"uv":[9,5.25,9.75,5.5],"texture":"#0"},"east":{"uv":[9,5.5,9.75,5.75],"texture":"#0"},"south":{"uv":[9,5.75,9.75,6],"texture":"#0"},"west":{"uv":[6,9,6.75,9.25],"texture":"#0"},"up":{"uv":[8.5,3.25,7.75,2.5],"texture":"#0"},"down":{"uv":[8.5,3.25,7.75,4],"texture":"#0"}}},{"from":[1,8,5],"to":[2,9,7],"rotation":{"angle":0,"axis":"y","origin":[8,1,8]},"faces":{"north":{"uv":[7.5,9.5,7.75,9.75],"texture":"#0"},"east":{"uv":[9.5,2.25,10,2.5],"texture":"#0"},"south":{"uv":[7.75,9.5,8,9.75],"texture":"#0"},"west":{"uv":[2.5,9.5,3,9.75],"texture":"#0"},"up":{"uv":[9.75,4.5,9.5,4],"texture":"#0"},"down":{"uv":[9.75,4.5,9.5,5],"texture":"#0"}}},{"from":[3,8,5],"to":[4,9,7],"rotation":{"angle":0,"axis":"y","origin":[8,1,8]},"faces":{"north":{"uv":[8,1,8.25,1.25],"texture":"#0"},"east":{"uv":[1.5,9.5,2,9.75],"texture":"#0"},"south":{"uv":[7.25,9.5,7.5,9.75],"texture":"#0"},"west":{"uv":[9.5,2,10,2.25],"texture":"#0"},"up":{"uv":[5.5,9.5,5.25,9],"texture":"#0"},"down":{"uv":[3.25,9.25,3,9.75],"texture":"#0"}}},{"from":[4,4,5],"to":[9,5,8],"rotation":{"angle":0,"axis":"y","origin":[8,1,8]},"faces":{"north":{"uv":[8.25,8.25,9.5,8.5],"texture":"#0"},"east":{"uv":[9,3.5,9.75,3.75],"texture":"#0"},"south":{"uv":[0,8.5,1.25,8.75],"texture":"#0"},"west":{"uv":[9,5,9.75,5.25],"texture":"#0"},"up":{"uv":[7.5,7,6.25,6.25],"texture":"#0"},"down":{"uv":[2,6.5,0.75,7.25],"texture":"#0"}}},{"from":[4,6,5],"to":[7,7,8],"rotation":{"angle":0,"axis":"y","origin":[8,1,8]},"faces":{"north":{"uv":[2.5,9,3.25,9.25],"texture":"#0"},"east":{"uv":[9,2.75,9.75,3],"texture":"#0"},"south":{"uv":[9,3,9.75,3.25],"texture":"#0"},"west":{"uv":[9,3.25,9.75,3.5],"texture":"#0"},"up":{"uv":[8.25,7,7.5,6.25],"texture":"#0"},"down":{"uv":[1.75,7.75,1,8.5],"texture":"#0"}}},{"from":[3,5,5],"to":[8,6,8],"rotation":{"angle":0,"axis":"y","origin":[8,1,8]},"faces":{"north":{"uv":[8.25,7.75,9.5,8],"texture":"#0"},"east":{"uv":[8.75,2.25,9.5,2.5],"texture":"#0"},"south":{"uv":[8.25,8,9.5,8.25],"texture":"#0"},"west":{"uv":[9,1.75,9.75,2],"texture":"#0"},"up":{"uv":[2,6.5,0.75,5.75],"texture":"#0"},"down":{"uv":[7.5,5.5,6.25,6.25],"texture":"#0"}}},{"from":[5,3,5],"to":[7,4,8],"rotation":{"angle":0,"axis":"y","origin":[8,1,8]},"faces":{"north":{"uv":[0.5,9.5,1,9.75],"texture":"#0"},"east":{"uv":[8.5,3.75,9.25,4],"texture":"#0"},"south":{"uv":[1,9.5,1.5,9.75],"texture":"#0"},"west":{"uv":[8.75,2,9.5,2.25],"texture":"#0"},"up":{"uv":[5.5,9,5,8.25],"texture":"#0"},"down":{"uv":[8.75,5.5,8.25,6.25],"texture":"#0"}}},{"from":[7,2,5],"to":[10,4,8],"rotation":{"angle":0,"axis":"y","origin":[8,1,8]},"faces":{"north":{"uv":[6,8,6.75,8.5],"texture":"#0"},"east":{"uv":[6.75,8,7.5,8.5],"texture":"#0"},"south":{"uv":[8.25,1,9,1.5],"texture":"#0"},"west":{"uv":[8.25,1.5,9,2],"texture":"#0"},"up":{"uv":[8.25,2,7.5,1.25],"texture":"#0"},"down":{"uv":[8.25,5.5,7.5,6.25],"texture":"#0"}}},{"from":[8,4,4],"to":[10,6,5],"rotation":{"angle":0,"axis":"y","origin":[8,0,8]},"faces":{"north":{"uv":[1,8.75,1.5,9.25],"texture":"#0"},"east":{"uv":[4.75,2.5,5,3],"texture":"#0"},"south":{"uv":[1.5,8.75,2,9.25],"texture":"#0"},"west":{"uv":[6.25,4,6.5,4.5],"texture":"#0"},"up":{"uv":[9.75,9.5,9.25,9.25],"texture":"#0"},"down":{"uv":[0.5,9.5,0,9.75],"texture":"#0"}}},{"from":[9,4,5],"to":[11,6,8],"rotation":{"angle":0,"axis":"y","origin":[8,0,8]},"faces":{"north":{"uv":[0.5,8.75,1,9.25],"texture":"#0"},"east":{"uv":[8,2,8.75,2.5],"texture":"#0"},"south":{"uv":[8.75,0.5,9.25,1],"texture":"#0"},"west":{"uv":[2.75,8,3.5,8.5],"texture":"#0"},"up":{"uv":[4,8.75,3.5,8],"texture":"#0"},"down":{"uv":[6,8,5.5,8.75],"texture":"#0"}}},{"from":[1,4,4],"to":[3,6,8],"rotation":{"angle":0,"axis":"y","origin":[8,0,8]},"faces":{"north":{"uv":[0,0,0.5,0.5],"texture":"#0"},"east":{"uv":[0,0,1,0.5],"texture":"#0"},"south":{"uv":[0,0,0.5,0.5],"texture":"#0"},"west":{"uv":[0,0,1,0.5],"texture":"#0"},"up":{"uv":[0,0,0.5,1],"texture":"#0"},"down":{"uv":[0,0,0.5,1],"texture":"#0"}}}],"display":{"thirdperson_righthand":{"rotation":[-178.22,0.03,179.94],"translation":[-0.25,1.75,-0.5],"scale":[0.5,0.5,0.5]},"thirdperson_lefthand":{"rotation":[-178.56,-0.03,-179.88],"translation":[0.75,2,0],"scale":[0.5,0.5,0.5]},"firstperson_righthand":{"rotation":[-180,0,-180],"translation":[-1.25,5.75,1.25]},"firstperson_lefthand":{"rotation":[-180,0,180],"translation":[-0.25,7,1.75]},"ground":{"translation":[0,3.25,0]},"gui":{"rotation":[-180,0,-180],"translation":[-1,0,0]},"head":{"translation":[1,14,0]},"fixed":{"translation":[0,0,-3]}},"groups":[{"name":"rabbit","origin":[11,0,8],"color":0,"children":[0,1,2,3,4,5,6,7,8,9,10,11,12,13,14,15,16,17,18,19,20]},{"name":"carrot","origin":[4.85,6.15,6.45],"color":0,"children":[21,22,23,24,25,26,27,28,29,30]},{"name":"hand","origin":[8,5,5.66667],"color":0,"children":[31,32,33]}]}
