{"format_version":"1.21.6","credit":"Made with Blockbench","parent":"","texture_size":[64,64],"textures":{"0":"item/snake","particle":"item/snake"},"elements":[{"from":[2.8,10,1.4],"to":[8.8,15,7.6],"rotation":{"angle":0,"axis":"y","origin":[-2,9,5]},"faces":{"north":{"uv":[3,3.5,4.5,4.75],"texture":"#0"},"east":{"uv":[4.25,0,5.75,1.25],"texture":"#0"},"south":{"uv":[4.25,1.25,5.75,2.5],"texture":"#0"},"west":{"uv":[4.5,2.5,6,3.75],"texture":"#0"},"up":{"uv":[1.5,5,0,3.5],"texture":"#0"},"down":{"uv":[3,3.5,1.5,5],"texture":"#0"}}},{"from":[4.8,10,0.4],"to":[6.8,11,1.4],"rotation":{"angle":0,"axis":"y","origin":[-2,8,-1]},"faces":{"north":{"uv":[6.75,1.25,7.25,1.75],"texture":"#0"},"east":{"uv":[4.25,2.5,4.5,3],"texture":"#0"},"south":{"uv":[5.5,6.75,6,7.25],"texture":"#0"},"west":{"uv":[4.25,3,4.5,3.5],"texture":"#0"},"up":{"uv":[4.5,5,4,4.75],"texture":"#0"},"down":{"uv":[5,7,4.5,7.25],"texture":"#0"}}},{"from":[4.8,11,0.4],"to":[6.8,12,1.4],"rotation":{"angle":0,"axis":"y","origin":[-2,9,-1]},"faces":{"north":{"uv":[13.75,14,15.75,15],"texture":"#0"},"east":{"uv":[8.5,15.5,8.75,16],"texture":"#0"},"south":{"uv":[0.75,15.5,1.25,16],"texture":"#0"},"west":{"uv":[3.5,15.5,3.75,16],"texture":"#0"},"up":{"uv":[4.75,16,4.25,15.75],"texture":"#0"},"down":{"uv":[5,15.25,4.5,15.5],"texture":"#0"}}},{"from":[5.3,10,-0.6],"to":[6.3,10.2,0.4],"rotation":{"angle":0,"axis":"y","origin":[-2,8,-2]},"faces":{"north":{"uv":[6.25,7.25,6.5,7.5],"texture":"#0"},"east":{"uv":[6.5,7.25,6.75,7.5],"texture":"#0"},"south":{"uv":[6.75,7.25,7,7.5],"texture":"#0"},"west":{"uv":[7,7.25,7.25,7.5],"texture":"#0"},"up":{"uv":[7.5,7.5,7.25,7.25],"texture":"#0"},"down":{"uv":[1,7.5,0.75,7.75],"texture":"#0"}}},{"from":[6.1,10,-1.1],"to":[6.6,10.2,-0.6],"rotation":{"angle":0,"axis":"y","origin":[-1.7,8,-3]},"faces":{"north":{"uv":[1,7.5,1.25,7.75],"texture":"#0"},"east":{"uv":[1.25,7.5,1.5,7.75],"texture":"#0"},"south":{"uv":[1.5,7.5,1.75,7.75],"texture":"#0"},"west":{"uv":[1.75,7.5,2,7.75],"texture":"#0"},"up":{"uv":[7.75,2,7.5,1.75],"texture":"#0"},"down":{"uv":[2.25,7.5,2,7.75],"texture":"#0"}}},{"from":[5.1,10,-1.1],"to":[5.6,10.2,-0.6],"rotation":{"angle":0,"axis":"y","origin":[-2.7,8,-3]},"faces":{"north":{"uv":[7.5,2,7.75,2.25],"texture":"#0"},"east":{"uv":[3,7.5,3.25,7.75],"texture":"#0"},"south":{"uv":[3.25,7.5,3.5,7.75],"texture":"#0"},"west":{"uv":[3.5,7.5,3.75,7.75],"texture":"#0"},"up":{"uv":[7.75,4.25,7.5,4],"texture":"#0"},"down":{"uv":[7.75,4.25,7.5,4.5],"texture":"#0"}}},{"from":[4.9,10,-1.5],"to":[5.4,10.2,-1],"rotation":{"angle":0,"axis":"y","origin":[-2.7,8,-3]},"faces":{"north":{"uv":[7.5,2,7.75,2.25],"texture":"#0"},"east":{"uv":[3,7.5,3.25,7.75],"texture":"#0"},"south":{"uv":[3.25,7.5,3.5,7.75],"texture":"#0"},"west":{"uv":[3.5,7.5,3.75,7.75],"texture":"#0"},"up":{"uv":[7.75,4.25,7.5,4],"texture":"#0"},"down":{"uv":[7.75,4.25,7.5,4.5],"texture":"#0"}}},{"from":[6.3,10,-1.5],"to":[6.8,10.2,-1],"rotation":{"angle":0,"axis":"y","origin":[-1.3,8,-3]},"faces":{"north":{"uv":[7.5,2,7.75,2.25],"texture":"#0"},"east":{"uv":[3,7.5,3.25,7.75],"texture":"#0"},"south":{"uv":[3.25,7.5,3.5,7.75],"texture":"#0"},"west":{"uv":[3.5,7.5,3.75,7.75],"texture":"#0"},"up":{"uv":[7.75,4.25,7.5,4],"texture":"#0"},"down":{"uv":[7.75,4.25,7.5,4.5],"texture":"#0"}}},{"from":[3.6,5,0.4],"to":[7,7,2],"rotation":{"angle":0,"axis":"y","origin":[-1,4,-1]},"faces":{"north":{"uv":[2.25,6.25,3,6.75],"texture":"#0"},"east":{"uv":[6,6.75,6.5,7.25],"texture":"#0"},"south":{"uv":[6.25,6,7,6.5],"texture":"#0"},"west":{"uv":[6.5,6.75,7,7.25],"texture":"#0"},"up":{"uv":[3.75,7,3,6.5],"texture":"#0"},"down":{"uv":[5.25,6.5,4.5,7],"texture":"#0"}}},{"from":[4.4,7,0.4],"to":[6.3,8,2],"rotation":{"angle":0,"axis":"y","origin":[-1,5,-1]},"faces":{"north":{"uv":[0.75,7.25,1.25,7.5],"texture":"#0"},"east":{"uv":[1.25,7.25,1.75,7.5],"texture":"#0"},"south":{"uv":[7.25,1.25,7.75,1.5],"texture":"#0"},"west":{"uv":[7.25,1.5,7.75,1.75],"texture":"#0"},"up":{"uv":[7.5,2.25,7,1.75],"texture":"#0"},"down":{"uv":[3.5,7,3,7.5],"texture":"#0"}}},{"from":[1,1,1],"to":[2,2,6],"rotation":{"angle":0,"axis":"y","origin":[1,1,0]},"faces":{"north":{"uv":[6.75,1.75,7,2],"texture":"#0"},"east":{"uv":[6.75,0.75,8,1],"texture":"#0"},"south":{"uv":[7.25,4.5,7.5,4.75],"texture":"#0"},"west":{"uv":[6.75,1,8,1.25],"texture":"#0"},"up":{"uv":[2.5,8,2.25,6.75],"texture":"#0"},"down":{"uv":[2.75,6.75,2.5,8],"texture":"#0"}}},{"from":[8.6,4,1],"to":[10,5,7],"rotation":{"angle":0,"axis":"y","origin":[3,3,0]},"faces":{"north":{"uv":[7.5,4.5,7.75,4.75],"texture":"#0"},"east":{"uv":[5.25,6.5,6.75,6.75],"texture":"#0"},"south":{"uv":[7.5,4.75,7.75,5],"texture":"#0"},"west":{"uv":[6.75,0.5,8.25,0.75],"texture":"#0"},"up":{"uv":[4,8,3.75,6.5],"texture":"#0"},"down":{"uv":[0.25,6.75,0,8.25],"texture":"#0"}}},{"from":[2.6,5,1.1],"to":[3.6,7,6.6],"rotation":{"angle":0,"axis":"y","origin":[-6,4,6]},"faces":{"north":{"uv":[3.5,7,3.75,7.5],"texture":"#0"},"east":{"uv":[5.75,2,7,2.5],"texture":"#0"},"south":{"uv":[5,7,5.25,7.5],"texture":"#0"},"west":{"uv":[6,2.5,7.25,3],"texture":"#0"},"up":{"uv":[3,8,2.75,6.75],"texture":"#0"},"down":{"uv":[5.5,6.75,5.25,8],"texture":"#0"}}},{"from":[3.2,4,6],"to":[7.2,5,7],"rotation":{"angle":0,"axis":"y","origin":[-4,3,6]},"faces":{"north":{"uv":[6.75,6.5,7.75,6.75],"texture":"#0"},"east":{"uv":[5,7.5,5.25,7.75],"texture":"#0"},"south":{"uv":[7,2.25,8,2.5],"texture":"#0"},"west":{"uv":[6.25,7.5,6.5,7.75],"texture":"#0"},"up":{"uv":[8,3.5,7,3.25],"texture":"#0"},"down":{"uv":[8,3.5,7,3.75],"texture":"#0"}}},{"from":[3.2,4,0],"to":[7.2,5,1],"rotation":{"angle":0,"axis":"y","origin":[-4,3,0]},"faces":{"north":{"uv":[7,6,8,6.25],"texture":"#0"},"east":{"uv":[6.5,7.5,6.75,7.75],"texture":"#0"},"south":{"uv":[7,6.25,8,6.5],"texture":"#0"},"west":{"uv":[6.75,7.5,7,7.75],"texture":"#0"},"up":{"uv":[8,7,7,6.75],"texture":"#0"},"down":{"uv":[8,7,7,7.25],"texture":"#0"}}},{"from":[1.5,4,0],"to":[3.2,5,7],"rotation":{"angle":0,"axis":"y","origin":[-4,3,0]},"faces":{"north":{"uv":[1.75,7.25,2.25,7.5],"texture":"#0"},"east":{"uv":[4.5,6,6.25,6.25],"texture":"#0"},"south":{"uv":[7.25,2.5,7.75,2.75],"texture":"#0"},"west":{"uv":[6,5.5,7.75,5.75],"texture":"#0"},"up":{"uv":[1.25,7.25,0.75,5.5],"texture":"#0"},"down":{"uv":[1.75,5.5,1.25,7.25],"texture":"#0"}}},{"from":[7.1,4,0],"to":[9,5,7],"rotation":{"angle":0,"axis":"y","origin":[2,3,0]},"faces":{"north":{"uv":[7.25,2.75,7.75,3],"texture":"#0"},"east":{"uv":[6,5.75,7.75,6],"texture":"#0"},"south":{"uv":[7.25,3.75,7.75,4],"texture":"#0"},"west":{"uv":[4.5,6.25,6.25,6.5],"texture":"#0"},"up":{"uv":[2.25,7.25,1.75,5.5],"texture":"#0"},"down":{"uv":[4.5,5.5,4,7.25],"texture":"#0"}}},{"from":[1,2,0],"to":[10,4,7],"rotation":{"angle":0,"axis":"y","origin":[2,2,0]},"faces":{"north":{"uv":[0,5,2.25,5.5],"texture":"#0"},"east":{"uv":[5.5,3.75,7.25,4.25],"texture":"#0"},"south":{"uv":[4,5,6.25,5.5],"texture":"#0"},"west":{"uv":[5.5,4.25,7.25,4.75],"texture":"#0"},"up":{"uv":[2.25,1.75,0,0],"texture":"#0"},"down":{"uv":[2.25,1.75,0,3.5],"texture":"#0"}}},{"from":[2,1,0],"to":[10,2,7],"rotation":{"angle":0,"axis":"y","origin":[2,1,0]},"faces":{"north":{"uv":[5.5,4.75,7.5,5],"texture":"#0"},"east":{"uv":[6.25,5,8,5.25],"texture":"#0"},"south":{"uv":[6,3,8,3.25],"texture":"#0"},"west":{"uv":[6.25,5.25,8,5.5],"texture":"#0"},"up":{"uv":[4.25,1.75,2.25,0],"texture":"#0"},"down":{"uv":[4.25,1.75,2.25,3.5],"texture":"#0"}}},{"from":[6.9,5,1],"to":[8,7,1.6],"rotation":{"angle":0,"axis":"y","origin":[-1,4,6]},"faces":{"north":{"uv":[4,7.25,4.25,7.75],"texture":"#0"},"east":{"uv":[7.25,4,7.5,4.5],"texture":"#0"},"south":{"uv":[4.25,7.25,4.5,7.75],"texture":"#0"},"west":{"uv":[4.5,7.25,4.75,7.75],"texture":"#0"},"up":{"uv":[7.25,7.75,7,7.5],"texture":"#0"},"down":{"uv":[7.5,7.5,7.25,7.75],"texture":"#0"}}},{"from":[3.6,5,6],"to":[8,7,6.6],"rotation":{"angle":0,"axis":"y","origin":[0,4,6]},"faces":{"north":{"uv":[3,6,4,6.5],"texture":"#0"},"east":{"uv":[4.75,7.25,5,7.75],"texture":"#0"},"south":{"uv":[6,3.25,7,3.75],"texture":"#0"},"west":{"uv":[5.5,7.25,5.75,7.75],"texture":"#0"},"up":{"uv":[8.25,0.25,7.25,0],"texture":"#0"},"down":{"uv":[8.25,0.25,7.25,0.5],"texture":"#0"}}},{"from":[8,5,1],"to":[9,7,6.6],"rotation":{"angle":0,"axis":"y","origin":[0,4,6]},"faces":{"north":{"uv":[5.75,7.25,6,7.75],"texture":"#0"},"east":{"uv":[4.5,5.5,6,6],"texture":"#0"},"south":{"uv":[6,7.25,6.25,7.75],"texture":"#0"},"west":{"uv":[5.75,0,7.25,0.5],"texture":"#0"},"up":{"uv":[0.5,8.25,0.25,6.75],"texture":"#0"},"down":{"uv":[0.75,6.75,0.5,8.25],"texture":"#0"}}},{"from":[3.8,5,2.4],"to":[7.8,10,5.6],"rotation":{"angle":0,"axis":"y","origin":[-2,4,6]},"faces":{"north":{"uv":[4.5,3.75,5.5,5],"texture":"#0"},"east":{"uv":[2.25,5,3,6.25],"texture":"#0"},"south":{"uv":[3,4.75,4,6],"texture":"#0"},"west":{"uv":[0,5.5,0.75,6.75],"texture":"#0"},"up":{"uv":[6.75,1.25,5.75,0.5],"texture":"#0"},"down":{"uv":[6.75,1.25,5.75,2],"texture":"#0"}}}],"display":{"thirdperson_righthand":{"translation":[2,0.5,4.25]},"thirdperson_lefthand":{"translation":[-1.75,-1.5,3.75]},"firstperson_righthand":{"translation":[6.75,0,0]},"firstperson_lefthand":{"translation":[5,0,0]},"ground":{"translation":[3,2.75,3.5]},"gui":{"rotation":[0,180,0],"translation":[-2.75,0,0]},"head":{"translation":[2.5,13.25,4.5]},"fixed":{"translation":[2.25,0.75,1.75]}},"groups":[{"name":"snake","origin":[-2,4,6],"color":0,"children":[0,1,2,3,4,5,6,7,8,9,10,11,12,13,14,15,16,17,18,19,20,21,22]}]}
