{"format_version":"1.21.6","credit":"Made with Blockbench","parent":"","texture_size":[8,8],"textures":{"0":"item/tigger","1":"item/mouth","particle":"item/tigger"},"elements":[{"from":[2,0,0],"to":[4,3,3],"rotation":{"angle":0,"axis":"y","origin":[2,1,0]},"faces":{"north":{"uv":[7.75,0.5,8.25,1.25],"texture":"#0"},"east":{"uv":[7,5.5,7.75,6.25],"texture":"#0"},"south":{"uv":[2.75,7.75,3.25,8.5],"texture":"#0"},"west":{"uv":[3.75,7.25,4.5,8],"texture":"#0"},"up":{"uv":[8.25,6.25,7.75,5.5],"texture":"#0"},"down":{"uv":[8.25,6.25,7.75,7],"texture":"#0"}}},{"from":[11,0,0],"to":[13,3,3],"rotation":{"angle":0,"axis":"y","origin":[11,1,0]},"faces":{"north":{"uv":[7.75,7,8.25,7.75],"texture":"#0"},"east":{"uv":[4.5,7.25,5.25,8],"texture":"#0"},"south":{"uv":[7.75,7.75,8.25,8.5],"texture":"#0"},"west":{"uv":[5.25,7.25,6,8],"texture":"#0"},"up":{"uv":[8.5,2,8,1.25],"texture":"#0"},"down":{"uv":[2.25,8,1.75,8.75],"texture":"#0"}}},{"from":[2,0,3],"to":[13,5,8],"rotation":{"angle":0,"axis":"y","origin":[3,1,3]},"faces":{"north":{"uv":[4.5,0,6.75,1.25],"texture":"#0"},"east":{"uv":[4.5,5,5.75,6.25],"texture":"#0"},"south":{"uv":[4.5,1.25,6.75,2.5],"texture":"#0"},"west":{"uv":[2.25,5.25,3.5,6.5],"texture":"#0"},"up":{"uv":[6.75,3.75,4.5,2.5],"texture":"#0"},"down":{"uv":[6.75,3.75,4.5,5],"texture":"#0"}}},{"from":[4,5,3],"to":[11,7,8],"rotation":{"angle":0,"axis":"y","origin":[3,3,3]},"faces":{"north":{"uv":[6.75,1.5,8,2],"texture":"#0"},"east":{"uv":[6.75,2,8,2.5],"texture":"#0"},"south":{"uv":[6.75,2.5,8,3],"texture":"#0"},"west":{"uv":[6.75,3,8,3.5],"texture":"#0"},"up":{"uv":[7,6.25,5.75,5],"texture":"#0"},"down":{"uv":[1.25,6.25,0,7.5],"texture":"#0"}}},{"from":[3,7,4],"to":[12,8,8],"rotation":{"angle":0,"axis":"y","origin":[3,5,3]},"faces":{"north":{"uv":[8.5,3,9.75,3.25],"texture":"#0"},"east":{"uv":[8.5,3.5,9.5,3.75],"texture":"#0"},"south":{"uv":[8.5,3.25,9.75,3.5],"texture":"#0"},"west":{"uv":[8.5,4.25,9.5,4.5],"texture":"#0"},"up":{"uv":[4.75,7.25,3.5,6.25],"texture":"#0"},"down":{"uv":[6,6.25,4.75,7.25],"texture":"#0"}}},{"from":[10,5,5],"to":[13,7,8],"rotation":{"angle":0,"axis":"y","origin":[5,3,6]},"faces":{"north":{"uv":[8.5,4.5,9,5],"texture":"#0"},"east":{"uv":[8,2,8.75,2.5],"texture":"#0"},"south":{"uv":[7.75,8.5,8.25,9],"texture":"#0"},"west":{"uv":[8,2.5,8.75,3],"texture":"#0"},"up":{"uv":[2.75,8.75,2.25,8],"texture":"#0"},"down":{"uv":[8.5,3,8,3.75],"texture":"#0"}}},{"from":[2,5,5],"to":[5,7,8],"rotation":{"angle":0,"axis":"y","origin":[-2,3,6]},"faces":{"north":{"uv":[8.75,0,9.25,0.5],"texture":"#0"},"east":{"uv":[3.75,8,4.5,8.5],"texture":"#0"},"south":{"uv":[8.75,0.5,9.25,1],"texture":"#0"},"west":{"uv":[8,3.75,8.75,4.25],"texture":"#0"},"up":{"uv":[8.5,5,8,4.25],"texture":"#0"},"down":{"uv":[5,8,4.5,8.75],"texture":"#0"}}},{"from":[3,8,2],"to":[12,15,11],"rotation":{"angle":0,"axis":"y","origin":[3,6,4]},"faces":{"north":{"uv":[2.25,0,4.5,1.75],"texture":"#0"},"east":{"uv":[2.25,1.75,4.5,3.5],"texture":"#0"},"south":{"uv":[2.25,3.5,4.5,5.25],"texture":"#0"},"west":{"uv":[0,4.5,2.25,6.25],"texture":"#0"},"up":{"uv":[2.25,2.25,0,0],"texture":"#0"},"down":{"uv":[2.25,2.25,0,4.5],"texture":"#0"}}},{"from":[2,8,2],"to":[3,11,4],"rotation":{"angle":0,"axis":"y","origin":[2,6,4]},"faces":{"north":{"uv":[1,7.5,1.25,8.25],"texture":"#0"},"east":{"uv":[5,8,5.5,8.75],"texture":"#0"},"south":{"uv":[7,7.5,7.25,8.25],"texture":"#0"},"west":{"uv":[5.5,8,6,8.75],"texture":"#0"},"up":{"uv":[9.25,7.5,9,7],"texture":"#0"},"down":{"uv":[9.25,7.5,9,8],"texture":"#0"}}},{"from":[12,8,2],"to":[13,11,4],"rotation":{"angle":0,"axis":"y","origin":[12,6,4]},"faces":{"north":{"uv":[1.5,9,1.75,9.75],"texture":"#0"},"east":{"uv":[0.5,8.25,1,9],"texture":"#0"},"south":{"uv":[9,5,9.25,5.75],"texture":"#0"},"west":{"uv":[8.25,0.5,8.75,1.25],"texture":"#0"},"up":{"uv":[8,9.5,7.75,9],"texture":"#0"},"down":{"uv":[8.25,9,8,9.5],"texture":"#0"}}},{"from":[6,10,0],"to":[9,11,2],"rotation":{"angle":0,"axis":"y","origin":[8,7,2]},"faces":{"north":{"uv":[8.25,5,9,5.5],"texture":"#0"},"east":{"uv":[1.75,8.75,2.25,9.25],"texture":"#0"},"south":{"uv":[8.25,5.5,9,6],"texture":"#0"},"west":{"uv":[8.75,2,9.25,2.5],"texture":"#0"},"up":{"uv":[6.75,8.75,6,8.25],"texture":"#0"},"down":{"uv":[9,6,8.25,6.5],"texture":"#0"}}},{"from":[6,9,0],"to":[9,10,2],"rotation":{"angle":0,"axis":"y","origin":[8,6,2]},"faces":{"north":{"uv":[0,0,6,4],"texture":"#1"},"east":{"uv":[0,8,4,12],"texture":"#1"},"south":{"uv":[0,4,6,8],"texture":"#1"},"west":{"uv":[4,8,8,12],"texture":"#1"},"up":{"uv":[12,4,6,0],"texture":"#1"},"down":{"uv":[12,4,6,8],"texture":"#1"}}},{"from":[2,5,0],"to":[4,7,5],"rotation":{"angle":-20,"axis":"x","origin":[-3,3,3]},"faces":{"north":{"uv":[2.25,8.75,2.75,9.25],"texture":"#0"},"east":{"uv":[6.75,3.5,8,4],"texture":"#0"},"south":{"uv":[8.75,2.5,9.25,3],"texture":"#0"},"west":{"uv":[6.75,4,8,4.5],"texture":"#0"},"up":{"uv":[3.25,7.75,2.75,6.5],"texture":"#0"},"down":{"uv":[7.25,6.25,6.75,7.5],"texture":"#0"}}},{"from":[11,5,0],"to":[13,7,5],"rotation":{"angle":-7.5,"axis":"x","origin":[6,3,3]},"faces":{"north":{"uv":[2.75,8.75,3.25,9.25],"texture":"#0"},"east":{"uv":[6.75,4.5,8,5],"texture":"#0"},"south":{"uv":[3.25,8.75,3.75,9.25],"texture":"#0"},"west":{"uv":[7,5,8.25,5.5],"texture":"#0"},"up":{"uv":[1.75,8.5,1.25,7.25],"texture":"#0"},"down":{"uv":[3.75,7.25,3.25,8.5],"texture":"#0"}}},{"from":[1,13,6],"to":[3.5,17,8],"rotation":{"angle":0,"axis":"y","origin":[1,13,6]},"faces":{"north":{"uv":[3.5,5.25,4.25,6.25],"texture":"#0"},"east":{"uv":[6,7.25,6.5,8.25],"texture":"#0"},"south":{"uv":[1.25,6.25,2,7.25],"texture":"#0"},"west":{"uv":[7.25,6.25,7.75,7.25],"texture":"#0"},"up":{"uv":[9,7,8.25,6.5],"texture":"#0"},"down":{"uv":[7.5,8.25,6.75,8.75],"texture":"#0"}}},{"from":[11.5,13,6],"to":[14,17,8],"rotation":{"angle":0,"axis":"y","origin":[12,13,6]},"faces":{"north":{"uv":[6,6.25,6.75,7.25],"texture":"#0"},"east":{"uv":[7.25,7.25,7.75,8.25],"texture":"#0"},"south":{"uv":[2,6.5,2.75,7.5],"texture":"#0"},"west":{"uv":[0,7.5,0.5,8.5],"texture":"#0"},"up":{"uv":[9,7.5,8.25,7],"texture":"#0"},"down":{"uv":[9,7.5,8.25,8],"texture":"#0"}}},{"from":[6.5,4,0],"to":[10.5,7,2],"rotation":{"angle":0,"axis":"y","origin":[9,4,0]},"faces":{"north":{"uv":[6.75,0,7.75,0.75],"texture":"#0"},"east":{"uv":[8.25,8,8.75,8.75],"texture":"#0"},"south":{"uv":[6.75,0.75,7.75,1.5],"texture":"#0"},"west":{"uv":[0,8.5,0.5,9.25],"texture":"#0"},"up":{"uv":[2.75,8,1.75,7.5],"texture":"#0"},"down":{"uv":[8.75,0,7.75,0.5],"texture":"#0"}}},{"from":[5.8,4,0],"to":[6.5,6.2,2],"rotation":{"angle":0,"axis":"y","origin":[8,3,0]},"faces":{"north":{"uv":[8.75,9,9,9.5],"texture":"#0"},"east":{"uv":[3.75,8.75,4.25,9.25],"texture":"#0"},"south":{"uv":[9,9,9.25,9.5],"texture":"#0"},"west":{"uv":[8.75,3.75,9.25,4.25],"texture":"#0"},"up":{"uv":[0.25,9.75,0,9.25],"texture":"#0"},"down":{"uv":[9.5,0,9.25,0.5],"texture":"#0"}}},{"from":[10.4,4,0],"to":[10.8,6.2,2],"rotation":{"angle":0,"axis":"y","origin":[13,3,0]},"faces":{"north":{"uv":[0.25,9.25,0.5,9.75],"texture":"#0"},"east":{"uv":[4.5,8.75,5,9.25],"texture":"#0"},"south":{"uv":[9.25,0.5,9.5,1],"texture":"#0"},"west":{"uv":[5,8.75,5.5,9.25],"texture":"#0"},"up":{"uv":[9.5,1.75,9.25,1.25],"texture":"#0"},"down":{"uv":[2,9.25,1.75,9.75],"texture":"#0"}}},{"from":[6.5,7,0],"to":[9.5,8,2],"rotation":{"angle":0,"axis":"y","origin":[11,6,0]},"faces":{"north":{"uv":[8.75,1,9.5,1.25],"texture":"#0"},"east":{"uv":[2,9.25,2.5,9.5],"texture":"#0"},"south":{"uv":[9,5.75,9.75,6],"texture":"#0"},"west":{"uv":[9.25,2,9.75,2.25],"texture":"#0"},"up":{"uv":[1.75,9,1,8.5],"texture":"#0"},"down":{"uv":[9.25,1.25,8.5,1.75],"texture":"#0"}}},{"from":[7.5,2,0],"to":[9.5,4,2],"rotation":{"angle":0,"axis":"y","origin":[11,2,0]},"faces":{"north":{"uv":[5.5,8.75,6,9.25],"texture":"#0"},"east":{"uv":[6,8.75,6.5,9.25],"texture":"#0"},"south":{"uv":[6.5,8.75,7,9.25],"texture":"#0"},"west":{"uv":[7,8.75,7.5,9.25],"texture":"#0"},"up":{"uv":[9.25,8.5,8.75,8],"texture":"#0"},"down":{"uv":[8.75,8.75,8.25,9.25],"texture":"#0"}}},{"from":[9.1,1.6,0],"to":[10.1,2.6,2],"rotation":{"angle":0,"axis":"y","origin":[12,2,0]},"faces":{"north":{"uv":[4.25,6,4.5,6.25],"texture":"#0"},"east":{"uv":[9.25,2.25,9.75,2.5],"texture":"#0"},"south":{"uv":[2,6.25,2.25,6.5],"texture":"#0"},"west":{"uv":[2.5,9.25,3,9.5],"texture":"#0"},"up":{"uv":[9.5,3,9.25,2.5],"texture":"#0"},"down":{"uv":[3.25,9.25,3,9.75],"texture":"#0"}}},{"from":[7.1,1.6,0],"to":[8.1,2.6,2],"rotation":{"angle":0,"axis":"y","origin":[10,2,0]},"faces":{"north":{"uv":[1.75,7.25,2,7.5],"texture":"#0"},"east":{"uv":[3.25,9.25,3.75,9.5],"texture":"#0"},"south":{"uv":[6.5,7.25,6.75,7.5],"texture":"#0"},"west":{"uv":[3.75,9.25,4.25,9.5],"texture":"#0"},"up":{"uv":[9.5,4.25,9.25,3.75],"texture":"#0"},"down":{"uv":[4.75,9.25,4.5,9.75],"texture":"#0"}}},{"from":[0,14,6],"to":[1,16,8],"rotation":{"angle":0,"axis":"y","origin":[0,13,6]},"faces":{"north":{"uv":[4.75,9.25,5,9.75],"texture":"#0"},"east":{"uv":[8.75,8.5,9.25,9],"texture":"#0"},"south":{"uv":[5,9.25,5.25,9.75],"texture":"#0"},"west":{"uv":[0.5,9,1,9.5],"texture":"#0"},"up":{"uv":[9.5,5.5,9.25,5],"texture":"#0"},"down":{"uv":[5.5,9.25,5.25,9.75],"texture":"#0"}}},{"from":[14,14,6],"to":[15,16,8],"rotation":{"angle":0,"axis":"y","origin":[14,13,6]},"faces":{"north":{"uv":[5.5,9.25,5.75,9.75],"texture":"#0"},"east":{"uv":[1,9,1.5,9.5],"texture":"#0"},"south":{"uv":[5.75,9.25,6,9.75],"texture":"#0"},"west":{"uv":[9,4.5,9.5,5],"texture":"#0"},"up":{"uv":[6.25,9.75,6,9.25],"texture":"#0"},"down":{"uv":[9.5,6,9.25,6.5],"texture":"#0"}}},{"from":[6,1,8],"to":[7,2,14],"rotation":{"angle":0,"axis":"y","origin":[6,0,8]},"faces":{"north":{"uv":[7.75,1.25,8,1.5],"texture":"#0"},"east":{"uv":[8.5,1.75,10,2],"texture":"#0"},"south":{"uv":[1,8.25,1.25,8.5],"texture":"#0"},"west":{"uv":[2.75,8.5,4.25,8.75],"texture":"#0"},"up":{"uv":[7.75,9.75,7.5,8.25],"texture":"#0"},"down":{"uv":[4.5,8.5,4.25,10],"texture":"#0"}}},{"from":[6,2,12],"to":[7,5,14],"rotation":{"angle":0,"axis":"y","origin":[6,1,8]},"faces":{"north":{"uv":[4.25,5.25,4.5,6],"texture":"#0"},"east":{"uv":[0.5,7.5,1,8.25],"texture":"#0"},"south":{"uv":[3.25,6.5,3.5,7.25],"texture":"#0"},"west":{"uv":[6.5,7.5,7,8.25],"texture":"#0"},"up":{"uv":[9.25,6.5,9,6],"texture":"#0"},"down":{"uv":[9.25,6.5,9,7],"texture":"#0"}}}],"display":{"ground":{"translation":[0,4,0]},"gui":{"rotation":[-180,-0.25,-180]},"head":{"translation":[0,14.25,2.75]}},"groups":[{"name":"tigger","origin":[8,8,8],"color":0,"children":[0,1,2,3,4,5,6,7,8,9,10,11,12,13,14,15,16,17,18,19,20,21,22,23,24,25,26]}]}
