{"textures":{"0":"modelengine:entity/6354ff8c-020a-3e97-b5f3-5e35e5b98ba8","particle":"#0"},"elements":[{"from":[7.0,8.0,3.0],"to":[12.0,13.0,8.0],"faces":{"east":{"uv":[8.0,1.25,9.25,2.5],"tintindex":0,"rotation":0,"texture":"#0"},"south":{"uv":[11.75,1.25,13.0,2.5],"tintindex":0,"rotation":0,"texture":"#0"},"north":{"uv":[9.25,1.25,10.5,2.5],"tintindex":0,"rotation":0,"texture":"#0"},"west":{"uv":[10.5,1.25,11.75,2.5],"tintindex":0,"rotation":0,"texture":"#0"},"up":{"uv":[10.5,1.25,9.25,0.0],"tintindex":0,"rotation":0,"texture":"#0"},"down":{"uv":[11.75,0.0,10.5,1.25],"tintindex":0,"rotation":0,"texture":"#0"}}}],"display":{"head":{"rotation":[-0.0,17.5,-0.0]},"firstperson_righthand":{"rotation":[-0.0,17.5,-0.0]},"thirdperson_lefthand":{"rotation":[-0.0,-17.5,0.0]},"firstperson_lefthand":{"rotation":[-0.0,-17.5,0.0]},"fixed":{"rotation":[-0.0,17.5,-0.0]},"ground":{"rotation":[-0.0,17.5,-0.0]},"thirdperson_righthand":{"rotation":[-0.0,17.5,-0.0]},"gui":{"rotation":[-150.0,-62.5,180.0]}}}