{"textures":{"0":"modelengine:entity/texture","particle":"#0"},"elements":[{"from":[12.0,19.0,-5.5],"to":[13.5,19.5,-5.5],"faces":{"south":{"uv":[13.25,14.75,14.0,15.0],"tintindex":0,"rotation":0,"texture":"#0"},"north":{"uv":[12.5,14.75,13.25,15.0],"tintindex":0,"rotation":0,"texture":"#0"}}},{"from":[12.0,18.0,-5.5],"to":[13.5,18.5,-5.5],"faces":{"south":{"uv":[13.25,14.75,14.0,15.0],"tintindex":0,"rotation":0,"texture":"#0"},"north":{"uv":[12.5,14.75,13.25,15.0],"tintindex":0,"rotation":0,"texture":"#0"}}}],"display":{"head":{"rotation":[0.0,0.0,0.0]},"firstperson_righthand":{"rotation":[0.0,0.0,0.0]},"thirdperson_lefthand":{"rotation":[0.0,-0.0,-0.0]},"firstperson_lefthand":{"rotation":[0.0,-0.0,-0.0]},"fixed":{"rotation":[0.0,0.0,0.0]},"ground":{"rotation":[0.0,0.0,0.0]},"thirdperson_righthand":{"rotation":[0.0,0.0,0.0]},"gui":{"rotation":[-150.0,-45.0,180.0]}}}