{"textures":{"0":"modelengine:entity/texture","particle":"#0"},"elements":[{"from":[5.0,8.0,-4.0],"to":[15.0,22.0,31.0],"faces":{"east":{"uv":[-9.75,0.5,-1.0,4.0],"tintindex":0,"rotation":0,"texture":"#0"},"south":{"uv":[10.25,0.5,12.75,4.0],"tintindex":0,"rotation":0,"texture":"#0"},"north":{"uv":[-1.0,0.5,1.5,4.0],"tintindex":0,"rotation":0,"texture":"#0"},"west":{"uv":[1.5,0.5,10.25,4.0],"tintindex":0,"rotation":0,"texture":"#0"},"up":{"uv":[1.5,0.5,-1.0,-8.25],"tintindex":0,"rotation":0,"texture":"#0"},"down":{"uv":[4.0,-8.25,1.5,0.5],"tintindex":0,"rotation":0,"texture":"#0"}}}],"display":{"head":{"rotation":[0.0,0.0,0.0]},"firstperson_righthand":{"rotation":[0.0,0.0,0.0]},"thirdperson_lefthand":{"rotation":[0.0,-0.0,-0.0]},"firstperson_lefthand":{"rotation":[0.0,-0.0,-0.0]},"fixed":{"rotation":[0.0,0.0,0.0]},"ground":{"rotation":[0.0,0.0,0.0]},"thirdperson_righthand":{"rotation":[0.0,0.0,0.0]},"gui":{"rotation":[-150.0,-45.0,180.0]}}}