{"textures":{"0":"modelengine:entity/texture","particle":"#0"},"elements":[{"from":[7.0,8.0,4.0],"to":[15.0,14.0,8.0],"faces":{"east":{"uv":[7.5,4.75,8.5,6.25],"tintindex":0,"rotation":0,"texture":"#0"},"south":{"uv":[11.5,4.75,13.5,6.25],"tintindex":0,"rotation":0,"texture":"#0"},"north":{"uv":[8.5,4.75,10.5,6.25],"tintindex":0,"rotation":0,"texture":"#0"},"west":{"uv":[10.5,4.75,11.5,6.25],"tintindex":0,"rotation":0,"texture":"#0"},"up":{"uv":[10.5,4.75,8.5,3.75],"tintindex":0,"rotation":0,"texture":"#0"},"down":{"uv":[12.5,3.75,10.5,4.75],"tintindex":0,"rotation":0,"texture":"#0"}}}],"display":{"head":{"rotation":[0.0,-5.0,0.0]},"firstperson_righthand":{"rotation":[0.0,-5.0,0.0]},"thirdperson_lefthand":{"rotation":[0.0,5.0,-0.0]},"firstperson_lefthand":{"rotation":[0.0,5.0,-0.0]},"fixed":{"rotation":[0.0,-5.0,0.0]},"ground":{"rotation":[0.0,-5.0,0.0]},"thirdperson_righthand":{"rotation":[0.0,-5.0,0.0]},"gui":{"rotation":[-150.0,-40.0,180.0]}}}