{"textures":{"0":"modelengine:entity/texture","particle":"#0"},"elements":[{"from":[6.0,7.0,4.0],"to":[13.0,13.0,8.0],"faces":{"east":{"uv":[6.0,8.5,7.0,10.0],"tintindex":0,"rotation":0,"texture":"#0"},"south":{"uv":[9.75,8.5,11.5,10.0],"tintindex":0,"rotation":0,"texture":"#0"},"north":{"uv":[7.0,8.5,8.75,10.0],"tintindex":0,"rotation":0,"texture":"#0"},"west":{"uv":[8.75,8.5,9.75,10.0],"tintindex":0,"rotation":0,"texture":"#0"},"up":{"uv":[8.75,8.5,7.0,7.5],"tintindex":0,"rotation":0,"texture":"#0"},"down":{"uv":[10.5,7.5,8.75,8.5],"tintindex":0,"rotation":0,"texture":"#0"}}}],"display":{"head":{"rotation":[0.0,-17.5,0.0]},"firstperson_righthand":{"rotation":[0.0,-17.5,0.0]},"thirdperson_lefthand":{"rotation":[0.0,17.5,-0.0]},"firstperson_lefthand":{"rotation":[0.0,17.5,-0.0]},"fixed":{"rotation":[0.0,-17.5,0.0]},"ground":{"rotation":[0.0,-17.5,0.0]},"thirdperson_righthand":{"rotation":[0.0,-17.5,0.0]},"gui":{"rotation":[-150.0,-27.5,180.0]}}}