{"textures":{"0":"modelengine:entity/texture","particle":"#0"},"elements":[{"from":[7.0,9.0,5.0],"to":[10.0,10.0,8.0],"faces":{"east":{"uv":[11.0,3.25,11.75,3.5],"tintindex":0,"rotation":0,"texture":"#0"},"south":{"uv":[13.25,3.25,14.0,3.5],"tintindex":0,"rotation":0,"texture":"#0"},"north":{"uv":[11.75,3.25,12.5,3.5],"tintindex":0,"rotation":0,"texture":"#0"},"west":{"uv":[12.5,3.25,13.25,3.5],"tintindex":0,"rotation":0,"texture":"#0"},"up":{"uv":[12.5,3.25,11.75,2.5],"tintindex":0,"rotation":0,"texture":"#0"},"down":{"uv":[13.25,2.5,12.5,3.25],"tintindex":0,"rotation":0,"texture":"#0"}}},{"from":[7.0,10.0,6.0],"to":[9.0,13.0,8.0],"faces":{"east":{"uv":[4.0,13.0,4.5,13.75],"tintindex":0,"rotation":0,"texture":"#0"},"south":{"uv":[5.5,13.0,6.0,13.75],"tintindex":0,"rotation":0,"texture":"#0"},"north":{"uv":[4.5,13.0,5.0,13.75],"tintindex":0,"rotation":0,"texture":"#0"},"west":{"uv":[5.0,13.0,5.5,13.75],"tintindex":0,"rotation":0,"texture":"#0"},"up":{"uv":[5.0,13.0,4.5,12.5],"tintindex":0,"rotation":0,"texture":"#0"},"down":{"uv":[5.5,12.5,5.0,13.0],"tintindex":0,"rotation":0,"texture":"#0"}}}],"display":{"head":{"rotation":[0.0,0.0,0.0]},"firstperson_righthand":{"rotation":[0.0,0.0,0.0]},"thirdperson_lefthand":{"rotation":[0.0,-0.0,-0.0]},"firstperson_lefthand":{"rotation":[0.0,-0.0,-0.0]},"fixed":{"rotation":[0.0,0.0,0.0]},"ground":{"rotation":[0.0,0.0,0.0]},"thirdperson_righthand":{"rotation":[0.0,0.0,0.0]},"gui":{"rotation":[-150.0,-45.0,180.0]}}}