{"textures":{"0":"modelengine:entity/6354ff8c-020a-3e97-b5f3-5e35e5b98ba8","particle":"#0"},"elements":[{"from":[8.0,8.0,3.0],"to":[10.0,10.0,11.0],"faces":{"east":{"uv":[0.0,12.0,2.0,12.5],"tintindex":0,"rotation":0,"texture":"#0"},"south":{"uv":[4.5,12.0,5.0,12.5],"tintindex":0,"rotation":0,"texture":"#0"},"north":{"uv":[2.0,12.0,2.5,12.5],"tintindex":0,"rotation":0,"texture":"#0"},"west":{"uv":[2.5,12.0,4.5,12.5],"tintindex":0,"rotation":0,"texture":"#0"},"up":{"uv":[2.5,12.0,2.0,10.0],"tintindex":0,"rotation":0,"texture":"#0"},"down":{"uv":[3.0,10.0,2.5,12.0],"tintindex":0,"rotation":0,"texture":"#0"}}}],"display":{"head":{"rotation":[-0.0,27.5,-0.0]},"firstperson_righthand":{"rotation":[-0.0,27.5,-0.0]},"thirdperson_lefthand":{"rotation":[-0.0,-27.5,0.0]},"firstperson_lefthand":{"rotation":[-0.0,-27.5,0.0]},"fixed":{"rotation":[-0.0,27.5,-0.0]},"ground":{"rotation":[-0.0,27.5,-0.0]},"thirdperson_righthand":{"rotation":[-0.0,27.5,-0.0]},"gui":{"rotation":[-150.0,-72.5,180.0]}}}