{"textures":{"0":"modelengine:entity/texture","particle":"#0"},"elements":[{"from":[7.0,8.0,4.0],"to":[15.0,14.0,8.0],"faces":{"east":{"uv":[0.0,8.5,1.0,10.0],"tintindex":0,"rotation":0,"texture":"#0"},"south":{"uv":[4.0,8.5,6.0,10.0],"tintindex":0,"rotation":0,"texture":"#0"},"north":{"uv":[1.0,8.5,3.0,10.0],"tintindex":0,"rotation":0,"texture":"#0"},"west":{"uv":[3.0,8.5,4.0,10.0],"tintindex":0,"rotation":0,"texture":"#0"},"up":{"uv":[3.0,8.5,1.0,7.5],"tintindex":0,"rotation":0,"texture":"#0"},"down":{"uv":[5.0,7.5,3.0,8.5],"tintindex":0,"rotation":0,"texture":"#0"}}}],"display":{"head":{"rotation":[-0.0,5.0,-0.0]},"firstperson_righthand":{"rotation":[-0.0,5.0,-0.0]},"thirdperson_lefthand":{"rotation":[-0.0,-5.0,0.0]},"firstperson_lefthand":{"rotation":[-0.0,-5.0,0.0]},"fixed":{"rotation":[-0.0,5.0,-0.0]},"ground":{"rotation":[-0.0,5.0,-0.0]},"thirdperson_righthand":{"rotation":[-0.0,5.0,-0.0]},"gui":{"rotation":[-150.0,-50.0,180.0]}}}