{"textures":{"0":"modelengine:entity/6354ff8c-020a-3e97-b5f3-5e35e5b98ba8","particle":"#0"},"elements":[{"from":[8.5,11.0,-5.0],"to":[11.0,13.5,-4.0],"faces":{"east":{"uv":[11.5,8.5,12.0,9.75],"tintindex":0,"rotation":0,"texture":"#0"},"south":{"uv":[13.75,8.5,15.0,9.75],"tintindex":0,"rotation":0,"texture":"#0"},"north":{"uv":[12.0,8.5,13.25,9.75],"tintindex":0,"rotation":0,"texture":"#0"},"west":{"uv":[13.25,8.5,13.75,9.75],"tintindex":0,"rotation":0,"texture":"#0"},"up":{"uv":[13.25,8.5,12.0,8.0],"tintindex":0,"rotation":0,"texture":"#0"},"down":{"uv":[14.5,8.0,13.25,8.5],"tintindex":0,"rotation":0,"texture":"#0"}}}],"display":{"head":{"rotation":[0.0,-37.5,0.0]},"firstperson_righthand":{"rotation":[0.0,-37.5,0.0]},"thirdperson_lefthand":{"rotation":[0.0,37.5,-0.0]},"firstperson_lefthand":{"rotation":[0.0,37.5,-0.0]},"fixed":{"rotation":[0.0,-37.5,0.0]},"ground":{"rotation":[0.0,-37.5,0.0]},"thirdperson_righthand":{"rotation":[0.0,-37.5,0.0]},"gui":{"rotation":[-150.0,-7.5,180.0]}}}