{"textures":{"0":"modelengine:entity/6354ff8c-020a-3e97-b5f3-5e35e5b98ba8","particle":"#0"},"elements":[{"from":[8.018244,11.0,-3.8821144],"to":[11.018244,13.0,-2.8821144],"faces":{"east":{"uv":[10.0,10.5,10.5,11.5],"tintindex":0,"rotation":0,"texture":"#0"},"south":{"uv":[12.5,10.5,14.0,11.5],"tintindex":0,"rotation":0,"texture":"#0"},"north":{"uv":[10.5,10.5,12.0,11.5],"tintindex":0,"rotation":0,"texture":"#0"},"west":{"uv":[12.0,10.5,12.5,11.5],"tintindex":0,"rotation":0,"texture":"#0"},"up":{"uv":[12.0,10.5,10.5,10.0],"tintindex":0,"rotation":0,"texture":"#0"},"down":{"uv":[13.5,10.0,12.0,10.5],"tintindex":0,"rotation":0,"texture":"#0"}}},{"from":[9.0,12.0,-4.5],"to":[10.0,13.0,-3.5],"faces":{"east":{"uv":[8.0,13.0,8.5,13.5],"tintindex":0,"rotation":0,"texture":"#0"},"south":{"uv":[9.5,13.0,10.0,13.5],"tintindex":0,"rotation":0,"texture":"#0"},"north":{"uv":[8.5,13.0,9.0,13.5],"tintindex":0,"rotation":0,"texture":"#0"},"west":{"uv":[9.0,13.0,9.5,13.5],"tintindex":0,"rotation":0,"texture":"#0"},"up":{"uv":[9.0,13.0,8.5,12.5],"tintindex":0,"rotation":0,"texture":"#0"},"down":{"uv":[9.5,12.5,9.0,13.0],"tintindex":0,"rotation":0,"texture":"#0"}}}],"display":{"head":{"rotation":[0.0,-27.5,0.0]},"firstperson_righthand":{"rotation":[0.0,-27.5,0.0]},"thirdperson_lefthand":{"rotation":[0.0,27.5,-0.0]},"firstperson_lefthand":{"rotation":[0.0,27.5,-0.0]},"fixed":{"rotation":[0.0,-27.5,0.0]},"ground":{"rotation":[0.0,-27.5,0.0]},"thirdperson_righthand":{"rotation":[0.0,-27.5,0.0]},"gui":{"rotation":[-150.0,-17.5,180.0]}}}