{"textures":{"0":"modelengine:entity/6354ff8c-020a-3e97-b5f3-5e35e5b98ba8","particle":"#0"},"elements":[{"from":[7.0,10.0,7.0],"to":[9.0,13.0,9.0],"faces":{"east":{"uv":[6.0,13.0,6.5,13.75],"tintindex":0,"rotation":0,"texture":"#0"},"south":{"uv":[7.5,13.0,8.0,13.75],"tintindex":0,"rotation":0,"texture":"#0"},"north":{"uv":[6.5,13.0,7.0,13.75],"tintindex":0,"rotation":0,"texture":"#0"},"west":{"uv":[7.0,13.0,7.5,13.75],"tintindex":0,"rotation":0,"texture":"#0"},"up":{"uv":[7.0,13.0,6.5,12.5],"tintindex":0,"rotation":0,"texture":"#0"},"down":{"uv":[7.5,12.5,7.0,13.0],"tintindex":0,"rotation":0,"texture":"#0"}}},{"from":[7.0,9.0,6.0],"to":[10.0,10.0,9.0],"faces":{"east":{"uv":[10.0,12.25,10.75,12.5],"tintindex":0,"rotation":0,"texture":"#0"},"south":{"uv":[12.25,12.25,13.0,12.5],"tintindex":0,"rotation":0,"texture":"#0"},"north":{"uv":[10.75,12.25,11.5,12.5],"tintindex":0,"rotation":0,"texture":"#0"},"west":{"uv":[11.5,12.25,12.25,12.5],"tintindex":0,"rotation":0,"texture":"#0"},"up":{"uv":[11.5,12.25,10.75,11.5],"tintindex":0,"rotation":0,"texture":"#0"},"down":{"uv":[12.25,11.5,11.5,12.25],"tintindex":0,"rotation":0,"texture":"#0"}}}],"display":{"head":{"rotation":[0.0,0.0,0.0]},"firstperson_righthand":{"rotation":[0.0,0.0,0.0]},"thirdperson_lefthand":{"rotation":[0.0,-0.0,-0.0]},"firstperson_lefthand":{"rotation":[0.0,-0.0,-0.0]},"fixed":{"rotation":[0.0,0.0,0.0]},"ground":{"rotation":[0.0,0.0,0.0]},"thirdperson_righthand":{"rotation":[0.0,0.0,0.0]},"gui":{"rotation":[-150.0,-45.0,180.0]}}}