{"textures":{"0":"modelengine:entity/777","particle":"#0"},"elements":[{"from":[7.5,7.5,7.0],"to":[8.5,12.0,8.0],"faces":{"east":{"uv":[2.0,6.25,2.25,7.375],"tintindex":0,"rotation":0,"texture":"#0"},"south":{"uv":[2.75,6.25,3.0,7.375],"tintindex":0,"rotation":0,"texture":"#0"},"north":{"uv":[2.25,6.25,2.5,7.375],"tintindex":0,"rotation":0,"texture":"#0"},"west":{"uv":[2.5,6.25,2.75,7.375],"tintindex":0,"rotation":0,"texture":"#0"},"up":{"uv":[2.5,6.25,2.25,6.0],"tintindex":0,"rotation":0,"texture":"#0"},"down":{"uv":[2.75,6.0,2.5,6.25],"tintindex":0,"rotation":0,"texture":"#0"}}},{"from":[7.5,-13.0,7.0],"to":[8.5,0.5,9.0],"faces":{"east":{"uv":[0.0,0.5,0.5,3.875],"tintindex":0,"rotation":0,"texture":"#0"},"south":{"uv":[1.25,0.5,1.5,3.875],"tintindex":0,"rotation":0,"texture":"#0"},"north":{"uv":[0.5,0.5,0.75,3.875],"tintindex":0,"rotation":0,"texture":"#0"},"west":{"uv":[0.75,0.5,1.25,3.875],"tintindex":0,"rotation":0,"texture":"#0"},"up":{"uv":[0.75,0.5,0.5,0.0],"tintindex":0,"rotation":0,"texture":"#0"},"down":{"uv":[1.0,0.0,0.75,0.5],"tintindex":0,"rotation":0,"texture":"#0"}}},{"from":[7.5,0.5,7.0],"to":[8.5,7.5,8.5],"faces":{"east":{"uv":[3.25,6.125,3.625,7.875],"tintindex":0,"rotation":0,"texture":"#0"},"south":{"uv":[4.25,6.125,4.5,7.875],"tintindex":0,"rotation":0,"texture":"#0"},"north":{"uv":[3.625,6.125,3.875,7.875],"tintindex":0,"rotation":0,"texture":"#0"},"west":{"uv":[3.875,6.125,4.25,7.875],"tintindex":0,"rotation":0,"texture":"#0"},"up":{"uv":[3.875,6.125,3.625,5.75],"tintindex":0,"rotation":0,"texture":"#0"},"down":{"uv":[4.125,5.75,3.875,6.125],"tintindex":0,"rotation":0,"texture":"#0"}}},{"from":[7.5,12.0,7.0],"to":[8.5,15.5,7.5],"faces":{"east":{"uv":[6.5,5.75,6.625,6.625],"tintindex":0,"rotation":0,"texture":"#0"},"south":{"uv":[7.0,5.75,7.25,6.625],"tintindex":0,"rotation":0,"texture":"#0"},"north":{"uv":[6.625,5.75,6.875,6.625],"tintindex":0,"rotation":0,"texture":"#0"},"west":{"uv":[6.875,5.75,7.0,6.625],"tintindex":0,"rotation":0,"texture":"#0"},"up":{"uv":[6.875,5.75,6.625,5.625],"tintindex":0,"rotation":0,"texture":"#0"},"down":{"uv":[7.125,5.625,6.875,5.75],"tintindex":0,"rotation":0,"texture":"#0"}}}],"display":{"head":{"rotation":[0.0,0.0,0.0]},"firstperson_righthand":{"rotation":[0.0,0.0,0.0]},"thirdperson_lefthand":{"rotation":[0.0,-0.0,-0.0]},"firstperson_lefthand":{"rotation":[0.0,-0.0,-0.0]},"fixed":{"rotation":[0.0,0.0,0.0]},"ground":{"rotation":[0.0,0.0,0.0]},"thirdperson_righthand":{"rotation":[0.0,0.0,0.0]},"gui":{"rotation":[-150.0,-45.0,180.0]}}}