{"textures":{"0":"modelengine:entity/777","particle":"#0"},"elements":[{"from":[7.0,10.0,30.0],"to":[9.0,11.0,31.0],"faces":{"east":{"uv":[6.5,7.0,6.625,7.125],"tintindex":0,"rotation":0,"texture":"#0"},"south":{"uv":[7.0,7.0,7.25,7.125],"tintindex":0,"rotation":0,"texture":"#0"},"north":{"uv":[6.625,7.0,6.875,7.125],"tintindex":0,"rotation":0,"texture":"#0"},"west":{"uv":[6.875,7.0,7.0,7.125],"tintindex":0,"rotation":0,"texture":"#0"},"up":{"uv":[6.875,7.0,6.625,6.875],"tintindex":0,"rotation":0,"texture":"#0"},"down":{"uv":[7.125,6.875,6.875,7.0],"tintindex":0,"rotation":0,"texture":"#0"}}},{"from":[7.0,8.0,18.0],"to":[9.0,10.0,19.0],"faces":{"east":{"uv":[0.75,6.875,0.875,7.125],"tintindex":0,"rotation":0,"texture":"#0"},"south":{"uv":[1.25,6.875,1.5,7.125],"tintindex":0,"rotation":0,"texture":"#0"},"north":{"uv":[0.875,6.875,1.125,7.125],"tintindex":0,"rotation":0,"texture":"#0"},"west":{"uv":[1.125,6.875,1.25,7.125],"tintindex":0,"rotation":0,"texture":"#0"},"up":{"uv":[1.125,6.875,0.875,6.75],"tintindex":0,"rotation":0,"texture":"#0"},"down":{"uv":[1.375,6.75,1.125,6.875],"tintindex":0,"rotation":0,"texture":"#0"}}},{"from":[7.0,8.0,23.0],"to":[9.0,10.0,24.0],"faces":{"east":{"uv":[0.0,6.875,0.125,7.125],"tintindex":0,"rotation":0,"texture":"#0"},"south":{"uv":[0.5,6.875,0.75,7.125],"tintindex":0,"rotation":0,"texture":"#0"},"north":{"uv":[0.125,6.875,0.375,7.125],"tintindex":0,"rotation":0,"texture":"#0"},"west":{"uv":[0.375,6.875,0.5,7.125],"tintindex":0,"rotation":0,"texture":"#0"},"up":{"uv":[0.375,6.875,0.125,6.75],"tintindex":0,"rotation":0,"texture":"#0"},"down":{"uv":[0.625,6.75,0.375,6.875],"tintindex":0,"rotation":0,"texture":"#0"}}},{"from":[7.0,8.0,27.0],"to":[9.0,10.0,30.0],"faces":{"east":{"uv":[4.75,4.25,5.125,4.5],"tintindex":0,"rotation":0,"texture":"#0"},"south":{"uv":[5.75,4.25,6.0,4.5],"tintindex":0,"rotation":0,"texture":"#0"},"north":{"uv":[5.125,4.25,5.375,4.5],"tintindex":0,"rotation":0,"texture":"#0"},"west":{"uv":[5.375,4.25,5.75,4.5],"tintindex":0,"rotation":0,"texture":"#0"},"up":{"uv":[5.375,4.25,5.125,3.875],"tintindex":0,"rotation":0,"texture":"#0"},"down":{"uv":[5.625,3.875,5.375,4.25],"tintindex":0,"rotation":0,"texture":"#0"}}},{"from":[7.0,8.0,12.0],"to":[9.0,10.0,15.0],"faces":{"east":{"uv":[0.0,4.25,0.375,4.5],"tintindex":0,"rotation":0,"texture":"#0"},"south":{"uv":[1.0,4.25,1.25,4.5],"tintindex":0,"rotation":0,"texture":"#0"},"north":{"uv":[0.375,4.25,0.625,4.5],"tintindex":0,"rotation":0,"texture":"#0"},"west":{"uv":[0.625,4.25,1.0,4.5],"tintindex":0,"rotation":0,"texture":"#0"},"up":{"uv":[0.625,4.25,0.375,3.875],"tintindex":0,"rotation":0,"texture":"#0"},"down":{"uv":[0.875,3.875,0.625,4.25],"tintindex":0,"rotation":0,"texture":"#0"}}},{"from":[7.0,10.0,11.0],"to":[9.0,11.0,12.0],"faces":{"east":{"uv":[6.75,2.875,6.875,3.0],"tintindex":0,"rotation":0,"texture":"#0"},"south":{"uv":[7.25,2.875,7.5,3.0],"tintindex":0,"rotation":0,"texture":"#0"},"north":{"uv":[6.875,2.875,7.125,3.0],"tintindex":0,"rotation":0,"texture":"#0"},"west":{"uv":[7.125,2.875,7.25,3.0],"tintindex":0,"rotation":0,"texture":"#0"},"up":{"uv":[7.125,2.875,6.875,2.75],"tintindex":0,"rotation":0,"texture":"#0"},"down":{"uv":[7.375,2.75,7.125,2.875],"tintindex":0,"rotation":0,"texture":"#0"}}},{"from":[7.0,6.0,15.0],"to":[9.0,8.0,27.0],"faces":{"east":{"uv":[1.5,1.5,3.0,1.75],"tintindex":0,"rotation":0,"texture":"#0"},"south":{"uv":[4.75,1.5,5.0,1.75],"tintindex":0,"rotation":0,"texture":"#0"},"north":{"uv":[3.0,1.5,3.25,1.75],"tintindex":0,"rotation":0,"texture":"#0"},"west":{"uv":[3.25,1.5,4.75,1.75],"tintindex":0,"rotation":0,"texture":"#0"},"up":{"uv":[3.25,1.5,3.0,0.0],"tintindex":0,"rotation":0,"texture":"#0"},"down":{"uv":[3.5,0.0,3.25,1.5],"tintindex":0,"rotation":0,"texture":"#0"}}}],"display":{"head":{"rotation":[0.0,0.0,0.0]},"firstperson_righthand":{"rotation":[0.0,0.0,0.0]},"thirdperson_lefthand":{"rotation":[0.0,-0.0,-0.0]},"firstperson_lefthand":{"rotation":[0.0,-0.0,-0.0]},"fixed":{"rotation":[0.0,0.0,0.0]},"ground":{"rotation":[0.0,0.0,0.0]},"thirdperson_righthand":{"rotation":[0.0,0.0,0.0]},"gui":{"rotation":[-150.0,-45.0,180.0]}}}