{"textures":{"0":"modelengine:entity/777","particle":"#0"},"elements":[{"from":[9.0,8.0,13.0],"to":[11.0,8.0,14.0],"faces":{"up":{"uv":[0.25,0.25,0.0,0.125],"tintindex":0,"rotation":0,"texture":"#0"},"down":{"uv":[0.5,0.125,0.25,0.25],"tintindex":0,"rotation":0,"texture":"#0"}}},{"from":[9.0,8.0,18.0],"to":[11.0,8.0,19.0],"faces":{"up":{"uv":[0.25,0.25,0.0,0.125],"tintindex":0,"rotation":0,"texture":"#0"},"down":{"uv":[0.5,0.125,0.25,0.25],"tintindex":0,"rotation":0,"texture":"#0"}}}],"display":{"head":{"rotation":[0.0,0.0,-20.0]},"firstperson_righthand":{"rotation":[0.0,0.0,-20.0]},"thirdperson_lefthand":{"rotation":[0.0,-0.0,20.0]},"firstperson_lefthand":{"rotation":[0.0,-0.0,20.0]},"fixed":{"rotation":[0.0,0.0,-20.0]},"ground":{"rotation":[0.0,0.0,-20.0]},"thirdperson_righthand":{"rotation":[0.0,0.0,-20.0]},"gui":{"rotation":[-150.0,-45.0,160.0]}}}