{"textures":{"0":"modelengine:entity/777","particle":"#0"},"elements":[{"from":[7.0,0.0,7.0],"to":[9.0,1.0,18.0],"faces":{"east":{"uv":[1.5,4.375,2.875,4.5],"tintindex":0,"rotation":0,"texture":"#0"},"south":{"uv":[4.5,4.375,4.75,4.5],"tintindex":0,"rotation":0,"texture":"#0"},"north":{"uv":[2.875,4.375,3.125,4.5],"tintindex":0,"rotation":0,"texture":"#0"},"west":{"uv":[3.125,4.375,4.5,4.5],"tintindex":0,"rotation":0,"texture":"#0"},"up":{"uv":[3.125,4.375,2.875,3.0],"tintindex":0,"rotation":0,"texture":"#0"},"down":{"uv":[3.375,3.0,3.125,4.375],"tintindex":0,"rotation":0,"texture":"#0"}}}],"display":{"head":{"rotation":[0.0,0.0,0.0]},"firstperson_righthand":{"rotation":[0.0,0.0,0.0]},"thirdperson_lefthand":{"rotation":[0.0,-0.0,-0.0]},"firstperson_lefthand":{"rotation":[0.0,-0.0,-0.0]},"fixed":{"rotation":[0.0,0.0,0.0]},"ground":{"rotation":[0.0,0.0,0.0]},"thirdperson_righthand":{"rotation":[0.0,0.0,0.0]},"gui":{"rotation":[-150.0,-45.0,180.0]}}}