{"textures":{"0":"modelengine:entity/777","particle":"#0"},"elements":[{"from":[8.0,2.0,6.0],"to":[8.0,4.0,8.0],"faces":{"east":{"uv":[7.75,3.875,7.25,4.375],"tintindex":0,"rotation":0,"texture":"#0"},"south":{"uv":[7.25,4.375,7.75,4.625],"tintindex":0,"rotation":270,"texture":"#0"},"north":{"uv":[6.25,4.375,6.75,4.625],"tintindex":0,"rotation":90,"texture":"#0"},"west":{"uv":[7.25,4.375,6.75,3.875],"tintindex":0,"rotation":180,"texture":"#0"},"up":{"uv":[7.75,4.375,8.25,4.625],"tintindex":0,"rotation":270,"texture":"#0"},"down":{"uv":[6.75,4.375,7.25,4.625],"tintindex":0,"rotation":270,"texture":"#0"}},"rotation":{"origin":[8.0,3.0,7.0],"angle":45.0,"axis":"x"}},{"from":[6.0,8.0,2.0],"to":[10.0,8.0,6.0],"faces":{"up":{"uv":[7.25,5.125,6.75,4.625],"tintindex":0,"rotation":0,"texture":"#0"},"down":{"uv":[7.75,4.625,7.25,5.125],"tintindex":0,"rotation":0,"texture":"#0"}}},{"from":[8.0,7.0,-1.0],"to":[8.0,9.0,1.0],"faces":{"east":{"uv":[7.0,2.0,6.5,2.5],"tintindex":0,"rotation":0,"texture":"#0"},"south":{"uv":[6.5,2.5,7.0,2.75],"tintindex":0,"rotation":270,"texture":"#0"},"north":{"uv":[5.5,2.5,6.0,2.75],"tintindex":0,"rotation":90,"texture":"#0"},"west":{"uv":[6.5,2.5,6.0,2.0],"tintindex":0,"rotation":180,"texture":"#0"},"up":{"uv":[7.0,2.5,7.5,2.75],"tintindex":0,"rotation":270,"texture":"#0"},"down":{"uv":[6.0,2.5,6.5,2.75],"tintindex":0,"rotation":270,"texture":"#0"}},"rotation":{"origin":[8.0,8.0,0.0],"angle":45.0,"axis":"x"}},{"from":[6.0,12.0,2.0],"to":[10.0,12.0,6.0],"faces":{"up":{"uv":[5.5,7.0,5.0,6.5],"tintindex":0,"rotation":0,"texture":"#0"},"down":{"uv":[6.0,6.5,5.5,7.0],"tintindex":0,"rotation":0,"texture":"#0"}}},{"from":[7.0,8.0,3.0],"to":[9.0,18.0,5.0],"faces":{"east":{"uv":[5.5,0.5,6.0,2.0],"tintindex":0,"rotation":0,"texture":"#0"},"south":{"uv":[7.0,0.5,7.5,2.0],"tintindex":0,"rotation":0,"texture":"#0"},"north":{"uv":[6.0,0.5,6.5,2.0],"tintindex":0,"rotation":0,"texture":"#0"},"west":{"uv":[6.5,0.5,7.0,2.0],"tintindex":0,"rotation":0,"texture":"#0"},"up":{"uv":[6.5,0.5,6.0,0.0],"tintindex":0,"rotation":0,"texture":"#0"},"down":{"uv":[7.0,0.0,6.5,0.5],"tintindex":0,"rotation":0,"texture":"#0"}}},{"from":[8.0,2.0,0.0],"to":[8.0,4.0,2.0],"faces":{"east":{"uv":[6.0,5.75,5.5,6.25],"tintindex":0,"rotation":0,"texture":"#0"},"south":{"uv":[5.5,6.25,6.0,6.5],"tintindex":0,"rotation":270,"texture":"#0"},"north":{"uv":[4.5,6.25,5.0,6.5],"tintindex":0,"rotation":90,"texture":"#0"},"west":{"uv":[5.5,6.25,5.0,5.75],"tintindex":0,"rotation":180,"texture":"#0"},"up":{"uv":[6.0,6.25,6.5,6.5],"tintindex":0,"rotation":270,"texture":"#0"},"down":{"uv":[5.0,6.25,5.5,6.5],"tintindex":0,"rotation":270,"texture":"#0"}},"rotation":{"origin":[8.0,3.0,1.0],"angle":45.0,"axis":"x"}},{"from":[8.0,7.0,7.0],"to":[8.0,9.0,9.0],"faces":{"east":{"uv":[1.5,6.0,1.0,6.5],"tintindex":0,"rotation":0,"texture":"#0"},"south":{"uv":[1.0,6.5,1.5,6.75],"tintindex":0,"rotation":270,"texture":"#0"},"north":{"uv":[0.0,6.5,0.5,6.75],"tintindex":0,"rotation":90,"texture":"#0"},"west":{"uv":[1.0,6.5,0.5,6.0],"tintindex":0,"rotation":180,"texture":"#0"},"up":{"uv":[1.5,6.5,2.0,6.75],"tintindex":0,"rotation":270,"texture":"#0"},"down":{"uv":[0.5,6.5,1.0,6.75],"tintindex":0,"rotation":270,"texture":"#0"}},"rotation":{"origin":[8.0,8.0,8.0],"angle":45.0,"axis":"x"}},{"from":[7.0,4.0,1.0],"to":[9.0,8.0,5.0],"faces":{"east":{"uv":[5.5,4.5,4.75,5.25],"tintindex":0,"rotation":0,"texture":"#0"},"south":{"uv":[4.75,5.25,5.5,5.75],"tintindex":0,"rotation":270,"texture":"#0"},"north":{"uv":[3.25,5.25,4.0,5.75],"tintindex":0,"rotation":90,"texture":"#0"},"west":{"uv":[4.75,5.25,4.0,4.5],"tintindex":0,"rotation":180,"texture":"#0"},"up":{"uv":[5.5,5.25,6.25,5.75],"tintindex":0,"rotation":270,"texture":"#0"},"down":{"uv":[4.0,5.25,4.75,5.75],"tintindex":0,"rotation":270,"texture":"#0"}},"rotation":{"origin":[9.0,5.0,4.0],"angle":45.0,"axis":"x"}},{"from":[6.0,10.0,2.0],"to":[10.0,10.0,6.0],"faces":{"up":{"uv":[7.25,5.625,6.75,5.125],"tintindex":0,"rotation":0,"texture":"#0"},"down":{"uv":[7.75,5.125,7.25,5.625],"tintindex":0,"rotation":0,"texture":"#0"}}},{"from":[5.0,17.0,1.0],"to":[11.0,17.0,7.0],"faces":{"east":{"uv":[1.5,2.75,2.5,3.0],"tintindex":0,"rotation":0,"texture":"#0"},"south":{"uv":[4.5,2.75,5.5,3.0],"tintindex":0,"rotation":0,"texture":"#0"},"north":{"uv":[2.5,2.75,3.5,3.0],"tintindex":0,"rotation":0,"texture":"#0"},"west":{"uv":[3.5,2.75,4.5,3.0],"tintindex":0,"rotation":0,"texture":"#0"},"up":{"uv":[3.5,2.75,2.5,1.75],"tintindex":0,"rotation":0,"texture":"#0"},"down":{"uv":[4.5,1.75,3.5,2.75],"tintindex":0,"rotation":0,"texture":"#0"}}}],"display":{"head":{"rotation":[0.0,0.0,0.0]},"firstperson_righthand":{"rotation":[0.0,0.0,0.0]},"thirdperson_lefthand":{"rotation":[0.0,-0.0,-0.0]},"firstperson_lefthand":{"rotation":[0.0,-0.0,-0.0]},"fixed":{"rotation":[0.0,0.0,0.0]},"ground":{"rotation":[0.0,0.0,0.0]},"thirdperson_righthand":{"rotation":[0.0,0.0,0.0]},"gui":{"rotation":[-150.0,-45.0,180.0]}}}