{"textures":{"0":"modelengine:entity/ducking","particle":"#0"},"elements":[{"from":[0.5,20.0,-6.0],"to":[2.0,28.0,4.5],"faces":{"east":{"uv":[0.0,0.0,5.75,2.25],"tintindex":0,"rotation":0,"texture":"#0"},"south":{"uv":[0.0,0.0,5.125,2.25],"tintindex":0,"rotation":0,"texture":"#0"},"north":{"uv":[10.5625,2.0,15.6875,4.25],"tintindex":0,"rotation":0,"texture":"#0"},"west":{"uv":[10.25,4.8125,16.0,7.0625],"tintindex":0,"rotation":0,"texture":"#0"},"up":{"uv":[14.03125,13.9375,15.84375,15.84375],"tintindex":0,"rotation":0,"texture":"#0"},"down":{"uv":[0.0,0.0,3.6875,4.09375],"tintindex":0,"rotation":0,"texture":"#0"}}},{"from":[2.0,18.5,-6.0],"to":[12.0,19.5,4.0],"faces":{"east":{"uv":[0.0,0.0,3.6875,4.09375],"tintindex":0,"rotation":270,"texture":"#0"},"south":{"uv":[0.0,0.0,5.125,2.25],"tintindex":0,"rotation":270,"texture":"#0"},"north":{"uv":[0.0,0.0,5.125,2.25],"tintindex":0,"rotation":90,"texture":"#0"},"west":{"uv":[14.03125,13.9375,15.84375,15.84375],"tintindex":0,"rotation":270,"texture":"#0"},"up":{"uv":[0.0,0.0,5.75,2.25],"tintindex":0,"rotation":270,"texture":"#0"},"down":{"uv":[4.71875,10.03125,9.5625,11.8125],"tintindex":0,"rotation":270,"texture":"#0"}}},{"from":[1.5,19.5,-6.5],"to":[12.5,28.5,5.0],"faces":{"east":{"uv":[0.0,5.5625,1.5,7.0625],"tintindex":0,"rotation":0,"texture":"#0"},"south":{"uv":[4.5,3.9375,6.0625,5.4375],"tintindex":0,"rotation":0,"texture":"#0"},"north":{"uv":[1.75,14.0625,3.3125,15.5625],"tintindex":0,"rotation":0,"texture":"#0"},"west":{"uv":[1.5,5.5625,3.0,7.0625],"tintindex":0,"rotation":0,"texture":"#0"},"up":{"uv":[6.1875,3.0,4.625,1.5],"tintindex":0,"rotation":0,"texture":"#0"},"down":{"uv":[6.0625,5.4375,4.5,6.9375],"tintindex":0,"rotation":0,"texture":"#0"}}},{"from":[-2.0,8.5,-1.5],"to":[16.0,21.5,17.0],"faces":{"east":{"uv":[0.0,2.3125,2.3125,3.9375],"tintindex":0,"rotation":0,"texture":"#0"},"south":{"uv":[3.3125,16.0,7.125,12.84375],"tintindex":0,"rotation":0,"texture":"#0"},"north":{"uv":[0.0,3.9375,2.25,5.5625],"tintindex":0,"rotation":0,"texture":"#0"},"west":{"uv":[2.3125,2.3125,4.625,3.9375],"tintindex":0,"rotation":0,"texture":"#0"},"up":{"uv":[2.25,2.3125,0.0,0.0],"tintindex":0,"rotation":0,"texture":"#0"},"down":{"uv":[4.5,0.0,2.25,2.3125],"tintindex":0,"rotation":0,"texture":"#0"}}},{"from":[12.0,20.0,-6.0],"to":[13.5,28.0,4.5],"faces":{"east":{"uv":[9.90625,10.15625,15.65625,12.40625],"tintindex":0,"rotation":0,"texture":"#0"},"south":{"uv":[0.0,0.0,5.125,2.25],"tintindex":0,"rotation":0,"texture":"#0"},"north":{"uv":[10.65625,1.9375,15.78125,4.1875],"tintindex":0,"rotation":0,"texture":"#0"},"west":{"uv":[0.0,0.0,5.75,2.25],"tintindex":0,"rotation":0,"texture":"#0"},"up":{"uv":[14.03125,13.9375,15.84375,15.84375],"tintindex":0,"rotation":0,"texture":"#0"},"down":{"uv":[0.0,0.0,3.6875,4.09375],"tintindex":0,"rotation":0,"texture":"#0"}}}],"display":{"head":{"rotation":[0.0,0.0,0.0]},"firstperson_righthand":{"rotation":[0.0,0.0,0.0]},"thirdperson_lefthand":{"rotation":[0.0,-0.0,-0.0]},"firstperson_lefthand":{"rotation":[0.0,-0.0,-0.0]},"fixed":{"rotation":[0.0,0.0,0.0]},"ground":{"rotation":[0.0,0.0,0.0]},"thirdperson_righthand":{"rotation":[0.0,0.0,0.0]},"gui":{"rotation":[-150.0,-45.0,180.0]}}}