{"display":{"head":{},"firstperson_righthand":{},"thirdperson_lefthand":{},"firstperson_lefthand":{},"fixed":{},"ground":{},"thirdperson_righthand":{},"gui":{"rotation":[-150.0,-45.0,180.0]}},"elements":[{"from":[-0.5,-2.8000002,6.0],"to":[17.5,-0.8000002,8.0],"faces":{"east":{"uv":[9.75,7.125,9.875,7.25],"texture":"#0","tintindex":0},"south":{"uv":[8.5625,1.75,9.6875,1.875],"texture":"#0","tintindex":0},"north":{"uv":[8.5625,1.625,9.6875,1.75],"texture":"#0","tintindex":0},"west":{"uv":[9.75,7.25,9.875,7.375],"texture":"#0","tintindex":0},"up":{"uv":[9.6875,2.0,8.5625,1.875],"texture":"#0","tintindex":0},"down":{"uv":[9.6875,2.0,8.5625,2.125],"texture":"#0","tintindex":0}}},{"from":[-2.5,17.2,6.0],"to":[19.5,19.2,8.0],"faces":{"east":{"uv":[7.9375,9.75,8.0625,9.875],"texture":"#0","tintindex":0},"south":{"uv":[3.0,6.75,4.375,6.875],"texture":"#0","tintindex":0},"north":{"uv":[4.625,3.75,6.0,3.875],"texture":"#0","tintindex":0},"west":{"uv":[8.0625,9.75,8.1875,9.875],"texture":"#0","tintindex":0},"up":{"uv":[9.5625,6.0,8.1875,5.875],"texture":"#0","tintindex":0},"down":{"uv":[9.5625,6.0,8.1875,6.125],"texture":"#0","tintindex":0}}},{"from":[17.5,-2.8000002,6.0],"to":[19.5,17.2,8.0],"faces":{"east":{"uv":[5.3125,8.5625,5.4375,9.8125],"texture":"#0","tintindex":0},"south":{"uv":[5.4375,8.5625,5.5625,9.8125],"texture":"#0","tintindex":0},"north":{"uv":[4.375,5.5625,4.5,6.8125],"texture":"#0","tintindex":0},"west":{"uv":[5.5625,8.5625,5.6875,9.8125],"texture":"#0","tintindex":0},"up":{"uv":[9.875,7.5,9.75,7.375],"texture":"#0","tintindex":0},"down":{"uv":[9.875,7.5,9.75,7.625],"texture":"#0","tintindex":0}}},{"from":[-2.5,-2.8000002,6.0],"to":[-0.5,17.2,8.0],"faces":{"east":{"uv":[5.8125,8.5625,5.9375,9.8125],"texture":"#0","tintindex":0},"south":{"uv":[5.9375,8.5625,6.0625,9.8125],"texture":"#0","tintindex":0},"north":{"uv":[5.6875,8.5625,5.8125,9.8125],"texture":"#0","tintindex":0},"west":{"uv":[8.5625,8.1875,8.6875,9.4375],"texture":"#0","tintindex":0},"up":{"uv":[8.3125,9.875,8.1875,9.75],"texture":"#0","tintindex":0},"down":{"uv":[9.875,8.1875,9.75,8.3125],"texture":"#0","tintindex":0}}}],"textures":{"particle":"#0","0":"modelengine:3047cd54-45d5-4179-87e2-45231c098766"}}