{"display":{"head":{},"firstperson_righthand":{},"thirdperson_lefthand":{},"firstperson_lefthand":{},"fixed":{},"ground":{},"thirdperson_righthand":{},"gui":{"rotation":[-150.0,-45.0,180.0]}},"elements":[{"from":[-16.0,7.0,6.0],"to":[16.0,10.0,16.0],"faces":{"east":{"uv":[9.125,9.125,9.75,9.3125],"texture":"#0","tintindex":0},"south":{"uv":[8.0,6.9375,9.9375,7.125],"texture":"#0","tintindex":0},"north":{"uv":[8.0,6.75,9.9375,6.9375],"texture":"#0","tintindex":0},"west":{"uv":[9.1875,7.8125,9.8125,8.0],"texture":"#0","tintindex":0},"up":{"uv":[8.8125,7.8125,6.875,7.1875],"texture":"#0","tintindex":0},"down":{"uv":[3.875,7.5625,1.9375,8.1875],"texture":"#0","tintindex":0}}}],"textures":{"particle":"#0","0":"modelengine:3047cd54-45d5-4179-87e2-45231c098766"}}