{"textures":{"0":"modelengine:entity/ducking","particle":"#0"},"elements":[{"from":[6.0,-6.0,5.0],"to":[11.0,8.0,10.0],"faces":{"east":{"uv":[6.375,8.1875,6.6875,9.0625],"tintindex":0,"rotation":0,"texture":"#0"},"south":{"uv":[6.6875,8.1875,7.0,9.0625],"tintindex":0,"rotation":0,"texture":"#0"},"north":{"uv":[6.0625,8.1875,6.375,9.0625],"tintindex":0,"rotation":0,"texture":"#0"},"west":{"uv":[7.0,8.1875,7.3125,9.0625],"tintindex":0,"rotation":0,"texture":"#0"},"up":{"uv":[2.75,9.6875,2.4375,9.375],"tintindex":0,"rotation":0,"texture":"#0"},"down":{"uv":[3.0625,9.375,2.75,9.6875],"tintindex":0,"rotation":0,"texture":"#0"}}},{"from":[4.0,-9.0,0.0],"to":[13.0,-6.0,12.0],"faces":{"east":{"uv":[8.8125,7.3125,9.5625,7.5],"tintindex":0,"rotation":0,"texture":"#0"},"south":{"uv":[9.25,3.25,9.8125,3.4375],"tintindex":0,"rotation":0,"texture":"#0"},"north":{"uv":[9.25,3.0625,9.8125,3.25],"tintindex":0,"rotation":0,"texture":"#0"},"west":{"uv":[8.8125,7.5,9.5625,7.6875],"tintindex":0,"rotation":0,"texture":"#0"},"up":{"uv":[8.1875,5.625,7.625,4.875],"tintindex":0,"rotation":0,"texture":"#0"},"down":{"uv":[8.1875,5.625,7.625,6.375],"tintindex":0,"rotation":0,"texture":"#0"}}}],"display":{"head":{"rotation":[0.0,0.0,0.0]},"firstperson_righthand":{"rotation":[0.0,0.0,0.0]},"thirdperson_lefthand":{"rotation":[0.0,-0.0,-0.0]},"firstperson_lefthand":{"rotation":[0.0,-0.0,-0.0]},"fixed":{"rotation":[0.0,0.0,0.0]},"ground":{"rotation":[0.0,0.0,0.0]},"thirdperson_righthand":{"rotation":[0.0,0.0,0.0]},"gui":{"rotation":[-150.0,-45.0,180.0]}}}