{"display":{"head":{},"firstperson_righthand":{},"thirdperson_lefthand":{},"firstperson_lefthand":{},"fixed":{},"ground":{},"thirdperson_righthand":{},"gui":{"rotation":[-150.0,-45.0,180.0]}},"elements":[{"from":[3.0,7.0,2.0],"to":[13.0,9.0,7.0],"faces":{"east":{"uv":[14.78125,0.6875,14.90625,0.8125],"texture":"#0","tintindex":0},"south":{"uv":[0.0,0.0,0.125,0.125],"texture":"#0","tintindex":0},"north":{"uv":[10.0625,8.40625,11.40625,9.625],"texture":"#0","tintindex":0},"west":{"uv":[13.53125,0.625,13.65625,0.75],"texture":"#0","tintindex":0},"up":{"uv":[0.46875,11.46875,0.59375,11.59375],"texture":"#0","tintindex":0},"down":{"uv":[1.9375,13.03125,2.0625,13.15625],"texture":"#0","tintindex":0}}}],"textures":{"particle":"#0","0":"modelengine:3047cd54-45d5-4179-87e2-45231c098766"}}