{"display":{"head":{},"firstperson_righthand":{},"thirdperson_lefthand":{},"firstperson_lefthand":{},"fixed":{},"ground":{},"thirdperson_righthand":{},"gui":{"rotation":[-150.0,-45.0,180.0]}},"elements":[{"from":[3.0,6.0,3.0],"to":[13.0,8.0,8.0],"faces":{"east":{"uv":[12.09375,7.625,12.21875,7.75],"texture":"#0","tintindex":0},"south":{"uv":[0.0,0.0,0.125,0.125],"texture":"#0","tintindex":0},"north":{"uv":[12.9375,8.125,14.28125,9.34375],"texture":"#0","tintindex":0},"west":{"uv":[2.9375,10.96875,3.0625,11.09375],"texture":"#0","tintindex":0},"up":{"uv":[0.96875,10.9375,2.1875,12.3125],"texture":"#0","tintindex":0},"down":{"uv":[0.0,0.0,0.125,0.125],"texture":"#0","tintindex":0}}}],"textures":{"particle":"#0","0":"modelengine:3047cd54-45d5-4179-87e2-45231c098766"}}