{"textures":{"0":"modelengine:entity/texture","particle":"#0"},"elements":[{"from":[9.0,11.0,-5.0],"to":[11.5,13.5,-4.0],"faces":{"east":{"uv":[11.5,6.75,12.0,8.0],"tintindex":0,"rotation":0,"texture":"#0"},"south":{"uv":[13.75,6.75,15.0,8.0],"tintindex":0,"rotation":0,"texture":"#0"},"north":{"uv":[12.0,6.75,13.25,8.0],"tintindex":0,"rotation":0,"texture":"#0"},"west":{"uv":[13.25,6.75,13.75,8.0],"tintindex":0,"rotation":0,"texture":"#0"},"up":{"uv":[13.25,6.75,12.0,6.25],"tintindex":0,"rotation":0,"texture":"#0"},"down":{"uv":[14.5,6.25,13.25,6.75],"tintindex":0,"rotation":0,"texture":"#0"}}}],"display":{"head":{"rotation":[0.0,0.0,0.0]},"firstperson_righthand":{"rotation":[0.0,0.0,0.0]},"thirdperson_lefthand":{"rotation":[0.0,-0.0,-0.0]},"firstperson_lefthand":{"rotation":[0.0,-0.0,-0.0]},"fixed":{"rotation":[0.0,0.0,0.0]},"ground":{"rotation":[0.0,0.0,0.0]},"thirdperson_righthand":{"rotation":[0.0,0.0,0.0]},"gui":{"rotation":[-150.0,-45.0,180.0]}}}