{"textures":{"0":"modelengine:entity/duck4","particle":"#0"},"elements":[{"from":[-1.0,5.0,3.0],"to":[8.0,12.0,14.0],"faces":{"east":{"uv":[7.75,0.0,10.5,1.75],"tintindex":0,"rotation":0,"texture":"#0"},"south":{"uv":[2.0,9.75,4.25,11.5],"tintindex":0,"rotation":0,"texture":"#0"},"north":{"uv":[9.25,5.5,11.5,7.25],"tintindex":0,"rotation":0,"texture":"#0"},"west":{"uv":[7.75,1.75,10.5,3.5],"tintindex":0,"rotation":0,"texture":"#0"},"up":{"uv":[7.0,7.25,4.75,4.5],"tintindex":0,"rotation":0,"texture":"#0"},"down":{"uv":[2.25,5.5,0.0,8.25],"tintindex":0,"rotation":0,"texture":"#0"}}}],"display":{"head":{"rotation":[0.0,0.0,0.0]},"firstperson_righthand":{"rotation":[0.0,0.0,0.0]},"thirdperson_lefthand":{"rotation":[0.0,-0.0,-0.0]},"firstperson_lefthand":{"rotation":[0.0,-0.0,-0.0]},"fixed":{"rotation":[0.0,0.0,0.0]},"ground":{"rotation":[0.0,0.0,0.0]},"thirdperson_righthand":{"rotation":[0.0,0.0,0.0]},"gui":{"rotation":[-150.0,-45.0,180.0]}}}