{"textures":{"0":"modelengine:entity/skelen","particle":"#0"},"elements":[{"from":[6.25,6.5,6.0],"to":[9.5,7.0,10.0],"faces":{"east":{"uv":[0.0,0.0,1.0,0.125],"tintindex":0,"rotation":0,"texture":"#0"},"south":{"uv":[0.0,0.0,0.8125,0.125],"tintindex":0,"rotation":0,"texture":"#0"},"north":{"uv":[0.0,0.0,0.8125,0.125],"tintindex":0,"rotation":0,"texture":"#0"},"west":{"uv":[0.0,0.0,1.0,0.125],"tintindex":0,"rotation":0,"texture":"#0"},"up":{"uv":[0.0,0.0,0.8125,1.0],"tintindex":0,"rotation":0,"texture":"#0"},"down":{"uv":[0.0,0.0,0.8125,1.0],"tintindex":0,"rotation":0,"texture":"#0"}}},{"from":[7.25,5.5,6.0],"to":[8.5,6.0,10.0],"faces":{"east":{"uv":[0.0,0.0,1.0,0.125],"tintindex":0,"rotation":0,"texture":"#0"},"south":{"uv":[0.0,0.0,0.3125,0.125],"tintindex":0,"rotation":0,"texture":"#0"},"north":{"uv":[0.0,0.0,0.3125,0.125],"tintindex":0,"rotation":0,"texture":"#0"},"west":{"uv":[0.0,0.0,1.0,0.125],"tintindex":0,"rotation":0,"texture":"#0"},"up":{"uv":[0.0,0.0,0.3125,1.0],"tintindex":0,"rotation":0,"texture":"#0"},"down":{"uv":[0.0,0.0,0.3125,1.0],"tintindex":0,"rotation":0,"texture":"#0"}}},{"from":[6.75,6.0,6.0],"to":[9.0,6.5,10.0],"faces":{"east":{"uv":[0.0,0.0,1.0,0.125],"tintindex":0,"rotation":0,"texture":"#0"},"south":{"uv":[0.0,0.0,0.5625,0.125],"tintindex":0,"rotation":0,"texture":"#0"},"north":{"uv":[0.0,0.0,0.5625,0.125],"tintindex":0,"rotation":0,"texture":"#0"},"west":{"uv":[0.0,0.0,1.0,0.125],"tintindex":0,"rotation":0,"texture":"#0"},"up":{"uv":[0.0,0.0,0.5625,1.0],"tintindex":0,"rotation":0,"texture":"#0"},"down":{"uv":[0.0,0.0,0.5625,1.0],"tintindex":0,"rotation":0,"texture":"#0"}}},{"from":[5.0,7.0,6.0],"to":[11.0,9.0,10.0],"faces":{"east":{"uv":[0.75,7.5,1.75,8.0],"tintindex":0,"rotation":0,"texture":"#0"},"south":{"uv":[6.25,7.25,7.75,7.75],"tintindex":0,"rotation":0,"texture":"#0"},"north":{"uv":[6.5,2.5,8.0,3.0],"tintindex":0,"rotation":0,"texture":"#0"},"west":{"uv":[7.5,0.75,8.5,1.25],"tintindex":0,"rotation":0,"texture":"#0"},"up":{"uv":[3.0,7.5,1.5,6.5],"tintindex":0,"rotation":0,"texture":"#0"},"down":{"uv":[8.0,1.5,6.5,2.5],"tintindex":0,"rotation":0,"texture":"#0"}}}],"display":{"head":{"rotation":[0.0,0.0,0.0]},"firstperson_righthand":{"rotation":[0.0,0.0,0.0]},"thirdperson_lefthand":{"rotation":[0.0,-0.0,-0.0]},"firstperson_lefthand":{"rotation":[0.0,-0.0,-0.0]},"fixed":{"rotation":[0.0,0.0,0.0]},"ground":{"rotation":[0.0,0.0,0.0]},"thirdperson_righthand":{"rotation":[0.0,0.0,0.0]},"gui":{"rotation":[-150.0,-45.0,180.0]}}}