{"textures":{"0":"modelengine:entity/skelen","particle":"#0"},"elements":[{"from":[10.0,7.5,5.75],"to":[11.0,8.5,10.25],"faces":{"east":{"uv":[8.75,8.5,9.875,8.75],"tintindex":0,"rotation":0,"texture":"#0"},"south":{"uv":[10.5,1.0,10.75,1.25],"tintindex":0,"rotation":0,"texture":"#0"},"north":{"uv":[10.5,0.75,10.75,1.0],"tintindex":0,"rotation":0,"texture":"#0"},"west":{"uv":[8.75,8.75,9.875,9.0],"tintindex":0,"rotation":0,"texture":"#0"},"up":{"uv":[2.0,10.125,1.75,9.0],"tintindex":0,"rotation":0,"texture":"#0"},"down":{"uv":[2.25,9.0,2.0,10.125],"tintindex":0,"rotation":0,"texture":"#0"}}},{"from":[5.0,7.5,5.75],"to":[6.0,8.5,10.25],"faces":{"east":{"uv":[8.75,8.0,9.875,8.25],"tintindex":0,"rotation":0,"texture":"#0"},"south":{"uv":[10.5,0.5,10.75,0.75],"tintindex":0,"rotation":0,"texture":"#0"},"north":{"uv":[10.5,0.25,10.75,0.5],"tintindex":0,"rotation":0,"texture":"#0"},"west":{"uv":[8.75,8.25,9.875,8.5],"tintindex":0,"rotation":0,"texture":"#0"},"up":{"uv":[1.25,9.875,1.0,8.75],"tintindex":0,"rotation":0,"texture":"#0"},"down":{"uv":[1.5,8.75,1.25,9.875],"tintindex":0,"rotation":0,"texture":"#0"}}},{"from":[5.75,7.5,10.0],"to":[10.25,8.5,11.0],"faces":{"east":{"uv":[10.25,10.25,10.5,10.5],"tintindex":0,"rotation":0,"texture":"#0"},"south":{"uv":[8.75,7.25,9.875,7.5],"tintindex":0,"rotation":0,"texture":"#0"},"north":{"uv":[6.25,8.75,7.375,9.0],"tintindex":0,"rotation":0,"texture":"#0"},"west":{"uv":[10.5,0.0,10.75,0.25],"tintindex":0,"rotation":0,"texture":"#0"},"up":{"uv":[9.875,7.75,8.75,7.5],"tintindex":0,"rotation":0,"texture":"#0"},"down":{"uv":[9.875,7.75,8.75,8.0],"tintindex":0,"rotation":0,"texture":"#0"}}},{"from":[5.75,7.5,5.0],"to":[10.25,8.5,6.0],"faces":{"east":{"uv":[10.0,10.25,10.25,10.5],"tintindex":0,"rotation":0,"texture":"#0"},"south":{"uv":[8.5,5.5,9.625,5.75],"tintindex":0,"rotation":0,"texture":"#0"},"north":{"uv":[8.5,5.25,9.625,5.5],"tintindex":0,"rotation":0,"texture":"#0"},"west":{"uv":[10.25,10.0,10.5,10.25],"tintindex":0,"rotation":0,"texture":"#0"},"up":{"uv":[9.625,6.0,8.5,5.75],"tintindex":0,"rotation":0,"texture":"#0"},"down":{"uv":[6.125,8.75,5.0,9.0],"tintindex":0,"rotation":0,"texture":"#0"}}}],"display":{"head":{"rotation":[0.0,0.0,0.0]},"firstperson_righthand":{"rotation":[0.0,0.0,0.0]},"thirdperson_lefthand":{"rotation":[0.0,-0.0,-0.0]},"firstperson_lefthand":{"rotation":[0.0,-0.0,-0.0]},"fixed":{"rotation":[0.0,0.0,0.0]},"ground":{"rotation":[0.0,0.0,0.0]},"thirdperson_righthand":{"rotation":[0.0,0.0,0.0]},"gui":{"rotation":[-150.0,-45.0,180.0]}}}