{"textures":{"0":"modelengine:entity/skelen","particle":"#0"},"elements":[{"from":[5.0,10.91667,3.1294098],"to":[11.0,11.91667,9.12941],"faces":{"east":{"uv":[6.75,1.25,8.25,1.5],"tintindex":0,"rotation":0,"texture":"#0"},"south":{"uv":[7.5,6.25,9.0,6.5],"tintindex":0,"rotation":0,"texture":"#0"},"north":{"uv":[7.5,6.75,9.0,7.0],"tintindex":0,"rotation":0,"texture":"#0"},"west":{"uv":[7.5,6.5,9.0,6.75],"tintindex":0,"rotation":0,"texture":"#0"},"up":{"uv":[1.5,6.75,0.0,5.25],"tintindex":0,"rotation":90,"texture":"#0"},"down":{"uv":[6.75,0.0,5.25,1.5],"tintindex":0,"rotation":270,"texture":"#0"}}},{"from":[5.4999995,5.41667,1.6294098],"to":[10.5,10.41667,2.6294103],"faces":{"east":{"uv":[1.5,8.0,1.75,9.25],"tintindex":0,"rotation":0,"texture":"#0"},"south":{"uv":[6.25,6.0,7.5,7.25],"tintindex":0,"rotation":0,"texture":"#0"},"north":{"uv":[6.25,4.75,7.5,6.0],"tintindex":0,"rotation":0,"texture":"#0"},"west":{"uv":[1.5,5.25,1.75,6.5],"tintindex":0,"rotation":0,"texture":"#0"},"up":{"uv":[4.75,9.25,4.5,8.0],"tintindex":0,"rotation":270,"texture":"#0"},"down":{"uv":[7.75,8.0,7.5,9.25],"tintindex":0,"rotation":90,"texture":"#0"}}},{"from":[5.5,9.0,9.12941],"to":[7.5,10.0,11.12941],"faces":{"east":{"uv":[10.0,0.0,10.5,0.25],"tintindex":0,"rotation":0,"texture":"#0"},"south":{"uv":[10.0,0.25,10.5,0.5],"tintindex":0,"rotation":0,"texture":"#0"},"north":{"uv":[9.75,7.0,10.25,7.25],"tintindex":0,"rotation":0,"texture":"#0"},"west":{"uv":[4.0,10.0,4.5,10.25],"tintindex":0,"rotation":0,"texture":"#0"},"up":{"uv":[9.25,9.5,8.75,9.0],"tintindex":0,"rotation":0,"texture":"#0"},"down":{"uv":[3.5,9.25,3.0,9.75],"tintindex":0,"rotation":0,"texture":"#0"}}},{"from":[5.0,4.91667,9.12941],"to":[11.0,10.91667,10.12941],"faces":{"east":{"uv":[7.75,3.0,8.0,4.5],"tintindex":0,"rotation":0,"texture":"#0"},"south":{"uv":[4.75,4.75,6.25,6.25],"tintindex":0,"rotation":0,"texture":"#0"},"north":{"uv":[1.75,5.0,3.25,6.5],"tintindex":0,"rotation":0,"texture":"#0"},"west":{"uv":[3.25,7.75,3.5,9.25],"tintindex":0,"rotation":0,"texture":"#0"},"up":{"uv":[3.75,9.25,3.5,7.75],"tintindex":0,"rotation":90,"texture":"#0"},"down":{"uv":[4.0,7.75,3.75,9.25],"tintindex":0,"rotation":270,"texture":"#0"}}},{"from":[5.5,7.0,9.12941],"to":[7.5,8.0,11.12941],"faces":{"east":{"uv":[10.0,5.75,10.5,6.0],"tintindex":0,"rotation":0,"texture":"#0"},"south":{"uv":[10.0,6.0,10.5,6.25],"tintindex":0,"rotation":0,"texture":"#0"},"north":{"uv":[10.0,5.5,10.5,5.75],"tintindex":0,"rotation":0,"texture":"#0"},"west":{"uv":[10.0,6.25,10.5,6.5],"tintindex":0,"rotation":0,"texture":"#0"},"up":{"uv":[5.0,9.75,4.5,9.25],"tintindex":0,"rotation":0,"texture":"#0"},"down":{"uv":[8.0,9.25,7.5,9.75],"tintindex":0,"rotation":0,"texture":"#0"}}},{"from":[4.5,4.41667,2.6294098],"to":[11.5,11.41667,9.62941],"faces":{"east":{"uv":[0.0,1.75,1.75,3.5],"tintindex":0,"rotation":0,"texture":"#0"},"south":{"uv":[1.75,0.0,3.5,1.75],"tintindex":0,"rotation":0,"texture":"#0"},"north":{"uv":[0.0,0.0,1.75,1.75],"tintindex":0,"rotation":0,"texture":"#0"},"west":{"uv":[1.75,1.75,3.5,3.5],"tintindex":0,"rotation":0,"texture":"#0"},"up":{"uv":[1.75,5.25,0.0,3.5],"tintindex":0,"rotation":0,"texture":"#0"},"down":{"uv":[5.25,0.0,3.5,1.75],"tintindex":0,"rotation":0,"texture":"#0"}}},{"from":[7.0,7.5,9.12941],"to":[8.0,9.5,11.029409],"faces":{"east":{"uv":[9.75,0.5,10.25,1.0],"tintindex":0,"rotation":0,"texture":"#0"},"south":{"uv":[0.5,10.25,0.75,10.75],"tintindex":0,"rotation":0,"texture":"#0"},"north":{"uv":[0.25,10.25,0.5,10.75],"tintindex":0,"rotation":0,"texture":"#0"},"west":{"uv":[9.75,1.0,10.25,1.5],"tintindex":0,"rotation":0,"texture":"#0"},"up":{"uv":[10.5,1.0,10.25,0.5],"tintindex":0,"rotation":0,"texture":"#0"},"down":{"uv":[1.0,10.25,0.75,10.75],"tintindex":0,"rotation":0,"texture":"#0"}}},{"from":[5.0,7.5,9.12941],"to":[6.0,9.5,11.029409],"faces":{"east":{"uv":[9.5,6.0,10.0,6.5],"tintindex":0,"rotation":0,"texture":"#0"},"south":{"uv":[10.0,7.75,10.25,8.25],"tintindex":0,"rotation":0,"texture":"#0"},"north":{"uv":[4.5,10.0,4.75,10.5],"tintindex":0,"rotation":0,"texture":"#0"},"west":{"uv":[9.5,6.5,10.0,7.0],"tintindex":0,"rotation":0,"texture":"#0"},"up":{"uv":[10.25,8.75,10.0,8.25],"tintindex":0,"rotation":0,"texture":"#0"},"down":{"uv":[8.75,10.0,8.5,10.5],"tintindex":0,"rotation":0,"texture":"#0"}}},{"from":[4.0,4.91667,3.1294098],"to":[5.0,10.91667,9.12941],"faces":{"east":{"uv":[1.75,3.5,3.25,5.0],"tintindex":0,"rotation":0,"texture":"#0"},"south":{"uv":[1.75,7.5,2.0,9.0],"tintindex":0,"rotation":0,"texture":"#0"},"north":{"uv":[4.5,6.5,4.75,8.0],"tintindex":0,"rotation":0,"texture":"#0"},"west":{"uv":[3.5,1.75,5.0,3.25],"tintindex":0,"rotation":0,"texture":"#0"},"up":{"uv":[2.25,9.0,2.0,7.5],"tintindex":0,"rotation":0,"texture":"#0"},"down":{"uv":[2.5,7.5,2.25,9.0],"tintindex":0,"rotation":0,"texture":"#0"}}},{"from":[6.0,3.9166698,9.62941],"to":[10.0,5.41667,10.62941],"faces":{"east":{"uv":[10.25,2.75,10.5,3.125],"tintindex":0,"rotation":0,"texture":"#0"},"south":{"uv":[7.75,7.25,8.75,7.625],"tintindex":0,"rotation":0,"texture":"#0"},"north":{"uv":[0.0,8.0,1.0,8.375],"tintindex":0,"rotation":0,"texture":"#0"},"west":{"uv":[3.0,10.25,3.25,10.625],"tintindex":0,"rotation":0,"texture":"#0"},"up":{"uv":[3.0,10.0,2.75,9.0],"tintindex":0,"rotation":90,"texture":"#0"},"down":{"uv":[8.75,9.0,8.5,10.0],"tintindex":0,"rotation":270,"texture":"#0"}}},{"from":[5.0,3.9166698,3.1294098],"to":[11.0,4.91667,9.12941],"faces":{"east":{"uv":[7.5,7.0,9.0,7.25],"tintindex":0,"rotation":0,"texture":"#0"},"south":{"uv":[5.0,7.75,6.5,8.0],"tintindex":0,"rotation":0,"texture":"#0"},"north":{"uv":[6.5,7.75,8.0,8.0],"tintindex":0,"rotation":0,"texture":"#0"},"west":{"uv":[7.75,6.0,9.25,6.25],"tintindex":0,"rotation":0,"texture":"#0"},"up":{"uv":[7.75,4.75,6.25,3.25],"tintindex":0,"rotation":90,"texture":"#0"},"down":{"uv":[6.25,6.25,4.75,7.75],"tintindex":0,"rotation":270,"texture":"#0"}}},{"from":[8.5,7.0,9.12941],"to":[10.5,8.0,11.12941],"faces":{"east":{"uv":[10.0,6.75,10.5,7.0],"tintindex":0,"rotation":0,"texture":"#0"},"south":{"uv":[10.0,7.25,10.5,7.5],"tintindex":0,"rotation":0,"texture":"#0"},"north":{"uv":[10.0,6.5,10.5,6.75],"tintindex":0,"rotation":0,"texture":"#0"},"west":{"uv":[10.0,7.5,10.5,7.75],"tintindex":0,"rotation":0,"texture":"#0"},"up":{"uv":[9.75,9.5,9.25,9.0],"tintindex":0,"rotation":0,"texture":"#0"},"down":{"uv":[10.0,0.0,9.5,0.5],"tintindex":0,"rotation":0,"texture":"#0"}}},{"from":[8.0,7.5,9.12941],"to":[9.0,9.5,11.029409],"faces":{"east":{"uv":[0.0,9.75,0.5,10.25],"tintindex":0,"rotation":0,"texture":"#0"},"south":{"uv":[9.5,10.0,9.75,10.5],"tintindex":0,"rotation":0,"texture":"#0"},"north":{"uv":[10.0,9.25,10.25,9.75],"tintindex":0,"rotation":0,"texture":"#0"},"west":{"uv":[0.5,9.75,1.0,10.25],"tintindex":0,"rotation":0,"texture":"#0"},"up":{"uv":[10.25,10.25,10.0,9.75],"tintindex":0,"rotation":0,"texture":"#0"},"down":{"uv":[0.25,10.25,0.0,10.75],"tintindex":0,"rotation":0,"texture":"#0"}}},{"from":[11.0,4.91667,3.1294098],"to":[12.0,10.91667,9.12941],"faces":{"east":{"uv":[5.0,1.75,6.5,3.25],"tintindex":0,"rotation":0,"texture":"#0"},"south":{"uv":[4.25,7.75,4.5,9.25],"tintindex":0,"rotation":0,"texture":"#0"},"north":{"uv":[4.0,7.75,4.25,9.25],"tintindex":0,"rotation":0,"texture":"#0"},"west":{"uv":[3.25,5.0,4.75,6.5],"tintindex":0,"rotation":0,"texture":"#0"},"up":{"uv":[8.0,6.0,7.75,4.5],"tintindex":0,"rotation":0,"texture":"#0"},"down":{"uv":[5.0,7.75,4.75,9.25],"tintindex":0,"rotation":0,"texture":"#0"}}},{"from":[4.9999995,4.91667,2.1294098],"to":[11.0,10.91667,3.1294103],"faces":{"east":{"uv":[2.75,7.5,3.0,9.0],"tintindex":0,"rotation":0,"texture":"#0"},"south":{"uv":[4.75,3.25,6.25,4.75],"tintindex":0,"rotation":0,"texture":"#0"},"north":{"uv":[3.25,3.5,4.75,5.0],"tintindex":0,"rotation":0,"texture":"#0"},"west":{"uv":[2.5,7.5,2.75,9.0],"tintindex":0,"rotation":0,"texture":"#0"},"up":{"uv":[7.75,6.25,7.5,4.75],"tintindex":0,"rotation":270,"texture":"#0"},"down":{"uv":[3.25,7.75,3.0,9.25],"tintindex":0,"rotation":90,"texture":"#0"}}},{"from":[8.5,9.0,9.12941],"to":[10.5,10.0,11.12941],"faces":{"east":{"uv":[10.0,4.75,10.5,5.0],"tintindex":0,"rotation":0,"texture":"#0"},"south":{"uv":[10.0,5.0,10.5,5.25],"tintindex":0,"rotation":0,"texture":"#0"},"north":{"uv":[10.0,4.5,10.5,4.75],"tintindex":0,"rotation":0,"texture":"#0"},"west":{"uv":[10.0,5.25,10.5,5.5],"tintindex":0,"rotation":0,"texture":"#0"},"up":{"uv":[4.0,9.75,3.5,9.25],"tintindex":0,"rotation":0,"texture":"#0"},"down":{"uv":[4.5,9.25,4.0,9.75],"tintindex":0,"rotation":0,"texture":"#0"}}},{"from":[10.0,7.5,9.12941],"to":[11.0,9.5,11.029409],"faces":{"east":{"uv":[8.75,9.5,9.25,10.0],"tintindex":0,"rotation":0,"texture":"#0"},"south":{"uv":[10.0,8.75,10.25,9.25],"tintindex":0,"rotation":0,"texture":"#0"},"north":{"uv":[8.75,10.0,9.0,10.5],"tintindex":0,"rotation":0,"texture":"#0"},"west":{"uv":[9.25,9.5,9.75,10.0],"tintindex":0,"rotation":0,"texture":"#0"},"up":{"uv":[9.25,10.5,9.0,10.0],"tintindex":0,"rotation":0,"texture":"#0"},"down":{"uv":[9.5,10.0,9.25,10.5],"tintindex":0,"rotation":0,"texture":"#0"}}}],"display":{"head":{"rotation":[0.0,0.0,0.0]},"firstperson_righthand":{"rotation":[0.0,0.0,0.0]},"thirdperson_lefthand":{"rotation":[0.0,-0.0,-0.0]},"firstperson_lefthand":{"rotation":[0.0,-0.0,-0.0]},"fixed":{"rotation":[0.0,0.0,0.0]},"ground":{"rotation":[0.0,0.0,0.0]},"thirdperson_righthand":{"rotation":[0.0,0.0,0.0]},"gui":{"rotation":[-150.0,-45.0,180.0]}}}