{"textures":{"0":"modelengine:entity/skelen","particle":"#0"},"elements":[{"from":[7.5,6.5,7.5],"to":[8.5,9.5,8.5],"faces":{"east":{"uv":[7.75,9.75,8.0,10.5],"tintindex":0,"rotation":0,"texture":"#0"},"south":{"uv":[7.0,9.75,7.25,10.5],"tintindex":0,"rotation":0,"texture":"#0"},"north":{"uv":[7.5,9.75,7.75,10.5],"tintindex":0,"rotation":0,"texture":"#0"},"west":{"uv":[7.25,9.75,7.5,10.5],"tintindex":0,"rotation":0,"texture":"#0"},"up":{"uv":[10.75,3.25,10.5,3.0],"tintindex":0,"rotation":180,"texture":"#0"},"down":{"uv":[10.75,3.25,10.5,3.5],"tintindex":0,"rotation":180,"texture":"#0"}}}],"display":{"head":{"rotation":[0.0,0.0,0.0]},"firstperson_righthand":{"rotation":[0.0,0.0,0.0]},"thirdperson_lefthand":{"rotation":[0.0,-0.0,-0.0]},"firstperson_lefthand":{"rotation":[0.0,-0.0,-0.0]},"fixed":{"rotation":[0.0,0.0,0.0]},"ground":{"rotation":[0.0,0.0,0.0]},"thirdperson_righthand":{"rotation":[0.0,0.0,0.0]},"gui":{"rotation":[-150.0,-45.0,180.0]}}}