{"textures":{"0":"modelengine:entity/skelen","particle":"#0"},"elements":[{"from":[7.625,7.0,7.5],"to":[8.375,9.0,8.5],"faces":{"east":{"uv":[1.75,10.25,2.0,10.75],"tintindex":0,"rotation":0,"texture":"#0"},"south":{"uv":[3.75,10.25,3.9375,10.75],"tintindex":0,"rotation":0,"texture":"#0"},"north":{"uv":[3.5,10.25,3.6875,10.75],"tintindex":0,"rotation":0,"texture":"#0"},"west":{"uv":[2.0,10.25,2.25,10.75],"tintindex":0,"rotation":0,"texture":"#0"},"up":{"uv":[4.6875,10.75,4.5,10.5],"tintindex":0,"rotation":0,"texture":"#0"},"down":{"uv":[10.6875,4.5,10.5,4.75],"tintindex":0,"rotation":0,"texture":"#0"}}}],"display":{"head":{"rotation":[0.0,0.0,0.0]},"firstperson_righthand":{"rotation":[0.0,0.0,0.0]},"thirdperson_lefthand":{"rotation":[0.0,-0.0,-0.0]},"firstperson_lefthand":{"rotation":[0.0,-0.0,-0.0]},"fixed":{"rotation":[0.0,0.0,0.0]},"ground":{"rotation":[0.0,0.0,0.0]},"thirdperson_righthand":{"rotation":[0.0,0.0,0.0]},"gui":{"rotation":[-150.0,-45.0,180.0]}}}