{"textures":{"0":"modelengine:entity/skelen","particle":"#0"},"elements":[{"from":[8.035,7.75,8.115],"to":[8.285,8.25,8.365],"faces":{"east":{"uv":[10.5,5.25,10.5625,5.375],"tintindex":0,"rotation":0,"texture":"#0"},"south":{"uv":[5.5,10.5,5.5625,10.625],"tintindex":0,"rotation":0,"texture":"#0"},"north":{"uv":[5.25,10.5,5.3125,10.625],"tintindex":0,"rotation":0,"texture":"#0"},"west":{"uv":[10.5,5.5,10.5625,5.625],"tintindex":0,"rotation":0,"texture":"#0"},"up":{"uv":[10.0625,10.5625,10.0,10.5],"tintindex":0,"rotation":0,"texture":"#0"},"down":{"uv":[10.5625,10.0,10.5,10.0625],"tintindex":0,"rotation":0,"texture":"#0"}}},{"from":[7.435,7.75,7.515],"to":[7.685,8.25,7.765],"faces":{"east":{"uv":[10.5,6.75,10.5625,6.875],"tintindex":0,"rotation":0,"texture":"#0"},"south":{"uv":[7.0,10.5,7.0625,10.625],"tintindex":0,"rotation":0,"texture":"#0"},"north":{"uv":[6.75,10.5,6.8125,10.625],"tintindex":0,"rotation":0,"texture":"#0"},"west":{"uv":[10.5,7.0,10.5625,7.125],"tintindex":0,"rotation":0,"texture":"#0"},"up":{"uv":[10.8125,0.0625,10.75,0.0],"tintindex":0,"rotation":0,"texture":"#0"},"down":{"uv":[0.3125,10.75,0.25,10.8125],"tintindex":0,"rotation":0,"texture":"#0"}}},{"from":[8.035,7.75,7.815],"to":[8.285,8.25,8.065],"faces":{"east":{"uv":[10.5,5.75,10.5625,5.875],"tintindex":0,"rotation":0,"texture":"#0"},"south":{"uv":[6.0,10.5,6.0625,10.625],"tintindex":0,"rotation":0,"texture":"#0"},"north":{"uv":[5.75,10.5,5.8125,10.625],"tintindex":0,"rotation":0,"texture":"#0"},"west":{"uv":[10.5,6.0,10.5625,6.125],"tintindex":0,"rotation":0,"texture":"#0"},"up":{"uv":[10.3125,10.5625,10.25,10.5],"tintindex":0,"rotation":0,"texture":"#0"},"down":{"uv":[10.5625,10.25,10.5,10.3125],"tintindex":0,"rotation":0,"texture":"#0"}}}],"display":{"head":{"rotation":[0.0,0.0,0.0]},"firstperson_righthand":{"rotation":[0.0,0.0,0.0]},"thirdperson_lefthand":{"rotation":[0.0,-0.0,-0.0]},"firstperson_lefthand":{"rotation":[0.0,-0.0,-0.0]},"fixed":{"rotation":[0.0,0.0,0.0]},"ground":{"rotation":[0.0,0.0,0.0]},"thirdperson_righthand":{"rotation":[0.0,0.0,0.0]},"gui":{"rotation":[-150.0,-45.0,180.0]}}}