{"textures":{"0":"modelengine:entity/skelen","particle":"#0"},"elements":[{"from":[7.125,6.75,7.0],"to":[8.875,9.25,9.0],"faces":{"east":{"uv":[5.0,8.0,5.5,8.625],"tintindex":0,"rotation":0,"texture":"#0"},"south":{"uv":[6.0,9.0,6.4375,9.625],"tintindex":0,"rotation":0,"texture":"#0"},"north":{"uv":[5.5,9.0,5.9375,9.625],"tintindex":0,"rotation":0,"texture":"#0"},"west":{"uv":[8.0,5.25,8.5,5.875],"tintindex":0,"rotation":0,"texture":"#0"},"up":{"uv":[2.6875,10.25,2.25,9.75],"tintindex":0,"rotation":0,"texture":"#0"},"down":{"uv":[10.1875,2.5,9.75,3.0],"tintindex":0,"rotation":0,"texture":"#0"}}}],"display":{"head":{"rotation":[0.0,0.0,0.0]},"firstperson_righthand":{"rotation":[0.0,0.0,0.0]},"thirdperson_lefthand":{"rotation":[0.0,-0.0,-0.0]},"firstperson_lefthand":{"rotation":[0.0,-0.0,-0.0]},"fixed":{"rotation":[0.0,0.0,0.0]},"ground":{"rotation":[0.0,0.0,0.0]},"thirdperson_righthand":{"rotation":[0.0,0.0,0.0]},"gui":{"rotation":[-150.0,-45.0,180.0]}}}