{"textures":{"0":"modelengine:entity/skelen","particle":"#0"},"elements":[{"from":[7.2706003,6.3467197,7.6],"to":[8.2706,9.34672,8.4],"faces":{"east":{"uv":[9.75,9.75,10.0,10.5],"tintindex":0,"rotation":0,"texture":"#0"},"south":{"uv":[8.0,9.75,8.25,10.5],"tintindex":0,"rotation":0,"texture":"#0"},"north":{"uv":[9.75,9.0,10.0,9.75],"tintindex":0,"rotation":0,"texture":"#0"},"west":{"uv":[8.25,9.75,8.5,10.5],"tintindex":0,"rotation":0,"texture":"#0"},"up":{"uv":[10.75,3.75,10.5,3.5],"tintindex":0,"rotation":180,"texture":"#0"},"down":{"uv":[10.75,3.75,10.5,4.0],"tintindex":0,"rotation":180,"texture":"#0"}},"rotation":{"origin":[8.2706,7.3467197,7.5],"angle":-22.5,"axis":"z"}}],"display":{"head":{"rotation":[0.0,0.0,0.0]},"firstperson_righthand":{"rotation":[0.0,0.0,0.0]},"thirdperson_lefthand":{"rotation":[0.0,-0.0,-0.0]},"firstperson_lefthand":{"rotation":[0.0,-0.0,-0.0]},"fixed":{"rotation":[0.0,0.0,0.0]},"ground":{"rotation":[0.0,0.0,0.0]},"thirdperson_righthand":{"rotation":[0.0,0.0,0.0]},"gui":{"rotation":[-150.0,-45.0,180.0]}}}