{"textures":{"0":"modelengine:entity/skelen","particle":"#0"},"elements":[{"from":[7.0,7.2928896,7.5],"to":[10.0,8.29289,8.5],"faces":{"east":{"uv":[4.25,10.75,4.0,10.5],"tintindex":0,"rotation":270,"texture":"#0"},"south":{"uv":[1.0,10.0,1.25,10.75],"tintindex":0,"rotation":90,"texture":"#0"},"north":{"uv":[1.5,10.0,1.75,10.75],"tintindex":0,"rotation":270,"texture":"#0"},"west":{"uv":[10.75,4.0,10.5,4.25],"tintindex":0,"rotation":270,"texture":"#0"},"up":{"uv":[1.25,10.0,1.5,10.75],"tintindex":0,"rotation":90,"texture":"#0"},"down":{"uv":[2.75,10.0,3.0,10.75],"tintindex":0,"rotation":90,"texture":"#0"}},"rotation":{"origin":[8.0,7.2928896,7.5],"angle":45.0,"axis":"z"}}],"display":{"head":{"rotation":[0.0,0.0,0.0]},"firstperson_righthand":{"rotation":[0.0,0.0,0.0]},"thirdperson_lefthand":{"rotation":[0.0,-0.0,-0.0]},"firstperson_lefthand":{"rotation":[0.0,-0.0,-0.0]},"fixed":{"rotation":[0.0,0.0,0.0]},"ground":{"rotation":[0.0,0.0,0.0]},"thirdperson_righthand":{"rotation":[0.0,0.0,0.0]},"gui":{"rotation":[-150.0,-45.0,180.0]}}}