{"textures":{"0":"modelengine:entity/skelen","particle":"#0"},"elements":[{"from":[7.1,7.5,6.5],"to":[8.9,8.5,9.5],"faces":{"east":{"uv":[9.75,4.0,10.5,4.25],"tintindex":0,"rotation":0,"texture":"#0"},"south":{"uv":[10.25,2.5,10.6875,2.75],"tintindex":0,"rotation":0,"texture":"#0"},"north":{"uv":[10.25,2.25,10.6875,2.5],"tintindex":0,"rotation":0,"texture":"#0"},"west":{"uv":[9.75,4.25,10.5,4.5],"tintindex":0,"rotation":0,"texture":"#0"},"up":{"uv":[8.4375,3.0,8.0,2.25],"tintindex":0,"rotation":0,"texture":"#0"},"down":{"uv":[8.4375,3.0,8.0,3.75],"tintindex":0,"rotation":0,"texture":"#0"}}}],"display":{"head":{"rotation":[0.0,0.0,0.0]},"firstperson_righthand":{"rotation":[0.0,0.0,0.0]},"thirdperson_lefthand":{"rotation":[0.0,-0.0,-0.0]},"firstperson_lefthand":{"rotation":[0.0,-0.0,-0.0]},"fixed":{"rotation":[0.0,0.0,0.0]},"ground":{"rotation":[0.0,0.0,0.0]},"thirdperson_righthand":{"rotation":[0.0,0.0,0.0]},"gui":{"rotation":[-150.0,-45.0,180.0]}}}