{"textures":{"0":"modelengine:entity/skelen","particle":"#0"},"elements":[{"from":[5.75,7.5,5.0],"to":[10.25,8.5,6.0],"faces":{"east":{"uv":[10.25,8.0,10.5,8.25],"tintindex":0,"rotation":0,"texture":"#0"},"south":{"uv":[8.5,2.5,9.625,2.75],"tintindex":0,"rotation":0,"texture":"#0"},"north":{"uv":[8.5,2.25,9.625,2.5],"tintindex":0,"rotation":0,"texture":"#0"},"west":{"uv":[10.25,8.25,10.5,8.5],"tintindex":0,"rotation":0,"texture":"#0"},"up":{"uv":[9.625,3.0,8.5,2.75],"tintindex":0,"rotation":0,"texture":"#0"},"down":{"uv":[9.625,3.0,8.5,3.25],"tintindex":0,"rotation":0,"texture":"#0"}}},{"from":[5.0,7.5,5.75],"to":[6.0,8.5,10.25],"faces":{"east":{"uv":[8.5,4.25,9.625,4.5],"tintindex":0,"rotation":0,"texture":"#0"},"south":{"uv":[10.25,9.25,10.5,9.5],"tintindex":0,"rotation":0,"texture":"#0"},"north":{"uv":[10.25,9.0,10.5,9.25],"tintindex":0,"rotation":0,"texture":"#0"},"west":{"uv":[8.5,4.5,9.625,4.75],"tintindex":0,"rotation":0,"texture":"#0"},"up":{"uv":[0.5,9.625,0.25,8.5],"tintindex":0,"rotation":0,"texture":"#0"},"down":{"uv":[0.75,8.5,0.5,9.625],"tintindex":0,"rotation":0,"texture":"#0"}}},{"from":[5.75,7.5,10.0],"to":[10.25,8.5,11.0],"faces":{"east":{"uv":[10.25,8.5,10.5,8.75],"tintindex":0,"rotation":0,"texture":"#0"},"south":{"uv":[8.5,3.5,9.625,3.75],"tintindex":0,"rotation":0,"texture":"#0"},"north":{"uv":[8.5,3.25,9.625,3.5],"tintindex":0,"rotation":0,"texture":"#0"},"west":{"uv":[10.25,8.75,10.5,9.0],"tintindex":0,"rotation":0,"texture":"#0"},"up":{"uv":[9.625,4.0,8.5,3.75],"tintindex":0,"rotation":0,"texture":"#0"},"down":{"uv":[9.625,4.0,8.5,4.25],"tintindex":0,"rotation":0,"texture":"#0"}}},{"from":[10.0,7.5,5.75],"to":[11.0,8.5,10.25],"faces":{"east":{"uv":[8.5,4.75,9.625,5.0],"tintindex":0,"rotation":0,"texture":"#0"},"south":{"uv":[10.25,9.75,10.5,10.0],"tintindex":0,"rotation":0,"texture":"#0"},"north":{"uv":[10.25,9.5,10.5,9.75],"tintindex":0,"rotation":0,"texture":"#0"},"west":{"uv":[8.5,5.0,9.625,5.25],"tintindex":0,"rotation":0,"texture":"#0"},"up":{"uv":[1.0,9.625,0.75,8.5],"tintindex":0,"rotation":0,"texture":"#0"},"down":{"uv":[8.75,7.75,8.5,8.875],"tintindex":0,"rotation":0,"texture":"#0"}}}],"display":{"head":{"rotation":[0.0,0.0,0.0]},"firstperson_righthand":{"rotation":[0.0,0.0,0.0]},"thirdperson_lefthand":{"rotation":[0.0,-0.0,-0.0]},"firstperson_lefthand":{"rotation":[0.0,-0.0,-0.0]},"fixed":{"rotation":[0.0,0.0,0.0]},"ground":{"rotation":[0.0,0.0,0.0]},"thirdperson_righthand":{"rotation":[0.0,0.0,0.0]},"gui":{"rotation":[-150.0,-45.0,180.0]}}}