{"textures":{"0":"modelengine:entity/skelen","particle":"#0"},"elements":[{"from":[6.5,5.5,6.5],"to":[9.5,10.5,9.5],"faces":{"east":{"uv":[3.75,6.5,4.5,7.75],"tintindex":0,"rotation":0,"texture":"#0"},"south":{"uv":[0.0,6.75,0.75,8.0],"tintindex":0,"rotation":0,"texture":"#0"},"north":{"uv":[3.0,6.5,3.75,7.75],"tintindex":0,"rotation":0,"texture":"#0"},"west":{"uv":[6.75,0.0,7.5,1.25],"tintindex":0,"rotation":0,"texture":"#0"},"up":{"uv":[1.5,7.5,0.75,6.75],"tintindex":0,"rotation":0,"texture":"#0"},"down":{"uv":[8.25,0.0,7.5,0.75],"tintindex":0,"rotation":0,"texture":"#0"}}}],"display":{"head":{"rotation":[0.0,0.0,0.0]},"firstperson_righthand":{"rotation":[0.0,0.0,0.0]},"thirdperson_lefthand":{"rotation":[0.0,-0.0,-0.0]},"firstperson_lefthand":{"rotation":[0.0,-0.0,-0.0]},"fixed":{"rotation":[0.0,0.0,0.0]},"ground":{"rotation":[0.0,0.0,0.0]},"thirdperson_righthand":{"rotation":[0.0,0.0,0.0]},"gui":{"rotation":[-150.0,-45.0,180.0]}}}