{"textures":{"0":"modelengine:entity/skelen","particle":"#0"},"elements":[{"from":[7.625,7.0,7.5],"to":[8.375,9.0,8.5],"faces":{"east":{"uv":[10.25,1.0,10.5,1.5],"tintindex":0,"rotation":0,"texture":"#0"},"south":{"uv":[10.25,3.25,10.4375,3.75],"tintindex":0,"rotation":0,"texture":"#0"},"north":{"uv":[3.25,10.25,3.4375,10.75],"tintindex":0,"rotation":0,"texture":"#0"},"west":{"uv":[10.25,1.5,10.5,2.0],"tintindex":0,"rotation":0,"texture":"#0"},"up":{"uv":[4.4375,10.75,4.25,10.5],"tintindex":0,"rotation":0,"texture":"#0"},"down":{"uv":[10.6875,4.25,10.5,4.5],"tintindex":0,"rotation":0,"texture":"#0"}}}],"display":{"head":{"rotation":[0.0,0.0,0.0]},"firstperson_righthand":{"rotation":[0.0,0.0,0.0]},"thirdperson_lefthand":{"rotation":[0.0,-0.0,-0.0]},"firstperson_lefthand":{"rotation":[0.0,-0.0,-0.0]},"fixed":{"rotation":[0.0,0.0,0.0]},"ground":{"rotation":[0.0,0.0,0.0]},"thirdperson_righthand":{"rotation":[0.0,0.0,0.0]},"gui":{"rotation":[-150.0,-45.0,180.0]}}}