{"textures":{"0":"modelengine:entity/skelen","particle":"#0"},"elements":[{"from":[8.041837,7.75,8.176668],"to":[8.291837,8.25,8.426668],"faces":{"east":{"uv":[10.5,8.75,10.5625,8.875],"tintindex":0,"rotation":0,"texture":"#0"},"south":{"uv":[9.0,10.5,9.0625,10.625],"tintindex":0,"rotation":0,"texture":"#0"},"north":{"uv":[8.75,10.5,8.8125,10.625],"tintindex":0,"rotation":0,"texture":"#0"},"west":{"uv":[10.5,9.0,10.5625,9.125],"tintindex":0,"rotation":0,"texture":"#0"},"up":{"uv":[10.8125,1.0625,10.75,1.0],"tintindex":0,"rotation":0,"texture":"#0"},"down":{"uv":[1.3125,10.75,1.25,10.8125],"tintindex":0,"rotation":0,"texture":"#0"}}}],"display":{"head":{"rotation":[-180.0,23.5,-180.0]},"firstperson_righthand":{"rotation":[-180.0,23.5,-180.0]},"thirdperson_lefthand":{"rotation":[-180.0,-23.5,180.0]},"firstperson_lefthand":{"rotation":[-180.0,-23.5,180.0]},"fixed":{"rotation":[-180.0,23.5,-180.0]},"ground":{"rotation":[-180.0,23.5,-180.0]},"thirdperson_righthand":{"rotation":[-180.0,23.5,-180.0]},"gui":{"rotation":[30.0,21.5,8.546041E-16]}}}