{"textures":{"0":"modelengine:entity/skelen","particle":"#0"},"elements":[{"from":[7.125,6.75,7.0],"to":[8.875,9.25,9.0],"faces":{"east":{"uv":[6.5,8.0,7.0,8.625],"tintindex":0,"rotation":0,"texture":"#0"},"south":{"uv":[8.0,9.0,8.4375,9.625],"tintindex":0,"rotation":0,"texture":"#0"},"north":{"uv":[7.0,9.0,7.4375,9.625],"tintindex":0,"rotation":0,"texture":"#0"},"west":{"uv":[7.0,8.0,7.5,8.625],"tintindex":0,"rotation":0,"texture":"#0"},"up":{"uv":[3.9375,10.25,3.5,9.75],"tintindex":0,"rotation":0,"texture":"#0"},"down":{"uv":[10.1875,3.5,9.75,4.0],"tintindex":0,"rotation":0,"texture":"#0"}}}],"display":{"head":{"rotation":[0.0,0.0,0.0]},"firstperson_righthand":{"rotation":[0.0,0.0,0.0]},"thirdperson_lefthand":{"rotation":[0.0,-0.0,-0.0]},"firstperson_lefthand":{"rotation":[0.0,-0.0,-0.0]},"fixed":{"rotation":[0.0,0.0,0.0]},"ground":{"rotation":[0.0,0.0,0.0]},"thirdperson_righthand":{"rotation":[0.0,0.0,0.0]},"gui":{"rotation":[-150.0,-45.0,180.0]}}}