{"textures":{"0":"modelengine:entity/skelen","particle":"#0"},"elements":[{"from":[7.7293997,6.3467197,7.6],"to":[8.7294,9.34672,8.4],"faces":{"east":{"uv":[9.75,4.5,10.0,5.25],"tintindex":0,"rotation":0,"texture":"#0"},"south":{"uv":[4.75,9.75,5.0,10.5],"tintindex":0,"rotation":0,"texture":"#0"},"north":{"uv":[1.5,9.25,1.75,10.0],"tintindex":0,"rotation":0,"texture":"#0"},"west":{"uv":[5.0,9.75,5.25,10.5],"tintindex":0,"rotation":0,"texture":"#0"},"up":{"uv":[10.75,1.5,10.5,1.25],"tintindex":0,"rotation":0,"texture":"#0"},"down":{"uv":[10.75,1.5,10.5,1.75],"tintindex":0,"rotation":0,"texture":"#0"}},"rotation":{"origin":[7.7293997,7.3467197,8.5],"angle":22.5,"axis":"z"}}],"display":{"head":{"rotation":[0.0,0.0,0.0]},"firstperson_righthand":{"rotation":[0.0,0.0,0.0]},"thirdperson_lefthand":{"rotation":[0.0,-0.0,-0.0]},"firstperson_lefthand":{"rotation":[0.0,-0.0,-0.0]},"fixed":{"rotation":[0.0,0.0,0.0]},"ground":{"rotation":[0.0,0.0,0.0]},"thirdperson_righthand":{"rotation":[0.0,0.0,0.0]},"gui":{"rotation":[-150.0,-45.0,180.0]}}}