{"textures":{"0":"modelengine:entity/skelen","particle":"#0"},"elements":[{"from":[8.0,6.2928896,7.5],"to":[9.0,9.29289,8.5],"faces":{"east":{"uv":[9.75,5.25,10.0,6.0],"tintindex":0,"rotation":0,"texture":"#0"},"south":{"uv":[5.5,9.75,5.75,10.5],"tintindex":0,"rotation":0,"texture":"#0"},"north":{"uv":[5.25,9.75,5.5,10.5],"tintindex":0,"rotation":0,"texture":"#0"},"west":{"uv":[5.75,9.75,6.0,10.5],"tintindex":0,"rotation":0,"texture":"#0"},"up":{"uv":[10.75,2.0,10.5,1.75],"tintindex":0,"rotation":0,"texture":"#0"},"down":{"uv":[2.5,10.5,2.25,10.75],"tintindex":0,"rotation":0,"texture":"#0"}},"rotation":{"origin":[8.0,7.2928896,8.5],"angle":45.0,"axis":"z"}}],"display":{"head":{"rotation":[0.0,0.0,0.0]},"firstperson_righthand":{"rotation":[0.0,0.0,0.0]},"thirdperson_lefthand":{"rotation":[0.0,-0.0,-0.0]},"firstperson_lefthand":{"rotation":[0.0,-0.0,-0.0]},"fixed":{"rotation":[0.0,0.0,0.0]},"ground":{"rotation":[0.0,0.0,0.0]},"thirdperson_righthand":{"rotation":[0.0,0.0,0.0]},"gui":{"rotation":[-150.0,-45.0,180.0]}}}