{"textures":{"0":"modelengine:entity/skelen","particle":"#0"},"elements":[{"from":[7.1,7.5,6.5],"to":[8.9,8.5,9.5],"faces":{"east":{"uv":[9.0,7.0,9.75,7.25],"tintindex":0,"rotation":0,"texture":"#0"},"south":{"uv":[2.25,10.25,2.6875,10.5],"tintindex":0,"rotation":0,"texture":"#0"},"north":{"uv":[10.25,2.0,10.6875,2.25],"tintindex":0,"rotation":0,"texture":"#0"},"west":{"uv":[4.0,9.75,4.75,10.0],"tintindex":0,"rotation":0,"texture":"#0"},"up":{"uv":[1.4375,8.75,1.0,8.0],"tintindex":0,"rotation":0,"texture":"#0"},"down":{"uv":[8.4375,1.5,8.0,2.25],"tintindex":0,"rotation":0,"texture":"#0"}}}],"display":{"head":{"rotation":[0.0,0.0,0.0]},"firstperson_righthand":{"rotation":[0.0,0.0,0.0]},"thirdperson_lefthand":{"rotation":[0.0,-0.0,-0.0]},"firstperson_lefthand":{"rotation":[0.0,-0.0,-0.0]},"fixed":{"rotation":[0.0,0.0,0.0]},"ground":{"rotation":[0.0,0.0,0.0]},"thirdperson_righthand":{"rotation":[0.0,0.0,0.0]},"gui":{"rotation":[-150.0,-45.0,180.0]}}}