{"textures":{"0":"modelengine:entity/skelen","particle":"#0"},"elements":[{"from":[10.0,7.5,5.75],"to":[11.0,8.5,10.25],"faces":{"east":{"uv":[3.5,3.25,4.625,3.5],"tintindex":0,"rotation":0,"texture":"#0"},"south":{"uv":[9.5,0.5,9.75,0.75],"tintindex":0,"rotation":0,"texture":"#0"},"north":{"uv":[9.25,6.0,9.5,6.25],"tintindex":0,"rotation":0,"texture":"#0"},"west":{"uv":[5.25,1.5,6.375,1.75],"tintindex":0,"rotation":0,"texture":"#0"},"up":{"uv":[8.0,9.125,7.75,8.0],"tintindex":0,"rotation":0,"texture":"#0"},"down":{"uv":[8.25,7.75,8.0,8.875],"tintindex":0,"rotation":0,"texture":"#0"}}},{"from":[5.0,7.5,5.75],"to":[6.0,8.5,10.25],"faces":{"east":{"uv":[6.5,3.0,7.625,3.25],"tintindex":0,"rotation":0,"texture":"#0"},"south":{"uv":[10.25,3.75,10.5,4.0],"tintindex":0,"rotation":0,"texture":"#0"},"north":{"uv":[9.5,1.25,9.75,1.5],"tintindex":0,"rotation":0,"texture":"#0"},"west":{"uv":[8.25,0.0,9.375,0.25],"tintindex":0,"rotation":0,"texture":"#0"},"up":{"uv":[8.5,8.875,8.25,7.75],"tintindex":0,"rotation":0,"texture":"#0"},"down":{"uv":[0.25,8.5,0.0,9.625],"tintindex":0,"rotation":0,"texture":"#0"}}},{"from":[5.75,7.5,10.0],"to":[10.25,8.5,11.0],"faces":{"east":{"uv":[4.0,10.25,4.25,10.5],"tintindex":0,"rotation":0,"texture":"#0"},"south":{"uv":[8.25,0.5,9.375,0.75],"tintindex":0,"rotation":0,"texture":"#0"},"north":{"uv":[8.25,0.25,9.375,0.5],"tintindex":0,"rotation":0,"texture":"#0"},"west":{"uv":[4.25,10.25,4.5,10.5],"tintindex":0,"rotation":0,"texture":"#0"},"up":{"uv":[9.375,1.5,8.25,1.25],"tintindex":0,"rotation":0,"texture":"#0"},"down":{"uv":[9.625,0.75,8.5,1.0],"tintindex":0,"rotation":0,"texture":"#0"}}},{"from":[5.75,7.5,5.0],"to":[10.25,8.5,6.0],"faces":{"east":{"uv":[10.25,7.0,10.5,7.25],"tintindex":0,"rotation":0,"texture":"#0"},"south":{"uv":[8.5,1.5,9.625,1.75],"tintindex":0,"rotation":0,"texture":"#0"},"north":{"uv":[8.5,1.0,9.625,1.25],"tintindex":0,"rotation":0,"texture":"#0"},"west":{"uv":[10.25,7.75,10.5,8.0],"tintindex":0,"rotation":0,"texture":"#0"},"up":{"uv":[9.625,2.0,8.5,1.75],"tintindex":0,"rotation":0,"texture":"#0"},"down":{"uv":[9.625,2.0,8.5,2.25],"tintindex":0,"rotation":0,"texture":"#0"}}}],"display":{"head":{"rotation":[0.0,0.0,0.0]},"firstperson_righthand":{"rotation":[0.0,0.0,0.0]},"thirdperson_lefthand":{"rotation":[0.0,-0.0,-0.0]},"firstperson_lefthand":{"rotation":[0.0,-0.0,-0.0]},"fixed":{"rotation":[0.0,0.0,0.0]},"ground":{"rotation":[0.0,0.0,0.0]},"thirdperson_righthand":{"rotation":[0.0,0.0,0.0]},"gui":{"rotation":[-150.0,-45.0,180.0]}}}