{"display":{"head":{},"firstperson_righthand":{},"thirdperson_lefthand":{},"firstperson_lefthand":{},"fixed":{},"ground":{},"thirdperson_righthand":{},"gui":{"rotation":[-150.0,-45.0,180.0]}},"elements":[{"from":[4.0,10.0,2.35],"to":[12.0,17.0,2.35],"faces":{"south":{"uv":[9.0,3.0,1.0,10.0],"texture":"#0","tintindex":0},"north":{"uv":[1.0,3.0,9.0,10.0],"texture":"#0","tintindex":0}}},{"from":[7.0,7.8086586,7.13806],"to":[9.0,10.808659,9.138061],"rotation":{"origin":[8.0,7.8086586,8.638061],"axis":"x","angle":-22.5},"faces":{"east":{"uv":[10.0,11.875,10.25,12.25],"texture":"#2","tintindex":0},"south":{"uv":[10.25,11.875,10.5,12.25],"texture":"#2","tintindex":0},"north":{"uv":[11.875,9.875,12.125,10.25],"texture":"#2","tintindex":0},"west":{"uv":[11.875,10.25,12.125,10.625],"texture":"#2","tintindex":0},"up":{"uv":[12.25,5.25,12.0,5.0],"texture":"#2","tintindex":0},"down":{"uv":[12.25,5.25,12.0,5.5],"texture":"#2","tintindex":0}}},{"from":[12.0,17.0,10.0],"to":[4.0,8.0,2.0],"faces":{"east":{"uv":[5.0,4.5,6.0,5.625],"texture":"#2","tintindex":0},"south":{"uv":[0.0,5.625,1.0,6.75],"texture":"#2","tintindex":0},"north":{"uv":[5.0,3.375,6.0,4.5],"texture":"#2","tintindex":0},"west":{"uv":[1.0,5.625,2.0,6.75],"texture":"#2","tintindex":0},"up":{"uv":[5.0,8.75,4.0,7.75],"texture":"#2","tintindex":0},"down":{"uv":[6.0,7.75,5.0,8.75],"texture":"#2","tintindex":0}}},{"from":[4.0,8.0,2.0],"to":[12.0,17.0,10.0],"faces":{"east":{"uv":[5.0,0.0,6.0,1.125],"texture":"#2","tintindex":0},"south":{"uv":[5.0,1.125,6.0,2.25],"texture":"#2","tintindex":0},"north":{"uv":[4.0,4.5,5.0,5.625],"texture":"#2","tintindex":0},"west":{"uv":[5.0,2.25,6.0,3.375],"texture":"#2","tintindex":0},"up":{"uv":[1.0,8.75,0.0,7.75],"texture":"#2","tintindex":0},"down":{"uv":[2.0,7.75,1.0,8.75],"texture":"#2","tintindex":0}}},{"from":[3.9,9.9625,1.9],"to":[12.1,17.1625,10.1],"faces":{"east":{"uv":[9.0,0.0,10.0,0.875],"texture":"#2","tintindex":0},"south":{"uv":[9.0,0.875,10.0,1.75],"texture":"#2","tintindex":0},"north":{"uv":[7.0,8.875,8.0,9.75],"texture":"#2","tintindex":0},"west":{"uv":[9.0,1.75,10.0,2.625],"texture":"#2","tintindex":0},"up":{"uv":[3.0,8.75,2.0,7.75],"texture":"#2","tintindex":0},"down":{"uv":[4.0,7.75,3.0,8.75],"texture":"#2","tintindex":0}}},{"from":[5.0,12.0,2.25],"to":[11.0,14.0,2.25],"faces":{"south":{"uv":[16.0,14.0,10.0,16.0],"texture":"#0","tintindex":0},"north":{"uv":[10.0,14.0,16.0,16.0],"texture":"#0","tintindex":0}}},{"from":[4.1,10.0,2.0],"to":[4.1,17.0,10.0],"faces":{"east":{"uv":[9.0,3.0,1.0,10.0],"texture":"#0","tintindex":0},"west":{"uv":[1.0,3.0,9.0,10.0],"texture":"#0","tintindex":0}}}],"textures":{"particle":"#0","0":"modelengine:65719a85-1ae9-4509-a038-e23036d3cbda","2":"modelengine:9c196255-2604-4483-846c-6bb2d4697c3e"}}