{"display":{"head":{},"firstperson_righthand":{},"thirdperson_lefthand":{},"firstperson_lefthand":{},"fixed":{},"ground":{},"thirdperson_righthand":{},"gui":{"rotation":[-150.0,-45.0,180.0]}},"elements":[{"from":[3.9,9.9625,1.9],"to":[12.1,17.1625,10.1],"faces":{"east":{"uv":[3.0,8.75,4.0,9.625],"texture":"#2","tintindex":0},"south":{"uv":[4.0,8.75,5.0,9.625],"texture":"#2","tintindex":0},"north":{"uv":[2.0,8.75,3.0,9.625],"texture":"#2","tintindex":0},"west":{"uv":[5.0,8.75,6.0,9.625],"texture":"#2","tintindex":0},"up":{"uv":[8.0,6.0,7.0,5.0],"texture":"#2","tintindex":0},"down":{"uv":[8.0,6.0,7.0,7.0],"texture":"#2","tintindex":0}}},{"from":[7.0,7.8086586,7.13806],"to":[9.0,10.808659,9.138061],"rotation":{"origin":[8.0,7.8086586,8.638061],"axis":"x","angle":-22.5},"faces":{"east":{"uv":[9.25,11.875,9.5,12.25],"texture":"#2","tintindex":0},"south":{"uv":[9.5,11.875,9.75,12.25],"texture":"#2","tintindex":0},"north":{"uv":[9.0,11.875,9.25,12.25],"texture":"#2","tintindex":0},"west":{"uv":[9.75,11.875,10.0,12.25],"texture":"#2","tintindex":0},"up":{"uv":[4.875,12.25,4.625,12.0],"texture":"#2","tintindex":0},"down":{"uv":[12.25,4.75,12.0,5.0],"texture":"#2","tintindex":0}}},{"from":[5.0,12.0,2.25],"to":[11.0,14.0,2.25],"faces":{"south":{"uv":[16.0,14.0,10.0,16.0],"texture":"#0","tintindex":0},"north":{"uv":[10.0,14.0,16.0,16.0],"texture":"#0","tintindex":0}}},{"from":[12.0,17.0,10.0],"to":[4.0,8.0,2.0],"faces":{"east":{"uv":[1.0,4.5,2.0,5.625],"texture":"#2","tintindex":0},"south":{"uv":[2.0,4.5,3.0,5.625],"texture":"#2","tintindex":0},"north":{"uv":[0.0,4.5,1.0,5.625],"texture":"#2","tintindex":0},"west":{"uv":[3.0,4.5,4.0,5.625],"texture":"#2","tintindex":0},"up":{"uv":[8.0,8.0,7.0,7.0],"texture":"#2","tintindex":0},"down":{"uv":[7.0,7.5,6.0,8.5],"texture":"#2","tintindex":0}}},{"from":[4.0,10.0,2.35],"to":[12.0,17.0,2.35],"faces":{"south":{"uv":[9.0,3.0,1.0,10.0],"texture":"#0","tintindex":0},"north":{"uv":[1.0,3.0,9.0,10.0],"texture":"#0","tintindex":0}}},{"from":[4.0,8.0,2.0],"to":[12.0,17.0,10.0],"faces":{"east":{"uv":[4.0,1.125,5.0,2.25],"texture":"#2","tintindex":0},"south":{"uv":[4.0,2.25,5.0,3.375],"texture":"#2","tintindex":0},"north":{"uv":[4.0,0.0,5.0,1.125],"texture":"#2","tintindex":0},"west":{"uv":[4.0,3.375,5.0,4.5],"texture":"#2","tintindex":0},"up":{"uv":[8.0,4.0,7.0,3.0],"texture":"#2","tintindex":0},"down":{"uv":[8.0,4.0,7.0,5.0],"texture":"#2","tintindex":0}}}],"textures":{"particle":"#2","0":"modelengine:65719a85-1ae9-4509-a038-e23036d3cbda","2":"modelengine:9c196255-2604-4483-846c-6bb2d4697c3e"}}