{"display":{"head":{},"firstperson_righthand":{},"thirdperson_lefthand":{},"firstperson_lefthand":{},"fixed":{},"ground":{},"thirdperson_righthand":{},"gui":{"rotation":[-150.0,-45.0,180.0]}},"elements":[{"from":[4.0,7.0,6.0],"to":[12.0,12.0,10.0],"faces":{"east":{"uv":[10.5,9.25,11.0,9.875],"texture":"#2","tintindex":0},"south":{"uv":[3.0,9.625,4.0,10.25],"texture":"#2","tintindex":0},"north":{"uv":[2.0,9.625,3.0,10.25],"texture":"#2","tintindex":0},"west":{"uv":[10.5,9.875,11.0,10.5],"texture":"#2","tintindex":0},"up":{"uv":[11.0,1.75,10.0,1.25],"texture":"#2","tintindex":0},"down":{"uv":[11.0,1.75,10.0,2.25],"texture":"#2","tintindex":0}}},{"from":[7.0,7.0,9.1],"to":[9.0,13.0,10.1],"faces":{"east":{"uv":[4.25,11.5,4.375,12.25],"texture":"#2","tintindex":0},"south":{"uv":[11.625,9.875,11.875,10.625],"texture":"#2","tintindex":0},"north":{"uv":[6.625,11.5,6.875,12.25],"texture":"#2","tintindex":0},"west":{"uv":[6.875,11.5,7.0,12.25],"texture":"#2","tintindex":0},"up":{"uv":[12.0,6.125,11.75,6.0],"texture":"#2","tintindex":0},"down":{"uv":[12.375,1.75,12.125,1.875],"texture":"#2","tintindex":0}}},{"from":[12.0,12.0,10.0],"to":[4.0,7.0,6.0],"faces":{"east":{"uv":[10.5,10.5,11.0,11.125],"texture":"#2","tintindex":0},"south":{"uv":[5.0,9.625,6.0,10.25],"texture":"#2","tintindex":0},"north":{"uv":[4.0,9.625,5.0,10.25],"texture":"#2","tintindex":0},"west":{"uv":[5.0,10.875,5.5,11.5],"texture":"#2","tintindex":0},"up":{"uv":[11.0,2.75,10.0,2.25],"texture":"#2","tintindex":0},"down":{"uv":[11.0,2.75,10.0,3.25],"texture":"#2","tintindex":0}}}],"textures":{"particle":"#2","2":"modelengine:9c196255-2604-4483-846c-6bb2d4697c3e"}}