{"display":{"head":{},"firstperson_righthand":{},"thirdperson_lefthand":{},"firstperson_lefthand":{},"fixed":{},"ground":{},"thirdperson_righthand":{},"gui":{"rotation":[-150.0,-45.0,180.0]}},"elements":[{"from":[6.005,5.505,3.6550002],"to":[9.995,8.495,8.6449995],"faces":{"east":{"uv":[8.25,11.0,8.875,11.375],"texture":"#2","tintindex":0},"south":{"uv":[6.125,11.5,6.625,11.875],"texture":"#2","tintindex":0},"north":{"uv":[5.625,11.5,6.125,11.875],"texture":"#2","tintindex":0},"west":{"uv":[11.0,9.0,11.625,9.375],"texture":"#2","tintindex":0},"up":{"uv":[5.5,10.875,5.0,10.25],"texture":"#2","tintindex":0},"down":{"uv":[6.0,10.25,5.5,10.875],"texture":"#2","tintindex":0}}},{"from":[9.995,8.495,8.6449995],"to":[6.005,5.505,3.6550002],"faces":{"east":{"uv":[3.125,11.125,3.75,11.5],"texture":"#2","tintindex":0},"south":{"uv":[11.625,9.5,12.125,9.875],"texture":"#2","tintindex":0},"north":{"uv":[11.625,9.125,12.125,9.5],"texture":"#2","tintindex":0},"west":{"uv":[3.75,11.125,4.375,11.5],"texture":"#2","tintindex":0},"up":{"uv":[1.5,11.125,1.0,10.5],"texture":"#2","tintindex":0},"down":{"uv":[2.0,10.5,1.5,11.125],"texture":"#2","tintindex":0}}}],"textures":{"particle":"#2","2":"modelengine:9c196255-2604-4483-846c-6bb2d4697c3e"}}