{"display":{"head":{},"firstperson_righthand":{},"thirdperson_lefthand":{},"firstperson_lefthand":{},"fixed":{},"ground":{},"thirdperson_righthand":{},"gui":{"rotation":[-150.0,-45.0,180.0]}},"elements":[{"from":[9.995,8.495,8.6449995],"to":[6.005,5.505,3.6550002],"faces":{"east":{"uv":[11.0,10.125,11.625,10.5],"texture":"#2","tintindex":0},"south":{"uv":[11.5,7.25,12.0,7.625],"texture":"#2","tintindex":0},"north":{"uv":[11.5,6.875,12.0,7.25],"texture":"#2","tintindex":0},"west":{"uv":[11.0,10.5,11.625,10.875],"texture":"#2","tintindex":0},"up":{"uv":[9.5,10.875,9.0,10.25],"texture":"#2","tintindex":0},"down":{"uv":[10.0,10.25,9.5,10.875],"texture":"#2","tintindex":0}}},{"from":[6.005,5.505,3.6550002],"to":[9.995,8.495,8.6449995],"faces":{"east":{"uv":[11.0,9.375,11.625,9.75],"texture":"#2","tintindex":0},"south":{"uv":[11.5,6.5,12.0,6.875],"texture":"#2","tintindex":0},"north":{"uv":[11.5,6.125,12.0,6.5],"texture":"#2","tintindex":0},"west":{"uv":[11.0,9.75,11.625,10.125],"texture":"#2","tintindex":0},"up":{"uv":[6.5,10.875,6.0,10.25],"texture":"#2","tintindex":0},"down":{"uv":[7.0,10.25,6.5,10.875],"texture":"#2","tintindex":0}}}],"textures":{"particle":"#2","2":"modelengine:9c196255-2604-4483-846c-6bb2d4697c3e"}}