{"display":{"head":{},"firstperson_righthand":{},"thirdperson_lefthand":{},"firstperson_lefthand":{},"fixed":{},"ground":{},"thirdperson_righthand":{},"gui":{"rotation":[-150.0,-45.0,180.0]}},"elements":[{"from":[6.996,0.996,6.996],"to":[9.004,8.004,9.004],"faces":{"east":{"uv":[11.25,6.125,11.5,7.0],"texture":"#2","tintindex":0},"south":{"uv":[11.25,7.0,11.5,7.875],"texture":"#2","tintindex":0},"north":{"uv":[11.25,5.25,11.5,6.125],"texture":"#2","tintindex":0},"west":{"uv":[11.25,7.875,11.5,8.75],"texture":"#2","tintindex":0},"up":{"uv":[7.75,12.25,7.5,12.0],"texture":"#2","tintindex":0},"down":{"uv":[12.25,7.5,12.0,7.75],"texture":"#2","tintindex":0}}}],"textures":{"particle":"#2","2":"modelengine:9c196255-2604-4483-846c-6bb2d4697c3e"}}