{"display":{"head":{},"firstperson_righthand":{},"thirdperson_lefthand":{},"firstperson_lefthand":{},"fixed":{},"ground":{},"thirdperson_righthand":{},"gui":{"rotation":[-150.0,-45.0,180.0]}},"elements":[{"from":[6.0,2.0,7.0],"to":[8.0,9.0,9.0],"faces":{"east":{"uv":[2.25,11.5,2.5,12.375],"texture":"#2","tintindex":0},"south":{"uv":[2.5,11.5,2.75,12.375],"texture":"#2","tintindex":0},"north":{"uv":[2.0,11.5,2.25,12.375],"texture":"#2","tintindex":0},"west":{"uv":[11.5,2.625,11.75,3.5],"texture":"#2","tintindex":0},"up":{"uv":[12.25,12.125,12.0,11.875],"texture":"#2","tintindex":0},"down":{"uv":[12.375,0.0,12.125,0.25],"texture":"#2","tintindex":0}}}],"textures":{"particle":"#2","2":"modelengine:9c196255-2604-4483-846c-6bb2d4697c3e"}}