{"display":{"head":{},"firstperson_righthand":{},"thirdperson_lefthand":{},"firstperson_lefthand":{},"fixed":{},"ground":{},"thirdperson_righthand":{},"gui":{"rotation":[-150.0,-45.0,180.0]}},"elements":[{"from":[7.0,1.0,7.0],"to":[9.0,9.0,9.0],"faces":{"east":{"uv":[7.75,11.0,8.0,12.0],"texture":"#2","tintindex":0},"south":{"uv":[8.0,11.0,8.25,12.0],"texture":"#2","tintindex":0},"north":{"uv":[7.5,11.0,7.75,12.0],"texture":"#2","tintindex":0},"west":{"uv":[11.0,8.0,11.25,9.0],"texture":"#2","tintindex":0},"up":{"uv":[12.25,11.375,12.0,11.125],"texture":"#2","tintindex":0},"down":{"uv":[12.25,11.375,12.0,11.625],"texture":"#2","tintindex":0}}}],"textures":{"particle":"#2","2":"modelengine:9c196255-2604-4483-846c-6bb2d4697c3e"}}