{"display":{"head":{},"firstperson_righthand":{},"thirdperson_lefthand":{},"firstperson_lefthand":{},"fixed":{},"ground":{},"thirdperson_righthand":{},"gui":{"rotation":[-150.0,-45.0,180.0]}},"elements":[{"from":[6.996,0.996,6.996],"to":[9.004,8.004,9.004],"faces":{"east":{"uv":[5.125,11.5,5.375,12.375],"texture":"#2","tintindex":0},"south":{"uv":[11.5,5.25,11.75,6.125],"texture":"#2","tintindex":0},"north":{"uv":[4.875,11.5,5.125,12.375],"texture":"#2","tintindex":0},"west":{"uv":[5.375,11.5,5.625,12.375],"texture":"#2","tintindex":0},"up":{"uv":[12.375,1.5,12.125,1.25],"texture":"#2","tintindex":0},"down":{"uv":[12.375,1.5,12.125,1.75],"texture":"#2","tintindex":0}}}],"textures":{"particle":"#2","2":"modelengine:9c196255-2604-4483-846c-6bb2d4697c3e"}}