{"credit":"Made by Nog's Menagerie","texture_size":[32,32],"textures":{"0":"nogs_menagerie:plushies/nm_plushie_lafufu_pink_texture","particle":"nogs_menagerie:plushies/nm_plushie_lafufu_pink_texture"},"elements":[{"name":"torso","from":[5.5,0,7.25],"to":[10.5,6,11.25],"rotation":{"angle":0,"axis":"y","origin":[8,2.0045,8.85355]},"faces":{"north":{"uv":[8,7.5,10.5,10.5],"texture":"#0"},"east":{"uv":[3.5,11.5,5.5,14.5],"texture":"#0"},"south":{"uv":[9,0.5,11.5,3.5],"texture":"#0"},"west":{"uv":[11,4.5,13,7.5],"texture":"#0"},"up":{"uv":[8.5,13,6,11],"texture":"#0"},"down":{"uv":[13.5,8,11,10],"texture":"#0"}}},{"name":"head","from":[4,4.6,5.35],"to":[12,11.6,11.35],"rotation":{"angle":-22.5,"axis":"x","origin":[8,6.75,8.25]},"faces":{"north":{"uv":[0,0,4,3.5],"texture":"#0"},"east":{"uv":[4.5,7,7.5,10.5],"texture":"#0"},"south":{"uv":[0,4,4,7.5],"texture":"#0"},"west":{"uv":[0,8,3,11.5],"texture":"#0"},"up":{"uv":[8.5,3,4.5,0],"texture":"#0"},"down":{"uv":[8.5,3.5,4.5,6.5],"texture":"#0"}}},{"name":"head","from":[7.5,6.73331,5.89522],"to":[8.5,7.73331,5.89522],"rotation":{"angle":-22.5,"axis":"x","origin":[8.25,5.38331,8.87022]},"faces":{"north":{"uv":[11.5,14.5,12,15],"texture":"#0"},"east":{"uv":[10.5,4,10.5,5],"texture":"#0"},"south":{"uv":[12,14.5,11.5,15],"texture":"#0"},"west":{"uv":[10.5,5.5,10.5,6.5],"texture":"#0"},"up":{"uv":[9.5,6.5,9,6.5],"texture":"#0"},"down":{"uv":[4,10.5,3.5,10.5],"texture":"#0"}}},{"name":"head","from":[4.85711,4.88709,5.69882],"to":[5.85711,5.88709,5.69882],"rotation":{"angle":45,"axis":"z","origin":[5.45711,5.48709,5.69882]},"faces":{"north":{"uv":[14.5,3.5,15,4],"texture":"#0"},"east":{"uv":[3,12,3,12.5],"texture":"#0"},"south":{"uv":[14.5,4.5,15,5],"texture":"#0"},"west":{"uv":[3,13,3,13.5],"texture":"#0"},"up":{"uv":[11.5,10.5,11,10.5],"texture":"#0"},"down":{"uv":[15,11,14.5,11],"texture":"#0"}}},{"name":"head","from":[10.14289,4.88709,5.69882],"to":[11.14289,5.88709,5.69882],"rotation":{"angle":-45,"axis":"z","origin":[10.54289,5.48709,5.69882]},"faces":{"north":{"uv":[15,3.5,14.5,4],"texture":"#0"},"east":{"uv":[3,13,3,13.5],"texture":"#0"},"south":{"uv":[15,4.5,14.5,5],"texture":"#0"},"west":{"uv":[3,12,3,12.5],"texture":"#0"},"up":{"uv":[11,10.5,11.5,10.5],"texture":"#0"},"down":{"uv":[14.5,11,15,11],"texture":"#0"}}},{"name":"head","from":[7.4,4.47515,5.86516],"to":[8.4,5.47515,5.86516],"rotation":{"angle":45,"axis":"z","origin":[8,5.07515,5.86516]},"faces":{"north":{"uv":[14.5,3.5,15,4],"texture":"#0"},"east":{"uv":[3,12,3,12.5],"texture":"#0"},"south":{"uv":[14.5,4.5,15,5],"texture":"#0"},"west":{"uv":[3,13,3,13.5],"texture":"#0"},"up":{"uv":[11.5,10.5,11,10.5],"texture":"#0"},"down":{"uv":[15,11,14.5,11],"texture":"#0"}}},{"name":"head","from":[5.9,4.47515,5.86516],"to":[6.9,5.47515,5.86516],"rotation":{"angle":45,"axis":"z","origin":[6.5,5.07515,5.86516]},"faces":{"north":{"uv":[14.5,3.5,15,4],"texture":"#0"},"east":{"uv":[3,12,3,12.5],"texture":"#0"},"south":{"uv":[14.5,4.5,15,5],"texture":"#0"},"west":{"uv":[3,13,3,13.5],"texture":"#0"},"up":{"uv":[11.5,10.5,11,10.5],"texture":"#0"},"down":{"uv":[15,11,14.5,11],"texture":"#0"}}},{"name":"head","from":[9.1,4.47515,5.86516],"to":[10.1,5.47515,5.86516],"rotation":{"angle":-45,"axis":"z","origin":[9.5,5.07515,5.86516]},"faces":{"north":{"uv":[15,3.5,14.5,4],"texture":"#0"},"east":{"uv":[3,13,3,13.5],"texture":"#0"},"south":{"uv":[15,4.5,14.5,5],"texture":"#0"},"west":{"uv":[3,12,3,12.5],"texture":"#0"},"up":{"uv":[11,10.5,11.5,10.5],"texture":"#0"},"down":{"uv":[14.5,11,15,11],"texture":"#0"}}},{"name":"head","from":[4.5,11.6,7.35],"to":[7.5,15.6,8.35],"rotation":{"angle":-22.5,"axis":"x","origin":[7,6.75,8.25]},"faces":{"north":{"uv":[10.5,4,9,6],"texture":"#0"},"east":{"uv":[14,4,13.5,6],"texture":"#0"},"south":{"uv":[10.5,11,9,13],"texture":"#0"},"west":{"uv":[4,8,3.5,10],"texture":"#0"},"up":{"uv":[13.5,14,15,13.5],"texture":"#0"},"down":{"uv":[14,8,15.5,8.5],"texture":"#0"}}},{"name":"head","from":[8.5,11.6,7.35],"to":[11.5,15.6,8.35],"rotation":{"angle":-22.5,"axis":"x","origin":[9,6.75,8.25]},"faces":{"north":{"uv":[9,4,10.5,6],"texture":"#0"},"east":{"uv":[3.5,8,4,10],"texture":"#0"},"south":{"uv":[9,11,10.5,13],"texture":"#0"},"west":{"uv":[13.5,4,14,6],"texture":"#0"},"up":{"uv":[15,14,13.5,13.5],"texture":"#0"},"down":{"uv":[15.5,8,14,8.5],"texture":"#0"}}},{"name":"right_arm","from":[9.83187,1.74074,8.25],"to":[11.83187,5.74074,10.25],"rotation":{"angle":45,"axis":"z","origin":[10.83187,3.74074,9.25]},"faces":{"north":{"uv":[10.5,11,11.5,13],"texture":"#0"},"east":{"uv":[0,12,1,14],"texture":"#0"},"south":{"uv":[12,0,13,2],"texture":"#0"},"west":{"uv":[1.5,12,2.5,14],"texture":"#0"},"up":{"uv":[7,14.5,6,13.5],"texture":"#0"},"down":{"uv":[14.5,6.5,13.5,7.5],"texture":"#0"}}},{"name":"left_arm","from":[4.16813,1.74074,8.25],"to":[6.16813,5.74074,10.25],"rotation":{"angle":-45,"axis":"z","origin":[5.16813,3.74074,9.25]},"faces":{"north":{"uv":[11.5,11,10.5,13],"texture":"#0"},"east":{"uv":[2.5,12,1.5,14],"texture":"#0"},"south":{"uv":[13,0,12,2],"texture":"#0"},"west":{"uv":[1,12,0,14],"texture":"#0"},"up":{"uv":[6,14.5,7,13.5],"texture":"#0"},"down":{"uv":[13.5,6.5,14.5,7.5],"texture":"#0"}}},{"name":"left_leg","from":[4.925,0.01,4.2],"to":[6.925,2.01,8.2],"rotation":{"angle":22.5,"axis":"y","origin":[8,0.01,6.25]},"faces":{"north":{"uv":[8.5,13.5,7.5,14.5],"texture":"#0"},"east":{"uv":[14,10.5,12,11.5],"texture":"#0"},"south":{"uv":[10,13.5,9,14.5],"texture":"#0"},"west":{"uv":[14,2.5,12,3.5],"texture":"#0"},"up":{"uv":[12,14,13,12],"texture":"#0"},"down":{"uv":[13.5,0,14.5,2],"texture":"#0"}}},{"name":"left_leg","from":[4.925,2.01,4.2],"to":[6.925,3.01,5.2],"rotation":{"angle":22.5,"axis":"y","origin":[8,0.01,6.25]},"faces":{"north":{"uv":[15,9,14,9.5],"texture":"#0"},"east":{"uv":[15,10,14.5,10.5],"texture":"#0"},"south":{"uv":[1,14.5,0,15],"texture":"#0"},"west":{"uv":[15,5.5,14.5,6],"texture":"#0"},"up":{"uv":[1.5,15,2.5,14.5],"texture":"#0"},"down":{"uv":[14.5,2.5,15.5,3],"texture":"#0"}}},{"name":"right_leg","from":[9.075,0.01,4.2],"to":[11.075,2.01,8.2],"rotation":{"angle":-22.5,"axis":"y","origin":[8,0.01,6.25]},"faces":{"north":{"uv":[7.5,13.5,8.5,14.5],"texture":"#0"},"east":{"uv":[12,2.5,14,3.5],"texture":"#0"},"south":{"uv":[9,13.5,10,14.5],"texture":"#0"},"west":{"uv":[12,10.5,14,11.5],"texture":"#0"},"up":{"uv":[13,14,12,12],"texture":"#0"},"down":{"uv":[14.5,0,13.5,2],"texture":"#0"}}},{"name":"right_leg","from":[9.075,2.01,4.2],"to":[11.075,3.01,5.2],"rotation":{"angle":-22.5,"axis":"y","origin":[8,0.01,6.25]},"faces":{"north":{"uv":[14,9,15,9.5],"texture":"#0"},"east":{"uv":[14.5,5.5,15,6],"texture":"#0"},"south":{"uv":[0,14.5,1,15],"texture":"#0"},"west":{"uv":[14.5,10,15,10.5],"texture":"#0"},"up":{"uv":[2.5,15,1.5,14.5],"texture":"#0"},"down":{"uv":[15.5,2.5,14.5,3],"texture":"#0"}}}],"gui_light":"front","display":{"thirdperson_righthand":{"rotation":[24,13,0],"translation":[0,1.25,-0.5],"scale":[0.6,0.6,0.6]},"thirdperson_lefthand":{"rotation":[24,13,0],"translation":[0,0.75,-0.5],"scale":[0.6,0.6,0.6]},"firstperson_righthand":{"rotation":[0,109,5],"translation":[2,5.25,0],"scale":[0.71,0.71,0.71]},"firstperson_lefthand":{"rotation":[0,109,5],"translation":[2,5.25,0],"scale":[0.71,0.71,0.71]},"ground":{"translation":[0,3.5,0],"scale":[0.65,0.65,0.65]},"gui":{"rotation":[25,151,0],"translation":[0.25,0.5,0],"scale":[0.73,0.73,0.73]},"head":{"translation":[0,14.4,0]},"fixed":{"rotation":[-90,0,0],"translation":[0,0,-13.5],"scale":[1.7,1.7,1.7]}},"groups":[{"name":"base","origin":[8,8,8],"color":0,"children":[0,{"name":"group","origin":[8,7.5,8.25],"color":0,"children":[1,{"name":"group","origin":[9,6.38331,8.87022],"color":0,"children":[2]},{"name":"group","origin":[8.43431,6.0397,5.81949],"color":0,"children":[{"name":"group","origin":[7.56569,6.0397,5.81949],"color":0,"children":[3,4,5,6,7]}]},{"name":"group","origin":[9,7.75,8.25],"color":0,"children":[8,9]}]},{"name":"group","origin":[8,0.01,6.25],"color":0,"children":[10,11]},{"name":"group","origin":[2.69325,1.97297,9.25],"color":0,"children":[12,13,14,15]}]}],"mcmodels":"7d77ba0908d2bdcfbd5268aab89d1c7f"}