{"textures":{"0":"modelengine:entity/godsword","particle":"#0"},"elements":[{"from":[7.0,0.0,5.0],"to":[8.0,1.0,6.0],"faces":{"east":{"uv":[6.0,5.0,7.0,6.0],"tintindex":0,"rotation":0,"texture":"#0"},"south":{"uv":[6.0,6.0,7.0,7.0],"tintindex":0,"rotation":0,"texture":"#0"},"north":{"uv":[5.0,6.0,6.0,7.0],"tintindex":0,"rotation":0,"texture":"#0"},"west":{"uv":[0.0,7.0,1.0,8.0],"tintindex":0,"rotation":0,"texture":"#0"},"up":{"uv":[8.0,1.0,7.0,0.0],"tintindex":0,"rotation":0,"texture":"#0"},"down":{"uv":[2.0,7.0,1.0,8.0],"tintindex":0,"rotation":0,"texture":"#0"}}},{"from":[6.0,0.0,13.0],"to":[6.0,1.0,13.5],"faces":{"east":{"uv":[11.0,4.0,12.0,5.0],"tintindex":0,"rotation":0,"texture":"#0"},"west":{"uv":[5.0,11.0,6.0,12.0],"tintindex":0,"rotation":0,"texture":"#0"}}},{"from":[8.0,0.0,13.0],"to":[9.0,1.0,13.5],"faces":{"east":{"uv":[2.0,11.0,3.0,12.0],"tintindex":0,"rotation":0,"texture":"#0"},"south":{"uv":[11.0,2.0,12.0,3.0],"tintindex":0,"rotation":0,"texture":"#0"},"north":{"uv":[11.0,1.0,12.0,2.0],"tintindex":0,"rotation":0,"texture":"#0"},"west":{"uv":[3.0,11.0,4.0,12.0],"tintindex":0,"rotation":0,"texture":"#0"},"up":{"uv":[12.0,4.0,11.0,3.0],"tintindex":0,"rotation":0,"texture":"#0"},"down":{"uv":[5.0,11.0,4.0,12.0],"tintindex":0,"rotation":0,"texture":"#0"}}},{"from":[9.09902,0.099999905,6.41646],"to":[9.69902,0.9000001,7.41646],"faces":{"east":{"uv":[8.0,3.0,9.0,4.0],"tintindex":0,"rotation":0,"texture":"#0"},"south":{"uv":[4.0,8.0,5.0,9.0],"tintindex":0,"rotation":0,"texture":"#0"},"north":{"uv":[3.0,8.0,4.0,9.0],"tintindex":0,"rotation":0,"texture":"#0"},"west":{"uv":[8.0,4.0,9.0,5.0],"tintindex":0,"rotation":0,"texture":"#0"},"up":{"uv":[6.0,9.0,5.0,8.0],"tintindex":0,"rotation":0,"texture":"#0"},"down":{"uv":[9.0,5.0,8.0,6.0],"tintindex":0,"rotation":0,"texture":"#0"}},"rotation":{"origin":[7.5,0.5,7.875],"angle":-22.5,"axis":"y"}},{"from":[7.0,0.0,7.0],"to":[8.0,1.0,8.0],"faces":{"east":{"uv":[5.0,7.0,6.0,8.0],"tintindex":0,"rotation":0,"texture":"#0"},"south":{"uv":[7.0,5.0,8.0,6.0],"tintindex":0,"rotation":0,"texture":"#0"},"north":{"uv":[7.0,4.0,8.0,5.0],"tintindex":0,"rotation":0,"texture":"#0"},"west":{"uv":[6.0,7.0,7.0,8.0],"tintindex":0,"rotation":0,"texture":"#0"},"up":{"uv":[8.0,7.0,7.0,6.0],"tintindex":0,"rotation":0,"texture":"#0"},"down":{"uv":[8.0,7.0,7.0,8.0],"tintindex":0,"rotation":0,"texture":"#0"}}},{"from":[7.2,0.19999981,2.0],"to":[7.8,0.8000002,3.0],"faces":{"east":{"uv":[2.0,5.0,3.0,6.0],"tintindex":0,"rotation":0,"texture":"#0"},"south":{"uv":[5.0,2.0,6.0,3.0],"tintindex":0,"rotation":0,"texture":"#0"},"north":{"uv":[5.0,1.0,6.0,2.0],"tintindex":0,"rotation":0,"texture":"#0"},"west":{"uv":[3.0,5.0,4.0,6.0],"tintindex":0,"rotation":0,"texture":"#0"},"up":{"uv":[6.0,4.0,5.0,3.0],"tintindex":0,"rotation":0,"texture":"#0"},"down":{"uv":[5.0,5.0,4.0,6.0],"tintindex":0,"rotation":0,"texture":"#0"}}},{"from":[7.0,0.0,14.0],"to":[8.0,1.0,15.0],"faces":{"east":{"uv":[10.0,6.0,11.0,7.0],"tintindex":0,"rotation":0,"texture":"#0"},"south":{"uv":[7.0,10.0,8.0,11.0],"tintindex":0,"rotation":0,"texture":"#0"},"north":{"uv":[6.0,10.0,7.0,11.0],"tintindex":0,"rotation":0,"texture":"#0"},"west":{"uv":[10.0,7.0,11.0,8.0],"tintindex":0,"rotation":0,"texture":"#0"},"up":{"uv":[9.0,11.0,8.0,10.0],"tintindex":0,"rotation":0,"texture":"#0"},"down":{"uv":[11.0,8.0,10.0,9.0],"tintindex":0,"rotation":0,"texture":"#0"}}},{"from":[7.1,0.099999905,3.0],"to":[7.9,0.9000001,4.0],"faces":{"east":{"uv":[5.0,5.0,6.0,6.0],"tintindex":0,"rotation":0,"texture":"#0"},"south":{"uv":[0.0,6.0,1.0,7.0],"tintindex":0,"rotation":0,"texture":"#0"},"north":{"uv":[5.0,4.0,6.0,5.0],"tintindex":0,"rotation":0,"texture":"#0"},"west":{"uv":[6.0,0.0,7.0,1.0],"tintindex":0,"rotation":0,"texture":"#0"},"up":{"uv":[2.0,7.0,1.0,6.0],"tintindex":0,"rotation":0,"texture":"#0"},"down":{"uv":[7.0,1.0,6.0,2.0],"tintindex":0,"rotation":0,"texture":"#0"}}},{"from":[7.0,0.0,4.0],"to":[8.0,1.0,5.0],"faces":{"east":{"uv":[6.0,2.0,7.0,3.0],"tintindex":0,"rotation":0,"texture":"#0"},"south":{"uv":[3.0,6.0,4.0,7.0],"tintindex":0,"rotation":0,"texture":"#0"},"north":{"uv":[2.0,6.0,3.0,7.0],"tintindex":0,"rotation":0,"texture":"#0"},"west":{"uv":[6.0,3.0,7.0,4.0],"tintindex":0,"rotation":0,"texture":"#0"},"up":{"uv":[5.0,7.0,4.0,6.0],"tintindex":0,"rotation":0,"texture":"#0"},"down":{"uv":[7.0,4.0,6.0,5.0],"tintindex":0,"rotation":0,"texture":"#0"}}},{"from":[8.0,0.0,8.4],"to":[9.0,1.0,9.0],"faces":{"east":{"uv":[8.0,0.0,9.0,1.0],"tintindex":0,"rotation":0,"texture":"#0"},"south":{"uv":[1.0,8.0,2.0,9.0],"tintindex":0,"rotation":0,"texture":"#0"},"north":{"uv":[0.0,8.0,1.0,9.0],"tintindex":0,"rotation":0,"texture":"#0"},"west":{"uv":[8.0,1.0,9.0,2.0],"tintindex":0,"rotation":0,"texture":"#0"},"up":{"uv":[3.0,9.0,2.0,8.0],"tintindex":0,"rotation":0,"texture":"#0"},"down":{"uv":[9.0,2.0,8.0,3.0],"tintindex":0,"rotation":0,"texture":"#0"}}},{"from":[7.76517,0.19999981,9.13116],"to":[8.76517,0.8000002,9.73116],"faces":{"east":{"uv":[1.0,9.0,2.0,10.0],"tintindex":0,"rotation":0,"texture":"#0"},"south":{"uv":[9.0,1.0,10.0,2.0],"tintindex":0,"rotation":0,"texture":"#0"},"north":{"uv":[9.0,0.0,10.0,1.0],"tintindex":0,"rotation":0,"texture":"#0"},"west":{"uv":[2.0,9.0,3.0,10.0],"tintindex":0,"rotation":0,"texture":"#0"},"up":{"uv":[10.0,3.0,9.0,2.0],"tintindex":0,"rotation":0,"texture":"#0"},"down":{"uv":[4.0,9.0,3.0,10.0],"tintindex":0,"rotation":0,"texture":"#0"}},"rotation":{"origin":[7.5,0.5,7.875],"angle":45.0,"axis":"y"}},{"from":[6.0,0.0,8.4],"to":[7.0,1.0,9.0],"faces":{"east":{"uv":[7.0,9.0,8.0,10.0],"tintindex":0,"rotation":0,"texture":"#0"},"south":{"uv":[9.0,7.0,10.0,8.0],"tintindex":0,"rotation":0,"texture":"#0"},"north":{"uv":[9.0,6.0,10.0,7.0],"tintindex":0,"rotation":0,"texture":"#0"},"west":{"uv":[8.0,9.0,9.0,10.0],"tintindex":0,"rotation":0,"texture":"#0"},"up":{"uv":[10.0,9.0,9.0,8.0],"tintindex":0,"rotation":0,"texture":"#0"},"down":{"uv":[10.0,9.0,9.0,10.0],"tintindex":0,"rotation":0,"texture":"#0"}}},{"from":[7.0,0.0,8.0],"to":[8.0,1.0,9.0],"faces":{"east":{"uv":[10.0,0.0,11.0,1.0],"tintindex":0,"rotation":0,"texture":"#0"},"south":{"uv":[1.0,10.0,2.0,11.0],"tintindex":0,"rotation":0,"texture":"#0"},"north":{"uv":[0.0,10.0,1.0,11.0],"tintindex":0,"rotation":0,"texture":"#0"},"west":{"uv":[10.0,1.0,11.0,2.0],"tintindex":0,"rotation":0,"texture":"#0"},"up":{"uv":[3.0,11.0,2.0,10.0],"tintindex":0,"rotation":0,"texture":"#0"},"down":{"uv":[11.0,2.0,10.0,3.0],"tintindex":0,"rotation":0,"texture":"#0"}}},{"from":[7.0,0.0,6.0],"to":[8.0,1.0,7.0],"faces":{"east":{"uv":[2.0,7.0,3.0,8.0],"tintindex":0,"rotation":0,"texture":"#0"},"south":{"uv":[7.0,2.0,8.0,3.0],"tintindex":0,"rotation":0,"texture":"#0"},"north":{"uv":[7.0,1.0,8.0,2.0],"tintindex":0,"rotation":0,"texture":"#0"},"west":{"uv":[3.0,7.0,4.0,8.0],"tintindex":0,"rotation":0,"texture":"#0"},"up":{"uv":[8.0,4.0,7.0,3.0],"tintindex":0,"rotation":0,"texture":"#0"},"down":{"uv":[5.0,7.0,4.0,8.0],"tintindex":0,"rotation":0,"texture":"#0"}}},{"from":[7.2,0.0,15.0],"to":[7.8,1.0,15.5],"faces":{"east":{"uv":[10.0,9.0,11.0,10.0],"tintindex":0,"rotation":0,"texture":"#0"},"south":{"uv":[10.0,10.0,11.0,11.0],"tintindex":0,"rotation":0,"texture":"#0"},"north":{"uv":[9.0,10.0,10.0,11.0],"tintindex":0,"rotation":0,"texture":"#0"},"west":{"uv":[0.0,11.0,1.0,12.0],"tintindex":0,"rotation":0,"texture":"#0"},"up":{"uv":[12.0,1.0,11.0,0.0],"tintindex":0,"rotation":0,"texture":"#0"},"down":{"uv":[2.0,11.0,1.0,12.0],"tintindex":0,"rotation":0,"texture":"#0"}}},{"from":[7.3,0.3000002,1.0],"to":[7.7,0.6999998,2.0],"faces":{"east":{"uv":[4.0,2.0,5.0,3.0],"tintindex":0,"rotation":0,"texture":"#0"},"south":{"uv":[3.0,4.0,4.0,5.0],"tintindex":0,"rotation":0,"texture":"#0"},"north":{"uv":[2.0,4.0,3.0,5.0],"tintindex":0,"rotation":0,"texture":"#0"},"west":{"uv":[4.0,3.0,5.0,4.0],"tintindex":0,"rotation":0,"texture":"#0"},"up":{"uv":[5.0,5.0,4.0,4.0],"tintindex":0,"rotation":0,"texture":"#0"},"down":{"uv":[6.0,0.0,5.0,1.0],"tintindex":0,"rotation":0,"texture":"#0"}}},{"from":[7.0,0.0,13.0],"to":[8.0,1.0,14.0],"faces":{"east":{"uv":[10.0,3.0,11.0,4.0],"tintindex":0,"rotation":0,"texture":"#0"},"south":{"uv":[4.0,10.0,5.0,11.0],"tintindex":0,"rotation":0,"texture":"#0"},"north":{"uv":[3.0,10.0,4.0,11.0],"tintindex":0,"rotation":0,"texture":"#0"},"west":{"uv":[10.0,4.0,11.0,5.0],"tintindex":0,"rotation":0,"texture":"#0"},"up":{"uv":[6.0,11.0,5.0,10.0],"tintindex":0,"rotation":0,"texture":"#0"},"down":{"uv":[11.0,5.0,10.0,6.0],"tintindex":0,"rotation":0,"texture":"#0"}}},{"from":[6.23483,0.19999981,9.13116],"to":[7.23483,0.8000002,9.73116],"faces":{"east":{"uv":[4.0,9.0,5.0,10.0],"tintindex":0,"rotation":0,"texture":"#0"},"south":{"uv":[9.0,4.0,10.0,5.0],"tintindex":0,"rotation":0,"texture":"#0"},"north":{"uv":[9.0,3.0,10.0,4.0],"tintindex":0,"rotation":0,"texture":"#0"},"west":{"uv":[5.0,9.0,6.0,10.0],"tintindex":0,"rotation":0,"texture":"#0"},"up":{"uv":[10.0,6.0,9.0,5.0],"tintindex":0,"rotation":0,"texture":"#0"},"down":{"uv":[7.0,9.0,6.0,10.0],"tintindex":0,"rotation":0,"texture":"#0"}},"rotation":{"origin":[7.5,0.5,7.875],"angle":-45.0,"axis":"y"}},{"from":[6.0,0.0,13.0],"to":[7.0,1.0,13.5],"faces":{"east":{"uv":[6.0,11.0,7.0,12.0],"tintindex":0,"rotation":0,"texture":"#0"},"south":{"uv":[11.0,6.0,12.0,7.0],"tintindex":0,"rotation":0,"texture":"#0"},"north":{"uv":[11.0,5.0,12.0,6.0],"tintindex":0,"rotation":0,"texture":"#0"},"west":{"uv":[7.0,11.0,8.0,12.0],"tintindex":0,"rotation":0,"texture":"#0"},"up":{"uv":[12.0,8.0,11.0,7.0],"tintindex":0,"rotation":0,"texture":"#0"},"down":{"uv":[9.0,11.0,8.0,12.0],"tintindex":0,"rotation":0,"texture":"#0"}}},{"from":[5.30098,0.099999905,6.41646],"to":[5.90098,0.9000001,7.41646],"faces":{"east":{"uv":[8.0,6.0,9.0,7.0],"tintindex":0,"rotation":0,"texture":"#0"},"south":{"uv":[7.0,8.0,8.0,9.0],"tintindex":0,"rotation":0,"texture":"#0"},"north":{"uv":[6.0,8.0,7.0,9.0],"tintindex":0,"rotation":0,"texture":"#0"},"west":{"uv":[8.0,7.0,9.0,8.0],"tintindex":0,"rotation":0,"texture":"#0"},"up":{"uv":[9.0,9.0,8.0,8.0],"tintindex":0,"rotation":0,"texture":"#0"},"down":{"uv":[1.0,9.0,0.0,10.0],"tintindex":0,"rotation":0,"texture":"#0"}},"rotation":{"origin":[7.5,0.5,7.875],"angle":22.5,"axis":"y"}},{"from":[7.4,0.4000001,0.0],"to":[7.6,0.5999999,1.0],"faces":{"east":{"uv":[2.0,3.0,3.0,4.0],"tintindex":0,"rotation":0,"texture":"#0"},"south":{"uv":[3.0,2.0,4.0,3.0],"tintindex":0,"rotation":0,"texture":"#0"},"north":{"uv":[2.0,2.0,3.0,3.0],"tintindex":0,"rotation":0,"texture":"#0"},"west":{"uv":[3.0,3.0,4.0,4.0],"tintindex":0,"rotation":0,"texture":"#0"},"up":{"uv":[5.0,1.0,4.0,0.0],"tintindex":0,"rotation":0,"texture":"#0"},"down":{"uv":[5.0,1.0,4.0,2.0],"tintindex":0,"rotation":0,"texture":"#0"}}},{"from":[7.0,0.0,9.0],"to":[8.0,1.0,13.0],"faces":{"east":{"uv":[0.0,0.0,4.0,1.0],"tintindex":0,"rotation":0,"texture":"#0"},"south":{"uv":[9.0,11.0,10.0,12.0],"tintindex":0,"rotation":0,"texture":"#0"},"north":{"uv":[11.0,8.0,12.0,9.0],"tintindex":0,"rotation":0,"texture":"#0"},"west":{"uv":[0.0,1.0,4.0,2.0],"tintindex":0,"rotation":0,"texture":"#0"},"up":{"uv":[1.0,6.0,0.0,2.0],"tintindex":0,"rotation":0,"texture":"#0"},"down":{"uv":[2.0,2.0,1.0,6.0],"tintindex":0,"rotation":0,"texture":"#0"}}}],"display":{"head":{"rotation":[0.0,0.0,0.0]},"firstperson_righthand":{"rotation":[0.0,0.0,0.0]},"thirdperson_lefthand":{"rotation":[0.0,-0.0,-0.0]},"firstperson_lefthand":{"rotation":[0.0,-0.0,-0.0]},"fixed":{"rotation":[0.0,0.0,0.0]},"ground":{"rotation":[0.0,0.0,0.0]},"thirdperson_righthand":{"rotation":[0.0,0.0,0.0]},"gui":{"rotation":[-150.0,-45.0,180.0]}}}