{"textures":{"0":"modelengine:entity/ducking","particle":"#0"},"elements":[{"from":[8.0,8.0,8.25],"to":[8.75,8.75,28.25],"faces":{"east":{"uv":[7.625,0.625,12.625,0.8125],"tintindex":0,"rotation":0,"texture":"#0"},"south":{"uv":[3.375,9.625,3.5625,9.8125],"tintindex":0,"rotation":0,"texture":"#0"},"north":{"uv":[3.1875,9.625,3.375,9.8125],"tintindex":0,"rotation":0,"texture":"#0"},"west":{"uv":[7.625,0.8125,12.625,1.0],"tintindex":0,"rotation":0,"texture":"#0"},"up":{"uv":[4.0625,12.5625,3.875,7.5625],"tintindex":0,"rotation":0,"texture":"#0"},"down":{"uv":[4.25,7.5625,4.0625,12.5625],"tintindex":0,"rotation":0,"texture":"#0"}}},{"from":[7.1000004,7.1,30.5],"to":[9.675,9.65,31.425],"faces":{"east":{"uv":[8.875,8.9375,9.09375,9.5625],"tintindex":0,"rotation":0,"texture":"#0"},"south":{"uv":[0.6875,7.6875,1.34375,8.3125],"tintindex":0,"rotation":0,"texture":"#0"},"north":{"uv":[0.0,7.6875,0.65625,8.3125],"tintindex":0,"rotation":0,"texture":"#0"},"west":{"uv":[0.0,9.0625,0.21875,9.6875],"tintindex":0,"rotation":0,"texture":"#0"},"up":{"uv":[9.09375,4.71875,8.4375,4.5],"tintindex":0,"rotation":0,"texture":"#0"},"down":{"uv":[9.21875,1.375,8.5625,1.59375],"tintindex":0,"rotation":0,"texture":"#0"}}},{"from":[7.25,9.0,27.75],"to":[7.75,9.5,28.25],"faces":{"east":{"uv":[4.5,9.6875,4.625,9.8125],"tintindex":0,"rotation":0,"texture":"#0"},"south":{"uv":[4.625,9.6875,4.75,9.8125],"tintindex":0,"rotation":0,"texture":"#0"},"north":{"uv":[4.375,9.6875,4.5,9.8125],"tintindex":0,"rotation":0,"texture":"#0"},"west":{"uv":[9.6875,4.6875,9.8125,4.8125],"tintindex":0,"rotation":0,"texture":"#0"},"up":{"uv":[4.875,9.8125,4.75,9.6875],"tintindex":0,"rotation":0,"texture":"#0"},"down":{"uv":[9.8125,4.8125,9.6875,4.9375],"tintindex":0,"rotation":0,"texture":"#0"}}},{"from":[8.0,8.0,7.25],"to":[8.75,8.75,7.75],"faces":{"east":{"uv":[9.6875,1.5625,9.8125,1.75],"tintindex":0,"rotation":0,"texture":"#0"},"south":{"uv":[6.6875,9.625,6.875,9.8125],"tintindex":0,"rotation":0,"texture":"#0"},"north":{"uv":[9.625,6.125,9.8125,6.3125],"tintindex":0,"rotation":0,"texture":"#0"},"west":{"uv":[9.6875,1.75,9.8125,1.9375],"tintindex":0,"rotation":0,"texture":"#0"},"up":{"uv":[7.0,3.0,6.8125,2.875],"tintindex":0,"rotation":0,"texture":"#0"},"down":{"uv":[9.875,1.9375,9.6875,2.0625],"tintindex":0,"rotation":0,"texture":"#0"}}},{"from":[6.8500004,6.85,28.75],"to":[9.925,9.9,30.5],"faces":{"east":{"uv":[8.125,1.375,8.5625,2.125],"tintindex":0,"rotation":0,"texture":"#0"},"south":{"uv":[7.625,4.125,8.40625,4.875],"tintindex":0,"rotation":0,"texture":"#0"},"north":{"uv":[4.625,3.0,5.40625,3.75],"tintindex":0,"rotation":0,"texture":"#0"},"west":{"uv":[1.875,8.1875,2.3125,8.9375],"tintindex":0,"rotation":0,"texture":"#0"},"up":{"uv":[6.96875,2.875,6.1875,2.4375],"tintindex":0,"rotation":0,"texture":"#0"},"down":{"uv":[2.71875,7.0625,1.9375,7.5],"tintindex":0,"rotation":0,"texture":"#0"}}},{"from":[9.0,7.25,27.75],"to":[9.5,7.75,28.25],"faces":{"east":{"uv":[9.6875,3.875,9.8125,4.0],"tintindex":0,"rotation":0,"texture":"#0"},"south":{"uv":[9.6875,4.0,9.8125,4.125],"tintindex":0,"rotation":0,"texture":"#0"},"north":{"uv":[9.6875,3.75,9.8125,3.875],"tintindex":0,"rotation":0,"texture":"#0"},"west":{"uv":[9.6875,4.125,9.8125,4.25],"tintindex":0,"rotation":0,"texture":"#0"},"up":{"uv":[4.375,9.8125,4.25,9.6875],"tintindex":0,"rotation":0,"texture":"#0"},"down":{"uv":[9.8125,4.25,9.6875,4.375],"tintindex":0,"rotation":0,"texture":"#0"}}},{"from":[7.25,7.25,27.75],"to":[7.75,7.75,28.25],"faces":{"east":{"uv":[9.6875,5.0625,9.8125,5.1875],"tintindex":0,"rotation":0,"texture":"#0"},"south":{"uv":[9.6875,5.1875,9.8125,5.3125],"tintindex":0,"rotation":0,"texture":"#0"},"north":{"uv":[9.6875,4.9375,9.8125,5.0625],"tintindex":0,"rotation":0,"texture":"#0"},"west":{"uv":[9.6875,5.3125,9.8125,5.4375],"tintindex":0,"rotation":0,"texture":"#0"},"up":{"uv":[9.8125,5.5625,9.6875,5.4375],"tintindex":0,"rotation":0,"texture":"#0"},"down":{"uv":[9.8125,9.3125,9.6875,9.4375],"tintindex":0,"rotation":0,"texture":"#0"}}},{"from":[7.75,7.75,27.75],"to":[9.0,9.0,28.0],"faces":{"east":{"uv":[6.0,3.0,6.0625,3.3125],"tintindex":0,"rotation":0,"texture":"#0"},"south":{"uv":[2.125,9.375,2.4375,9.6875],"tintindex":0,"rotation":0,"texture":"#0"},"north":{"uv":[9.125,9.3125,9.4375,9.625],"tintindex":0,"rotation":0,"texture":"#0"},"west":{"uv":[6.0,3.3125,6.0625,3.625],"tintindex":0,"rotation":0,"texture":"#0"},"up":{"uv":[4.9375,3.9375,4.625,3.875],"tintindex":0,"rotation":0,"texture":"#0"},"down":{"uv":[5.25,3.875,4.9375,3.9375],"tintindex":0,"rotation":0,"texture":"#0"}}},{"from":[9.0,9.0,27.75],"to":[9.5,9.5,28.25],"faces":{"east":{"uv":[9.6875,2.5625,9.8125,2.6875],"tintindex":0,"rotation":0,"texture":"#0"},"south":{"uv":[2.625,9.6875,2.75,9.8125],"tintindex":0,"rotation":0,"texture":"#0"},"north":{"uv":[2.5,9.6875,2.625,9.8125],"tintindex":0,"rotation":0,"texture":"#0"},"west":{"uv":[2.75,9.6875,2.875,9.8125],"tintindex":0,"rotation":0,"texture":"#0"},"up":{"uv":[3.0,9.8125,2.875,9.6875],"tintindex":0,"rotation":0,"texture":"#0"},"down":{"uv":[9.8125,3.625,9.6875,3.75],"tintindex":0,"rotation":0,"texture":"#0"}}},{"from":[7.75,7.75,28.25],"to":[9.0,9.0,28.75],"faces":{"east":{"uv":[9.5625,5.0,9.6875,5.3125],"tintindex":0,"rotation":0,"texture":"#0"},"south":{"uv":[8.25,9.25,8.5625,9.5625],"tintindex":0,"rotation":0,"texture":"#0"},"north":{"uv":[7.9375,9.25,8.25,9.5625],"tintindex":0,"rotation":0,"texture":"#0"},"west":{"uv":[9.5625,5.3125,9.6875,5.625],"tintindex":0,"rotation":0,"texture":"#0"},"up":{"uv":[9.875,6.0,9.5625,5.875],"tintindex":0,"rotation":0,"texture":"#0"},"down":{"uv":[9.875,6.0,9.5625,6.125],"tintindex":0,"rotation":0,"texture":"#0"}}},{"from":[7.75,7.75,7.75],"to":[9.0,9.0,8.25],"faces":{"east":{"uv":[6.0625,1.1875,6.1875,1.5],"tintindex":0,"rotation":0,"texture":"#0"},"south":{"uv":[9.25,4.875,9.5625,5.1875],"tintindex":0,"rotation":0,"texture":"#0"},"north":{"uv":[9.25,4.0625,9.5625,4.375],"tintindex":0,"rotation":0,"texture":"#0"},"west":{"uv":[9.5625,4.6875,9.6875,5.0],"tintindex":0,"rotation":0,"texture":"#0"},"up":{"uv":[9.875,3.0,9.5625,2.875],"tintindex":0,"rotation":0,"texture":"#0"},"down":{"uv":[9.875,4.375,9.5625,4.5],"tintindex":0,"rotation":0,"texture":"#0"}}}],"display":{"head":{"rotation":[0.0,0.0,0.0]},"firstperson_righthand":{"rotation":[0.0,0.0,0.0]},"thirdperson_lefthand":{"rotation":[0.0,-0.0,-0.0]},"firstperson_lefthand":{"rotation":[0.0,-0.0,-0.0]},"fixed":{"rotation":[0.0,0.0,0.0]},"ground":{"rotation":[0.0,0.0,0.0]},"thirdperson_righthand":{"rotation":[0.0,0.0,0.0]},"gui":{"rotation":[-150.0,-45.0,180.0]}}}