{"textures":{"0":"modelengine:entity/ducking","particle":"#0"},"elements":[{"from":[-16.0,7.0,6.0],"to":[16.0,10.0,16.0],"faces":{"east":{"uv":[9.1875,8.0,9.8125,8.1875],"tintindex":0,"rotation":0,"texture":"#0"},"south":{"uv":[8.125,1.1875,10.0625,1.375],"tintindex":0,"rotation":0,"texture":"#0"},"north":{"uv":[7.25,8.0,9.1875,8.1875],"tintindex":0,"rotation":0,"texture":"#0"},"west":{"uv":[1.125,9.25,1.75,9.4375],"tintindex":0,"rotation":0,"texture":"#0"},"up":{"uv":[9.5625,0.625,7.625,0.0],"tintindex":0,"rotation":0,"texture":"#0"},"down":{"uv":[9.5625,2.4375,7.625,3.0625],"tintindex":0,"rotation":0,"texture":"#0"}}}],"display":{"head":{"rotation":[0.0,0.0,0.0]},"firstperson_righthand":{"rotation":[0.0,0.0,0.0]},"thirdperson_lefthand":{"rotation":[0.0,-0.0,-0.0]},"firstperson_lefthand":{"rotation":[0.0,-0.0,-0.0]},"fixed":{"rotation":[0.0,0.0,0.0]},"ground":{"rotation":[0.0,0.0,0.0]},"thirdperson_righthand":{"rotation":[0.0,0.0,0.0]},"gui":{"rotation":[-150.0,-45.0,180.0]}}}