{"textures":{"0":"modelengine:entity/ducking","particle":"#0"},"elements":[{"from":[-16.0,7.0,6.0],"to":[16.0,10.0,16.0],"faces":{"east":{"uv":[9.125,4.5,9.75,4.6875],"tintindex":0,"rotation":0,"texture":"#0"},"south":{"uv":[8.0,6.5625,9.9375,6.75],"tintindex":0,"rotation":0,"texture":"#0"},"north":{"uv":[5.3125,8.0,7.25,8.1875],"tintindex":0,"rotation":0,"texture":"#0"},"west":{"uv":[9.125,8.9375,9.75,9.125],"tintindex":0,"rotation":0,"texture":"#0"},"up":{"uv":[1.9375,7.6875,0.0,7.0625],"tintindex":0,"rotation":0,"texture":"#0"},"down":{"uv":[6.875,7.1875,4.9375,7.8125],"tintindex":0,"rotation":0,"texture":"#0"}}}],"display":{"head":{"rotation":[0.0,0.0,0.0]},"firstperson_righthand":{"rotation":[0.0,0.0,0.0]},"thirdperson_lefthand":{"rotation":[0.0,-0.0,-0.0]},"firstperson_lefthand":{"rotation":[0.0,-0.0,-0.0]},"fixed":{"rotation":[0.0,0.0,0.0]},"ground":{"rotation":[0.0,0.0,0.0]},"thirdperson_righthand":{"rotation":[0.0,0.0,0.0]},"gui":{"rotation":[-150.0,-45.0,180.0]}}}