{"textures":{"0":"modelengine:entity/ducking","particle":"#0"},"elements":[{"from":[0.0,6.0,14.0],"to":[2.0,10.0,16.0],"faces":{"east":{"uv":[7.25,9.625,7.375,9.875],"tintindex":0,"rotation":0,"texture":"#0"},"south":{"uv":[7.375,9.625,7.5,9.875],"tintindex":0,"rotation":0,"texture":"#0"},"north":{"uv":[7.125,9.625,7.25,9.875],"tintindex":0,"rotation":0,"texture":"#0"},"west":{"uv":[7.5,9.625,7.625,9.875],"tintindex":0,"rotation":0,"texture":"#0"},"up":{"uv":[2.25,9.8125,2.125,9.6875],"tintindex":0,"rotation":0,"texture":"#0"},"down":{"uv":[9.8125,2.1875,9.6875,2.3125],"tintindex":0,"rotation":0,"texture":"#0"}}},{"from":[0.0,6.0,1.0],"to":[2.0,12.0,5.0],"faces":{"east":{"uv":[0.875,9.4375,1.125,9.8125],"tintindex":0,"rotation":0,"texture":"#0"},"south":{"uv":[9.5625,4.0,9.6875,4.375],"tintindex":0,"rotation":0,"texture":"#0"},"north":{"uv":[9.5625,3.625,9.6875,4.0],"tintindex":0,"rotation":0,"texture":"#0"},"west":{"uv":[1.125,9.4375,1.375,9.8125],"tintindex":0,"rotation":0,"texture":"#0"},"up":{"uv":[7.5,9.875,7.375,9.625],"tintindex":0,"rotation":0,"texture":"#0"},"down":{"uv":[7.625,9.625,7.5,9.875],"tintindex":0,"rotation":0,"texture":"#0"}}},{"from":[16.0,6.0,14.0],"to":[18.0,10.0,16.0],"faces":{"east":{"uv":[9.625,8.1875,9.75,8.4375],"tintindex":0,"rotation":0,"texture":"#0"},"south":{"uv":[9.625,8.4375,9.75,8.6875],"tintindex":0,"rotation":0,"texture":"#0"},"north":{"uv":[7.625,9.625,7.75,9.875],"tintindex":0,"rotation":0,"texture":"#0"},"west":{"uv":[9.625,8.6875,9.75,8.9375],"tintindex":0,"rotation":0,"texture":"#0"},"up":{"uv":[2.375,9.8125,2.25,9.6875],"tintindex":0,"rotation":0,"texture":"#0"},"down":{"uv":[9.8125,2.3125,9.6875,2.4375],"tintindex":0,"rotation":0,"texture":"#0"}}},{"from":[2.0,6.0,14.0],"to":[7.0,12.0,16.0],"faces":{"east":{"uv":[6.1875,9.5,6.3125,9.875],"tintindex":0,"rotation":0,"texture":"#0"},"south":{"uv":[7.625,9.0625,7.9375,9.4375],"tintindex":0,"rotation":0,"texture":"#0"},"north":{"uv":[7.3125,9.0625,7.625,9.4375],"tintindex":0,"rotation":0,"texture":"#0"},"west":{"uv":[6.3125,9.5,6.4375,9.875],"tintindex":0,"rotation":0,"texture":"#0"},"up":{"uv":[9.5625,5.3125,9.25,5.1875],"tintindex":0,"rotation":0,"texture":"#0"},"down":{"uv":[9.5625,5.5,9.25,5.625],"tintindex":0,"rotation":0,"texture":"#0"}}},{"from":[11.0,6.0,-1.0],"to":[16.0,13.0,1.0],"faces":{"east":{"uv":[2.125,8.9375,2.25,9.375],"tintindex":0,"rotation":0,"texture":"#0"},"south":{"uv":[8.9375,4.875,9.25,5.3125],"tintindex":0,"rotation":0,"texture":"#0"},"north":{"uv":[8.9375,3.0625,9.25,3.5],"tintindex":0,"rotation":0,"texture":"#0"},"west":{"uv":[7.8125,9.4375,7.9375,9.875],"tintindex":0,"rotation":0,"texture":"#0"},"up":{"uv":[6.5,3.0,6.1875,2.875],"tintindex":0,"rotation":0,"texture":"#0"},"down":{"uv":[6.8125,2.875,6.5,3.0],"tintindex":0,"rotation":0,"texture":"#0"}}},{"from":[16.0,6.0,10.0],"to":[18.0,12.0,14.0],"faces":{"east":{"uv":[4.875,9.375,5.125,9.75],"tintindex":0,"rotation":0,"texture":"#0"},"south":{"uv":[9.5625,2.375,9.6875,2.75],"tintindex":0,"rotation":0,"texture":"#0"},"north":{"uv":[9.5625,0.0,9.6875,0.375],"tintindex":0,"rotation":0,"texture":"#0"},"west":{"uv":[0.25,9.4375,0.5,9.8125],"tintindex":0,"rotation":0,"texture":"#0"},"up":{"uv":[9.75,9.8125,9.625,9.5625],"tintindex":0,"rotation":0,"texture":"#0"},"down":{"uv":[0.125,9.6875,0.0,9.9375],"tintindex":0,"rotation":0,"texture":"#0"}}},{"from":[0.0,6.0,-1.0],"to":[2.0,10.0,1.0],"faces":{"east":{"uv":[7.25,9.625,7.375,9.875],"tintindex":0,"rotation":0,"texture":"#0"},"south":{"uv":[7.375,9.625,7.5,9.875],"tintindex":0,"rotation":0,"texture":"#0"},"north":{"uv":[7.125,9.625,7.25,9.875],"tintindex":0,"rotation":0,"texture":"#0"},"west":{"uv":[7.5,9.625,7.625,9.875],"tintindex":0,"rotation":0,"texture":"#0"},"up":{"uv":[2.25,9.8125,2.125,9.6875],"tintindex":0,"rotation":0,"texture":"#0"},"down":{"uv":[9.8125,2.1875,9.6875,2.3125],"tintindex":0,"rotation":0,"texture":"#0"}}},{"from":[0.0,6.0,5.0],"to":[2.0,15.0,10.0],"faces":{"east":{"uv":[7.3125,2.4375,7.625,3.0],"tintindex":0,"rotation":0,"texture":"#0"},"south":{"uv":[5.125,9.375,5.25,9.9375],"tintindex":0,"rotation":0,"texture":"#0"},"north":{"uv":[1.75,9.25,1.875,9.8125],"tintindex":0,"rotation":0,"texture":"#0"},"west":{"uv":[7.0,2.4375,7.3125,3.0],"tintindex":0,"rotation":0,"texture":"#0"},"up":{"uv":[9.875,0.5,9.5625,0.375],"tintindex":0,"rotation":270,"texture":"#0"},"down":{"uv":[9.875,0.5,9.5625,0.625],"tintindex":0,"rotation":90,"texture":"#0"}}},{"from":[7.0,6.0,14.0],"to":[11.0,15.0,16.0],"faces":{"east":{"uv":[3.5625,9.4375,3.6875,10.0],"tintindex":0,"rotation":0,"texture":"#0"},"south":{"uv":[1.875,8.9375,2.125,9.5],"tintindex":0,"rotation":0,"texture":"#0"},"north":{"uv":[0.875,8.875,1.125,9.4375],"tintindex":0,"rotation":0,"texture":"#0"},"west":{"uv":[3.6875,9.4375,3.8125,10.0],"tintindex":0,"rotation":0,"texture":"#0"},"up":{"uv":[9.9375,0.375,9.6875,0.25],"tintindex":0,"rotation":0,"texture":"#0"},"down":{"uv":[0.875,9.6875,0.625,9.8125],"tintindex":0,"rotation":0,"texture":"#0"}}},{"from":[11.0,6.0,14.0],"to":[16.0,12.0,16.0],"faces":{"east":{"uv":[2.0,9.5,2.125,9.875],"tintindex":0,"rotation":0,"texture":"#0"},"south":{"uv":[7.0,9.0625,7.3125,9.4375],"tintindex":0,"rotation":0,"texture":"#0"},"north":{"uv":[6.6875,9.0625,7.0,9.4375],"tintindex":0,"rotation":0,"texture":"#0"},"west":{"uv":[6.0625,9.5,6.1875,9.875],"tintindex":0,"rotation":0,"texture":"#0"},"up":{"uv":[9.25,5.625,8.9375,5.5],"tintindex":0,"rotation":0,"texture":"#0"},"down":{"uv":[9.5625,4.375,9.25,4.5],"tintindex":0,"rotation":0,"texture":"#0"}}},{"from":[16.0,6.0,1.0],"to":[18.0,12.0,5.0],"faces":{"east":{"uv":[2.75,7.0625,3.0,7.4375],"tintindex":0,"rotation":0,"texture":"#0"},"south":{"uv":[6.5625,9.5,6.6875,9.875],"tintindex":0,"rotation":0,"texture":"#0"},"north":{"uv":[6.4375,9.5,6.5625,9.875],"tintindex":0,"rotation":0,"texture":"#0"},"west":{"uv":[0.25,9.0625,0.5,9.4375],"tintindex":0,"rotation":0,"texture":"#0"},"up":{"uv":[9.25,9.875,9.125,9.625],"tintindex":0,"rotation":0,"texture":"#0"},"down":{"uv":[9.375,9.625,9.25,9.875],"tintindex":0,"rotation":0,"texture":"#0"}}},{"from":[16.0,6.0,5.0],"to":[18.0,15.0,10.0],"faces":{"east":{"uv":[0.8125,8.3125,1.125,8.875],"tintindex":0,"rotation":0,"texture":"#0"},"south":{"uv":[3.0625,9.4375,3.1875,10.0],"tintindex":0,"rotation":0,"texture":"#0"},"north":{"uv":[1.625,9.4375,1.75,10.0],"tintindex":0,"rotation":0,"texture":"#0"},"west":{"uv":[0.5,8.3125,0.8125,8.875],"tintindex":0,"rotation":0,"texture":"#0"},"up":{"uv":[9.875,1.125,9.5625,1.0],"tintindex":0,"rotation":270,"texture":"#0"},"down":{"uv":[9.875,2.75,9.5625,2.875],"tintindex":0,"rotation":90,"texture":"#0"}}},{"from":[0.0,6.0,10.0],"to":[2.0,12.0,14.0],"faces":{"east":{"uv":[0.875,9.4375,1.125,9.8125],"tintindex":0,"rotation":0,"texture":"#0"},"south":{"uv":[9.5625,4.0,9.6875,4.375],"tintindex":0,"rotation":0,"texture":"#0"},"north":{"uv":[9.5625,3.625,9.6875,4.0],"tintindex":0,"rotation":0,"texture":"#0"},"west":{"uv":[1.375,9.4375,1.625,9.8125],"tintindex":0,"rotation":0,"texture":"#0"},"up":{"uv":[9.8125,0.25,9.6875,0.0],"tintindex":0,"rotation":0,"texture":"#0"},"down":{"uv":[7.5,9.625,7.375,9.875],"tintindex":0,"rotation":0,"texture":"#0"}}},{"from":[2.0,6.0,-1.0],"to":[7.0,13.0,1.0],"faces":{"east":{"uv":[8.5625,9.4375,8.6875,9.875],"tintindex":0,"rotation":0,"texture":"#0"},"south":{"uv":[6.375,9.0625,6.6875,9.5],"tintindex":0,"rotation":0,"texture":"#0"},"north":{"uv":[6.0625,9.0625,6.375,9.5],"tintindex":0,"rotation":0,"texture":"#0"},"west":{"uv":[1.875,9.5,2.0,9.9375],"tintindex":0,"rotation":0,"texture":"#0"},"up":{"uv":[9.875,6.4375,9.5625,6.3125],"tintindex":0,"rotation":0,"texture":"#0"},"down":{"uv":[9.5625,5.5,9.25,5.625],"tintindex":0,"rotation":0,"texture":"#0"}}},{"from":[7.7,7.799999,-3.0],"to":[11.7,11.800003,-1.0],"faces":{"east":{"uv":[0.125,9.6875,0.25,9.9375],"tintindex":0,"rotation":0,"texture":"#0"},"south":{"uv":[9.4375,9.3125,9.6875,9.5625],"tintindex":0,"rotation":0,"texture":"#0"},"north":{"uv":[5.75,6.9375,6.0,7.1875],"tintindex":0,"rotation":0,"texture":"#0"},"west":{"uv":[0.5,9.6875,0.625,9.9375],"tintindex":0,"rotation":0,"texture":"#0"},"up":{"uv":[3.0,7.5625,2.75,7.4375],"tintindex":0,"rotation":0,"texture":"#0"},"down":{"uv":[9.8125,6.4375,9.5625,6.5625],"tintindex":0,"rotation":0,"texture":"#0"}},"rotation":{"origin":[9.7,8.799999,-2.0],"angle":45.0,"axis":"z"}},{"from":[0.0,4.0,-1.0],"to":[18.0,6.0,16.0],"faces":{"east":{"uv":[8.8125,7.6875,9.875,7.8125],"tintindex":0,"rotation":0,"texture":"#0"},"south":{"uv":[8.4375,4.75,9.5625,4.875],"tintindex":0,"rotation":0,"texture":"#0"},"north":{"uv":[3.0,6.625,4.125,6.75],"tintindex":0,"rotation":0,"texture":"#0"},"west":{"uv":[8.9375,3.5,10.0,3.625],"tintindex":0,"rotation":0,"texture":"#0"},"up":{"uv":[4.125,6.625,3.0,5.5625],"tintindex":0,"rotation":0,"texture":"#0"},"down":{"uv":[8.75,3.0625,7.625,4.125],"tintindex":0,"rotation":0,"texture":"#0"}}},{"from":[7.0,6.0,-1.0],"to":[11.0,18.0,1.0],"faces":{"east":{"uv":[4.5,1.5,4.625,2.25],"tintindex":0,"rotation":0,"texture":"#0"},"south":{"uv":[0.25,8.3125,0.5,9.0625],"tintindex":0,"rotation":0,"texture":"#0"},"north":{"uv":[0.0,8.3125,0.25,9.0625],"tintindex":0,"rotation":0,"texture":"#0"},"west":{"uv":[8.6875,9.0,8.8125,9.75],"tintindex":0,"rotation":0,"texture":"#0"},"up":{"uv":[9.9375,0.375,9.6875,0.25],"tintindex":0,"rotation":0,"texture":"#0"},"down":{"uv":[0.875,9.6875,0.625,9.8125],"tintindex":0,"rotation":0,"texture":"#0"}}},{"from":[16.0,6.0,-1.0],"to":[18.0,10.0,1.0],"faces":{"east":{"uv":[9.0,9.5625,9.125,9.8125],"tintindex":0,"rotation":0,"texture":"#0"},"south":{"uv":[6.875,9.625,7.0,9.875],"tintindex":0,"rotation":0,"texture":"#0"},"north":{"uv":[4.8125,7.5625,4.9375,7.8125],"tintindex":0,"rotation":0,"texture":"#0"},"west":{"uv":[7.0,9.625,7.125,9.875],"tintindex":0,"rotation":0,"texture":"#0"},"up":{"uv":[4.5,6.9375,4.375,6.8125],"tintindex":0,"rotation":0,"texture":"#0"},"down":{"uv":[9.8125,2.0625,9.6875,2.1875],"tintindex":0,"rotation":0,"texture":"#0"}}}],"display":{"head":{"rotation":[0.0,0.0,0.0]},"firstperson_righthand":{"rotation":[0.0,0.0,0.0]},"thirdperson_lefthand":{"rotation":[0.0,-0.0,-0.0]},"firstperson_lefthand":{"rotation":[0.0,-0.0,-0.0]},"fixed":{"rotation":[0.0,0.0,0.0]},"ground":{"rotation":[0.0,0.0,0.0]},"thirdperson_righthand":{"rotation":[0.0,0.0,0.0]},"gui":{"rotation":[-150.0,-45.0,180.0]}}}