{"textures":{"0":"modelengine:entity/ducking","particle":"#0"},"elements":[{"from":[5.0,-10.0,-4.0],"to":[9.0,9.0,21.0],"faces":{"east":{"uv":[6.0625,4.1875,7.625,5.375],"tintindex":0,"rotation":0,"texture":"#0"},"south":{"uv":[2.8125,8.1875,3.0625,9.375],"tintindex":0,"rotation":0,"texture":"#0"},"north":{"uv":[2.5625,8.1875,2.8125,9.375],"tintindex":0,"rotation":0,"texture":"#0"},"west":{"uv":[6.0625,5.375,7.625,6.5625],"tintindex":0,"rotation":0,"texture":"#0"},"up":{"uv":[5.0625,9.375,4.8125,7.8125],"tintindex":0,"rotation":0,"texture":"#0"},"down":{"uv":[5.3125,7.8125,5.0625,9.375],"tintindex":0,"rotation":0,"texture":"#0"}}}],"display":{"head":{"rotation":[0.0,0.0,0.0]},"firstperson_righthand":{"rotation":[0.0,0.0,0.0]},"thirdperson_lefthand":{"rotation":[0.0,-0.0,-0.0]},"firstperson_lefthand":{"rotation":[0.0,-0.0,-0.0]},"fixed":{"rotation":[0.0,0.0,0.0]},"ground":{"rotation":[0.0,0.0,0.0]},"thirdperson_righthand":{"rotation":[0.0,0.0,0.0]},"gui":{"rotation":[-150.0,-45.0,180.0]}}}