{"textures":{"0":"modelengine:entity/ducking","particle":"#0"},"elements":[{"from":[3.0,7.0,2.0],"to":[13.0,9.0,7.0],"faces":{"east":{"uv":[14.78125,0.6875,14.90625,0.8125],"tintindex":0,"rotation":0,"texture":"#0"},"south":{"uv":[0.0,0.0,0.125,0.125],"tintindex":0,"rotation":0,"texture":"#0"},"north":{"uv":[10.0625,8.40625,11.40625,9.625],"tintindex":0,"rotation":0,"texture":"#0"},"west":{"uv":[13.53125,0.625,13.65625,0.75],"tintindex":0,"rotation":0,"texture":"#0"},"up":{"uv":[0.46875,11.46875,0.59375,11.59375],"tintindex":0,"rotation":0,"texture":"#0"},"down":{"uv":[1.9375,13.03125,2.0625,13.15625],"tintindex":0,"rotation":0,"texture":"#0"}}}],"display":{"head":{"rotation":[0.0,0.0,0.0]},"firstperson_righthand":{"rotation":[0.0,0.0,0.0]},"thirdperson_lefthand":{"rotation":[0.0,-0.0,-0.0]},"firstperson_lefthand":{"rotation":[0.0,-0.0,-0.0]},"fixed":{"rotation":[0.0,0.0,0.0]},"ground":{"rotation":[0.0,0.0,0.0]},"thirdperson_righthand":{"rotation":[0.0,0.0,0.0]},"gui":{"rotation":[-150.0,-45.0,180.0]}}}