{"display":{"head":{},"firstperson_righthand":{},"thirdperson_lefthand":{},"firstperson_lefthand":{},"fixed":{},"ground":{},"thirdperson_righthand":{},"gui":{"rotation":[-150.0,-45.0,180.0]}},"elements":[{"from":[9.995,8.495,8.6449995],"to":[6.005,5.505,3.6550002],"faces":{"east":{"uv":[0.00375,4.75375,0.30875,4.93375],"texture":"#0","tintindex":0},"south":{"uv":[3.56625,5.37875,3.80875,5.55875],"texture":"#0","tintindex":0},"north":{"uv":[3.25375,5.37875,3.49625,5.55875],"texture":"#0","tintindex":0},"west":{"uv":[2.12875,4.75375,2.43375,4.93375],"texture":"#0","tintindex":0},"up":{"uv":[3.99625,4.80875,3.75375,4.50375],"texture":"#0","tintindex":0},"down":{"uv":[4.30875,4.50375,4.06625,4.80875],"texture":"#0","tintindex":0}}},{"from":[6.005,5.505,3.6550002],"to":[9.995,8.495,8.6449995],"faces":{"east":{"uv":[1.75375,4.69125,2.05875,4.87125],"texture":"#0","tintindex":0},"south":{"uv":[5.37875,2.06625,5.62125,2.24625],"texture":"#0","tintindex":0},"north":{"uv":[5.31625,5.31625,5.55875,5.49625],"texture":"#0","tintindex":0},"west":{"uv":[4.69125,4.25375,4.99625,4.43375],"texture":"#0","tintindex":0},"up":{"uv":[4.74625,3.12125,4.50375,2.81625],"texture":"#0","tintindex":0},"down":{"uv":[4.74625,3.19125,4.50375,3.49625],"texture":"#0","tintindex":0}}}],"textures":{"particle":"#0","0":"modelengine:2e44951d-b0ae-428e-8ef5-84d7a16cc1cd"}}