{"display":{"head":{},"firstperson_righthand":{},"thirdperson_lefthand":{},"firstperson_lefthand":{},"fixed":{},"ground":{},"thirdperson_righthand":{},"gui":{"rotation":[-150.0,-45.0,180.0]}},"elements":[{"from":[6.8,0.8,7.8],"to":[9.2,8.2,10.2],"faces":{"east":{"uv":[5.19125,3.06625,5.30875,3.49625],"texture":"#0","tintindex":0},"south":{"uv":[5.19125,3.56625,5.30875,3.99625],"texture":"#0","tintindex":0},"north":{"uv":[2.69125,5.19125,2.80875,5.62125],"texture":"#0","tintindex":0},"west":{"uv":[0.37875,5.25375,0.49625,5.68375],"texture":"#0","tintindex":0},"up":{"uv":[4.12125,6.62125,4.00375,6.50375],"texture":"#0","tintindex":0},"down":{"uv":[6.62125,4.12875,6.50375,4.24625],"texture":"#0","tintindex":0}}},{"from":[6.997,0.997,7.997],"to":[9.003,8.003,10.003],"faces":{"east":{"uv":[4.75375,4.50375,4.87125,4.93375],"texture":"#0","tintindex":0},"south":{"uv":[4.81625,2.06625,4.93375,2.49625],"texture":"#0","tintindex":0},"north":{"uv":[3.19125,4.75375,3.30875,5.18375],"texture":"#0","tintindex":0},"west":{"uv":[4.81625,2.56625,4.93375,2.99625],"texture":"#0","tintindex":0},"up":{"uv":[5.99625,6.49625,5.87875,6.37875],"texture":"#0","tintindex":0},"down":{"uv":[6.55875,1.56625,6.44125,1.68375],"texture":"#0","tintindex":0}}}],"textures":{"particle":"#0","0":"modelengine:2e44951d-b0ae-428e-8ef5-84d7a16cc1cd"}}