{"display":{"head":{},"firstperson_righthand":{},"thirdperson_lefthand":{},"firstperson_lefthand":{},"fixed":{},"ground":{},"thirdperson_righthand":{},"gui":{"rotation":[-150.0,-45.0,180.0]}},"elements":[{"from":[6.8,0.8,7.8],"to":[9.2,8.2,10.2],"faces":{"east":{"uv":[0.75375,5.25375,0.87125,5.68375],"texture":"#0","tintindex":0},"south":{"uv":[1.19125,5.25375,1.30875,5.68375],"texture":"#0","tintindex":0},"north":{"uv":[0.56625,5.25375,0.68375,5.68375],"texture":"#0","tintindex":0},"west":{"uv":[1.37875,5.25375,1.49625,5.68375],"texture":"#0","tintindex":0},"up":{"uv":[5.05875,6.62125,4.94125,6.50375],"texture":"#0","tintindex":0},"down":{"uv":[5.24625,6.50375,5.12875,6.62125],"texture":"#0","tintindex":0}}},{"from":[6.997,0.997,7.997],"to":[9.003,8.003,10.003],"faces":{"east":{"uv":[4.81625,3.56625,4.93375,3.99625],"texture":"#0","tintindex":0},"south":{"uv":[1.00375,4.87875,1.12125,5.30875],"texture":"#0","tintindex":0},"north":{"uv":[4.81625,3.06625,4.93375,3.49625],"texture":"#0","tintindex":0},"west":{"uv":[3.37875,4.87875,3.49625,5.30875],"texture":"#0","tintindex":0},"up":{"uv":[6.55875,5.43375,6.44125,5.31625],"texture":"#0","tintindex":0},"down":{"uv":[6.55875,5.62875,6.44125,5.74625],"texture":"#0","tintindex":0}}}],"textures":{"particle":"#0","0":"modelengine:2e44951d-b0ae-428e-8ef5-84d7a16cc1cd"}}