{"display":{"head":{},"firstperson_righthand":{},"thirdperson_lefthand":{},"firstperson_lefthand":{},"fixed":{},"ground":{},"thirdperson_righthand":{},"gui":{"rotation":[-150.0,-45.0,180.0]}},"elements":[{"from":[6.4192095,-4.38062,8.0],"to":[9.586378,8.49638,8.0],"faces":{"south":{"uv":[0.37875,0.00375,0.68375,0.99625],"texture":"#0","tintindex":0},"north":{"uv":[0.00375,0.00375,0.30875,0.99625],"texture":"#0","tintindex":0}}},{"from":[8.002794,-4.38062,6.4164157],"to":[8.002794,8.49638,9.583584],"faces":{"east":{"uv":[0.75375,0.00375,1.05875,0.99625],"texture":"#0","tintindex":0},"west":{"uv":[0.00375,1.06625,0.30875,2.05875],"texture":"#0","tintindex":0}}},{"from":[6.4192095,7.792454,6.4164157],"to":[9.586378,7.792454,9.583584],"faces":{"up":{"uv":[1.43375,0.93375,1.12875,0.62875],"texture":"#0","tintindex":0},"down":{"uv":[0.93375,4.31625,0.62875,4.62125],"texture":"#0","tintindex":0}}}],"textures":{"particle":"#0","0":"modelengine:2e44951d-b0ae-428e-8ef5-84d7a16cc1cd"}}