{"display":{"head":{},"firstperson_righthand":{},"thirdperson_lefthand":{},"firstperson_lefthand":{},"fixed":{},"ground":{},"thirdperson_righthand":{},"gui":{"rotation":[-150.0,-45.0,180.0]}},"elements":[{"from":[6.5,10.049349,6.7147403],"to":[9.5,10.799349,9.29424],"faces":{"east":{"uv":[1.5625,9.9375,1.75,10.0],"texture":"#0","tintindex":0},"south":{"uv":[5.6875,13.6875,5.9375,13.75],"texture":"#0","tintindex":0},"north":{"uv":[5.125,10.3125,5.375,10.375],"texture":"#0","tintindex":0},"west":{"uv":[1.8125,11.5625,2.0,11.625],"texture":"#0","tintindex":0},"up":{"uv":[3.8125,9.75,3.5625,9.5625],"texture":"#0","tintindex":0},"down":{"uv":[3.375,13.0625,3.125,13.25],"texture":"#0","tintindex":0}}},{"from":[9.24154,10.036249,8.214741],"to":[11.49154,11.536249,9.714741],"rotation":{"origin":[10.74154,9.848749,8.964741],"axis":"z","angle":-22.5},"faces":{"east":{"uv":[5.3125,13.75,5.4375,13.875],"texture":"#0","tintindex":0},"south":{"uv":[5.6875,8.75,5.875,8.875],"texture":"#0","tintindex":0},"north":{"uv":[5.6875,8.625,5.875,8.75],"texture":"#0","tintindex":0},"west":{"uv":[5.75,13.3125,5.875,13.4375],"texture":"#0","tintindex":0},"up":{"uv":[5.875,9.0,5.6875,8.875],"texture":"#0","tintindex":0},"down":{"uv":[5.875,9.0,5.6875,9.125],"texture":"#0","tintindex":0}}},{"from":[5.74925,9.298598,7.46399],"to":[10.250751,12.300099,11.965491],"faces":{"east":{"uv":[3.875,11.75,4.25,12.0],"texture":"#0","tintindex":0},"south":{"uv":[3.9375,9.5625,4.3125,9.8125],"texture":"#0","tintindex":0},"north":{"uv":[2.25,11.875,2.625,12.125],"texture":"#0","tintindex":0},"west":{"uv":[3.9375,9.8125,4.3125,10.0625],"texture":"#0","tintindex":0},"up":{"uv":[1.625,9.0,1.25,8.625],"texture":"#0","tintindex":0},"down":{"uv":[2.6875,10.625,2.3125,11.0],"texture":"#0","tintindex":0}}},{"from":[6.5,7.986849,9.714741],"to":[9.5,9.486849,11.214741],"faces":{"east":{"uv":[1.5625,13.75,1.6875,13.875],"texture":"#0","tintindex":0},"south":{"uv":[5.5625,9.625,5.8125,9.75],"texture":"#0","tintindex":0},"north":{"uv":[5.5625,9.5,5.8125,9.625],"texture":"#0","tintindex":0},"west":{"uv":[1.6875,13.75,1.8125,13.875],"texture":"#0","tintindex":0},"up":{"uv":[5.8125,9.875,5.5625,9.75],"texture":"#0","tintindex":0},"down":{"uv":[2.75,13.5625,2.5,13.6875],"texture":"#0","tintindex":0}}},{"from":[5.375,2.8759785,5.1644897],"to":[10.625,4.3759785,8.91449],"faces":{"east":{"uv":[5.375,9.25,5.6875,9.375],"texture":"#0","tintindex":0},"south":{"uv":[5.0625,10.0,5.5,10.125],"texture":"#0","tintindex":0},"north":{"uv":[4.875,8.875,5.3125,9.0],"texture":"#0","tintindex":0},"west":{"uv":[5.375,9.375,5.6875,9.5],"texture":"#0","tintindex":0},"up":{"uv":[3.3125,9.8125,2.875,9.5],"texture":"#0","tintindex":0},"down":{"uv":[3.3125,9.8125,2.875,10.125],"texture":"#0","tintindex":0}}},{"from":[1.25,8.549349,8.214741],"to":[14.75,10.049349,9.714741],"faces":{"east":{"uv":[2.875,13.75,3.0,13.875],"texture":"#0","tintindex":0},"south":{"uv":[2.6875,8.5,3.8125,8.625],"texture":"#0","tintindex":0},"north":{"uv":[2.6875,8.375,3.8125,8.5],"texture":"#0","tintindex":0},"west":{"uv":[3.0,13.75,3.125,13.875],"texture":"#0","tintindex":0},"up":{"uv":[3.8125,8.75,2.6875,8.625],"texture":"#0","tintindex":0},"down":{"uv":[3.8125,10.625,2.6875,10.75],"texture":"#0","tintindex":0}}},{"from":[10.0,3.0226994,12.21106],"to":[11.5,4.0226994,15.21106],"faces":{"east":{"uv":[11.75,9.416666,11.5,9.5],"texture":"#0","tintindex":0},"south":{"uv":[12.375,9.333334,12.25,9.416666],"texture":"#0","tintindex":0},"north":{"uv":[12.208334,9.583334,12.083334,9.666666],"texture":"#0","tintindex":0},"west":{"uv":[12.333334,8.916666,12.083334,9.0],"texture":"#0","tintindex":0},"up":{"uv":[12.125,9.333334,12.0,9.583334],"texture":"#0","tintindex":0},"down":{"uv":[12.208334,8.25,12.083334,8.0],"texture":"#0","tintindex":0}}},{"from":[7.5,5.5226994,12.21106],"to":[8.5,7.0226994,15.21106],"faces":{"east":{"uv":[11.375,9.416666,11.25,9.666666],"texture":"#0","rotation":90,"tintindex":0},"south":{"uv":[12.458334,8.083334,12.333334,8.0],"texture":"#0","rotation":90,"tintindex":0},"north":{"uv":[12.333334,8.083334,12.458334,8.166666],"texture":"#0","rotation":90,"tintindex":0},"west":{"uv":[12.208334,8.666666,12.083334,8.416666],"texture":"#0","rotation":90,"tintindex":0},"up":{"uv":[12.5,9.166666,12.25,9.083334],"texture":"#0","rotation":90,"tintindex":0},"down":{"uv":[11.916666,9.666666,11.833334,9.416666],"texture":"#0","tintindex":0}}},{"from":[7.25,0.5902996,8.572969],"to":[8.75,2.8402996,10.072969],"rotation":{"origin":[8.0,3.2152996,8.947969],"axis":"x","angle":-22.5},"faces":{"east":{"uv":[4.125,13.625,4.25,13.8125],"texture":"#0","tintindex":0},"south":{"uv":[5.625,12.4375,5.75,12.625],"texture":"#0","tintindex":0},"north":{"uv":[5.625,12.0,5.75,12.1875],"texture":"#0","tintindex":0},"west":{"uv":[5.625,12.625,5.75,12.8125],"texture":"#0","tintindex":0},"up":{"uv":[5.875,12.5625,5.75,12.4375],"texture":"#0","tintindex":0},"down":{"uv":[5.875,12.5625,5.75,12.6875],"texture":"#0","tintindex":0}}},{"from":[1.3818402,1.0506096,12.21106],"to":[2.3818402,4.0506096,15.21106],"rotation":{"origin":[7.98566,0.1691494,13.71106],"axis":"z","angle":-45.0},"faces":{"east":{"uv":[11.833334,8.5,12.083334,8.75],"texture":"#0","tintindex":0},"south":{"uv":[11.0,9.5,10.916666,9.75],"texture":"#0","tintindex":0},"north":{"uv":[10.916666,9.75,11.0,9.5],"texture":"#0","tintindex":0},"west":{"uv":[11.0,9.166666,11.25,9.416666],"texture":"#0","tintindex":0},"up":{"uv":[11.0,9.75,10.916666,9.5],"texture":"#0","tintindex":0},"down":{"uv":[11.0,9.75,10.916666,9.5],"texture":"#0","tintindex":0}}},{"from":[6.50075,1.0176493,5.74341],"to":[9.499249,1.7661489,9.49191],"rotation":{"origin":[8.0,4.016899,7.99266],"axis":"x","angle":-22.5},"faces":{"east":{"uv":[4.0,9.5,4.3125,9.5625],"texture":"#0","tintindex":0},"south":{"uv":[4.9375,13.75,5.1875,13.8125],"texture":"#0","tintindex":0},"north":{"uv":[5.75,12.875,6.0,12.9375],"texture":"#0","tintindex":0},"west":{"uv":[5.6875,9.4375,6.0,9.5],"texture":"#0","tintindex":0},"up":{"uv":[4.625,12.625,4.375,12.3125],"texture":"#0","tintindex":0},"down":{"uv":[2.875,12.4375,2.625,12.75],"texture":"#0","tintindex":0}}},{"from":[6.0,1.5226994,11.71106],"to":[10.0,5.5226994,15.71106],"faces":{"east":{"uv":[11.5,8.666666,11.166666,9.0],"texture":"#0","tintindex":0},"south":{"uv":[11.166666,8.666666,11.5,9.0],"texture":"#0","tintindex":0},"north":{"uv":[11.5,8.666666,11.166666,9.0],"texture":"#0","tintindex":0},"west":{"uv":[11.5,8.666666,11.166666,9.0],"texture":"#0","tintindex":0},"up":{"uv":[11.166666,9.0,11.5,8.666666],"texture":"#0","tintindex":0},"down":{"uv":[11.166666,9.0,11.5,8.666666],"texture":"#0","tintindex":0}}},{"from":[6.5,9.318199,3.76023],"to":[9.5,10.818199,8.26023],"rotation":{"origin":[9.5,8.943199,7.51023],"axis":"x","angle":-45.0},"faces":{"east":{"uv":[0.0,9.875,0.375,10.0],"texture":"#0","tintindex":0},"south":{"uv":[1.3125,13.5625,1.5625,13.6875],"texture":"#0","tintindex":0},"north":{"uv":[0.5625,13.5625,0.8125,13.6875],"texture":"#0","tintindex":0},"west":{"uv":[3.4375,10.4375,3.8125,10.5625],"texture":"#0","tintindex":0},"up":{"uv":[2.0,12.25,1.75,11.875],"texture":"#0","tintindex":0},"down":{"uv":[2.25,11.875,2.0,12.25],"texture":"#0","tintindex":0}}},{"from":[4.50847,10.036249,8.214741],"to":[6.75847,11.536249,9.714741],"rotation":{"origin":[5.25847,9.848749,8.964741],"axis":"z","angle":22.5},"faces":{"east":{"uv":[5.1875,13.75,5.3125,13.875],"texture":"#0","tintindex":0},"south":{"uv":[5.6875,8.375,5.875,8.5],"texture":"#0","tintindex":0},"north":{"uv":[0.375,13.6875,0.5625,13.8125],"texture":"#0","tintindex":0},"west":{"uv":[5.75,13.1875,5.875,13.3125],"texture":"#0","tintindex":0},"up":{"uv":[5.875,8.625,5.6875,8.5],"texture":"#0","tintindex":0},"down":{"uv":[0.75,13.6875,0.5625,13.8125],"texture":"#0","tintindex":0}}},{"from":[9.3125,8.549349,7.4647403],"to":[13.0625,11.549349,10.464741],"rotation":{"origin":[12.5,9.299349,8.964741],"axis":"z","angle":22.5},"faces":{"east":{"uv":[4.875,12.25,5.125,12.5],"texture":"#0","tintindex":0},"south":{"uv":[4.5625,8.25,4.875,8.5],"texture":"#0","tintindex":0},"north":{"uv":[4.5625,8.0,4.875,8.25],"texture":"#0","tintindex":0},"west":{"uv":[4.3125,12.9375,4.5625,13.1875],"texture":"#0","tintindex":0},"up":{"uv":[4.875,8.75,4.5625,8.5],"texture":"#0","tintindex":0},"down":{"uv":[4.875,8.75,4.5625,9.0],"texture":"#0","tintindex":0}}},{"from":[7.24925,3.2985988,7.46399],"to":[8.750751,10.800099,11.965491],"rotation":{"origin":[8.0,8.174349,9.714741],"axis":"x","angle":22.5},"faces":{"east":{"uv":[0.0,9.25,0.375,9.875],"texture":"#0","tintindex":0},"south":{"uv":[1.125,12.375,1.25,13.0],"texture":"#0","tintindex":0},"north":{"uv":[1.0,12.375,1.125,13.0],"texture":"#0","tintindex":0},"west":{"uv":[1.25,8.0,1.625,8.625],"texture":"#0","tintindex":0},"up":{"uv":[5.1875,11.875,5.0625,11.5],"texture":"#0","tintindex":0},"down":{"uv":[5.1875,11.875,5.0625,12.25],"texture":"#0","tintindex":0}}},{"from":[3.12575,6.300099,7.46549],"to":[4.62425,8.736098,9.71399],"rotation":{"origin":[3.5,9.299349,8.964741],"axis":"z","angle":22.5},"faces":{"east":{"uv":[1.5625,13.4375,1.75,13.625],"texture":"#0","tintindex":0},"south":{"uv":[4.8125,13.625,4.9375,13.8125],"texture":"#0","tintindex":0},"north":{"uv":[4.6875,13.625,4.8125,13.8125],"texture":"#0","tintindex":0},"west":{"uv":[1.75,13.4375,1.9375,13.625],"texture":"#0","tintindex":0},"up":{"uv":[5.75,13.0,5.625,12.8125],"texture":"#0","tintindex":0},"down":{"uv":[5.75,13.0,5.625,13.1875],"texture":"#0","tintindex":0}}},{"from":[5.0,0.52269936,12.71106],"to":[11.0,6.5226994,14.71106],"faces":{"east":{"uv":[10.833334,9.0,10.666666,9.5],"texture":"#0","tintindex":0},"south":{"uv":[11.166666,8.0,10.666666,8.5],"texture":"#0","tintindex":0},"north":{"uv":[11.166666,8.0,10.666666,8.5],"texture":"#0","tintindex":0},"west":{"uv":[11.0,9.0,10.833334,9.5],"texture":"#0","tintindex":0},"up":{"uv":[11.5,9.0,11.0,9.166666],"texture":"#0","tintindex":0},"down":{"uv":[12.0,9.166666,11.5,9.0],"texture":"#0","tintindex":0}}},{"from":[11.375751,6.300099,7.46549],"to":[12.874249,8.736098,9.71399],"rotation":{"origin":[12.5,9.299349,8.964741],"axis":"z","angle":-22.5},"faces":{"east":{"uv":[1.9375,13.4375,2.125,13.625],"texture":"#0","tintindex":0},"south":{"uv":[5.625,13.375,5.75,13.5625],"texture":"#0","tintindex":0},"north":{"uv":[5.625,13.1875,5.75,13.375],"texture":"#0","tintindex":0},"west":{"uv":[2.125,13.4375,2.3125,13.625],"texture":"#0","tintindex":0},"up":{"uv":[0.25,13.875,0.125,13.6875],"texture":"#0","tintindex":0},"down":{"uv":[0.375,13.6875,0.25,13.875],"texture":"#0","tintindex":0}}},{"from":[6.5,4.799349,7.4647403],"to":[9.5,5.549349,11.214741],"rotation":{"origin":[8.0,8.174349,9.714741],"axis":"x","angle":22.5},"faces":{"east":{"uv":[1.25,9.9375,1.5625,10.0],"texture":"#0","tintindex":0},"south":{"uv":[5.75,12.6875,6.0,12.75],"texture":"#0","tintindex":0},"north":{"uv":[5.75,12.125,6.0,12.1875],"texture":"#0","tintindex":0},"west":{"uv":[2.3125,10.125,2.625,10.1875],"texture":"#0","tintindex":0},"up":{"uv":[4.625,10.25,4.375,9.9375],"texture":"#0","tintindex":0},"down":{"uv":[4.125,12.375,3.875,12.6875],"texture":"#0","tintindex":0}}},{"from":[7.5,0.022699356,12.21106],"to":[8.5,1.5226994,15.21106],"faces":{"east":{"uv":[11.25,9.416666,11.375,9.666666],"texture":"#0","rotation":90,"tintindex":0},"south":{"uv":[12.333334,8.083334,12.458334,8.0],"texture":"#0","rotation":90,"tintindex":0},"north":{"uv":[12.458334,8.083334,12.333334,8.166666],"texture":"#0","rotation":90,"tintindex":0},"west":{"uv":[12.083334,8.666666,12.208334,8.416666],"texture":"#0","rotation":90,"tintindex":0},"up":{"uv":[12.5,9.166666,12.25,9.083334],"texture":"#0","rotation":90,"tintindex":0},"down":{"uv":[12.25,9.166666,12.5,9.083334],"texture":"#0","rotation":90,"tintindex":0}}},{"from":[6.875,10.98283,7.48293],"to":[9.125,15.48283,9.732929],"rotation":{"origin":[8.0,16.67667,9.70874],"axis":"x","angle":-22.5},"faces":{"east":{"uv":[4.875,8.125,5.0625,8.5],"texture":"#0","tintindex":0},"south":{"uv":[4.875,8.5,5.0625,8.875],"texture":"#0","tintindex":0},"north":{"uv":[2.25,12.8125,2.4375,13.1875],"texture":"#0","tintindex":0},"west":{"uv":[1.5625,12.875,1.75,13.25],"texture":"#0","tintindex":0},"up":{"uv":[5.625,8.375,5.4375,8.1875],"texture":"#0","tintindex":0},"down":{"uv":[1.125,13.4375,0.9375,13.625],"texture":"#0","tintindex":0}}},{"from":[6.5,7.799349,7.8397403],"to":[9.5,8.549349,11.589741],"rotation":{"origin":[8.0,8.174349,9.714741],"axis":"x","angle":22.5},"faces":{"east":{"uv":[4.9375,13.6875,5.25,13.75],"texture":"#0","tintindex":0},"south":{"uv":[5.75,13.125,6.0,13.1875],"texture":"#0","tintindex":0},"north":{"uv":[5.75,13.0625,6.0,13.125],"texture":"#0","tintindex":0},"west":{"uv":[5.25,13.6875,5.5625,13.75],"texture":"#0","tintindex":0},"up":{"uv":[1.0,12.8125,0.75,12.5],"texture":"#0","tintindex":0},"down":{"uv":[1.5,12.5,1.25,12.8125],"texture":"#0","tintindex":0}}},{"from":[4.25,4.0226994,6.96106],"to":[11.75,10.022699,10.71106],"rotation":{"origin":[8.0,8.147699,8.83606],"axis":"x","angle":45.0},"faces":{"east":{"uv":[2.0,10.625,2.3125,11.125],"texture":"#0","tintindex":0},"south":{"uv":[0.625,8.5,1.25,9.0],"texture":"#0","tintindex":0},"north":{"uv":[0.625,8.0,1.25,8.5],"texture":"#0","tintindex":0},"west":{"uv":[2.625,10.125,2.9375,10.625],"texture":"#0","tintindex":0},"up":{"uv":[1.75,10.3125,1.125,10.0],"texture":"#0","tintindex":0},"down":{"uv":[2.6875,8.4375,2.0625,8.75],"texture":"#0","tintindex":0}}},{"from":[7.25,8.943199,3.38523],"to":[8.75,11.193199,5.26023],"rotation":{"origin":[9.5,8.943199,7.51023],"axis":"x","angle":-45.0},"faces":{"east":{"uv":[5.25,13.375,5.4375,13.5625],"texture":"#0","tintindex":0},"south":{"uv":[5.625,11.625,5.75,11.8125],"texture":"#0","tintindex":0},"north":{"uv":[3.625,13.625,3.75,13.8125],"texture":"#0","tintindex":0},"west":{"uv":[5.4375,8.0,5.625,8.1875],"texture":"#0","tintindex":0},"up":{"uv":[3.875,13.8125,3.75,13.625],"texture":"#0","tintindex":0},"down":{"uv":[5.75,11.8125,5.625,12.0],"texture":"#0","tintindex":0}}},{"from":[6.50075,3.6426492,6.11841],"to":[9.499249,4.391149,9.86691],"rotation":{"origin":[8.0,4.016899,7.99266],"axis":"x","angle":22.5},"faces":{"east":{"uv":[2.5,9.125,2.8125,9.1875],"texture":"#0","tintindex":0},"south":{"uv":[5.75,12.8125,6.0,12.875],"texture":"#0","tintindex":0},"north":{"uv":[5.75,12.75,6.0,12.8125],"texture":"#0","tintindex":0},"west":{"uv":[3.4375,10.5625,3.75,10.625],"texture":"#0","tintindex":0},"up":{"uv":[4.625,12.3125,4.375,12.0],"texture":"#0","tintindex":0},"down":{"uv":[4.375,12.375,4.125,12.6875],"texture":"#0","tintindex":0}}},{"from":[4.625,3.2726994,6.58606],"to":[11.375,7.0226994,10.33606],"rotation":{"origin":[8.375,8.147699,8.64856],"axis":"x","angle":22.5},"faces":{"east":{"uv":[3.8125,8.25,4.125,8.5625],"texture":"#0","tintindex":0},"south":{"uv":[2.3125,9.1875,2.875,9.5],"texture":"#0","tintindex":0},"north":{"uv":[1.125,10.3125,1.6875,10.625],"texture":"#0","tintindex":0},"west":{"uv":[3.8125,10.125,4.125,10.4375],"texture":"#0","tintindex":0},"up":{"uv":[2.875,9.8125,2.3125,9.5],"texture":"#0","tintindex":0},"down":{"uv":[2.875,9.8125,2.3125,10.125],"texture":"#0","tintindex":0}}},{"from":[7.25,11.414759,8.27814],"to":[8.75,12.914759,10.52813],"rotation":{"origin":[8.0,12.727259,10.15313],"axis":"x","angle":22.5},"faces":{"east":{"uv":[3.625,8.25,3.8125,8.375],"texture":"#0","tintindex":0},"south":{"uv":[1.9375,13.75,2.0625,13.875],"texture":"#0","tintindex":0},"north":{"uv":[1.8125,13.75,1.9375,13.875],"texture":"#0","tintindex":0},"west":{"uv":[4.625,10.125,4.8125,10.25],"texture":"#0","tintindex":0},"up":{"uv":[4.0,13.8125,3.875,13.625],"texture":"#0","tintindex":0},"down":{"uv":[4.125,13.625,4.0,13.8125],"texture":"#0","tintindex":0}}},{"from":[6.1244802,1.0303297,12.21106],"to":[7.1244802,4.0303288,15.21106],"rotation":{"origin":[7.98566,0.1691494,13.71106],"axis":"z","angle":45.0},"faces":{"east":{"uv":[11.833334,8.75,12.083334,8.5],"texture":"#0","tintindex":0},"south":{"uv":[11.0,9.5,10.916666,9.75],"texture":"#0","rotation":180,"tintindex":0},"north":{"uv":[11.0,9.75,10.916666,9.5],"texture":"#0","rotation":180,"tintindex":0},"west":{"uv":[11.0,9.416666,11.25,9.166666],"texture":"#0","tintindex":0},"up":{"uv":[10.916666,9.5,11.0,9.75],"texture":"#0","tintindex":0},"down":{"uv":[11.0,9.5,10.916666,9.75],"texture":"#0","tintindex":0}}},{"from":[6.5,6.299349,7.4647403],"to":[9.5,7.049349,11.214741],"rotation":{"origin":[8.0,8.174349,9.714741],"axis":"x","angle":22.5},"faces":{"east":{"uv":[5.6875,11.125,6.0,11.1875],"texture":"#0","tintindex":0},"south":{"uv":[5.75,13.0,6.0,13.0625],"texture":"#0","tintindex":0},"north":{"uv":[5.75,12.9375,6.0,13.0],"texture":"#0","tintindex":0},"west":{"uv":[5.6875,11.1875,6.0,11.25],"texture":"#0","tintindex":0},"up":{"uv":[4.6875,11.0,4.4375,10.6875],"texture":"#0","tintindex":0},"down":{"uv":[4.6875,11.0,4.4375,11.3125],"texture":"#0","tintindex":0}}},{"from":[2.9375,8.549349,7.4647403],"to":[6.6875,11.549349,10.464741],"rotation":{"origin":[3.5,9.299349,8.964741],"axis":"z","angle":-22.5},"faces":{"east":{"uv":[0.375,9.25,0.625,9.5],"texture":"#0","tintindex":0},"south":{"uv":[4.5,9.5625,4.8125,9.8125],"texture":"#0","tintindex":0},"north":{"uv":[4.5,9.3125,4.8125,9.5625],"texture":"#0","tintindex":0},"west":{"uv":[2.0625,9.1875,2.3125,9.4375],"texture":"#0","tintindex":0},"up":{"uv":[4.8125,10.5,4.5,10.25],"texture":"#0","tintindex":0},"down":{"uv":[4.8125,11.3125,4.5,11.5625],"texture":"#0","tintindex":0}}},{"from":[7.25,9.738499,11.29801],"to":[8.75,11.238499,12.79801],"faces":{"east":{"uv":[3.5,13.75,3.625,13.875],"texture":"#0","tintindex":0},"south":{"uv":[5.75,11.625,5.875,11.75],"texture":"#0","tintindex":0},"north":{"uv":[3.375,13.75,3.5,13.875],"texture":"#0","tintindex":0},"west":{"uv":[5.75,11.75,5.875,11.875],"texture":"#0","tintindex":0},"up":{"uv":[5.875,12.0,5.75,11.875],"texture":"#0","tintindex":0},"down":{"uv":[5.875,12.0,5.75,12.125],"texture":"#0","tintindex":0}}},{"from":[8.86712,1.0506096,12.21106],"to":[9.86712,4.0506096,15.21106],"rotation":{"origin":[7.98566,0.1691494,13.71106],"axis":"z","angle":-45.0},"faces":{"east":{"uv":[11.25,9.416666,11.0,9.166666],"texture":"#0","tintindex":0},"south":{"uv":[10.916666,9.5,11.0,9.75],"texture":"#0","rotation":180,"tintindex":0},"north":{"uv":[10.916666,9.75,11.0,9.5],"texture":"#0","rotation":180,"tintindex":0},"west":{"uv":[12.083334,8.75,11.833334,8.5],"texture":"#0","tintindex":0},"up":{"uv":[11.0,9.5,10.916666,9.75],"texture":"#0","tintindex":0},"down":{"uv":[10.916666,9.5,11.0,9.75],"texture":"#0","tintindex":0}}},{"from":[13.60976,1.0303297,12.21106],"to":[14.60976,4.0303288,15.21106],"rotation":{"origin":[7.98566,0.1691494,13.71106],"axis":"z","angle":45.0},"faces":{"east":{"uv":[11.25,9.166666,11.0,9.416666],"texture":"#0","tintindex":0},"south":{"uv":[11.0,9.5,10.916666,9.75],"texture":"#0","tintindex":0},"north":{"uv":[11.0,9.75,10.916666,9.5],"texture":"#0","tintindex":0},"west":{"uv":[12.083334,8.5,11.833334,8.75],"texture":"#0","tintindex":0},"up":{"uv":[10.916666,9.75,11.0,9.5],"texture":"#0","tintindex":0},"down":{"uv":[11.0,9.75,10.916666,9.5],"texture":"#0","tintindex":0}}},{"from":[4.5,3.0226994,12.21106],"to":[6.0,4.0226994,15.21106],"faces":{"east":{"uv":[12.5,9.0,12.25,9.083334],"texture":"#0","tintindex":0},"south":{"uv":[12.458334,8.0,12.333334,8.083334],"texture":"#0","tintindex":0},"north":{"uv":[12.458334,8.083334,12.333334,8.166666],"texture":"#0","tintindex":0},"west":{"uv":[12.5,9.083334,12.25,9.166666],"texture":"#0","tintindex":0},"up":{"uv":[12.208334,8.416666,12.083334,8.666666],"texture":"#0","tintindex":0},"down":{"uv":[11.375,9.666666,11.25,9.416666],"texture":"#0","tintindex":0}}}],"textures":{"particle":"#0","0":"modelengine:84d03129-625d-47f2-a8d3-9fb4886793ab"}}