{"display":{"head":{},"firstperson_righthand":{},"thirdperson_lefthand":{},"firstperson_lefthand":{},"fixed":{},"ground":{},"thirdperson_righthand":{},"gui":{"rotation":[-150.0,-45.0,180.0]}},"elements":[{"from":[-3.16567,8.251,8.251],"to":[9.83233,9.249,9.249],"faces":{"east":{"uv":[11.291666,12.583334,11.25,12.625],"texture":"#0","tintindex":0},"south":{"uv":[12.625,11.541666,12.083334,11.5],"texture":"#0","tintindex":0},"north":{"uv":[12.625,11.458334,12.083334,11.5],"texture":"#0","tintindex":0},"west":{"uv":[10.708334,12.625,10.666666,12.666666],"texture":"#0","tintindex":0},"up":{"uv":[12.625,11.5,12.083334,11.541666],"texture":"#0","tintindex":0},"down":{"uv":[12.083334,11.458334,12.625,11.5],"texture":"#0","tintindex":0}}},{"from":[-3.16567,6.751,8.251],"to":[9.83233,7.749,9.249],"faces":{"east":{"uv":[11.291666,12.583334,11.25,12.625],"texture":"#0","tintindex":0},"south":{"uv":[12.625,11.541666,12.083334,11.5],"texture":"#0","tintindex":0},"north":{"uv":[12.625,11.458334,12.083334,11.5],"texture":"#0","tintindex":0},"west":{"uv":[10.708334,12.625,10.666666,12.666666],"texture":"#0","tintindex":0},"up":{"uv":[12.625,11.5,12.083334,11.541666],"texture":"#0","tintindex":0},"down":{"uv":[12.083334,11.458334,12.625,11.5],"texture":"#0","tintindex":0}}},{"from":[-3.16567,6.751,6.751],"to":[9.83233,7.749,7.749],"faces":{"east":{"uv":[11.291666,12.583334,11.25,12.625],"texture":"#0","tintindex":0},"south":{"uv":[12.625,11.541666,12.083334,11.5],"texture":"#0","tintindex":0},"north":{"uv":[12.625,11.458334,12.083334,11.5],"texture":"#0","tintindex":0},"west":{"uv":[10.708334,12.625,10.666666,12.666666],"texture":"#0","tintindex":0},"up":{"uv":[12.625,11.5,12.083334,11.541666],"texture":"#0","tintindex":0},"down":{"uv":[12.083334,11.458334,12.625,11.5],"texture":"#0","tintindex":0}}},{"from":[-0.16666985,6.0,6.0],"to":[3.8333302,10.0,10.0],"faces":{"east":{"uv":[12.083334,11.0,11.916666,11.166666],"texture":"#0","tintindex":0},"south":{"uv":[11.916666,11.333334,12.083334,11.166666],"texture":"#0","tintindex":0},"north":{"uv":[12.083334,11.166666,11.916666,11.333334],"texture":"#0","tintindex":0},"west":{"uv":[12.083334,11.333334,11.916666,11.5],"texture":"#0","tintindex":0},"up":{"uv":[11.916666,11.166666,12.083334,11.333334],"texture":"#0","tintindex":0},"down":{"uv":[11.916666,11.166666,12.083334,11.333334],"texture":"#0","tintindex":0}}},{"from":[3.8333302,6.5,6.5],"to":[4.83333,9.5,9.5],"faces":{"east":{"uv":[12.166666,12.25,12.041666,12.375],"texture":"#0","tintindex":0},"south":{"uv":[12.291666,12.458334,12.25,12.583334],"texture":"#0","tintindex":0},"north":{"uv":[12.541666,11.041666,12.5,11.166666],"texture":"#0","tintindex":0},"west":{"uv":[12.291666,12.25,12.166666,12.375],"texture":"#0","tintindex":0},"up":{"uv":[12.541666,11.166666,12.5,11.291666],"texture":"#0","tintindex":0},"down":{"uv":[11.333334,12.625,11.291666,12.5],"texture":"#0","tintindex":0}}},{"from":[-3.16567,8.251,6.751],"to":[9.83233,9.249,7.749],"faces":{"east":{"uv":[11.291666,12.583334,11.25,12.625],"texture":"#0","tintindex":0},"south":{"uv":[12.625,11.541666,12.083334,11.5],"texture":"#0","tintindex":0},"north":{"uv":[12.625,11.458334,12.083334,11.5],"texture":"#0","tintindex":0},"west":{"uv":[10.708334,12.625,10.666666,12.666666],"texture":"#0","tintindex":0},"up":{"uv":[12.625,11.5,12.083334,11.541666],"texture":"#0","tintindex":0},"down":{"uv":[12.083334,11.458334,12.625,11.5],"texture":"#0","tintindex":0}}}],"textures":{"particle":"#0","0":"modelengine:84d03129-625d-47f2-a8d3-9fb4886793ab"}}