{"display":{"head":{},"firstperson_righthand":{},"thirdperson_lefthand":{},"firstperson_lefthand":{},"fixed":{},"ground":{},"thirdperson_righthand":{},"gui":{"rotation":[-150.0,-45.0,180.0]}},"elements":[{"from":[6.50075,5.3195996,6.19591],"to":[9.499249,7.3805995,7.88191],"rotation":{"origin":[8.0,6.5375996,7.03891],"axis":"x","angle":45.0},"faces":{"east":{"uv":[1.0625,13.6875,1.1875,13.875],"texture":"#0","tintindex":0},"south":{"uv":[5.125,10.125,5.375,10.3125],"texture":"#0","tintindex":0},"north":{"uv":[5.125,9.5625,5.375,9.75],"texture":"#0","tintindex":0},"west":{"uv":[5.6875,9.125,5.8125,9.3125],"texture":"#0","tintindex":0},"up":{"uv":[5.8125,11.375,5.5625,11.25],"texture":"#0","tintindex":0},"down":{"uv":[5.8125,12.1875,5.5625,12.3125],"texture":"#0","tintindex":0}}},{"from":[6.49925,5.6882606,5.73074],"to":[9.500751,9.1543,9.769251],"rotation":{"origin":[8.0,8.403549,7.5185003],"axis":"x","angle":-22.5},"faces":{"east":{"uv":[3.8125,10.4375,4.125,10.75],"texture":"#0","tintindex":0},"south":{"uv":[3.3125,12.5,3.5625,12.8125],"texture":"#0","tintindex":0},"north":{"uv":[2.25,12.5,2.5,12.8125],"texture":"#0","tintindex":0},"west":{"uv":[3.3125,11.8125,3.625,12.125],"texture":"#0","tintindex":0},"up":{"uv":[4.8125,9.3125,4.5625,9.0],"texture":"#0","tintindex":0},"down":{"uv":[4.875,9.8125,4.625,10.125],"texture":"#0","tintindex":0}}},{"from":[6.5,7.1628094,8.79407],"to":[9.5,9.612619,11.24387],"rotation":{"origin":[8.0,8.487619,9.91907],"axis":"x","angle":22.5},"faces":{"east":{"uv":[5.4375,11.4375,5.625,11.625],"texture":"#0","tintindex":0},"south":{"uv":[5.1875,8.125,5.4375,8.3125],"texture":"#0","tintindex":0},"north":{"uv":[5.125,12.25,5.375,12.4375],"texture":"#0","tintindex":0},"west":{"uv":[3.625,13.4375,3.8125,13.625],"texture":"#0","tintindex":0},"up":{"uv":[5.4375,8.5,5.1875,8.3125],"texture":"#0","tintindex":0},"down":{"uv":[5.4375,11.5,5.1875,11.6875],"texture":"#0","tintindex":0}}},{"from":[6.5,6.27244,5.5805],"to":[9.5,8.4126,8.09567],"faces":{"east":{"uv":[2.3125,13.4375,2.5,13.625],"texture":"#0","tintindex":0},"south":{"uv":[5.125,9.0,5.375,9.1875],"texture":"#0","tintindex":0},"north":{"uv":[5.0625,13.0,5.3125,13.1875],"texture":"#0","tintindex":0},"west":{"uv":[3.0625,13.4375,3.25,13.625],"texture":"#0","tintindex":0},"up":{"uv":[5.375,9.375,5.125,9.1875],"texture":"#0","tintindex":0},"down":{"uv":[5.375,9.375,5.125,9.5625],"texture":"#0","tintindex":0}}}],"textures":{"particle":"#0","0":"modelengine:84d03129-625d-47f2-a8d3-9fb4886793ab"}}