{"display":{"head":{},"firstperson_righthand":{},"thirdperson_lefthand":{},"firstperson_lefthand":{},"fixed":{},"ground":{},"thirdperson_righthand":{},"gui":{"rotation":[-150.0,-45.0,180.0]}},"elements":[{"from":[10.25,5.9357595,0.98667526],"to":[18.5,6.6857595,1.7366748],"rotation":{"origin":[13.625,6.4982595,1.5491748],"axis":"x","angle":45.0},"faces":{"east":{"uv":[14.916666,11.375,14.958334,11.416666],"texture":"#0","rotation":90,"tintindex":0},"south":{"uv":[13.375,11.666666,13.333334,12.125],"texture":"#0","rotation":270,"tintindex":0},"north":{"uv":[14.333334,11.125,14.791666,11.083334],"texture":"#0","tintindex":0},"west":{"uv":[14.083334,12.25,14.125,12.291666],"texture":"#0","rotation":270,"tintindex":0},"up":{"uv":[13.375,12.125,13.333334,11.666666],"texture":"#0","rotation":90,"tintindex":0},"down":{"uv":[14.333334,11.083334,14.791666,11.125],"texture":"#0","rotation":180,"tintindex":0}}},{"from":[1.77425,4.99751,1.3742499],"to":[2.5257492,7.99901,4.37575],"rotation":{"origin":[10.3296795,6.4982595,2.875],"axis":"x","angle":-45.0},"faces":{"east":{"uv":[14.083334,11.375,14.25,11.541666],"texture":"#0","rotation":90,"tintindex":0},"south":{"uv":[14.916666,11.125,14.75,11.166666],"texture":"#0","rotation":270,"tintindex":0},"north":{"uv":[14.875,11.833334,14.708334,11.791666],"texture":"#0","rotation":270,"tintindex":0},"west":{"uv":[13.666666,11.458334,13.833334,11.625],"texture":"#0","rotation":270,"tintindex":0},"up":{"uv":[14.708334,11.833334,14.875,11.791666],"texture":"#0","rotation":90,"tintindex":0},"down":{"uv":[14.75,11.125,14.916666,11.166666],"texture":"#0","rotation":270,"tintindex":0}}},{"from":[10.25,4.609935,2.6875],"to":[17.75,5.359935,3.4375],"rotation":{"origin":[14.0,5.172435,2.875],"axis":"x","angle":45.0},"faces":{"east":{"uv":[14.916666,11.375,14.958334,11.416666],"texture":"#0","rotation":90,"tintindex":0},"south":{"uv":[13.375,11.666666,13.333334,12.125],"texture":"#0","rotation":270,"tintindex":0},"north":{"uv":[14.333334,11.125,14.791666,11.083334],"texture":"#0","tintindex":0},"west":{"uv":[14.083334,12.25,14.125,12.291666],"texture":"#0","rotation":270,"tintindex":0},"up":{"uv":[13.375,12.125,13.333334,11.666666],"texture":"#0","rotation":90,"tintindex":0},"down":{"uv":[14.333334,11.083334,14.791666,11.125],"texture":"#0","rotation":180,"tintindex":0}}},{"from":[3.5,6.1232595,1.1875],"to":[9.5,6.8732595,1.9375],"faces":{"east":{"uv":[14.916666,11.375,14.958334,11.416666],"texture":"#0","rotation":90,"tintindex":0},"south":{"uv":[13.375,11.666666,13.333334,12.125],"texture":"#0","rotation":270,"tintindex":0},"north":{"uv":[14.333334,11.125,14.791666,11.083334],"texture":"#0","tintindex":0},"west":{"uv":[14.083334,12.25,14.125,12.291666],"texture":"#0","rotation":270,"tintindex":0},"up":{"uv":[13.375,12.125,13.333334,11.666666],"texture":"#0","rotation":90,"tintindex":0},"down":{"uv":[14.333334,11.083334,14.791666,11.125],"texture":"#0","rotation":180,"tintindex":0}}},{"from":[-6.4750004,4.9982595,1.6750002],"to":[-1.9750004,7.9982595,4.675],"rotation":{"origin":[-1.9750004,6.4982595,3.1750002],"axis":"y","angle":-22.5},"faces":{"east":{"uv":[13.833334,11.5,14.0,11.666666],"texture":"#0","rotation":90,"tintindex":0},"south":{"uv":[14.083334,11.25,13.916666,11.5],"texture":"#0","rotation":270,"tintindex":0},"north":{"uv":[14.083334,11.25,13.916666,11.0],"texture":"#0","rotation":270,"tintindex":0},"west":{"uv":[14.208334,10.666666,14.375,10.833334],"texture":"#0","rotation":270,"tintindex":0},"up":{"uv":[13.666666,11.0,13.916666,11.166666],"texture":"#0","tintindex":0},"down":{"uv":[13.916666,11.0,13.666666,11.166666],"texture":"#0","rotation":180,"tintindex":0}}},{"from":[15.125,5.3732595,1.75],"to":[15.875,7.6232595,4.0],"rotation":{"origin":[10.3296795,6.4982595,2.875],"axis":"x","angle":-45.0},"faces":{"east":{"uv":[14.375,10.666666,14.5,10.791666],"texture":"#0","rotation":90,"tintindex":0},"south":{"uv":[13.458334,11.541666,13.5,11.416666],"texture":"#0","tintindex":0},"north":{"uv":[13.5,11.416666,13.458334,11.541666],"texture":"#0","tintindex":0},"west":{"uv":[14.125,11.708334,14.25,11.833334],"texture":"#0","rotation":270,"tintindex":0},"up":{"uv":[13.458334,11.416666,13.5,11.541666],"texture":"#0","tintindex":0},"down":{"uv":[13.5,11.541666,13.458334,11.416666],"texture":"#0","rotation":180,"tintindex":0}}},{"from":[-9.971531,5.74901,3.73252],"to":[-6.22303,7.24751,5.23102],"faces":{"east":{"uv":[14.833334,11.916666,14.916666,12.0],"texture":"#0","rotation":90,"tintindex":0},"south":{"uv":[14.0,11.666666,13.916666,11.875],"texture":"#0","rotation":270,"tintindex":0},"north":{"uv":[13.916666,11.875,13.833334,11.666666],"texture":"#0","rotation":270,"tintindex":0},"west":{"uv":[14.833334,12.0,14.916666,12.083334],"texture":"#0","rotation":270,"tintindex":0},"up":{"uv":[14.541666,11.291666,14.333334,11.375],"texture":"#0","tintindex":0},"down":{"uv":[14.333334,11.291666,14.541666,11.375],"texture":"#0","rotation":180,"tintindex":0}}},{"from":[3.5,5.7482595,2.125],"to":[13.25,7.2482595,3.625],"rotation":{"origin":[10.3296795,6.4982595,2.875],"axis":"x","angle":-45.0},"faces":{"east":{"uv":[14.875,10.916666,14.958334,11.0],"texture":"#0","rotation":90,"tintindex":0},"south":{"uv":[14.041666,10.916666,13.5,11.0],"texture":"#0","tintindex":0},"north":{"uv":[13.583334,11.541666,13.5,11.0],"texture":"#0","rotation":270,"tintindex":0},"west":{"uv":[13.666666,12.208334,13.75,12.291666],"texture":"#0","rotation":270,"tintindex":0},"up":{"uv":[13.5,11.541666,13.583334,11.0],"texture":"#0","rotation":90,"tintindex":0},"down":{"uv":[13.5,10.916666,14.041666,11.0],"texture":"#0","rotation":180,"tintindex":0}}},{"from":[-6.0138454,5.7482595,-1.6334896],"to":[-3.7638454,7.2482595,-0.13348961],"rotation":{"origin":[-6.759795,7.22258,2.11651],"axis":"y","angle":-45.0},"faces":{"east":{"uv":[14.875,10.666666,14.958334,10.75],"texture":"#0","rotation":90,"tintindex":0},"south":{"uv":[14.666666,12.0,14.583334,12.125],"texture":"#0","rotation":270,"tintindex":0},"north":{"uv":[13.708334,12.125,13.625,12.0],"texture":"#0","rotation":270,"tintindex":0},"west":{"uv":[13.416666,12.208334,13.5,12.291666],"texture":"#0","rotation":270,"tintindex":0},"up":{"uv":[14.666666,10.833334,14.791666,10.916666],"texture":"#0","tintindex":0},"down":{"uv":[13.833334,12.0,13.958334,12.083334],"texture":"#0","rotation":180,"tintindex":0}}},{"from":[13.8125,5.3732595,1.75],"to":[14.5625,7.6232595,4.0],"rotation":{"origin":[10.3296795,6.4982595,2.875],"axis":"x","angle":-45.0},"faces":{"east":{"uv":[14.375,10.666666,14.5,10.791666],"texture":"#0","rotation":90,"tintindex":0},"south":{"uv":[13.458334,11.541666,13.5,11.416666],"texture":"#0","tintindex":0},"north":{"uv":[13.5,11.416666,13.458334,11.541666],"texture":"#0","tintindex":0},"west":{"uv":[14.125,11.708334,14.25,11.833334],"texture":"#0","rotation":270,"tintindex":0},"up":{"uv":[13.458334,11.416666,13.5,11.541666],"texture":"#0","tintindex":0},"down":{"uv":[13.5,11.541666,13.458334,11.416666],"texture":"#0","rotation":180,"tintindex":0}}},{"from":[-15.39925,5.74901,0.62575006],"to":[-4.90075,7.24751,2.12425],"rotation":{"origin":[-2.6499996,6.4982595,3.625],"axis":"y","angle":-22.5},"faces":{"east":{"uv":[14.583334,12.125,14.666666,12.208334],"texture":"#0","rotation":90,"tintindex":0},"south":{"uv":[13.5,10.833334,13.416666,11.416666],"texture":"#0","rotation":270,"tintindex":0},"north":{"uv":[13.416666,11.416666,13.333334,10.833334],"texture":"#0","rotation":270,"tintindex":0},"west":{"uv":[14.666666,12.125,14.75,12.208334],"texture":"#0","rotation":270,"tintindex":0},"up":{"uv":[13.916666,10.75,13.333334,10.833334],"texture":"#0","tintindex":0},"down":{"uv":[13.333334,10.75,13.916666,10.833334],"texture":"#0","rotation":180,"tintindex":0}}},{"from":[9.5,4.9982595,1.375],"to":[10.25,7.9982595,4.375],"rotation":{"origin":[10.3296795,6.4982595,2.875],"axis":"x","angle":-45.0},"faces":{"east":{"uv":[14.083334,11.375,14.25,11.541666],"texture":"#0","rotation":90,"tintindex":0},"south":{"uv":[14.916666,11.125,14.75,11.166666],"texture":"#0","rotation":270,"tintindex":0},"north":{"uv":[14.875,11.833334,14.708334,11.791666],"texture":"#0","rotation":270,"tintindex":0},"west":{"uv":[13.666666,11.458334,13.833334,11.625],"texture":"#0","rotation":270,"tintindex":0},"up":{"uv":[14.708334,11.833334,14.875,11.791666],"texture":"#0","rotation":90,"tintindex":0},"down":{"uv":[14.75,11.125,14.916666,11.166666],"texture":"#0","rotation":270,"tintindex":0}}},{"from":[-2.9305,5.74901,2.87575],"to":[-1.4319992,7.24751,4.37425],"rotation":{"origin":[-1.6000004,6.4982595,4.375],"axis":"y","angle":22.5},"faces":{"east":{"uv":[14.75,11.916666,14.833334,12.0],"texture":"#0","rotation":90,"tintindex":0},"south":{"uv":[13.541666,12.125,13.458334,12.208334],"texture":"#0","rotation":270,"tintindex":0},"north":{"uv":[14.875,10.833334,14.791666,10.75],"texture":"#0","rotation":270,"tintindex":0},"west":{"uv":[14.75,12.083334,14.833334,12.166666],"texture":"#0","rotation":270,"tintindex":0},"up":{"uv":[14.875,10.666666,14.791666,10.75],"texture":"#0","tintindex":0},"down":{"uv":[14.791666,10.666666,14.875,10.75],"texture":"#0","rotation":180,"tintindex":0}}},{"from":[-1.2250004,5.3732595,1.75],"to":[1.0249996,7.6232595,4.0],"faces":{"east":{"uv":[14.5,11.666666,14.625,11.791666],"texture":"#0","rotation":90,"tintindex":0},"south":{"uv":[13.958334,11.875,13.833334,12.0],"texture":"#0","rotation":270,"tintindex":0},"north":{"uv":[13.708334,12.0,13.583334,11.875],"texture":"#0","rotation":270,"tintindex":0},"west":{"uv":[13.458334,11.875,13.583334,12.0],"texture":"#0","rotation":270,"tintindex":0},"up":{"uv":[14.5,11.791666,14.625,11.916666],"texture":"#0","tintindex":0},"down":{"uv":[14.625,11.791666,14.5,11.916666],"texture":"#0","rotation":180,"tintindex":0}}},{"from":[0.7712097,4.192775,2.49925],"to":[3.7727108,4.944275,3.25075],"rotation":{"origin":[2.0844593,4.5685253,2.875],"axis":"z","angle":22.5},"faces":{"east":{"uv":[13.916666,12.25,13.958334,12.291666],"texture":"#0","rotation":90,"tintindex":0},"south":{"uv":[14.166666,12.208334,14.125,12.375],"texture":"#0","rotation":270,"tintindex":0},"north":{"uv":[14.916666,11.583334,14.875,11.416666],"texture":"#0","rotation":270,"tintindex":0},"west":{"uv":[13.958334,12.25,14.0,12.291666],"texture":"#0","rotation":270,"tintindex":0},"up":{"uv":[14.166666,12.375,14.125,12.208334],"texture":"#0","rotation":90,"tintindex":0},"down":{"uv":[14.916666,11.416666,14.875,11.583334],"texture":"#0","rotation":270,"tintindex":0}}},{"from":[-2.9125004,5.75,5.5194397],"to":[-1.4125004,7.25,7.0194397],"faces":{"east":{"uv":[13.625,12.125,13.708334,12.208334],"texture":"#0","rotation":90,"tintindex":0},"south":{"uv":[14.875,11.708334,14.791666,11.791666],"texture":"#0","rotation":270,"tintindex":0},"north":{"uv":[14.875,11.708334,14.791666,11.625],"texture":"#0","rotation":270,"tintindex":0},"west":{"uv":[14.166666,12.125,14.25,12.208334],"texture":"#0","rotation":270,"tintindex":0},"up":{"uv":[14.875,11.541666,14.791666,11.625],"texture":"#0","tintindex":0},"down":{"uv":[14.791666,11.541666,14.875,11.625],"texture":"#0","rotation":180,"tintindex":0}}},{"from":[3.5,7.4357595,2.5],"to":[9.5,8.1857605,3.25],"faces":{"east":{"uv":[14.916666,11.375,14.958334,11.416666],"texture":"#0","rotation":90,"tintindex":0},"south":{"uv":[13.375,11.666666,13.333334,12.125],"texture":"#0","rotation":270,"tintindex":0},"north":{"uv":[14.333334,11.125,14.791666,11.083334],"texture":"#0","tintindex":0},"west":{"uv":[14.083334,12.25,14.125,12.291666],"texture":"#0","rotation":270,"tintindex":0},"up":{"uv":[13.375,12.125,13.333334,11.666666],"texture":"#0","rotation":90,"tintindex":0},"down":{"uv":[14.333334,11.083334,14.791666,11.125],"texture":"#0","rotation":180,"tintindex":0}}},{"from":[-1.2250004,6.4982595,3.8125],"to":[0.27499962,6.4982595,5.3125],"rotation":{"origin":[-0.28750038,5.3732595,4.75],"axis":"y","angle":22.5},"faces":{"up":{"uv":[13.625,12.125,13.541666,12.208334],"texture":"#0","tintindex":0},"down":{"uv":[13.541666,12.125,13.625,12.208334],"texture":"#0","rotation":180,"tintindex":0}}},{"from":[-2.7250004,5.7482595,2.125],"to":[1.7749996,7.2482595,3.625],"faces":{"east":{"uv":[14.25,12.083334,14.333334,12.166666],"texture":"#0","rotation":90,"tintindex":0},"south":{"uv":[13.791666,11.625,13.708334,11.875],"texture":"#0","rotation":270,"tintindex":0},"north":{"uv":[13.708334,11.875,13.625,11.625],"texture":"#0","rotation":270,"tintindex":0},"west":{"uv":[14.75,11.833334,14.833334,11.916666],"texture":"#0","rotation":270,"tintindex":0},"up":{"uv":[14.25,11.416666,14.5,11.5],"texture":"#0","tintindex":0},"down":{"uv":[14.083334,11.625,14.333334,11.708334],"texture":"#0","rotation":180,"tintindex":0}}},{"from":[-2.5375004,6.1232595,4.45],"to":[-1.7875004,6.8732595,5.95],"faces":{"east":{"uv":[13.625,11.541666,13.666666,11.625],"texture":"#0","rotation":90,"tintindex":0},"south":{"uv":[14.958334,11.0,14.916666,11.041666],"texture":"#0","rotation":270,"tintindex":0},"north":{"uv":[14.75,12.25,14.708334,12.208334],"texture":"#0","rotation":270,"tintindex":0},"west":{"uv":[14.875,11.625,14.916666,11.708334],"texture":"#0","rotation":270,"tintindex":0},"up":{"uv":[13.333334,12.125,13.375,12.208334],"texture":"#0","tintindex":0},"down":{"uv":[14.875,11.708334,14.916666,11.791666],"texture":"#0","rotation":180,"tintindex":0}}},{"from":[-5.9213047,2.55332,1.5301399],"to":[-3.6713047,4.05332,3.03014],"rotation":{"origin":[-6.6672554,4.02765,2.28014],"axis":"z","angle":45.0},"faces":{"east":{"uv":[14.875,10.666666,14.958334,10.75],"texture":"#0","rotation":90,"tintindex":0},"south":{"uv":[14.666666,12.0,14.583334,12.125],"texture":"#0","rotation":270,"tintindex":0},"north":{"uv":[13.708334,12.125,13.625,12.0],"texture":"#0","rotation":270,"tintindex":0},"west":{"uv":[13.416666,12.208334,13.5,12.291666],"texture":"#0","rotation":270,"tintindex":0},"up":{"uv":[14.666666,10.833334,14.791666,10.916666],"texture":"#0","tintindex":0},"down":{"uv":[13.833334,12.0,13.958334,12.083334],"texture":"#0","rotation":180,"tintindex":0}}},{"from":[10.25,7.7142496,2.5],"to":[17.75,8.464251,3.25],"rotation":{"origin":[13.625,8.089251,2.875],"axis":"x","angle":45.0},"faces":{"east":{"uv":[14.916666,11.375,14.958334,11.416666],"texture":"#0","rotation":90,"tintindex":0},"south":{"uv":[13.375,11.666666,13.333334,12.125],"texture":"#0","rotation":270,"tintindex":0},"north":{"uv":[14.333334,11.125,14.791666,11.083334],"texture":"#0","tintindex":0},"west":{"uv":[14.083334,12.25,14.125,12.291666],"texture":"#0","rotation":270,"tintindex":0},"up":{"uv":[13.375,12.125,13.333334,11.666666],"texture":"#0","rotation":90,"tintindex":0},"down":{"uv":[14.333334,11.083334,14.791666,11.125],"texture":"#0","rotation":180,"tintindex":0}}},{"from":[-5.9213047,8.94668,1.417635],"to":[-3.6713047,10.44668,2.917635],"rotation":{"origin":[-6.6672554,8.972355,2.167635],"axis":"z","angle":-45.0},"faces":{"east":{"uv":[14.875,10.666666,14.958334,10.75],"texture":"#0","rotation":90,"tintindex":0},"south":{"uv":[14.583334,12.0,14.666666,12.125],"texture":"#0","rotation":270,"tintindex":0},"north":{"uv":[13.708334,12.125,13.625,12.0],"texture":"#0","rotation":270,"tintindex":0},"west":{"uv":[13.416666,12.208334,13.5,12.291666],"texture":"#0","rotation":270,"tintindex":0},"up":{"uv":[13.958334,12.0,13.833334,12.083334],"texture":"#0","tintindex":0},"down":{"uv":[14.791666,10.833334,14.666666,10.916666],"texture":"#0","rotation":180,"tintindex":0}}},{"from":[3.5,6.1232595,3.8125],"to":[9.5,6.8732595,4.5625],"faces":{"east":{"uv":[14.916666,11.375,14.958334,11.416666],"texture":"#0","rotation":90,"tintindex":0},"south":{"uv":[13.375,11.666666,13.333334,12.125],"texture":"#0","rotation":270,"tintindex":0},"north":{"uv":[14.333334,11.125,14.791666,11.083334],"texture":"#0","tintindex":0},"west":{"uv":[14.083334,12.25,14.125,12.291666],"texture":"#0","rotation":270,"tintindex":0},"up":{"uv":[13.375,12.125,13.333334,11.666666],"texture":"#0","rotation":90,"tintindex":0},"down":{"uv":[14.333334,11.083334,14.791666,11.125],"texture":"#0","rotation":180,"tintindex":0}}},{"from":[10.25,6.1232595,4.09099],"to":[17.0,6.8732595,4.84099],"rotation":{"origin":[13.625,6.4982595,4.46599],"axis":"x","angle":45.0},"faces":{"east":{"uv":[14.916666,11.375,14.958334,11.416666],"texture":"#0","rotation":90,"tintindex":0},"south":{"uv":[13.375,11.666666,13.333334,12.125],"texture":"#0","rotation":270,"tintindex":0},"north":{"uv":[14.333334,11.125,14.791666,11.083334],"texture":"#0","tintindex":0},"west":{"uv":[14.083334,12.25,14.125,12.291666],"texture":"#0","rotation":270,"tintindex":0},"up":{"uv":[13.375,12.125,13.333334,11.666666],"texture":"#0","rotation":90,"tintindex":0},"down":{"uv":[14.333334,11.083334,14.791666,11.125],"texture":"#0","rotation":180,"tintindex":0}}},{"from":[-2.7912903,6.12251,4.428985],"to":[3.7727108,6.87401,5.180485],"rotation":{"origin":[2.0844593,6.4982595,4.804735],"axis":"y","angle":22.5},"faces":{"east":{"uv":[14.0,12.25,14.041666,12.291666],"texture":"#0","rotation":90,"tintindex":0},"south":{"uv":[14.416666,11.583334,14.791666,11.541666],"texture":"#0","tintindex":0},"north":{"uv":[14.291666,12.083334,14.25,11.708334],"texture":"#0","rotation":270,"tintindex":0},"west":{"uv":[14.041666,12.25,14.083334,12.291666],"texture":"#0","rotation":270,"tintindex":0},"up":{"uv":[14.416666,11.541666,14.791666,11.583334],"texture":"#0","tintindex":0},"down":{"uv":[14.291666,11.708334,14.25,12.083334],"texture":"#0","rotation":270,"tintindex":0}}},{"from":[0.7712097,6.12251,0.5695152],"to":[3.7727108,6.87401,1.3210149],"rotation":{"origin":[2.0844593,6.4982595,0.9452648],"axis":"y","angle":-22.5},"faces":{"east":{"uv":[13.916666,12.25,13.958334,12.291666],"texture":"#0","rotation":90,"tintindex":0},"south":{"uv":[14.166666,12.208334,14.125,12.375],"texture":"#0","rotation":270,"tintindex":0},"north":{"uv":[14.916666,11.583334,14.875,11.416666],"texture":"#0","rotation":270,"tintindex":0},"west":{"uv":[13.958334,12.25,14.0,12.291666],"texture":"#0","rotation":270,"tintindex":0},"up":{"uv":[14.166666,12.375,14.125,12.208334],"texture":"#0","rotation":90,"tintindex":0},"down":{"uv":[14.916666,11.416666,14.875,11.583334],"texture":"#0","rotation":270,"tintindex":0}}},{"from":[-11.413136,2.9517603,1.53089],"to":[-5.4146347,4.4502554,3.029385],"rotation":{"origin":[-6.6672554,4.02765,2.28014],"axis":"z","angle":22.5},"faces":{"east":{"uv":[14.875,10.75,14.958334,10.833334],"texture":"#0","rotation":90,"tintindex":0},"south":{"uv":[14.333334,11.083334,14.25,11.416666],"texture":"#0","rotation":270,"tintindex":0},"north":{"uv":[13.625,11.875,13.541666,11.541666],"texture":"#0","rotation":270,"tintindex":0},"west":{"uv":[13.5,12.208334,13.583334,12.291666],"texture":"#0","rotation":270,"tintindex":0},"up":{"uv":[14.083334,11.541666,14.416666,11.625],"texture":"#0","tintindex":0},"down":{"uv":[14.25,11.0,14.583334,11.083334],"texture":"#0","rotation":180,"tintindex":0}}},{"from":[-6.7297,5.7482595,4.129455],"to":[-3.7297,7.2482595,5.6294546],"rotation":{"origin":[-7.47565,6.4982595,4.15514],"axis":"y","angle":22.5},"faces":{"east":{"uv":[14.25,12.166666,14.333334,12.25],"texture":"#0","rotation":90,"tintindex":0},"south":{"uv":[14.708334,11.666666,14.625,11.833334],"texture":"#0","rotation":270,"tintindex":0},"north":{"uv":[14.208334,12.125,14.125,11.958334],"texture":"#0","rotation":270,"tintindex":0},"west":{"uv":[14.833334,11.833334,14.916666,11.916666],"texture":"#0","rotation":270,"tintindex":0},"up":{"uv":[14.791666,10.666666,14.625,10.75],"texture":"#0","tintindex":0},"down":{"uv":[14.625,10.666666,14.791666,10.75],"texture":"#0","rotation":180,"tintindex":0}}},{"from":[0.7712097,8.052235,2.49925],"to":[3.7727108,8.803736,3.25075],"rotation":{"origin":[2.0844593,8.42799,2.875],"axis":"z","angle":-22.5},"faces":{"east":{"uv":[13.916666,12.25,13.958334,12.291666],"texture":"#0","rotation":90,"tintindex":0},"south":{"uv":[14.166666,12.208334,14.125,12.375],"texture":"#0","rotation":270,"tintindex":0},"north":{"uv":[14.916666,11.583334,14.875,11.416666],"texture":"#0","rotation":270,"tintindex":0},"west":{"uv":[13.958334,12.25,14.0,12.291666],"texture":"#0","rotation":270,"tintindex":0},"up":{"uv":[14.166666,12.375,14.125,12.208334],"texture":"#0","rotation":90,"tintindex":0},"down":{"uv":[14.916666,11.416666,14.875,11.583334],"texture":"#0","rotation":270,"tintindex":0}}},{"from":[-9.279221,5.3732595,0.3977003],"to":[-4.7792196,7.6232595,2.6476998],"faces":{"east":{"uv":[14.5,10.666666,14.625,10.791666],"texture":"#0","rotation":90,"tintindex":0},"south":{"uv":[14.208334,10.791666,14.083334,11.041666],"texture":"#0","rotation":270,"tintindex":0},"north":{"uv":[13.458334,11.666666,13.333334,11.416666],"texture":"#0","rotation":270,"tintindex":0},"west":{"uv":[14.125,11.833334,14.25,11.958334],"texture":"#0","rotation":270,"tintindex":0},"up":{"uv":[13.916666,10.666666,14.166666,10.791666],"texture":"#0","tintindex":0},"down":{"uv":[14.166666,10.666666,13.916666,10.791666],"texture":"#0","rotation":180,"tintindex":0}}},{"from":[3.5,4.8107595,2.5],"to":[9.5,5.5607595,3.25],"faces":{"east":{"uv":[14.916666,11.375,14.958334,11.416666],"texture":"#0","rotation":90,"tintindex":0},"south":{"uv":[13.375,11.666666,13.333334,12.125],"texture":"#0","rotation":270,"tintindex":0},"north":{"uv":[14.333334,11.125,14.791666,11.083334],"texture":"#0","tintindex":0},"west":{"uv":[14.083334,12.25,14.125,12.291666],"texture":"#0","rotation":270,"tintindex":0},"up":{"uv":[13.375,12.125,13.333334,11.666666],"texture":"#0","rotation":90,"tintindex":0},"down":{"uv":[14.333334,11.083334,14.791666,11.125],"texture":"#0","rotation":180,"tintindex":0}}},{"from":[-11.414116,8.549339,1.4191399],"to":[-5.415615,10.047834,2.917635],"rotation":{"origin":[-6.66823,8.971951,2.1683898],"axis":"z","angle":-22.5},"faces":{"east":{"uv":[14.875,10.75,14.958334,10.833334],"texture":"#0","rotation":90,"tintindex":0},"south":{"uv":[14.25,11.083334,14.333334,11.416666],"texture":"#0","rotation":270,"tintindex":0},"north":{"uv":[13.625,11.875,13.541666,11.541666],"texture":"#0","rotation":270,"tintindex":0},"west":{"uv":[13.583334,12.208334,13.5,12.291666],"texture":"#0","rotation":270,"tintindex":0},"up":{"uv":[14.583334,11.0,14.25,11.083334],"texture":"#0","tintindex":0},"down":{"uv":[14.416666,11.541666,14.083334,11.625],"texture":"#0","rotation":180,"tintindex":0}}}],"textures":{"particle":"#0","0":"modelengine:84d03129-625d-47f2-a8d3-9fb4886793ab"}}