{"display":{"head":{},"firstperson_righthand":{},"thirdperson_lefthand":{},"firstperson_lefthand":{},"fixed":{},"ground":{},"thirdperson_righthand":{},"gui":{"rotation":[-150.0,-45.0,180.0]}},"elements":[{"from":[0.0,4.0,8.0],"to":[16.0,12.0,8.0],"faces":{"south":{"uv":[9.333334,11.333334,8.0,12.0],"texture":"#0","tintindex":0},"north":{"uv":[8.0,11.333334,9.333334,12.0],"texture":"#0","tintindex":0}}},{"from":[15.5,5.0,7.5],"to":[16.5,7.0,8.5],"faces":{"east":{"uv":[9.416666,11.75,9.5,11.916666],"texture":"#0","tintindex":0},"south":{"uv":[9.416666,11.75,9.5,11.916666],"texture":"#0","tintindex":0},"north":{"uv":[9.416666,12.0,9.5,12.166666],"texture":"#0","tintindex":0},"west":{"uv":[9.5,12.0,9.416666,12.166666],"texture":"#0","tintindex":0},"up":{"uv":[9.583334,11.083334,9.5,11.0],"texture":"#0","rotation":90,"tintindex":0},"down":{"uv":[8.5,12.166666,8.416666,12.25],"texture":"#0","rotation":270,"tintindex":0}}},{"from":[15.0,3.0,7.0],"to":[17.0,5.0,9.0],"faces":{"east":{"uv":[8.5,12.0,8.666666,12.166666],"texture":"#0","tintindex":0},"south":{"uv":[8.833334,12.0,8.666666,12.166666],"texture":"#0","tintindex":0},"north":{"uv":[9.333334,11.333334,9.5,11.5],"texture":"#0","tintindex":0},"west":{"uv":[8.666666,12.0,8.833334,12.166666],"texture":"#0","tintindex":0},"up":{"uv":[9.333334,11.333334,9.5,11.5],"texture":"#0","rotation":90,"tintindex":0},"down":{"uv":[9.5,11.5,9.333334,11.666666],"texture":"#0","rotation":270,"tintindex":0}}},{"from":[-0.5,9.0,7.5],"to":[0.5,11.0,8.5],"faces":{"east":{"uv":[9.416666,12.166666,9.5,12.0],"texture":"#0","tintindex":0},"south":{"uv":[9.5,11.916666,9.416666,11.75],"texture":"#0","tintindex":0},"north":{"uv":[9.5,12.166666,9.416666,12.0],"texture":"#0","tintindex":0},"west":{"uv":[9.5,11.916666,9.416666,11.75],"texture":"#0","tintindex":0},"up":{"uv":[8.5,12.166666,8.416666,12.25],"texture":"#0","rotation":90,"tintindex":0},"down":{"uv":[9.583334,11.083334,9.5,11.0],"texture":"#0","rotation":270,"tintindex":0}}},{"from":[13.0,3.5,7.5],"to":[15.0,4.5,8.5],"faces":{"east":{"uv":[8.5,12.166666,8.416666,12.25],"texture":"#0","rotation":180,"tintindex":0},"south":{"uv":[9.416666,11.75,9.5,11.916666],"texture":"#0","rotation":270,"tintindex":0},"north":{"uv":[9.416666,12.0,9.5,12.166666],"texture":"#0","rotation":90,"tintindex":0},"west":{"uv":[9.583334,11.083334,9.5,11.0],"texture":"#0","tintindex":0},"up":{"uv":[9.416666,11.75,9.5,11.916666],"texture":"#0","rotation":270,"tintindex":0},"down":{"uv":[9.5,12.0,9.416666,12.166666],"texture":"#0","rotation":270,"tintindex":0}}},{"from":[-1.0,11.0,7.0],"to":[1.0,13.0,9.0],"faces":{"east":{"uv":[8.5,12.0,8.666666,12.166666],"texture":"#0","tintindex":0},"south":{"uv":[8.833334,12.0,8.666666,12.166666],"texture":"#0","tintindex":0},"north":{"uv":[9.333334,11.333334,9.5,11.5],"texture":"#0","tintindex":0},"west":{"uv":[8.666666,12.0,8.833334,12.166666],"texture":"#0","tintindex":0},"up":{"uv":[9.333334,11.333334,9.5,11.5],"texture":"#0","rotation":90,"tintindex":0},"down":{"uv":[9.5,11.5,9.333334,11.666666],"texture":"#0","rotation":270,"tintindex":0}}},{"from":[1.0,11.5,7.5],"to":[3.0,12.5,8.5],"faces":{"east":{"uv":[9.5,11.083334,9.583334,11.0],"texture":"#0","tintindex":0},"south":{"uv":[9.416666,11.916666,9.5,11.75],"texture":"#0","rotation":270,"tintindex":0},"north":{"uv":[9.416666,12.166666,9.5,12.0],"texture":"#0","rotation":90,"tintindex":0},"west":{"uv":[8.416666,12.166666,8.5,12.25],"texture":"#0","rotation":180,"tintindex":0},"up":{"uv":[9.416666,11.916666,9.5,11.75],"texture":"#0","rotation":270,"tintindex":0},"down":{"uv":[9.5,12.166666,9.416666,12.0],"texture":"#0","rotation":270,"tintindex":0}}}],"textures":{"particle":"#0","0":"modelengine:84d03129-625d-47f2-a8d3-9fb4886793ab"}}