{"display":{"head":{},"firstperson_righthand":{},"thirdperson_lefthand":{},"firstperson_lefthand":{},"fixed":{},"ground":{},"thirdperson_righthand":{},"gui":{"rotation":[-150.0,-45.0,180.0]}},"elements":[{"from":[7.625,2.0,7.25],"to":[9.125,5.75,8.75],"faces":{"east":{"uv":[4.375,13.375,4.5,13.6875],"texture":"#0","tintindex":0},"south":{"uv":[5.0,13.375,5.125,13.6875],"texture":"#0","tintindex":0},"north":{"uv":[4.25,13.375,4.375,13.6875],"texture":"#0","tintindex":0},"west":{"uv":[5.125,13.375,5.25,13.6875],"texture":"#0","tintindex":0},"up":{"uv":[5.9375,10.625,5.8125,10.5],"texture":"#0","tintindex":0},"down":{"uv":[2.8125,13.8125,2.6875,13.9375],"texture":"#0","tintindex":0}}},{"from":[7.625,0.5,6.125],"to":[8.375,2.0,6.875],"rotation":{"origin":[7.625,0.875,6.5],"axis":"x","angle":22.5},"faces":{"east":{"uv":[4.4375,11.3125,4.5,11.4375],"texture":"#0","tintindex":0},"south":{"uv":[0.3125,12.6875,0.375,12.8125],"texture":"#0","tintindex":0},"north":{"uv":[4.3125,9.9375,4.375,10.0625],"texture":"#0","tintindex":0},"west":{"uv":[4.3125,12.6875,4.375,12.8125],"texture":"#0","tintindex":0},"up":{"uv":[3.8125,10.625,3.75,10.5625],"texture":"#0","tintindex":0},"down":{"uv":[4.125,8.1875,4.0625,8.25],"texture":"#0","tintindex":0}}},{"from":[7.74516,-1.0514698,6.875],"to":[8.49516,1.1985302,9.125],"rotation":{"origin":[7.8176904,0.8389807,8.0],"axis":"z","angle":-45.0},"faces":{"east":{"uv":[0.1875,13.5,0.375,13.6875],"texture":"#0","tintindex":0},"south":{"uv":[0.3125,11.875,0.375,12.0625],"texture":"#0","tintindex":0},"north":{"uv":[3.625,11.8125,3.6875,12.0],"texture":"#0","tintindex":0},"west":{"uv":[0.375,13.5,0.5625,13.6875],"texture":"#0","tintindex":0},"up":{"uv":[2.6875,12.0625,2.625,11.875],"texture":"#0","tintindex":0},"down":{"uv":[4.125,8.0,4.0625,8.1875],"texture":"#0","tintindex":0}}},{"from":[6.5,5.75,6.5],"to":[9.5,8.0,9.5],"faces":{"east":{"uv":[5.25,10.875,5.5,11.0625],"texture":"#0","tintindex":0},"south":{"uv":[5.25,11.0625,5.5,11.25],"texture":"#0","tintindex":0},"north":{"uv":[5.25,10.6875,5.5,10.875],"texture":"#0","tintindex":0},"west":{"uv":[3.125,13.25,3.375,13.4375],"texture":"#0","tintindex":0},"up":{"uv":[5.25,11.0,5.0,10.75],"texture":"#0","tintindex":0},"down":{"uv":[5.25,11.0,5.0,11.25],"texture":"#0","tintindex":0}}},{"from":[7.83119,0.9119005,6.875],"to":[8.58119,2.41191,9.125],"rotation":{"origin":[7.8176904,0.8389807,8.0],"axis":"z","angle":-22.5},"faces":{"east":{"uv":[5.6875,10.0,5.875,10.125],"texture":"#0","tintindex":0},"south":{"uv":[2.875,12.1875,2.9375,12.3125],"texture":"#0","tintindex":0},"north":{"uv":[4.1875,8.6875,4.25,8.8125],"texture":"#0","tintindex":0},"west":{"uv":[5.6875,10.125,5.875,10.25],"texture":"#0","tintindex":0},"up":{"uv":[3.875,8.75,3.8125,8.5625],"texture":"#0","tintindex":0},"down":{"uv":[0.8125,11.8125,0.75,12.0],"texture":"#0","tintindex":0}}}],"textures":{"particle":"#0","0":"modelengine:84d03129-625d-47f2-a8d3-9fb4886793ab"}}