{"display":{"head":{},"firstperson_righthand":{},"thirdperson_lefthand":{},"firstperson_lefthand":{},"fixed":{},"ground":{},"thirdperson_righthand":{},"gui":{"rotation":[-150.0,-45.0,180.0]}},"elements":[{"from":[7.16684,-10.5658,8.67455],"to":[8.66684,-1.5657997,10.17455],"rotation":{"origin":[7.91684,-1.8470497,9.38705],"axis":"y","angle":-45.0},"faces":{"east":{"uv":[2.5,12.125,2.625,12.875],"texture":"#0","tintindex":0},"south":{"uv":[3.5625,12.125,3.6875,12.875],"texture":"#0","tintindex":0},"north":{"uv":[1.625,12.125,1.75,12.875],"texture":"#0","tintindex":0},"west":{"uv":[4.25,8.375,4.375,9.125],"texture":"#0","tintindex":0},"up":{"uv":[5.9375,12.3125,5.8125,12.1875],"texture":"#0","tintindex":0},"down":{"uv":[5.9375,12.3125,5.8125,12.4375],"texture":"#0","tintindex":0}}},{"from":[5.86499,4.7746296,7.3986797],"to":[9.98999,7.7746296,11.52367],"rotation":{"origin":[7.92749,6.2746296,9.46118],"axis":"y","angle":45.0},"faces":{"east":{"uv":[4.8125,9.25,5.125,9.5],"texture":"#0","tintindex":0},"south":{"uv":[4.125,10.4375,4.5,10.6875],"texture":"#0","tintindex":0},"north":{"uv":[4.0,9.25,4.375,9.5],"texture":"#0","tintindex":0},"west":{"uv":[4.8125,9.5,5.125,9.75],"texture":"#0","tintindex":0},"up":{"uv":[3.8125,10.4375,3.4375,10.125],"texture":"#0","tintindex":0},"down":{"uv":[3.875,8.75,3.5,9.0625],"texture":"#0","tintindex":0}}},{"from":[6.79184,-1.5657997,8.29955],"to":[9.04184,2.9341998,10.54955],"rotation":{"origin":[7.91684,-1.8470497,9.38705],"axis":"y","angle":-45.0},"faces":{"east":{"uv":[2.4375,12.875,2.625,13.25],"texture":"#0","tintindex":0},"south":{"uv":[3.4375,12.875,3.625,13.25],"texture":"#0","tintindex":0},"north":{"uv":[4.875,9.75,5.0625,10.125],"texture":"#0","tintindex":0},"west":{"uv":[4.875,11.5,5.0625,11.875],"texture":"#0","tintindex":0},"up":{"uv":[5.6875,10.125,5.5,9.9375],"texture":"#0","tintindex":0},"down":{"uv":[5.6875,10.125,5.5,10.3125],"texture":"#0","tintindex":0}}},{"from":[7.54184,-0.8158102,9.04955],"to":[9.41684,-0.0658102,10.92455],"rotation":{"origin":[7.91684,-1.8470497,9.38705],"axis":"y","angle":-45.0},"faces":{"east":{"uv":[3.9375,10.0625,4.125,10.125],"texture":"#0","tintindex":0},"south":{"uv":[3.4375,12.8125,3.5625,12.875],"texture":"#0","tintindex":0},"north":{"uv":[4.6875,11.25,4.8125,11.3125],"texture":"#0","tintindex":0},"west":{"uv":[4.125,10.6875,4.3125,10.75],"texture":"#0","tintindex":0},"up":{"uv":[5.8125,10.6875,5.6875,10.5],"texture":"#0","tintindex":0},"down":{"uv":[2.6875,13.6875,2.5625,13.875],"texture":"#0","tintindex":0}}},{"from":[6.60434,2.9341998,8.11205],"to":[9.22934,4.8092,10.73705],"rotation":{"origin":[7.91684,3.8716998,9.38705],"axis":"y","angle":-45.0},"faces":{"east":{"uv":[4.75,13.25,5.0,13.4375],"texture":"#0","tintindex":0},"south":{"uv":[1.125,13.5,1.3125,13.6875],"texture":"#0","tintindex":0},"north":{"uv":[5.5,8.75,5.6875,8.9375],"texture":"#0","tintindex":0},"west":{"uv":[0.3125,13.3125,0.5625,13.5],"texture":"#0","tintindex":0},"up":{"uv":[0.1875,13.5625,0.0,13.3125],"texture":"#0","tintindex":0},"down":{"uv":[5.5,8.5,5.3125,8.75],"texture":"#0","tintindex":0}}},{"from":[7.54184,0.6841898,9.04955],"to":[9.41684,2.1841898,10.92455],"rotation":{"origin":[7.91684,-1.8470497,9.38705],"axis":"y","angle":-45.0},"faces":{"east":{"uv":[5.6875,10.25,5.875,10.375],"texture":"#0","tintindex":0},"south":{"uv":[4.625,13.8125,4.75,13.9375],"texture":"#0","tintindex":0},"north":{"uv":[4.5,13.8125,4.625,13.9375],"texture":"#0","tintindex":0},"west":{"uv":[5.6875,10.375,5.875,10.5],"texture":"#0","tintindex":0},"up":{"uv":[1.5625,13.875,1.4375,13.6875],"texture":"#0","tintindex":0},"down":{"uv":[2.5625,13.6875,2.4375,13.875],"texture":"#0","tintindex":0}}}],"textures":{"particle":"#0","0":"modelengine:84d03129-625d-47f2-a8d3-9fb4886793ab"}}