{"display":{"head":{},"firstperson_righthand":{},"thirdperson_lefthand":{},"firstperson_lefthand":{},"fixed":{},"ground":{},"thirdperson_righthand":{},"gui":{"rotation":[-150.0,-45.0,180.0]}},"elements":[{"from":[7.38898,6.4816904,5.9753103],"to":[8.38898,8.48169,6.9753103],"rotation":{"origin":[6.38898,6.2316904,7.9753103],"axis":"x","angle":22.5},"faces":{"east":{"uv":[9.5,9.166666,9.666666,9.5],"texture":"#0","tintindex":0},"south":{"uv":[9.5,9.5,9.666666,9.833334],"texture":"#0","tintindex":0},"north":{"uv":[9.5,8.833334,9.666666,9.166666],"texture":"#0","tintindex":0},"west":{"uv":[8.0,9.666666,8.166666,10.0],"texture":"#0","tintindex":0},"up":{"uv":[10.166666,8.833334,10.0,8.666666],"texture":"#0","tintindex":0},"down":{"uv":[9.0,10.0,8.833334,10.166666],"texture":"#0","tintindex":0}}},{"from":[5.38898,7.7316904,9.47531],"to":[6.38898,9.73169,10.47531],"faces":{"east":{"uv":[10.0,9.166666,9.833334,9.5],"texture":"#0","tintindex":0},"south":{"uv":[9.333334,9.833334,9.166666,10.166666],"texture":"#0","tintindex":0},"north":{"uv":[9.833334,9.166666,10.0,9.5],"texture":"#0","tintindex":0},"west":{"uv":[9.166666,9.833334,9.333334,10.166666],"texture":"#0","tintindex":0},"up":{"uv":[10.166666,9.833334,10.0,10.0],"texture":"#0","tintindex":0},"down":{"uv":[10.166666,10.166666,10.0,10.0],"texture":"#0","tintindex":0}}},{"from":[9.13898,6.7316904,7.7253103],"to":[10.13898,8.73169,8.72531],"rotation":{"origin":[9.38898,7.2316904,8.22531],"axis":"z","angle":45.0},"faces":{"east":{"uv":[8.166666,9.666666,8.333334,10.0],"texture":"#0","tintindex":0},"south":{"uv":[9.666666,8.833334,9.833334,9.166666],"texture":"#0","tintindex":0},"north":{"uv":[9.666666,8.0,9.833334,8.333334],"texture":"#0","tintindex":0},"west":{"uv":[9.666666,9.166666,9.833334,9.5],"texture":"#0","tintindex":0},"up":{"uv":[10.166666,9.333334,10.0,9.166666],"texture":"#0","tintindex":0},"down":{"uv":[10.166666,9.333334,10.0,9.5],"texture":"#0","tintindex":0}}},{"from":[5.88898,8.23169,5.9753103],"to":[9.88898,9.23169,9.97531],"faces":{"east":{"uv":[8.333334,9.333334,9.0,9.5],"texture":"#0","tintindex":0},"south":{"uv":[8.333334,9.333334,9.0,9.5],"texture":"#0","tintindex":0},"north":{"uv":[8.333334,9.333334,9.0,9.5],"texture":"#0","tintindex":0},"west":{"uv":[8.333334,9.333334,9.0,9.5],"texture":"#0","tintindex":0},"up":{"uv":[8.666666,8.666666,8.0,8.0],"texture":"#0","tintindex":0},"down":{"uv":[8.666666,8.666666,8.0,8.0],"texture":"#0","tintindex":0}}},{"from":[6.88898,4.2316904,6.9753103],"to":[8.88898,8.23169,8.97531],"faces":{"east":{"uv":[9.333334,8.0,9.0,8.666666],"texture":"#0","tintindex":0},"south":{"uv":[9.0,8.0,9.333334,8.666666],"texture":"#0","tintindex":0},"north":{"uv":[8.666666,8.0,9.0,8.666666],"texture":"#0","tintindex":0},"west":{"uv":[9.0,8.0,8.666666,8.666666],"texture":"#0","tintindex":0},"up":{"uv":[8.333334,9.666666,8.0,9.333334],"texture":"#0","tintindex":0},"down":{"uv":[9.666666,8.0,9.333334,8.333334],"texture":"#0","tintindex":0}}},{"from":[5.38898,7.7316904,5.4753103],"to":[6.38898,9.73169,6.4753103],"faces":{"east":{"uv":[9.833334,9.166666,10.0,9.5],"texture":"#0","tintindex":0},"south":{"uv":[10.0,9.166666,9.833334,9.5],"texture":"#0","tintindex":0},"north":{"uv":[9.166666,9.833334,9.333334,10.166666],"texture":"#0","tintindex":0},"west":{"uv":[9.333334,9.833334,9.166666,10.166666],"texture":"#0","tintindex":0},"up":{"uv":[10.166666,10.0,10.0,9.833334],"texture":"#0","tintindex":0},"down":{"uv":[10.166666,10.0,10.0,10.166666],"texture":"#0","tintindex":0}}},{"from":[5.88898,5.4816904,7.4753103],"to":[6.88898,8.48169,8.47531],"rotation":{"origin":[6.38898,6.2316904,7.9753103],"axis":"z","angle":-22.5},"faces":{"east":{"uv":[9.0,9.333334,9.166666,9.833334],"texture":"#0","tintindex":0},"south":{"uv":[9.166666,9.333334,9.333334,9.833334],"texture":"#0","tintindex":0},"north":{"uv":[9.333334,8.833334,9.5,9.333334],"texture":"#0","tintindex":0},"west":{"uv":[9.333334,9.333334,9.5,9.833334],"texture":"#0","tintindex":0},"up":{"uv":[8.666666,10.166666,8.5,10.0],"texture":"#0","tintindex":0},"down":{"uv":[8.833334,10.0,8.666666,10.166666],"texture":"#0","tintindex":0}}},{"from":[8.38898,5.9816904,8.47531],"to":[9.38898,8.98169,9.47531],"rotation":{"origin":[8.88898,7.2316904,8.97531],"axis":"x","angle":-22.5},"faces":{"east":{"uv":[8.5,9.5,8.666666,10.0],"texture":"#0","tintindex":0},"south":{"uv":[8.666666,9.5,8.833334,10.0],"texture":"#0","tintindex":0},"north":{"uv":[8.333334,9.5,8.5,10.0],"texture":"#0","tintindex":0},"west":{"uv":[8.833334,9.5,9.0,10.0],"texture":"#0","tintindex":0},"up":{"uv":[10.166666,9.0,10.0,8.833334],"texture":"#0","tintindex":0},"down":{"uv":[10.166666,9.0,10.0,9.166666],"texture":"#0","tintindex":0}}},{"from":[9.38898,7.7316904,5.4753103],"to":[10.38898,9.73169,6.4753103],"faces":{"east":{"uv":[9.166666,9.833334,9.333334,10.166666],"texture":"#0","tintindex":0},"south":{"uv":[9.833334,9.166666,10.0,9.5],"texture":"#0","tintindex":0},"north":{"uv":[9.333334,9.833334,9.166666,10.166666],"texture":"#0","tintindex":0},"west":{"uv":[10.0,9.166666,9.833334,9.5],"texture":"#0","tintindex":0},"up":{"uv":[10.0,10.0,10.166666,9.833334],"texture":"#0","tintindex":0},"down":{"uv":[10.0,10.0,10.166666,10.166666],"texture":"#0","tintindex":0}}},{"from":[9.38898,7.7316904,9.47531],"to":[10.38898,9.73169,10.47531],"faces":{"east":{"uv":[9.333334,9.833334,9.166666,10.166666],"texture":"#0","tintindex":0},"south":{"uv":[9.166666,9.833334,9.333334,10.166666],"texture":"#0","tintindex":0},"north":{"uv":[10.0,9.166666,9.833334,9.5],"texture":"#0","tintindex":0},"west":{"uv":[9.833334,9.166666,10.0,9.5],"texture":"#0","tintindex":0},"up":{"uv":[10.0,9.833334,10.166666,10.0],"texture":"#0","tintindex":0},"down":{"uv":[10.0,10.166666,10.166666,10.0],"texture":"#0","tintindex":0}}}],"textures":{"particle":"#0","0":"modelengine:84d03129-625d-47f2-a8d3-9fb4886793ab"}}