{"display":{"head":{},"firstperson_righthand":{},"thirdperson_lefthand":{},"firstperson_lefthand":{},"fixed":{},"ground":{},"thirdperson_righthand":{},"gui":{"rotation":[-150.0,-45.0,180.0]}},"elements":[{"from":[6.7013392,6.9991794,1.8995003],"to":[13.70334,9.00118,3.9015002],"rotation":{"origin":[10.702339,8.000179,2.9005003],"axis":"y","angle":22.5},"faces":{"east":{"uv":[12.083334,13.833334,12.0,13.75],"texture":"#0","rotation":270,"tintindex":0},"south":{"uv":[11.708334,14.125,11.625,14.416666],"texture":"#0","rotation":90,"tintindex":0},"north":{"uv":[11.166666,14.541666,11.083334,14.25],"texture":"#0","rotation":90,"tintindex":0},"west":{"uv":[11.125,14.75,11.041666,14.666666],"texture":"#0","rotation":90,"tintindex":0},"up":{"uv":[11.916666,14.125,11.625,14.041666],"texture":"#0","rotation":180,"tintindex":0},"down":{"uv":[11.625,14.125,11.916666,14.041666],"texture":"#0","tintindex":0}}},{"from":[-1.3724289,6.9996796,6.1841307],"to":[-0.3724289,8.99968,8.184131],"rotation":{"origin":[-5.3729286,8.000179,7.1846304],"axis":"x","angle":-45.0},"faces":{"east":{"uv":[12.083334,13.75,12.0,13.666666],"texture":"#0","rotation":270,"tintindex":0},"south":{"uv":[11.166666,14.416666,11.208334,14.333334],"texture":"#0","rotation":180,"tintindex":0},"north":{"uv":[11.166666,14.5,11.208334,14.416666],"texture":"#0","rotation":180,"tintindex":0},"west":{"uv":[11.041666,14.75,10.958334,14.666666],"texture":"#0","rotation":90,"tintindex":0},"up":{"uv":[11.208334,14.5,11.166666,14.416666],"texture":"#0","rotation":180,"tintindex":0},"down":{"uv":[11.208334,14.416666,11.166666,14.333334],"texture":"#0","tintindex":0}}},{"from":[6.624172,7.0001793,3.5073605],"to":[8.624172,9.000179,6.5073605],"faces":{"east":{"uv":[11.791666,14.75,11.708334,14.625],"texture":"#0","rotation":270,"tintindex":0},"south":{"uv":[10.833334,14.708334,10.75,14.791666],"texture":"#0","rotation":90,"tintindex":0},"north":{"uv":[12.041666,14.75,11.958334,14.666666],"texture":"#0","rotation":90,"tintindex":0},"west":{"uv":[11.708334,14.75,11.625,14.625],"texture":"#0","rotation":90,"tintindex":0},"up":{"uv":[11.875,14.75,11.791666,14.625],"texture":"#0","rotation":180,"tintindex":0},"down":{"uv":[11.791666,14.75,11.875,14.625],"texture":"#0","tintindex":0}}},{"from":[1.6265717,7.000679,6.18513],"to":[4.6265717,9.000679,8.18513],"rotation":{"origin":[-5.3729286,8.000179,7.1846304],"axis":"x","angle":-45.0},"faces":{"east":{"uv":[12.083334,13.416666,12.0,13.333334],"texture":"#0","rotation":270,"tintindex":0},"south":{"uv":[12.0,13.916666,11.916666,14.041666],"texture":"#0","rotation":90,"tintindex":0},"north":{"uv":[10.958334,14.666666,11.083334,14.583334],"texture":"#0","rotation":180,"tintindex":0},"west":{"uv":[10.75,14.75,10.666666,14.666666],"texture":"#0","rotation":90,"tintindex":0},"up":{"uv":[11.083334,14.666666,10.958334,14.583334],"texture":"#0","rotation":180,"tintindex":0},"down":{"uv":[11.916666,13.916666,12.0,14.041666],"texture":"#0","rotation":90,"tintindex":0}}},{"from":[11.604251,6.9991794,15.6495],"to":[19.60625,9.00118,17.6515],"rotation":{"origin":[16.605251,8.000179,3.6505003],"axis":"y","angle":-22.5},"faces":{"east":{"uv":[11.541666,14.75,11.458334,14.666666],"texture":"#0","rotation":270,"tintindex":0},"south":{"uv":[10.833334,14.25,10.75,14.583334],"texture":"#0","rotation":90,"tintindex":0},"north":{"uv":[10.75,14.583334,10.666666,14.25],"texture":"#0","rotation":90,"tintindex":0},"west":{"uv":[12.083334,14.166666,12.0,14.083334],"texture":"#0","rotation":90,"tintindex":0},"up":{"uv":[11.625,14.291666,11.291666,14.208334],"texture":"#0","rotation":180,"tintindex":0},"down":{"uv":[11.75,13.958334,11.416666,13.875],"texture":"#0","tintindex":0}}},{"from":[6.6282806,7.0001793,6.6714],"to":[8.628281,9.000179,14.671401],"faces":{"east":{"uv":[11.0,14.583334,10.916666,14.25],"texture":"#0","rotation":270,"tintindex":0},"south":{"uv":[12.083334,14.5,12.0,14.583334],"texture":"#0","rotation":90,"tintindex":0},"north":{"uv":[12.083334,14.25,12.0,14.166666],"texture":"#0","rotation":90,"tintindex":0},"west":{"uv":[10.916666,14.583334,10.833334,14.25],"texture":"#0","rotation":90,"tintindex":0},"up":{"uv":[11.083334,14.583334,11.0,14.25],"texture":"#0","rotation":180,"tintindex":0},"down":{"uv":[11.666666,13.833334,11.583334,13.5],"texture":"#0","tintindex":0}}},{"from":[-12.372429,7.4996796,6.6841307],"to":[4.627571,8.49968,7.6841307],"rotation":{"origin":[-5.3729286,8.000179,7.1846304],"axis":"x","angle":-45.0},"faces":{"east":{"uv":[11.916666,13.625,11.875,13.583334],"texture":"#0","rotation":270,"tintindex":0},"south":{"uv":[11.291666,14.041666,11.25,14.75],"texture":"#0","rotation":90,"tintindex":0},"north":{"uv":[11.208334,14.041666,11.916666,14.0],"texture":"#0","rotation":180,"tintindex":0},"west":{"uv":[11.208334,14.541666,11.166666,14.5],"texture":"#0","rotation":90,"tintindex":0},"up":{"uv":[11.916666,14.041666,11.208334,14.0],"texture":"#0","rotation":180,"tintindex":0},"down":{"uv":[11.25,14.041666,11.291666,14.75],"texture":"#0","rotation":90,"tintindex":0}}},{"from":[4.6265717,6.0001793,5.1853304],"to":[8.626572,10.000179,9.18533],"rotation":{"origin":[6.6265717,8.000179,7.1853304],"axis":"x","angle":-45.0},"faces":{"east":{"uv":[11.291666,14.208334,11.458334,14.041666],"texture":"#0","rotation":270,"tintindex":0},"south":{"uv":[11.583334,13.708334,11.416666,13.875],"texture":"#0","rotation":90,"tintindex":0},"north":{"uv":[11.416666,13.708334,11.583334,13.541666],"texture":"#0","rotation":180,"tintindex":0},"west":{"uv":[11.458334,14.208334,11.291666,14.041666],"texture":"#0","rotation":90,"tintindex":0},"up":{"uv":[11.583334,13.708334,11.416666,13.541666],"texture":"#0","rotation":180,"tintindex":0},"down":{"uv":[11.416666,13.708334,11.583334,13.875],"texture":"#0","rotation":90,"tintindex":0}}},{"from":[13.792912,6.5001793,15.12156],"to":[16.792912,9.500179,18.12156],"faces":{"east":{"uv":[12.0,13.583334,11.875,13.458334],"texture":"#0","rotation":270,"tintindex":0},"south":{"uv":[11.875,13.583334,12.0,13.458334],"texture":"#0","rotation":90,"tintindex":0},"north":{"uv":[11.875,13.458334,12.0,13.583334],"texture":"#0","rotation":90,"tintindex":0},"west":{"uv":[11.875,13.583334,12.0,13.458334],"texture":"#0","rotation":90,"tintindex":0},"up":{"uv":[12.0,13.583334,11.875,13.458334],"texture":"#0","rotation":180,"tintindex":0},"down":{"uv":[11.875,14.625,11.75,14.5],"texture":"#0","tintindex":0}}},{"from":[12.480251,7.0001793,1.9005003],"to":[18.480251,9.000179,3.9005003],"rotation":{"origin":[15.480251,8.000179,2.9005003],"axis":"y","angle":-22.5},"faces":{"east":{"uv":[12.083334,13.916666,12.0,13.833334],"texture":"#0","rotation":270,"tintindex":0},"south":{"uv":[11.625,14.375,11.541666,14.625],"texture":"#0","rotation":90,"tintindex":0},"north":{"uv":[11.791666,14.375,11.708334,14.125],"texture":"#0","rotation":90,"tintindex":0},"west":{"uv":[11.208334,14.75,11.125,14.666666],"texture":"#0","rotation":90,"tintindex":0},"up":{"uv":[11.916666,13.791666,11.666666,13.708334],"texture":"#0","rotation":180,"tintindex":0},"down":{"uv":[11.666666,13.791666,11.916666,13.708334],"texture":"#0","tintindex":0}}},{"from":[8.627571,6.9994698,6.1846304],"to":[11.627571,8.99947,8.18463],"rotation":{"origin":[10.127571,7.9994698,7.1846304],"axis":"x","angle":-45.0},"faces":{"east":{"uv":[12.083334,13.416666,12.0,13.333334],"texture":"#0","rotation":270,"tintindex":0},"south":{"uv":[12.0,13.916666,11.916666,14.041666],"texture":"#0","rotation":90,"tintindex":0},"north":{"uv":[10.958334,14.666666,11.083334,14.583334],"texture":"#0","rotation":180,"tintindex":0},"west":{"uv":[10.75,14.75,10.666666,14.666666],"texture":"#0","rotation":90,"tintindex":0},"up":{"uv":[11.083334,14.666666,10.958334,14.583334],"texture":"#0","rotation":180,"tintindex":0},"down":{"uv":[11.916666,13.916666,12.0,14.041666],"texture":"#0","rotation":90,"tintindex":0}}},{"from":[-9.372429,6.9994698,6.1846304],"to":[-8.372429,8.99947,8.18463],"rotation":{"origin":[-12.872429,7.9994698,7.1846304],"axis":"x","angle":-45.0},"faces":{"east":{"uv":[12.083334,13.75,12.0,13.666666],"texture":"#0","rotation":270,"tintindex":0},"south":{"uv":[11.166666,14.416666,11.208334,14.333334],"texture":"#0","rotation":180,"tintindex":0},"north":{"uv":[11.166666,14.5,11.208334,14.416666],"texture":"#0","rotation":180,"tintindex":0},"west":{"uv":[11.041666,14.75,10.958334,14.666666],"texture":"#0","rotation":90,"tintindex":0},"up":{"uv":[11.208334,14.5,11.166666,14.416666],"texture":"#0","rotation":180,"tintindex":0},"down":{"uv":[11.208334,14.416666,11.166666,14.333334],"texture":"#0","tintindex":0}}},{"from":[11.626572,6.0001793,5.1853304],"to":[21.62657,10.000179,9.18533],"faces":{"east":{"uv":[11.666666,13.5,11.5,13.333334],"texture":"#0","rotation":270,"tintindex":0},"south":{"uv":[10.666666,13.5,11.083334,13.333334],"texture":"#0","rotation":180,"tintindex":0},"north":{"uv":[11.083334,13.333334,10.666666,13.5],"texture":"#0","rotation":180,"tintindex":0},"west":{"uv":[11.625,14.208334,11.458334,14.041666],"texture":"#0","rotation":90,"tintindex":0},"up":{"uv":[11.083334,13.666666,10.666666,13.5],"texture":"#0","rotation":180,"tintindex":0},"down":{"uv":[11.083334,13.5,10.666666,13.333334],"texture":"#0","tintindex":0}}},{"from":[8.631572,6.5051794,5.6903305],"to":[11.621572,9.495179,8.68033],"rotation":{"origin":[10.126572,8.000179,7.1853304],"axis":"x","angle":-45.0},"faces":{"east":{"uv":[11.875,13.458334,11.75,13.333334],"texture":"#0","rotation":270,"tintindex":0},"south":{"uv":[11.75,13.458334,11.875,13.583334],"texture":"#0","rotation":180,"tintindex":0},"north":{"uv":[11.75,13.458334,11.875,13.583334],"texture":"#0","rotation":180,"tintindex":0},"west":{"uv":[11.208334,13.666666,11.083334,13.541666],"texture":"#0","rotation":90,"tintindex":0},"up":{"uv":[11.875,13.583334,11.75,13.458334],"texture":"#0","rotation":180,"tintindex":0},"down":{"uv":[11.875,13.583334,11.75,13.458334],"texture":"#0","tintindex":0}}},{"from":[16.626572,6.5001793,9.18533],"to":[19.62657,9.500179,10.18533],"faces":{"east":{"uv":[11.875,13.958334,11.75,13.916666],"texture":"#0","rotation":270,"tintindex":0},"south":{"uv":[11.75,14.5,11.625,14.625],"texture":"#0","rotation":90,"tintindex":0},"north":{"uv":[11.916666,14.375,11.791666,14.25],"texture":"#0","rotation":90,"tintindex":0},"west":{"uv":[11.875,13.958334,11.75,13.916666],"texture":"#0","rotation":90,"tintindex":0},"up":{"uv":[11.875,13.958334,11.75,13.916666],"texture":"#0","rotation":180,"tintindex":0},"down":{"uv":[11.875,13.958334,11.75,13.916666],"texture":"#0","tintindex":0}}},{"from":[14.876572,7.0001793,10.18533],"to":[16.876572,9.000179,17.18533],"rotation":{"origin":[18.126572,8.000179,16.18533],"axis":"y","angle":-22.5},"faces":{"east":{"uv":[10.666666,14.5625,10.75,14.25],"texture":"#0","rotation":270,"tintindex":0},"south":{"uv":[10.833334,14.25,10.75,14.583334],"texture":"#0","rotation":90,"tintindex":0},"north":{"uv":[10.75,14.583334,10.666666,14.25],"texture":"#0","rotation":90,"tintindex":0},"west":{"uv":[10.75,14.5625,10.833334,14.25],"texture":"#0","rotation":90,"tintindex":0},"up":{"uv":[11.3125,14.291666,11.625,14.208334],"texture":"#0","rotation":270,"tintindex":0},"down":{"uv":[11.3125,14.208334,11.625,14.291666],"texture":"#0","rotation":90,"tintindex":0}}},{"from":[-6.372429,6.9996796,6.1841307],"to":[-3.372429,8.99968,8.184131],"rotation":{"origin":[-5.3729286,8.000179,7.1846304],"axis":"x","angle":-45.0},"faces":{"east":{"uv":[12.083334,13.416666,12.0,13.333334],"texture":"#0","rotation":270,"tintindex":0},"south":{"uv":[12.0,13.916666,11.916666,14.041666],"texture":"#0","rotation":90,"tintindex":0},"north":{"uv":[10.958334,14.666666,11.083334,14.583334],"texture":"#0","rotation":180,"tintindex":0},"west":{"uv":[10.75,14.75,10.666666,14.666666],"texture":"#0","rotation":90,"tintindex":0},"up":{"uv":[11.083334,14.666666,10.958334,14.583334],"texture":"#0","rotation":180,"tintindex":0},"down":{"uv":[11.916666,13.916666,12.0,14.041666],"texture":"#0","rotation":90,"tintindex":0}}},{"from":[-11.372429,6.9994698,6.1846304],"to":[-10.372429,8.99947,8.18463],"rotation":{"origin":[-12.872429,7.9994698,7.1846304],"axis":"x","angle":-45.0},"faces":{"east":{"uv":[12.083334,13.75,12.0,13.666666],"texture":"#0","rotation":270,"tintindex":0},"south":{"uv":[11.166666,14.416666,11.208334,14.333334],"texture":"#0","rotation":180,"tintindex":0},"north":{"uv":[11.166666,14.5,11.208334,14.416666],"texture":"#0","rotation":180,"tintindex":0},"west":{"uv":[11.041666,14.75,10.958334,14.666666],"texture":"#0","rotation":90,"tintindex":0},"up":{"uv":[11.208334,14.5,11.166666,14.416666],"texture":"#0","rotation":180,"tintindex":0},"down":{"uv":[11.208334,14.416666,11.166666,14.333334],"texture":"#0","tintindex":0}}},{"from":[20.62657,5.5001793,4.285331],"to":[25.62657,10.500179,9.285331],"rotation":{"origin":[23.62657,8.000179,7.1853304],"axis":"y","angle":45.0},"faces":{"east":{"uv":[11.291666,13.541666,11.083334,13.333334],"texture":"#0","rotation":270,"tintindex":0},"south":{"uv":[11.291666,13.333334,11.083334,13.541666],"texture":"#0","rotation":90,"tintindex":0},"north":{"uv":[11.083334,13.541666,11.291666,13.333334],"texture":"#0","rotation":90,"tintindex":0},"west":{"uv":[11.291666,13.541666,11.083334,13.333334],"texture":"#0","rotation":90,"tintindex":0},"up":{"uv":[11.208334,14.083334,11.0,13.875],"texture":"#0","rotation":180,"tintindex":0},"down":{"uv":[11.291666,13.333334,11.083334,13.541666],"texture":"#0","tintindex":0}}},{"from":[16.63557,7.001179,3.1256704],"to":[18.633572,8.999179,6.12367],"faces":{"east":{"uv":[11.958334,14.708334,11.875,14.583334],"texture":"#0","rotation":270,"tintindex":0},"south":{"uv":[11.375,14.666666,11.291666,14.75],"texture":"#0","rotation":90,"tintindex":0},"north":{"uv":[12.083334,14.0,12.0,13.916666],"texture":"#0","rotation":90,"tintindex":0},"west":{"uv":[12.0,14.166666,11.916666,14.041666],"texture":"#0","rotation":90,"tintindex":0},"up":{"uv":[11.541666,14.625,11.625,14.75],"texture":"#0","rotation":180,"tintindex":0},"down":{"uv":[11.625,14.625,11.541666,14.75],"texture":"#0","tintindex":0}}}],"textures":{"particle":"#0","0":"modelengine:84d03129-625d-47f2-a8d3-9fb4886793ab"}}