{"display":{"head":{},"firstperson_righthand":{},"thirdperson_lefthand":{},"firstperson_lefthand":{},"fixed":{},"ground":{},"thirdperson_righthand":{},"gui":{"rotation":[-150.0,-45.0,180.0]}},"elements":[{"from":[6.996,0.996,6.996],"to":[9.004,8.004,9.004],"faces":{"east":{"uv":[0.625,7.5,0.875,8.375],"texture":"#0","tintindex":0},"south":{"uv":[7.5,0.75,7.75,1.625],"texture":"#0","tintindex":0},"north":{"uv":[1.75,7.375,2.0,8.25],"texture":"#0","tintindex":0},"west":{"uv":[7.5,1.625,7.75,2.5],"texture":"#0","tintindex":0},"up":{"uv":[3.625,8.75,3.375,8.5],"texture":"#0","tintindex":0},"down":{"uv":[8.75,4.25,8.5,4.5],"texture":"#0","tintindex":0}}},{"from":[6.8,0.8,6.8],"to":[9.2,8.2,9.2],"faces":{"east":{"uv":[4.0,7.875,4.25,8.75],"texture":"#0","tintindex":0},"south":{"uv":[4.25,7.875,4.5,8.75],"texture":"#0","tintindex":0},"north":{"uv":[7.875,3.75,8.125,4.625],"texture":"#0","tintindex":0},"west":{"uv":[4.5,7.875,4.75,8.75],"texture":"#0","tintindex":0},"up":{"uv":[4.0,8.875,3.75,8.625],"texture":"#0","tintindex":0},"down":{"uv":[7.75,8.625,7.5,8.875],"texture":"#0","tintindex":0}}}],"textures":{"particle":"#0","0":"modelengine:c77b793e-f3d4-4fc7-bf21-e4c67f8ba5e7"}}