{"display":{"head":{},"firstperson_righthand":{},"thirdperson_lefthand":{},"firstperson_lefthand":{},"fixed":{},"ground":{},"thirdperson_righthand":{},"gui":{"rotation":[-150.0,-45.0,180.0]}},"elements":[{"from":[6.8,0.8,7.8],"to":[9.2,8.2,10.2],"faces":{"east":{"uv":[8.25,0.0,8.5,0.875],"texture":"#0","tintindex":0},"south":{"uv":[8.25,0.875,8.5,1.75],"texture":"#0","tintindex":0},"north":{"uv":[8.0,8.125,8.25,9.0],"texture":"#0","tintindex":0},"west":{"uv":[1.75,8.25,2.0,9.125],"texture":"#0","tintindex":0},"up":{"uv":[9.0,1.625,8.75,1.375],"texture":"#0","tintindex":0},"down":{"uv":[1.75,8.75,1.5,9.0],"texture":"#0","tintindex":0}}},{"from":[6.997,0.997,7.997],"to":[9.003,8.003,10.003],"faces":{"east":{"uv":[7.625,2.875,7.875,3.75],"texture":"#0","tintindex":0},"south":{"uv":[3.0,7.625,3.25,8.5],"texture":"#0","tintindex":0},"north":{"uv":[2.75,7.625,3.0,8.5],"texture":"#0","tintindex":0},"west":{"uv":[3.25,7.625,3.5,8.5],"texture":"#0","tintindex":0},"up":{"uv":[8.75,6.25,8.5,6.0],"texture":"#0","tintindex":0},"down":{"uv":[8.75,6.25,8.5,6.5],"texture":"#0","tintindex":0}}}],"textures":{"particle":"#0","0":"modelengine:c77b793e-f3d4-4fc7-bf21-e4c67f8ba5e7"}}