{"display":{"head":{},"firstperson_righthand":{},"thirdperson_lefthand":{},"firstperson_lefthand":{},"fixed":{},"ground":{},"thirdperson_righthand":{},"gui":{"rotation":[-150.0,-45.0,180.0]}},"elements":[{"from":[6.996,0.996,6.996],"to":[9.004,8.004,9.004],"faces":{"east":{"uv":[0.0,7.875,0.25,8.75],"texture":"#0","tintindex":0},"south":{"uv":[0.25,7.875,0.5,8.75],"texture":"#0","tintindex":0},"north":{"uv":[7.75,7.625,8.0,8.5],"texture":"#0","tintindex":0},"west":{"uv":[7.875,2.875,8.125,3.75],"texture":"#0","tintindex":0},"up":{"uv":[8.75,7.75,8.5,7.5],"texture":"#0","tintindex":0},"down":{"uv":[8.0,8.5,7.75,8.75],"texture":"#0","tintindex":0}}}],"textures":{"particle":"#0","0":"modelengine:c77b793e-f3d4-4fc7-bf21-e4c67f8ba5e7"}}