{"display":{"head":{},"firstperson_righthand":{},"thirdperson_lefthand":{},"firstperson_lefthand":{},"fixed":{},"ground":{},"thirdperson_righthand":{},"gui":{"rotation":[-150.0,-45.0,180.0]}},"elements":[{"from":[7.75,1.7999992,6.75],"to":[10.25,9.299999,9.25],"faces":{"east":{"uv":[8.25,6.875,8.5,7.75],"texture":"#0","tintindex":0},"south":{"uv":[7.0,8.25,7.25,9.125],"texture":"#0","tintindex":0},"north":{"uv":[6.75,8.25,7.0,9.125],"texture":"#0","tintindex":0},"west":{"uv":[8.25,7.75,8.5,8.625],"texture":"#0","tintindex":0},"up":{"uv":[9.0,2.375,8.75,2.125],"texture":"#0","tintindex":0},"down":{"uv":[3.125,8.75,2.875,9.0],"texture":"#0","tintindex":0}}},{"from":[8.0,2.0,7.0],"to":[10.0,9.0,9.0],"faces":{"east":{"uv":[7.75,5.875,8.0,6.75],"texture":"#0","tintindex":0},"south":{"uv":[7.75,6.75,8.0,7.625],"texture":"#0","tintindex":0},"north":{"uv":[3.75,7.75,4.0,8.625],"texture":"#0","tintindex":0},"west":{"uv":[7.5,7.75,7.75,8.625],"texture":"#0","tintindex":0},"up":{"uv":[8.75,7.25,8.5,7.0],"texture":"#0","tintindex":0},"down":{"uv":[8.75,7.25,8.5,7.5],"texture":"#0","tintindex":0}}}],"textures":{"particle":"#0","0":"modelengine:c77b793e-f3d4-4fc7-bf21-e4c67f8ba5e7"}}