{"display":{"head":{},"firstperson_righthand":{},"thirdperson_lefthand":{},"firstperson_lefthand":{},"fixed":{},"ground":{},"thirdperson_righthand":{},"gui":{"rotation":[-150.0,-45.0,180.0]}},"elements":[{"from":[8.0,3.0,5.0],"to":[9.0,8.0,12.0],"faces":{"east":{"uv":[0.0,11.75,1.75,13.0],"texture":"#0","tintindex":0},"south":{"uv":[3.75,11.75,4.0,13.0],"texture":"#0","tintindex":0},"north":{"uv":[1.75,11.75,2.0,13.0],"texture":"#0","tintindex":0},"west":{"uv":[2.0,11.75,3.75,13.0],"texture":"#0","tintindex":0},"up":{"uv":[2.0,11.75,1.75,10.0],"texture":"#0","tintindex":0},"down":{"uv":[2.25,10.0,2.0,11.75],"texture":"#0","tintindex":0}}}],"textures":{"particle":"#0","0":"modelengine:8d0e0158-6083-4034-8d1f-f823fb658f71"}}