{"textures":{"0":"modelengine:entity/duck","particle":"#0"},"elements":[{"from":[8.0,-12.0,8.0],"to":[9.0,-8.0,9.0],"faces":{"east":{"uv":[10.0,1.0,10.25,2.0],"tintindex":0,"rotation":0,"texture":"#0"},"south":{"uv":[10.75,1.0,11.0,2.0],"tintindex":0,"rotation":0,"texture":"#0"},"north":{"uv":[10.25,1.0,10.5,2.0],"tintindex":0,"rotation":0,"texture":"#0"},"west":{"uv":[10.5,1.0,10.75,2.0],"tintindex":0,"rotation":0,"texture":"#0"},"up":{"uv":[10.5,1.0,10.25,0.75],"tintindex":0,"rotation":0,"texture":"#0"},"down":{"uv":[10.75,0.75,10.5,1.0],"tintindex":0,"rotation":0,"texture":"#0"}}},{"from":[7.0,-13.0,8.0],"to":[10.0,-12.0,11.0],"faces":{"east":{"uv":[9.0,6.25,9.75,6.5],"tintindex":0,"rotation":0,"texture":"#0"},"south":{"uv":[11.25,6.25,12.0,6.5],"tintindex":0,"rotation":0,"texture":"#0"},"north":{"uv":[9.75,6.25,10.5,6.5],"tintindex":0,"rotation":0,"texture":"#0"},"west":{"uv":[10.5,6.25,11.25,6.5],"tintindex":0,"rotation":0,"texture":"#0"},"up":{"uv":[10.5,6.25,9.75,5.5],"tintindex":0,"rotation":0,"texture":"#0"},"down":{"uv":[11.25,5.5,10.5,6.25],"tintindex":0,"rotation":0,"texture":"#0"}}}],"display":{"head":{"rotation":[0.0,0.0,0.0]},"firstperson_righthand":{"rotation":[0.0,0.0,0.0]},"thirdperson_lefthand":{"rotation":[0.0,-0.0,-0.0]},"firstperson_lefthand":{"rotation":[0.0,-0.0,-0.0]},"fixed":{"rotation":[0.0,0.0,0.0]},"ground":{"rotation":[0.0,0.0,0.0]},"thirdperson_righthand":{"rotation":[0.0,0.0,0.0]},"gui":{"rotation":[-150.0,-45.0,180.0]}}}