{"textures":{"0":"modelengine:entity/8e880c1e-5cb8-3892-bbbd-f9683f8af319","particle":"#0"},"elements":[{"from":[3.0,8.0,-1.0],"to":[13.0,28.0,12.0],"faces":{"east":{"uv":[-3.75,0.5,-0.5,5.5],"tintindex":0,"rotation":0,"texture":"#0"},"south":{"uv":[5.25,0.5,7.75,5.5],"tintindex":0,"rotation":0,"texture":"#0"},"north":{"uv":[-0.5,0.5,2.0,5.5],"tintindex":0,"rotation":0,"texture":"#0"},"west":{"uv":[2.0,0.5,5.25,5.5],"tintindex":0,"rotation":0,"texture":"#0"},"up":{"uv":[2.0,0.5,-0.5,-2.75],"tintindex":0,"rotation":0,"texture":"#0"},"down":{"uv":[4.5,-2.75,2.0,0.5],"tintindex":0,"rotation":0,"texture":"#0"}}}],"display":{"head":{"rotation":[0.0,0.0,0.0]},"firstperson_righthand":{"rotation":[0.0,0.0,0.0]},"thirdperson_lefthand":{"rotation":[0.0,-0.0,-0.0]},"firstperson_lefthand":{"rotation":[0.0,-0.0,-0.0]},"fixed":{"rotation":[0.0,0.0,0.0]},"ground":{"rotation":[0.0,0.0,0.0]},"thirdperson_righthand":{"rotation":[0.0,0.0,0.0]},"gui":{"rotation":[-150.0,-45.0,180.0]}}}