{"display":{"head":{},"firstperson_righthand":{},"thirdperson_lefthand":{},"firstperson_lefthand":{},"fixed":{},"ground":{},"thirdperson_righthand":{},"gui":{"rotation":[-150.0,-45.0,180.0]}},"elements":[{"from":[7.9,1.9,6.4],"to":[11.1,9.1,9.6],"faces":{"east":{"uv":[3.1175,8.5075,2.7575,9.3675],"texture":"#0","tintindex":0},"south":{"uv":[2.7425,8.5075,2.3825,9.3675],"texture":"#0","tintindex":0},"north":{"uv":[0.9925,8.3825,0.6325,9.2425],"texture":"#0","tintindex":0},"west":{"uv":[2.3675,8.5075,2.0075,9.3675],"texture":"#0","tintindex":0},"up":{"uv":[10.0075,0.9925,10.3675,0.6325],"texture":"#0","tintindex":0},"down":{"uv":[10.0075,1.0075,10.3675,1.3675],"texture":"#0","tintindex":0}}}],"textures":{"particle":"#0","0":"modelengine:fd8036e9-c351-4c2a-9aab-c5e6249b398e"}}