{"display":{"head":{},"firstperson_righthand":{},"thirdperson_lefthand":{},"firstperson_lefthand":{},"fixed":{},"ground":{},"thirdperson_righthand":{},"gui":{"rotation":[-150.0,-45.0,180.0]}},"elements":[{"from":[6.997,0.997,7.997],"to":[9.003,8.003,10.003],"faces":{"east":{"uv":[4.0075,9.5075,4.2425,10.3675],"texture":"#0","tintindex":0},"south":{"uv":[0.0075,9.6325,0.2425,10.4925],"texture":"#0","tintindex":0},"north":{"uv":[3.7575,9.5075,3.9925,10.3675],"texture":"#0","tintindex":0},"west":{"uv":[0.2575,9.6325,0.4925,10.4925],"texture":"#0","tintindex":0},"up":{"uv":[9.1175,6.8675,8.8825,6.6325],"texture":"#0","tintindex":0},"down":{"uv":[10.4925,0.3825,10.2575,0.6175],"texture":"#0","tintindex":0}}}],"textures":{"particle":"#0","0":"modelengine:fd8036e9-c351-4c2a-9aab-c5e6249b398e"}}