{"display":{"head":{},"firstperson_righthand":{},"thirdperson_lefthand":{},"firstperson_lefthand":{},"fixed":{},"ground":{},"thirdperson_righthand":{},"gui":{"rotation":[-150.0,-45.0,180.0]}},"elements":[{"from":[5.95,-1.05,7.95],"to":[10.05,10.05,12.05],"faces":{"east":{"uv":[6.2575,5.1325,6.7425,6.4925],"texture":"#0","tintindex":0},"south":{"uv":[5.7575,6.2575,6.2425,7.6175],"texture":"#0","tintindex":0},"north":{"uv":[2.0075,6.1325,2.4925,7.4925],"texture":"#0","tintindex":0},"west":{"uv":[6.5075,0.0075,6.9925,1.3675],"texture":"#0","tintindex":0},"up":{"uv":[5.1175,0.4925,4.6325,0.0075],"texture":"#0","tintindex":0},"down":{"uv":[5.2425,5.7575,4.7575,6.2425],"texture":"#0","tintindex":0}}},{"from":[10.05,10.05,12.05],"to":[5.95,-1.05,7.95],"faces":{"east":{"uv":[6.5075,1.3675,6.9925,0.0075],"texture":"#0","tintindex":0},"south":{"uv":[2.0075,7.4925,2.4925,6.1325],"texture":"#0","tintindex":0},"north":{"uv":[5.7575,7.6175,6.2425,6.2575],"texture":"#0","tintindex":0},"west":{"uv":[6.2575,6.4925,6.7425,5.1325],"texture":"#0","tintindex":0},"up":{"uv":[4.7575,5.7575,5.2425,6.2425],"texture":"#0","tintindex":0},"down":{"uv":[4.6325,0.4925,5.1175,0.0075],"texture":"#0","tintindex":0}}}],"textures":{"particle":"#0","0":"modelengine:fd8036e9-c351-4c2a-9aab-c5e6249b398e"}}