{"display":{"head":{},"firstperson_righthand":{},"thirdperson_lefthand":{},"firstperson_lefthand":{},"fixed":{},"ground":{},"thirdperson_righthand":{},"gui":{"rotation":[-150.0,-45.0,180.0]}},"elements":[{"from":[6.996,0.996,6.996],"to":[9.004,8.004,9.004],"faces":{"east":{"uv":[4.5075,9.7575,4.7425,10.6175],"texture":"#0","tintindex":0},"south":{"uv":[4.7575,9.7575,4.9925,10.6175],"texture":"#0","tintindex":0},"north":{"uv":[4.2575,9.7575,4.4925,10.6175],"texture":"#0","tintindex":0},"west":{"uv":[5.0075,9.7575,5.2425,10.6175],"texture":"#0","tintindex":0},"up":{"uv":[10.6175,1.3675,10.3825,1.1325],"texture":"#0","tintindex":0},"down":{"uv":[10.6175,1.3825,10.3825,1.6175],"texture":"#0","tintindex":0}}}],"textures":{"particle":"#0","0":"modelengine:fd8036e9-c351-4c2a-9aab-c5e6249b398e"}}