{"display":{"head":{},"firstperson_righthand":{},"thirdperson_lefthand":{},"firstperson_lefthand":{},"fixed":{},"ground":{},"thirdperson_righthand":{},"gui":{"rotation":[-150.0,-45.0,180.0]}},"elements":[{"from":[6.0,2.0,6.0],"to":[10.0,8.0,10.0],"faces":{"east":{"uv":[4.0,9.0,5.0,10.5],"texture":"#0","tintindex":0},"south":{"uv":[9.0,4.25,10.0,5.75],"texture":"#0","tintindex":0},"north":{"uv":[9.0,2.75,10.0,4.25],"texture":"#0","tintindex":0},"west":{"uv":[5.0,9.0,6.0,10.5],"texture":"#0","tintindex":0},"up":{"uv":[12.25,6.5,11.25,5.5],"texture":"#0","tintindex":0},"down":{"uv":[6.75,11.25,5.75,12.25],"texture":"#0","tintindex":0}}}],"textures":{"particle":"#0","0":"modelengine:23a132f3-2c77-4970-9ff7-9fb2488a5984"}}