{"display":{"head":{},"firstperson_righthand":{},"thirdperson_lefthand":{},"firstperson_lefthand":{},"fixed":{},"ground":{},"thirdperson_righthand":{},"gui":{"rotation":[-150.0,-45.0,180.0]}},"elements":[{"from":[7.0,4.0,6.0],"to":[11.0,10.0,10.0],"faces":{"east":{"uv":[8.0,8.75,9.0,10.25],"texture":"#0","tintindex":0},"south":{"uv":[0.0,9.0,1.0,10.5],"texture":"#0","tintindex":0},"north":{"uv":[3.0,8.75,4.0,10.25],"texture":"#0","tintindex":0},"west":{"uv":[1.0,9.0,2.0,10.5],"texture":"#0","tintindex":0},"up":{"uv":[12.25,1.0,11.25,0.0],"texture":"#0","tintindex":0},"down":{"uv":[12.25,4.5,11.25,5.5],"texture":"#0","tintindex":0}}}],"textures":{"particle":"#0","0":"modelengine:23a132f3-2c77-4970-9ff7-9fb2488a5984"}}