{"display":{"head":{},"firstperson_righthand":{},"thirdperson_lefthand":{},"firstperson_lefthand":{},"fixed":{},"ground":{},"thirdperson_righthand":{},"gui":{"rotation":[-150.0,-45.0,180.0]}},"elements":[{"from":[6.0,2.0,6.0],"to":[10.0,8.0,10.0],"faces":{"east":{"uv":[1.0,7.5,2.0,9.0],"texture":"#0","tintindex":0},"south":{"uv":[4.0,7.5,5.0,9.0],"texture":"#0","tintindex":0},"north":{"uv":[0.0,7.5,1.0,9.0],"texture":"#0","tintindex":0},"west":{"uv":[5.0,7.5,6.0,9.0],"texture":"#0","tintindex":0},"up":{"uv":[12.0,2.5,11.0,1.5],"texture":"#0","tintindex":0},"down":{"uv":[12.0,2.5,11.0,3.5],"texture":"#0","tintindex":0}}}],"textures":{"particle":"#0","0":"modelengine:23a132f3-2c77-4970-9ff7-9fb2488a5984"}}