{"display":{"head":{},"firstperson_righthand":{},"thirdperson_lefthand":{},"firstperson_lefthand":{},"fixed":{},"ground":{},"thirdperson_righthand":{},"gui":{"rotation":[-150.0,-45.0,180.0]}},"elements":[{"from":[6.5,2.0,6.75],"to":[8.5,8.0,8.75],"faces":{"east":{"uv":[7.75,12.75,8.25,14.25],"texture":"#0","tintindex":0},"south":{"uv":[8.25,12.75,8.75,14.25],"texture":"#0","tintindex":0},"north":{"uv":[12.75,7.0,13.25,8.5],"texture":"#0","tintindex":0},"west":{"uv":[8.75,12.75,9.25,14.25],"texture":"#0","tintindex":0},"up":{"uv":[0.5,14.5,0.0,14.0],"texture":"#0","tintindex":0},"down":{"uv":[14.5,3.5,14.0,4.0],"texture":"#0","tintindex":0}}},{"from":[7.5,2.0,7.5],"to":[9.5,8.0,9.5],"faces":{"east":{"uv":[9.75,12.75,10.25,14.25],"texture":"#0","tintindex":0},"south":{"uv":[10.25,12.75,10.75,14.25],"texture":"#0","tintindex":0},"north":{"uv":[9.25,12.75,9.75,14.25],"texture":"#0","tintindex":0},"west":{"uv":[10.75,12.75,11.25,14.25],"texture":"#0","tintindex":0},"up":{"uv":[14.5,4.5,14.0,4.0],"texture":"#0","tintindex":0},"down":{"uv":[14.5,4.5,14.0,5.0],"texture":"#0","tintindex":0}}}],"textures":{"particle":"#0","0":"modelengine:23a132f3-2c77-4970-9ff7-9fb2488a5984"}}