{"display":{"head":{},"firstperson_righthand":{},"thirdperson_lefthand":{},"firstperson_lefthand":{},"fixed":{},"ground":{},"thirdperson_righthand":{},"gui":{"rotation":[-150.0,-45.0,180.0]}},"elements":[{"from":[8.0,2.5500002,6.0],"to":[10.0,8.55,10.0],"faces":{"east":{"uv":[2.0,10.25,3.0,11.75],"texture":"#0","tintindex":0},"south":{"uv":[13.25,0.0,13.75,1.5],"texture":"#0","tintindex":0},"north":{"uv":[12.75,13.0,13.25,14.5],"texture":"#0","tintindex":0},"west":{"uv":[3.0,10.25,4.0,11.75],"texture":"#0","tintindex":0},"up":{"uv":[13.75,6.5,13.25,5.5],"texture":"#0","tintindex":0},"down":{"uv":[13.75,6.5,13.25,7.5],"texture":"#0","tintindex":0}}},{"from":[6.0,2.5500002,7.0],"to":[8.0,8.55,9.0],"faces":{"east":{"uv":[12.75,11.5,13.25,13.0],"texture":"#0","tintindex":0},"south":{"uv":[13.0,8.5,13.5,10.0],"texture":"#0","tintindex":0},"north":{"uv":[11.25,12.75,11.75,14.25],"texture":"#0","tintindex":0},"west":{"uv":[13.0,10.0,13.5,11.5],"texture":"#0","tintindex":0},"up":{"uv":[7.25,14.5,6.75,14.0],"texture":"#0","tintindex":0},"down":{"uv":[7.75,14.0,7.25,14.5],"texture":"#0","tintindex":0}}}],"textures":{"particle":"#0","0":"modelengine:23a132f3-2c77-4970-9ff7-9fb2488a5984"}}