{"display":{"head":{},"firstperson_righthand":{},"thirdperson_lefthand":{},"firstperson_lefthand":{},"fixed":{},"ground":{},"thirdperson_righthand":{},"gui":{"rotation":[-150.0,-45.0,180.0]}},"elements":[{"from":[7.0,2.0,7.0],"to":[9.0,8.0,9.0],"faces":{"east":{"uv":[2.0,12.75,2.5,14.25],"texture":"#0","tintindex":0},"south":{"uv":[2.5,12.75,3.0,14.25],"texture":"#0","tintindex":0},"north":{"uv":[1.5,12.75,2.0,14.25],"texture":"#0","tintindex":0},"west":{"uv":[3.0,12.75,3.5,14.25],"texture":"#0","tintindex":0},"up":{"uv":[6.75,14.25,6.25,13.75],"texture":"#0","tintindex":0},"down":{"uv":[14.25,6.5,13.75,7.0],"texture":"#0","tintindex":0}}}],"textures":{"particle":"#0","0":"modelengine:23a132f3-2c77-4970-9ff7-9fb2488a5984"}}