{"textures":{"0":"modelengine:entity/terry","particle":"#0"},"elements":[{"from":[11.4,14.5,-6.8],"to":[12.6,15.7,-6.0],"faces":{"east":{"uv":[2.5,9.0,2.75,9.25],"tintindex":0,"rotation":0,"texture":"#0"},"south":{"uv":[3.75,9.0,4.0,9.25],"tintindex":0,"rotation":0,"texture":"#0"},"north":{"uv":[3.75,8.75,4.0,9.0],"tintindex":0,"rotation":0,"texture":"#0"},"west":{"uv":[9.25,2.25,9.5,2.5],"tintindex":0,"rotation":0,"texture":"#0"},"up":{"uv":[2.75,9.5,2.5,9.25],"tintindex":0,"rotation":0,"texture":"#0"},"down":{"uv":[9.5,2.5,9.25,2.75],"tintindex":0,"rotation":0,"texture":"#0"}}},{"from":[10.2,13.8,-8.4],"to":[13.9,15.0,-6.0],"faces":{"east":{"uv":[9.0,7.5,9.625,7.75],"tintindex":0,"rotation":0,"texture":"#0"},"south":{"uv":[9.0,6.75,9.75,7.0],"tintindex":0,"rotation":0,"texture":"#0"},"north":{"uv":[9.0,6.5,9.75,6.75],"tintindex":0,"rotation":0,"texture":"#0"},"west":{"uv":[9.0,7.75,9.625,8.0],"tintindex":0,"rotation":0,"texture":"#0"},"up":{"uv":[9.25,2.125,8.5,1.5],"tintindex":0,"rotation":0,"texture":"#0"},"down":{"uv":[9.25,2.25,8.5,2.875],"tintindex":0,"rotation":0,"texture":"#0"}}},{"from":[8.0,12.0,-6.0],"to":[16.0,18.0,10.0],"faces":{"east":{"uv":[0.0,4.0,4.0,5.5],"tintindex":0,"rotation":0,"texture":"#0"},"south":{"uv":[6.5,3.0,8.5,4.5],"tintindex":0,"rotation":0,"texture":"#0"},"north":{"uv":[6.5,1.5,8.5,3.0],"tintindex":0,"rotation":0,"texture":"#0"},"west":{"uv":[4.0,0.0,8.0,1.5],"tintindex":0,"rotation":0,"texture":"#0"},"up":{"uv":[2.0,4.0,0.0,0.0],"tintindex":0,"rotation":0,"texture":"#0"},"down":{"uv":[4.0,0.0,2.0,4.0],"tintindex":0,"rotation":0,"texture":"#0"}}}],"display":{"head":{"rotation":[0.0,0.0,0.0]},"firstperson_righthand":{"rotation":[0.0,0.0,0.0]},"thirdperson_lefthand":{"rotation":[0.0,-0.0,-0.0]},"firstperson_lefthand":{"rotation":[0.0,-0.0,-0.0]},"fixed":{"rotation":[0.0,0.0,0.0]},"ground":{"rotation":[0.0,0.0,0.0]},"thirdperson_righthand":{"rotation":[0.0,0.0,0.0]},"gui":{"rotation":[-150.0,-45.0,180.0]}}}