{"textures":{"0":"modelengine:entity/terry","particle":"#0"},"elements":[{"from":[7.0,5.0,7.0],"to":[9.0,8.0,9.0],"faces":{"east":{"uv":[6.0,8.5,6.5,9.25],"tintindex":0,"rotation":0,"texture":"#0"},"south":{"uv":[6.5,8.5,7.0,9.25],"tintindex":0,"rotation":0,"texture":"#0"},"north":{"uv":[5.5,8.5,6.0,9.25],"tintindex":0,"rotation":0,"texture":"#0"},"west":{"uv":[8.5,6.5,9.0,7.25],"tintindex":0,"rotation":0,"texture":"#0"},"up":{"uv":[2.5,9.5,2.0,9.0],"tintindex":0,"rotation":0,"texture":"#0"},"down":{"uv":[9.5,3.5,9.0,4.0],"tintindex":0,"rotation":0,"texture":"#0"}}},{"from":[7.0,4.0,5.0],"to":[9.0,5.0,9.0],"faces":{"east":{"uv":[0.0,9.0,1.0,9.25],"tintindex":0,"rotation":0,"texture":"#0"},"south":{"uv":[0.0,9.25,0.5,9.5],"tintindex":0,"rotation":0,"texture":"#0"},"north":{"uv":[9.0,9.0,9.5,9.25],"tintindex":0,"rotation":0,"texture":"#0"},"west":{"uv":[9.0,0.0,10.0,0.25],"tintindex":0,"rotation":0,"texture":"#0"},"up":{"uv":[8.5,7.5,8.0,6.5],"tintindex":0,"rotation":0,"texture":"#0"},"down":{"uv":[8.5,7.5,8.0,8.5],"tintindex":0,"rotation":0,"texture":"#0"}}}],"display":{"head":{"rotation":[0.0,0.0,0.0]},"firstperson_righthand":{"rotation":[0.0,0.0,0.0]},"thirdperson_lefthand":{"rotation":[0.0,-0.0,-0.0]},"firstperson_lefthand":{"rotation":[0.0,-0.0,-0.0]},"fixed":{"rotation":[0.0,0.0,0.0]},"ground":{"rotation":[0.0,0.0,0.0]},"thirdperson_righthand":{"rotation":[0.0,0.0,0.0]},"gui":{"rotation":[-150.0,-45.0,180.0]}}}