{"textures":{"0":"modelengine:entity/terry","particle":"#0"},"elements":[{"from":[7.0,5.0,7.0],"to":[9.0,8.0,9.0],"faces":{"east":{"uv":[4.0,8.5,4.5,9.25],"tintindex":0,"rotation":0,"texture":"#0"},"south":{"uv":[4.5,8.5,5.0,9.25],"tintindex":0,"rotation":0,"texture":"#0"},"north":{"uv":[8.5,3.5,9.0,4.25],"tintindex":0,"rotation":0,"texture":"#0"},"west":{"uv":[5.0,8.5,5.5,9.25],"tintindex":0,"rotation":0,"texture":"#0"},"up":{"uv":[9.5,0.75,9.0,0.25],"tintindex":0,"rotation":0,"texture":"#0"},"down":{"uv":[2.0,9.0,1.5,9.5],"tintindex":0,"rotation":0,"texture":"#0"}}},{"from":[7.0,4.0,5.0],"to":[9.0,5.0,9.0],"faces":{"east":{"uv":[8.5,8.75,9.5,9.0],"tintindex":0,"rotation":0,"texture":"#0"},"south":{"uv":[8.5,9.0,9.0,9.25],"tintindex":0,"rotation":0,"texture":"#0"},"north":{"uv":[9.0,8.0,9.5,8.25],"tintindex":0,"rotation":0,"texture":"#0"},"west":{"uv":[8.75,8.5,9.75,8.75],"tintindex":0,"rotation":0,"texture":"#0"},"up":{"uv":[3.0,8.75,2.5,7.75],"tintindex":0,"rotation":0,"texture":"#0"},"down":{"uv":[8.5,0.0,8.0,1.0],"tintindex":0,"rotation":0,"texture":"#0"}}}],"display":{"head":{"rotation":[0.0,0.0,0.0]},"firstperson_righthand":{"rotation":[0.0,0.0,0.0]},"thirdperson_lefthand":{"rotation":[0.0,-0.0,-0.0]},"firstperson_lefthand":{"rotation":[0.0,-0.0,-0.0]},"fixed":{"rotation":[0.0,0.0,0.0]},"ground":{"rotation":[0.0,0.0,0.0]},"thirdperson_righthand":{"rotation":[0.0,0.0,0.0]},"gui":{"rotation":[-150.0,-45.0,180.0]}}}