{"textures":{"0":"modelengine:entity/terry","particle":"#0"},"elements":[{"from":[5.3,7.0,8.0],"to":[10.5,8.0,18.0],"faces":{"east":{"uv":[7.5,5.5,10.0,5.75],"tintindex":0,"rotation":0,"texture":"#0"},"south":{"uv":[1.5,8.75,2.75,9.0],"tintindex":0,"rotation":0,"texture":"#0"},"north":{"uv":[8.5,8.25,9.75,8.5],"tintindex":0,"rotation":0,"texture":"#0"},"west":{"uv":[7.5,5.75,10.0,6.0],"tintindex":0,"rotation":0,"texture":"#0"},"up":{"uv":[5.25,8.5,4.0,6.0],"tintindex":0,"rotation":0,"texture":"#0"},"down":{"uv":[6.5,6.0,5.25,8.5],"tintindex":0,"rotation":0,"texture":"#0"}}}],"display":{"head":{"rotation":[0.0,0.0,0.0]},"firstperson_righthand":{"rotation":[0.0,0.0,0.0]},"thirdperson_lefthand":{"rotation":[0.0,-0.0,-0.0]},"firstperson_lefthand":{"rotation":[0.0,-0.0,-0.0]},"fixed":{"rotation":[0.0,0.0,0.0]},"ground":{"rotation":[0.0,0.0,0.0]},"thirdperson_righthand":{"rotation":[0.0,0.0,0.0]},"gui":{"rotation":[-150.0,-45.0,180.0]}}}