{"display":{"gui":{"rotation":[19.0,119.0,0.0],"translation":[0.5,0.5,0.0],"scale":[0.63,0.63,0.63]},"head":{"translation":[0.0,-12.0,0.0],"scale":[1.75,1.75,1.75]}},"elements":[{"from":[5.0,4.0,-2.555],"to":[11.0,10.0,2.445],"rotation":{"origin":[8.0,0.0,5.445],"axis":"y","angle":0.0},"faces":{"north":{"uv":[2.0,5.75,3.5,7.25],"texture":"#0"},"east":{"uv":[4.75,6.0,3.5,7.5],"texture":"#0"},"south":{"uv":[5.0,3.0,6.0,4.0],"texture":"#0"},"west":{"uv":[3.5,6.0,4.75,7.5],"texture":"#0"},"up":{"uv":[6.25,7.25,4.75,6.0],"texture":"#0"},"down":{"uv":[5.0,3.0,6.0,4.0],"texture":"#0"}}},{"from":[3.5,5.0,13.445],"to":[12.5,13.0,16.445],"rotation":{"origin":[8.0,12.0,14.445],"axis":"x","angle":-22.5},"faces":{"north":{"uv":[2.0,2.0,4.25,4.0],"texture":"#0"},"east":{"uv":[6.25,6.0,7.0,8.0],"texture":"#0"},"south":{"uv":[3.0,0.0,5.25,2.0],"texture":"#0"},"west":{"uv":[7.0,6.0,6.25,8.0],"texture":"#0"},"up":{"uv":[7.5,2.0,5.25,1.25],"texture":"#0"},"down":{"uv":[5.25,1.25,7.5,2.0],"texture":"#0"}}},{"from":[4.0,4.0,2.445],"to":[12.0,12.0,14.445],"rotation":{"origin":[8.0,0.0,5.445],"axis":"y","angle":0.0},"faces":{"north":{"uv":[4.25,2.0,6.25,4.0],"texture":"#0"},"east":{"uv":[3.0,0.0,0.0,2.0],"texture":"#0"},"south":{"uv":[4.5,4.0,6.5,6.0],"texture":"#0"},"west":{"uv":[0.0,0.0,3.0,2.0],"texture":"#0"},"up":{"uv":[2.0,5.0,0.0,2.0],"texture":"#0"},"down":{"uv":[2.0,5.0,0.0,2.0],"texture":"#0"}}},{"from":[4.0,2.0,-3.555],"to":[12.0,4.0,3.445],"rotation":{"origin":[8.0,0.0,5.445],"axis":"y","angle":0.0},"faces":{"north":{"uv":[6.5,4.25,8.5,4.75],"texture":"#0"},"east":{"uv":[7.0,7.0,8.75,7.5],"texture":"#0"},"south":{"uv":[6.5,4.25,8.5,4.75],"texture":"#0"},"west":{"uv":[8.75,7.0,7.0,7.5],"texture":"#0"},"up":{"uv":[2.0,6.75,0.0,5.0],"texture":"#0"},"down":{"uv":[2.0,6.75,0.0,5.0],"texture":"#0"}}},{"from":[1.0,-1.0,-2.455],"to":[4.0,4.0,2.545],"rotation":{"origin":[8.0,1.0,-2.455],"axis":"z","angle":-22.5},"faces":{"north":{"uv":[0.0,6.75,0.75,8.0],"texture":"#0"},"east":{"uv":[6.25,2.0,7.5,3.25],"texture":"#0"},"south":{"uv":[0.0,6.75,0.75,8.0],"texture":"#0"},"west":{"uv":[6.25,2.0,7.5,3.25],"texture":"#0"},"up":{"uv":[1.5,8.0,0.75,6.75],"texture":"#0"},"down":{"uv":[7.75,5.75,7.0,7.0],"texture":"#0"}}},{"from":[1.0,-2.0,10.445],"to":[4.0,2.0,14.445],"rotation":{"origin":[8.0,0.0,12.445],"axis":"z","angle":-22.5},"faces":{"north":{"uv":[4.75,8.25,5.5,7.25],"texture":"#0"},"east":{"uv":[6.5,4.75,7.5,5.75],"texture":"#0"},"south":{"uv":[5.5,8.25,4.75,7.25],"texture":"#0"},"west":{"uv":[6.5,4.75,7.5,5.75],"texture":"#0"},"up":{"uv":[6.25,8.25,5.5,7.25],"texture":"#0"},"down":{"uv":[8.25,1.25,7.5,2.25],"texture":"#0"}}},{"from":[1.0,-2.0,5.445],"to":[4.0,2.0,9.445],"rotation":{"origin":[8.0,0.0,12.445],"axis":"z","angle":-22.5},"faces":{"north":{"uv":[4.75,8.25,5.5,7.25],"texture":"#0"},"east":{"uv":[6.5,4.75,7.5,5.75],"texture":"#0"},"south":{"uv":[5.5,8.25,4.75,7.25],"texture":"#0"},"west":{"uv":[6.5,4.75,7.5,5.75],"texture":"#0"},"up":{"uv":[6.25,8.25,5.5,7.25],"texture":"#0"},"down":{"uv":[8.25,1.25,7.5,2.25],"texture":"#0"}}},{"from":[12.0,-1.0,-2.455],"to":[15.0,4.0,2.545],"rotation":{"origin":[8.0,1.0,-2.455],"axis":"z","angle":22.5},"faces":{"north":{"uv":[0.75,6.75,0.0,8.0],"texture":"#0"},"east":{"uv":[7.5,2.0,6.25,3.25],"texture":"#0"},"south":{"uv":[0.75,6.75,0.0,8.0],"texture":"#0"},"west":{"uv":[7.5,2.0,6.25,3.25],"texture":"#0"},"up":{"uv":[0.75,8.0,1.5,6.75],"texture":"#0"},"down":{"uv":[7.0,5.75,7.75,7.0],"texture":"#0"}}},{"from":[12.0,-2.0,10.445],"to":[15.0,2.0,14.445],"rotation":{"origin":[8.0,0.0,12.445],"axis":"z","angle":22.5},"faces":{"north":{"uv":[5.5,8.25,4.75,7.25],"texture":"#0"},"east":{"uv":[7.5,4.75,6.5,5.75],"texture":"#0"},"south":{"uv":[4.75,8.25,5.5,7.25],"texture":"#0"},"west":{"uv":[7.5,4.75,6.5,5.75],"texture":"#0"},"up":{"uv":[5.5,8.25,6.25,7.25],"texture":"#0"},"down":{"uv":[7.5,1.25,8.25,2.25],"texture":"#0"}}},{"from":[12.0,-2.0,5.445],"to":[15.0,2.0,9.445],"rotation":{"origin":[8.0,0.0,12.445],"axis":"z","angle":22.5},"faces":{"north":{"uv":[5.5,8.25,4.75,7.25],"texture":"#0"},"east":{"uv":[7.5,4.75,6.5,5.75],"texture":"#0"},"south":{"uv":[4.75,8.25,5.5,7.25],"texture":"#0"},"west":{"uv":[7.5,4.75,6.5,5.75],"texture":"#0"},"up":{"uv":[5.5,8.25,6.25,7.25],"texture":"#0"},"down":{"uv":[7.5,1.25,8.25,2.25],"texture":"#0"}}},{"from":[3.0,2.0,1.445],"to":[13.0,4.0,6.445],"rotation":{"origin":[8.0,2.0,6.445],"axis":"x","angle":22.5},"faces":{"north":{"uv":[6.5,3.75,9.0,4.25],"texture":"#0"},"east":{"uv":[7.5,2.25,8.75,2.75],"texture":"#0"},"south":{"uv":[5.0,3.0,6.0,4.0],"texture":"#0"},"west":{"uv":[8.75,2.25,7.5,2.75],"texture":"#0"},"up":{"uv":[7.75,1.25,5.25,0.0],"texture":"#0"},"down":{"uv":[7.75,1.25,5.25,0.0],"texture":"#0"}}},{"from":[3.0,2.0,6.445],"to":[13.0,4.0,13.445],"rotation":{"origin":[8.0,0.0,5.445],"axis":"y","angle":0.0},"faces":{"north":{"uv":[5.0,3.0,6.0,4.0],"texture":"#0"},"east":{"uv":[7.0,7.0,8.75,7.5],"texture":"#0"},"south":{"uv":[6.25,3.25,8.75,3.75],"texture":"#0"},"west":{"uv":[8.75,7.0,7.0,7.5],"texture":"#0"},"up":{"uv":[4.5,5.75,2.0,4.0],"texture":"#0"},"down":{"uv":[4.5,5.75,2.0,4.0],"texture":"#0"}}}],"textures":{"0":"hmccosmetics:42859d48-8bb9-4f70-9019-da50815086f8"},"gui_light":"front"}