{"display":{"thirdperson_righthand":{"translation":[0.0,6.0,0.0],"scale":[0.8,0.8,0.8]},"thirdperson_lefthand":{"translation":[0.0,6.0,0.0],"scale":[0.8,0.8,0.8]},"firstperson_righthand":{"translation":[0.0,6.5,0.0]},"firstperson_lefthand":{"translation":[0.0,6.5,0.0]},"ground":{"translation":[0.5,5.0,-1.0]},"gui":{"rotation":[16.0,143.0,0.0],"translation":[-1.0,5.5,0.0]},"head":{"rotation":[2.0,0.0,0.0],"translation":[0.0,19.75,-6.25],"scale":[2.0,2.0,2.0]},"fixed":{"rotation":[-90.0,0.0,0.0],"translation":[0.0,-0.75,-10.5],"scale":[1.3,1.3,1.3]}},"elements":[{"from":[4.0,0.0,7.0],"to":[12.0,3.0,15.0],"faces":{"north":{"uv":[4.0,5.0,8.0,6.5],"texture":"#0"},"east":{"uv":[4.0,6.5,8.0,8.0],"texture":"#0"},"south":{"uv":[0.0,8.0,4.0,9.5],"texture":"#0"},"west":{"uv":[8.0,0.0,12.0,1.5],"texture":"#0"},"up":{"uv":[4.0,4.0,0.0,0.0],"texture":"#0"},"down":{"uv":[4.0,4.0,0.0,8.0],"texture":"#0"}}},{"from":[4.0,0.0,2.0],"to":[12.0,0.0,7.0],"faces":{"north":{"uv":[0.0,0.0,4.0,0.0],"texture":"#0"},"east":{"uv":[0.0,0.0,2.5,0.0],"texture":"#0"},"south":{"uv":[0.0,0.0,4.0,0.0],"texture":"#0"},"west":{"uv":[0.0,0.0,2.5,0.0],"texture":"#0"},"up":{"uv":[8.0,2.5,4.0,0.0],"texture":"#0"},"down":{"uv":[8.0,2.5,4.0,5.0],"texture":"#0"}}}],"textures":{"particle":"hmccosmetics:f2d03450-e866-46c2-8b48-ef6b5a851804","0":"hmccosmetics:f2d03450-e866-46c2-8b48-ef6b5a851804"}}