{"display":{"ground":{"translation":[0.0,6.0,0.0],"scale":[0.5,0.5,0.5]},"gui":{"rotation":[25.0,127.0,0.0],"translation":[-2.0,2.25,0.0],"scale":[0.45,0.45,0.45]}},"elements":[{"from":[-1.0,0.0,1.0],"to":[14.0,1.0,2.0],"rotation":{"origin":[7.86491,0.44286,9.93634],"axis":"y","angle":-45.0},"faces":{"north":{"uv":[2.5,6.5,6.25,6.75],"texture":"#2"},"east":{"uv":[6.25,7.0,6.5,7.25],"texture":"#2"},"south":{"uv":[2.5,6.75,6.25,7.0],"texture":"#2"},"west":{"uv":[7.0,4.25,7.25,4.5],"texture":"#2"},"up":{"uv":[6.25,7.25,2.5,7.0],"texture":"#2"},"down":{"uv":[6.25,7.25,2.5,7.5],"texture":"#2"}}},{"from":[0.0,0.5,2.0],"to":[14.0,0.5,16.0],"rotation":{"origin":[7.86491,0.44286,9.93634],"axis":"y","angle":-45.0},"faces":{"north":{"uv":[0.0,0.0,3.5,0.0],"texture":"#1"},"east":{"uv":[0.0,0.0,3.5,0.0],"texture":"#1"},"south":{"uv":[0.0,0.0,3.5,0.0],"texture":"#1"},"west":{"uv":[0.0,0.0,3.5,0.0],"texture":"#1"},"up":{"uv":[3.5,10.0,0.0,6.5],"texture":"#1","tintindex":0},"down":{"uv":[7.0,6.5,3.5,10.0],"texture":"#1"}}},{"from":[-15.74695,-0.1,3.99057],"to":[-0.74695,0.9,4.99057],"rotation":{"origin":[7.86491,0.44286,9.93634],"axis":"y","angle":22.5},"faces":{"north":{"uv":[2.5,5.0,6.25,5.25],"texture":"#2"},"east":{"uv":[5.0,7.5,5.25,7.75],"texture":"#2"},"south":{"uv":[2.5,5.25,6.25,5.5],"texture":"#2"},"west":{"uv":[7.0,5.0,7.25,5.25],"texture":"#2"},"up":{"uv":[6.25,5.75,2.5,5.5],"texture":"#2"},"down":{"uv":[6.25,5.75,2.5,6.0],"texture":"#2"}}},{"from":[-1.0,0.0,2.0],"to":[0.0,1.0,16.0],"rotation":{"origin":[7.86491,0.44286,9.93634],"axis":"y","angle":-45.0},"faces":{"north":{"uv":[5.75,0.0,6.0,0.25],"texture":"#2"},"east":{"uv":[1.5,0.0,5.0,0.25],"texture":"#2"},"south":{"uv":[2.0,5.25,2.25,5.5],"texture":"#2"},"west":{"uv":[2.0,1.0,5.5,1.25],"texture":"#2"},"up":{"uv":[2.25,4.75,2.0,1.25],"texture":"#2"},"down":{"uv":[5.25,0.0,5.0,3.5],"texture":"#2"}}},{"from":[16.5701,-0.1,3.95191],"to":[31.5701,0.9,4.95191],"rotation":{"origin":[7.86491,0.44286,9.93634],"axis":"y","angle":-22.5},"faces":{"north":{"uv":[2.0,4.5,5.75,4.75],"texture":"#2"},"east":{"uv":[5.5,7.0,5.75,7.25],"texture":"#2"},"south":{"uv":[2.0,4.75,5.75,5.0],"texture":"#2"},"west":{"uv":[4.5,0.0,4.75,0.25],"texture":"#2"},"up":{"uv":[5.75,5.25,2.0,5.0],"texture":"#2"},"down":{"uv":[5.75,5.25,2.0,5.5],"texture":"#2"}}},{"from":[11.0,0.4,4.88623],"to":[31.0,0.4,17.88623],"rotation":{"origin":[7.86491,0.44286,9.93634],"axis":"y","angle":-22.5},"faces":{"north":{"uv":[0.0,0.0,5.0,0.0],"texture":"#1"},"east":{"uv":[0.0,0.0,3.25,0.0],"texture":"#1"},"south":{"uv":[0.0,0.0,5.0,0.0],"texture":"#1"},"west":{"uv":[0.0,0.0,3.25,0.0],"texture":"#1"},"up":{"uv":[10.0,3.25,5.0,0.0],"texture":"#1","tintindex":0},"down":{"uv":[10.0,3.25,5.0,6.5],"texture":"#1"}}},{"from":[-15.19874,0.4,4.92488],"to":[4.80126,0.4,17.92488],"rotation":{"origin":[7.86491,0.44286,9.93634],"axis":"y","angle":22.5},"faces":{"north":{"uv":[0.0,0.0,5.0,0.0],"texture":"#1"},"east":{"uv":[0.0,0.0,3.25,0.0],"texture":"#1"},"south":{"uv":[0.0,0.0,5.0,0.0],"texture":"#1"},"west":{"uv":[0.0,0.0,3.25,0.0],"texture":"#1"},"up":{"uv":[5.0,3.25,0.0,0.0],"texture":"#1","tintindex":0},"down":{"uv":[5.0,3.25,0.0,6.5],"texture":"#1"}}},{"from":[7.5,-0.1,-2.0],"to":[8.5,0.9,25.0],"faces":{"north":{"uv":[5.75,4.0,6.0,4.25],"texture":"#2"},"east":{"uv":[0.0,0.0,6.75,0.25],"texture":"#2"},"south":{"uv":[3.0,5.25,3.25,5.5],"texture":"#2"},"west":{"uv":[0.0,0.25,6.75,0.5],"texture":"#2"},"up":{"uv":[0.25,7.25,0.0,0.5],"texture":"#2"},"down":{"uv":[0.5,0.5,0.25,7.25],"texture":"#2"}}}],"textures":{"particle":"hmccosmetics:a2dc677f-f0bc-43e1-a187-65dfc13353c9","1":"hmccosmetics:1d9ffc28-0dee-4943-9467-99cef8f349ef","2":"hmccosmetics:a2dc677f-f0bc-43e1-a187-65dfc13353c9"}}