{"display":{"thirdperson_righthand":{"translation":[0.0,0.0,2.5],"scale":[0.7,0.7,0.7]},"thirdperson_lefthand":{"translation":[0.0,0.0,2.5],"scale":[0.7,0.7,0.7]},"ground":{"translation":[0.0,0.0,3.25],"scale":[0.6,0.6,0.6]},"gui":{"rotation":[41.0,30.0,0.0],"translation":[2.0,0.25,0.0],"scale":[0.6,0.6,0.6]},"head":{"rotation":[-2.0,0.0,0.0],"translation":[0.25,-53.0,17.0],"scale":[1.5,1.5,1.5]}},"elements":[{"from":[5.0,0.0,-1.0],"to":[10.0,8.0,4.0],"faces":{"north":{"uv":[6.0,0.0,7.25,2.0],"texture":"#0"},"east":{"uv":[6.0,2.0,7.25,4.0],"texture":"#0"},"south":{"uv":[6.0,4.0,7.25,6.0],"texture":"#0"},"west":{"uv":[6.0,6.0,7.25,8.0],"texture":"#0"},"up":{"uv":[8.5,1.25,7.25,0.0],"texture":"#0"},"down":{"uv":[8.5,1.25,7.25,2.5],"texture":"#0"}}},{"from":[11.0,0.0,1.0],"to":[15.0,11.0,5.0],"faces":{"north":{"uv":[5.0,0.0,6.0,2.75],"texture":"#0"},"east":{"uv":[5.0,2.75,6.0,5.5],"texture":"#0"},"south":{"uv":[0.0,5.5,1.0,8.25],"texture":"#0"},"west":{"uv":[1.0,5.5,2.0,8.25],"texture":"#0"},"up":{"uv":[8.25,8.5,7.25,7.5],"texture":"#0"},"down":{"uv":[7.0,8.0,6.0,9.0],"texture":"#0"}}},{"from":[11.0,-3.0,1.0],"to":[15.0,-2.0,5.0],"faces":{"north":{"uv":[8.5,5.5,9.5,5.75],"texture":"#0"},"east":{"uv":[8.5,5.75,9.5,6.0],"texture":"#0"},"south":{"uv":[8.5,6.0,9.5,6.25],"texture":"#0"},"west":{"uv":[8.5,6.25,9.5,6.5],"texture":"#0"},"up":{"uv":[1.0,9.25,0.0,8.25],"texture":"#0"},"down":{"uv":[2.0,8.25,1.0,9.25],"texture":"#0"}}},{"from":[11.5,-2.0,1.5],"to":[14.5,0.0,4.5],"faces":{"north":{"uv":[8.5,1.5,9.25,2.0],"texture":"#0"},"east":{"uv":[8.5,2.0,9.25,2.5],"texture":"#0"},"south":{"uv":[8.5,2.5,9.25,3.0],"texture":"#0"},"west":{"uv":[8.5,3.0,9.25,3.5],"texture":"#0"},"up":{"uv":[9.0,8.25,8.25,7.5],"texture":"#0"},"down":{"uv":[9.0,8.25,8.25,9.0],"texture":"#0"}}},{"from":[0.0,-3.0,1.0],"to":[4.0,-2.0,5.0],"faces":{"north":{"uv":[8.5,6.5,9.5,6.75],"texture":"#0"},"east":{"uv":[8.5,6.75,9.5,7.0],"texture":"#0"},"south":{"uv":[7.0,8.5,8.0,8.75],"texture":"#0"},"west":{"uv":[8.5,7.0,9.5,7.25],"texture":"#0"},"up":{"uv":[3.0,9.25,2.0,8.25],"texture":"#0"},"down":{"uv":[4.0,8.25,3.0,9.25],"texture":"#0"}}},{"from":[0.5,-2.0,1.5],"to":[3.5,0.0,4.5],"faces":{"north":{"uv":[8.5,3.5,9.25,4.0],"texture":"#0"},"east":{"uv":[8.5,4.0,9.25,4.5],"texture":"#0"},"south":{"uv":[8.5,4.5,9.25,5.0],"texture":"#0"},"west":{"uv":[8.5,5.0,9.25,5.5],"texture":"#0"},"up":{"uv":[9.25,0.75,8.5,0.0],"texture":"#0"},"down":{"uv":[9.25,0.75,8.5,1.5],"texture":"#0"}}},{"from":[0.0,0.0,1.0],"to":[4.0,11.0,5.0],"faces":{"north":{"uv":[2.0,5.5,3.0,8.25],"texture":"#0"},"east":{"uv":[3.0,5.5,4.0,8.25],"texture":"#0"},"south":{"uv":[4.0,5.5,5.0,8.25],"texture":"#0"},"west":{"uv":[5.0,5.5,6.0,8.25],"texture":"#0"},"up":{"uv":[5.0,9.25,4.0,8.25],"texture":"#0"},"down":{"uv":[6.0,8.25,5.0,9.25],"texture":"#0"}}},{"from":[2.5,4.0,2.5],"to":[4.5,6.0,4.5],"rotation":{"origin":[0.0,0.0,0.0],"axis":"y","angle":22.5},"faces":{"north":{"uv":[7.0,8.75,7.5,9.25],"texture":"#0"},"east":{"uv":[7.5,8.75,8.0,9.25],"texture":"#0"},"south":{"uv":[6.0,9.0,6.5,9.5],"texture":"#0"},"west":{"uv":[6.5,9.0,7.0,9.5],"texture":"#0"},"up":{"uv":[9.5,7.75,9.0,7.25],"texture":"#0"},"down":{"uv":[9.5,7.75,9.0,8.25],"texture":"#0"}}},{"from":[2.5,0.25,2.5],"to":[4.5,2.25,4.5],"rotation":{"origin":[0.0,0.0,0.0],"axis":"y","angle":22.5},"faces":{"north":{"uv":[8.0,9.0,8.5,9.5],"texture":"#0"},"east":{"uv":[9.0,8.25,9.5,8.75],"texture":"#0"},"south":{"uv":[8.5,9.0,9.0,9.5],"texture":"#0"},"west":{"uv":[9.0,8.75,9.5,9.25],"texture":"#0"},"up":{"uv":[0.5,9.75,0.0,9.25],"texture":"#0"},"down":{"uv":[9.75,0.0,9.25,0.5],"texture":"#0"}}},{"from":[9.25,4.0,-3.5],"to":[11.25,6.0,-1.5],"rotation":{"origin":[0.0,0.0,0.0],"axis":"y","angle":-22.5},"faces":{"north":{"uv":[0.5,9.25,1.0,9.75],"texture":"#0"},"east":{"uv":[9.25,0.5,9.75,1.0],"texture":"#0"},"south":{"uv":[1.0,9.25,1.5,9.75],"texture":"#0"},"west":{"uv":[9.25,1.0,9.75,1.5],"texture":"#0"},"up":{"uv":[2.0,9.75,1.5,9.25],"texture":"#0"},"down":{"uv":[9.75,1.5,9.25,2.0],"texture":"#0"}}},{"from":[9.25,0.25,-3.5],"to":[11.25,2.25,-1.5],"rotation":{"origin":[0.0,0.0,0.0],"axis":"y","angle":-22.5},"faces":{"north":{"uv":[2.0,9.25,2.5,9.75],"texture":"#0"},"east":{"uv":[9.25,2.0,9.75,2.5],"texture":"#0"},"south":{"uv":[2.5,9.25,3.0,9.75],"texture":"#0"},"west":{"uv":[9.25,2.5,9.75,3.0],"texture":"#0"},"up":{"uv":[3.5,9.75,3.0,9.25],"texture":"#0"},"down":{"uv":[9.75,3.0,9.25,3.5],"texture":"#0"}}},{"from":[4.0,-5.0,1.0],"to":[4.0,-3.0,5.0],"faces":{"north":{"uv":[0.0,0.0,0.0,2.0],"texture":"#2"},"east":{"uv":[0.0,0.0,4.0,2.0],"texture":"#2"},"south":{"uv":[0.0,0.0,0.0,2.0],"texture":"#2"},"west":{"uv":[0.0,2.0,4.0,4.0],"texture":"#2"},"up":{"uv":[0.0,4.0,0.0,0.0],"texture":"#2"},"down":{"uv":[0.0,0.0,0.0,4.0],"texture":"#2"}}},{"from":[0.0,-5.0,1.0],"to":[0.0,-3.0,5.0],"faces":{"north":{"uv":[0.0,0.0,0.0,2.0],"texture":"#2"},"east":{"uv":[0.0,4.0,4.0,6.0],"texture":"#2"},"south":{"uv":[0.0,0.0,0.0,2.0],"texture":"#2"},"west":{"uv":[4.0,0.0,8.0,2.0],"texture":"#2"},"up":{"uv":[0.0,4.0,0.0,0.0],"texture":"#2"},"down":{"uv":[0.0,0.0,0.0,4.0],"texture":"#2"}}},{"from":[0.0,-5.0,5.0],"to":[4.0,-3.0,5.0],"faces":{"north":{"uv":[4.0,2.0,8.0,4.0],"texture":"#2"},"east":{"uv":[0.0,0.0,0.0,2.0],"texture":"#2"},"south":{"uv":[4.0,4.0,8.0,6.0],"texture":"#2"},"west":{"uv":[0.0,0.0,0.0,2.0],"texture":"#2"},"up":{"uv":[4.0,0.0,0.0,0.0],"texture":"#2"},"down":{"uv":[4.0,0.0,0.0,0.0],"texture":"#2"}}},{"from":[0.0,-5.0,1.0],"to":[4.0,-3.0,1.0],"faces":{"north":{"uv":[0.0,6.0,4.0,8.0],"texture":"#2"},"east":{"uv":[0.0,0.0,0.0,2.0],"texture":"#2"},"south":{"uv":[4.0,6.0,8.0,8.0],"texture":"#2"},"west":{"uv":[0.0,0.0,0.0,2.0],"texture":"#2"},"up":{"uv":[4.0,0.0,0.0,0.0],"texture":"#2"},"down":{"uv":[4.0,0.0,0.0,0.0],"texture":"#2"}}},{"from":[15.0,-5.0,1.0],"to":[15.0,-3.0,5.0],"faces":{"north":{"uv":[0.0,0.0,0.0,2.0],"texture":"#2"},"east":{"uv":[0.0,8.0,4.0,10.0],"texture":"#2"},"south":{"uv":[0.0,0.0,0.0,2.0],"texture":"#2"},"west":{"uv":[8.0,0.0,12.0,2.0],"texture":"#2"},"up":{"uv":[0.0,4.0,0.0,0.0],"texture":"#2"},"down":{"uv":[0.0,0.0,0.0,4.0],"texture":"#2"}}},{"from":[11.0,-5.0,1.0],"to":[11.0,-3.0,5.0],"faces":{"north":{"uv":[0.0,0.0,0.0,2.0],"texture":"#2"},"east":{"uv":[8.0,2.0,12.0,4.0],"texture":"#2"},"south":{"uv":[0.0,0.0,0.0,2.0],"texture":"#2"},"west":{"uv":[4.0,8.0,8.0,10.0],"texture":"#2"},"up":{"uv":[0.0,4.0,0.0,0.0],"texture":"#2"},"down":{"uv":[0.0,0.0,0.0,4.0],"texture":"#2"}}},{"from":[11.0,-5.0,5.0],"to":[15.0,-3.0,5.0],"faces":{"north":{"uv":[8.0,4.0,12.0,6.0],"texture":"#2"},"east":{"uv":[0.0,0.0,0.0,2.0],"texture":"#2"},"south":{"uv":[8.0,6.0,12.0,8.0],"texture":"#2"},"west":{"uv":[0.0,0.0,0.0,2.0],"texture":"#2"},"up":{"uv":[4.0,0.0,0.0,0.0],"texture":"#2"},"down":{"uv":[4.0,0.0,0.0,0.0],"texture":"#2"}}},{"from":[11.0,-5.0,1.0],"to":[15.0,-3.0,1.0],"faces":{"north":{"uv":[8.0,8.0,12.0,10.0],"texture":"#2"},"east":{"uv":[0.0,0.0,0.0,2.0],"texture":"#2"},"south":{"uv":[0.0,10.0,4.0,12.0],"texture":"#2"},"west":{"uv":[0.0,0.0,0.0,2.0],"texture":"#2"},"up":{"uv":[4.0,0.0,0.0,0.0],"texture":"#2"},"down":{"uv":[4.0,0.0,0.0,0.0],"texture":"#2"}}},{"from":[3.5,-8.0,1.5],"to":[3.5,-6.0,4.5],"faces":{"north":{"uv":[0.0,0.0,0.0,2.0],"texture":"#2"},"east":{"uv":[4.0,10.0,7.0,12.0],"texture":"#2"},"south":{"uv":[0.0,0.0,0.0,2.0],"texture":"#2"},"west":{"uv":[7.0,10.0,10.0,12.0],"texture":"#2"},"up":{"uv":[0.0,3.0,0.0,0.0],"texture":"#2"},"down":{"uv":[0.0,0.0,0.0,3.0],"texture":"#2"}}},{"from":[0.5,-8.0,1.5],"to":[0.5,-6.0,4.5],"faces":{"north":{"uv":[0.0,0.0,0.0,2.0],"texture":"#2"},"east":{"uv":[10.0,10.0,13.0,12.0],"texture":"#2"},"south":{"uv":[0.0,0.0,0.0,2.0],"texture":"#2"},"west":{"uv":[0.0,12.0,3.0,14.0],"texture":"#2"},"up":{"uv":[0.0,3.0,0.0,0.0],"texture":"#2"},"down":{"uv":[0.0,0.0,0.0,3.0],"texture":"#2"}}},{"from":[0.5,-8.0,1.5],"to":[3.5,-6.0,1.5],"faces":{"north":{"uv":[12.0,0.0,15.0,2.0],"texture":"#2"},"east":{"uv":[0.0,0.0,0.0,2.0],"texture":"#2"},"south":{"uv":[12.0,2.0,15.0,4.0],"texture":"#2"},"west":{"uv":[0.0,0.0,0.0,2.0],"texture":"#2"},"up":{"uv":[3.0,0.0,0.0,0.0],"texture":"#2"},"down":{"uv":[3.0,0.0,0.0,0.0],"texture":"#2"}}},{"from":[0.5,-8.0,4.5],"to":[3.5,-6.0,4.5],"faces":{"north":{"uv":[3.0,12.0,6.0,14.0],"texture":"#2"},"east":{"uv":[0.0,0.0,0.0,2.0],"texture":"#2"},"south":{"uv":[12.0,4.0,15.0,6.0],"texture":"#2"},"west":{"uv":[0.0,0.0,0.0,2.0],"texture":"#2"},"up":{"uv":[3.0,0.0,0.0,0.0],"texture":"#2"},"down":{"uv":[3.0,0.0,0.0,0.0],"texture":"#2"}}},{"from":[11.5,-8.0,4.5],"to":[14.5,-6.0,4.5],"faces":{"north":{"uv":[6.0,12.0,9.0,14.0],"texture":"#2"},"east":{"uv":[0.0,0.0,0.0,2.0],"texture":"#2"},"south":{"uv":[12.0,6.0,15.0,8.0],"texture":"#2"},"west":{"uv":[0.0,0.0,0.0,2.0],"texture":"#2"},"up":{"uv":[3.0,0.0,0.0,0.0],"texture":"#2"},"down":{"uv":[3.0,0.0,0.0,0.0],"texture":"#2"}}},{"from":[14.5,-8.0,1.5],"to":[14.5,-6.0,4.5],"faces":{"north":{"uv":[0.0,0.0,0.0,2.0],"texture":"#2"},"east":{"uv":[12.0,8.0,15.0,10.0],"texture":"#2"},"south":{"uv":[0.0,0.0,0.0,2.0],"texture":"#2"},"west":{"uv":[9.0,12.0,12.0,14.0],"texture":"#2"},"up":{"uv":[0.0,3.0,0.0,0.0],"texture":"#2"},"down":{"uv":[0.0,0.0,0.0,3.0],"texture":"#2"}}},{"from":[11.5,-8.0,1.5],"to":[11.5,-6.0,4.5],"faces":{"north":{"uv":[0.0,0.0,0.0,2.0],"texture":"#2"},"east":{"uv":[12.0,12.0,15.0,14.0],"texture":"#2"},"south":{"uv":[0.0,0.0,0.0,2.0],"texture":"#2"},"west":{"uv":[13.0,10.0,16.0,12.0],"texture":"#2"},"up":{"uv":[0.0,3.0,0.0,0.0],"texture":"#2"},"down":{"uv":[0.0,0.0,0.0,3.0],"texture":"#2"}}},{"from":[11.5,-8.0,1.5],"to":[14.5,-6.0,1.5],"faces":{"north":{"uv":[0.0,14.0,3.0,16.0],"texture":"#2"},"east":{"uv":[0.0,0.0,0.0,2.0],"texture":"#2"},"south":{"uv":[3.0,14.0,6.0,16.0],"texture":"#2"},"west":{"uv":[0.0,0.0,0.0,2.0],"texture":"#2"},"up":{"uv":[3.0,0.0,0.0,0.0],"texture":"#2"},"down":{"uv":[3.0,0.0,0.0,0.0],"texture":"#2"}}},{"from":[1.5,-9.0,2.5],"to":[2.5,-9.0,3.5],"faces":{"north":{"uv":[0.0,0.0,1.0,0.0],"texture":"#2"},"east":{"uv":[0.0,0.0,1.0,0.0],"texture":"#2"},"south":{"uv":[0.0,0.0,1.0,0.0],"texture":"#2"},"west":{"uv":[0.0,0.0,1.0,0.0],"texture":"#2"},"up":{"uv":[7.0,15.0,6.0,14.0],"texture":"#2"},"down":{"uv":[8.0,14.0,7.0,15.0],"texture":"#2"}}},{"from":[12.5,-9.0,2.5],"to":[13.5,-9.0,3.5],"faces":{"north":{"uv":[0.0,0.0,1.0,0.0],"texture":"#2"},"east":{"uv":[0.0,0.0,1.0,0.0],"texture":"#2"},"south":{"uv":[0.0,0.0,1.0,0.0],"texture":"#2"},"west":{"uv":[0.0,0.0,1.0,0.0],"texture":"#2"},"up":{"uv":[9.0,15.0,8.0,14.0],"texture":"#2"},"down":{"uv":[10.0,14.0,9.0,15.0],"texture":"#2"}}},{"from":[-0.5,0.0,0.5],"to":[4.5,11.0,5.5],"faces":{"north":{"uv":[0.0,0.0,1.25,2.75],"texture":"#0"},"east":{"uv":[1.25,0.0,2.5,2.75],"texture":"#0"},"south":{"uv":[2.5,0.0,3.75,2.75],"texture":"#0"},"west":{"uv":[0.0,2.75,1.25,5.5],"texture":"#0"},"up":{"uv":[8.5,3.75,7.25,2.5],"texture":"#0"},"down":{"uv":[8.5,3.75,7.25,5.0],"texture":"#0"}}},{"from":[10.5,0.0,0.5],"to":[15.5,11.0,5.5],"faces":{"north":{"uv":[1.25,2.75,2.5,5.5],"texture":"#0"},"east":{"uv":[2.5,2.75,3.75,5.5],"texture":"#0"},"south":{"uv":[3.75,0.0,5.0,2.75],"texture":"#0"},"west":{"uv":[3.75,2.75,5.0,5.5],"texture":"#0"},"up":{"uv":[8.5,6.25,7.25,5.0],"texture":"#0"},"down":{"uv":[8.5,6.25,7.25,7.5],"texture":"#0"}}}],"textures":{"particle":"hmccosmetics:cf042bb6-2374-4c18-b131-a23a6d33ba43","0":"hmccosmetics:cf042bb6-2374-4c18-b131-a23a6d33ba43","2":"hmccosmetics:b7171613-46f4-4929-8bda-3f84fd6afae9"}}