{"display":{"thirdperson_righthand":{"rotation":[75.0,45.0,0.0],"translation":[0.0,2.5,0.0],"scale":[0.375,0.375,0.375]},"thirdperson_lefthand":{"rotation":[75.0,45.0,0.0],"translation":[0.0,2.5,0.0],"scale":[0.375,0.375,0.375]},"firstperson_righthand":{"rotation":[0.0,45.0,0.0],"scale":[0.4,0.4,0.4]},"firstperson_lefthand":{"rotation":[0.0,225.0,0.0],"scale":[0.4,0.4,0.4]},"ground":{"translation":[0.0,3.0,0.0],"scale":[0.25,0.25,0.25]},"gui":{"rotation":[30.0,225.0,0.0],"translation":[0.0,4.25,0.0]},"head":{"rotation":[22.5,0.0,0.0],"translation":[0.0,15.5,6.0],"scale":[2.0,2.0,2.0]},"fixed":{"scale":[0.5,0.5,0.5]}},"elements":[{"from":[4.0,0.0,4.0],"to":[12.0,2.0,12.0],"faces":{"north":{"uv":[7.5,6.0,11.5,7.0],"texture":"#1"},"east":{"uv":[7.5,7.0,11.5,8.0],"texture":"#1"},"south":{"uv":[0.0,8.0,4.0,9.0],"texture":"#1"},"west":{"uv":[7.5,8.0,11.5,9.0],"texture":"#1"},"up":{"uv":[4.0,4.0,0.0,0.0],"texture":"#1"},"down":{"uv":[4.0,4.0,0.0,8.0],"texture":"#1"}}},{"from":[7.0,6.0,7.0],"to":[9.0,8.0,9.0],"rotation":{"origin":[8.0,7.0,8.0],"axis":"y","angle":0.0},"faces":{"north":{"uv":[0.0,9.0,1.0,10.0],"texture":"#1"},"east":{"uv":[1.0,9.0,2.0,10.0],"texture":"#1"},"south":{"uv":[2.0,9.0,3.0,10.0],"texture":"#1"},"west":{"uv":[3.0,9.0,4.0,10.0],"texture":"#1"},"up":{"uv":[5.0,10.0,4.0,9.0],"texture":"#1"},"down":{"uv":[6.0,9.0,5.0,10.0],"texture":"#1"}}},{"from":[4.4,2.0,4.5],"to":[11.4,6.0,11.5],"faces":{"north":{"uv":[4.0,7.0,7.5,9.0],"texture":"#1","tintindex":0},"east":{"uv":[7.5,0.0,11.0,2.0],"texture":"#1","tintindex":0},"south":{"uv":[7.5,2.0,11.0,4.0],"texture":"#1","tintindex":0},"west":{"uv":[7.5,4.0,11.0,6.0],"texture":"#1","tintindex":0},"up":{"uv":[7.5,3.5,4.0,0.0],"texture":"#1","tintindex":0},"down":{"uv":[7.5,3.5,4.0,7.0],"texture":"#1","tintindex":0}}}],"textures":{"particle":"hmccosmetics:10ed0b2f-e4b4-4196-aea8-4b891d260983","1":"hmccosmetics:10ed0b2f-e4b4-4196-aea8-4b891d260983"}}