{"display":{"thirdperson_righthand":{"rotation":[75.0,45.0,0.0],"translation":[-1.0,-1.75,-5.25],"scale":[0.8,0.8,0.8]},"thirdperson_lefthand":{"rotation":[75.0,45.0,0.0],"translation":[-1.0,-1.75,-5.25],"scale":[0.8,0.8,0.8]},"firstperson_righthand":{"rotation":[-1.75,45.0,0.0],"translation":[8.75,-2.75,-5.0]},"firstperson_lefthand":{"rotation":[-1.75,45.0,0.0],"translation":[8.75,-2.75,-5.0]},"ground":{"translation":[0.0,3.0,0.0],"scale":[0.25,0.25,0.25]},"gui":{"rotation":[30.0,225.0,0.0],"scale":[0.625,0.625,0.625]},"fixed":{"scale":[0.5,0.5,0.5]}},"elements":[{"from":[5.5,0.0,5.5],"to":[10.5,2.0,10.5],"faces":{"north":{"uv":[9.5,8.0,12.0,9.0],"texture":"#1"},"east":{"uv":[9.5,9.0,12.0,10.0],"texture":"#1"},"south":{"uv":[10.0,0.0,12.5,1.0],"texture":"#1"},"west":{"uv":[10.0,1.0,12.5,2.0],"texture":"#1"},"up":{"uv":[5.5,8.5,3.0,6.0],"texture":"#1"},"down":{"uv":[8.5,3.0,6.0,5.5],"texture":"#1"}}},{"from":[2.5,2.0,7.0],"to":[5.5,2.0,9.0],"rotation":{"origin":[8.0,7.5,8.0],"axis":"y","angle":0.0},"faces":{"north":{"uv":[0.0,0.0,1.5,0.0],"texture":"#1"},"east":{"uv":[0.0,0.0,1.0,0.0],"texture":"#1"},"south":{"uv":[0.0,0.0,1.5,0.0],"texture":"#1"},"west":{"uv":[0.0,0.0,1.0,0.0],"texture":"#1"},"up":{"uv":[13.5,4.5,12.0,3.5],"texture":"#1"},"down":{"uv":[14.0,0.0,12.5,1.0],"texture":"#1"}}},{"from":[10.5,2.0,7.0],"to":[13.5,2.0,9.0],"rotation":{"origin":[8.0,7.5,8.0],"axis":"y","angle":0.0},"faces":{"north":{"uv":[0.0,0.0,1.5,0.0],"texture":"#1"},"east":{"uv":[0.0,0.0,1.0,0.0],"texture":"#1"},"south":{"uv":[0.0,0.0,1.5,0.0],"texture":"#1"},"west":{"uv":[0.0,0.0,1.0,0.0],"texture":"#1"},"up":{"uv":[14.5,3.0,13.0,2.0],"texture":"#1"},"down":{"uv":[6.5,13.0,5.0,14.0],"texture":"#1"}}},{"from":[3.5,13.0,7.0],"to":[6.5,13.0,9.0],"rotation":{"origin":[8.0,7.5,8.0],"axis":"y","angle":0.0},"faces":{"north":{"uv":[0.0,0.0,1.5,0.0],"texture":"#1"},"east":{"uv":[0.0,0.0,1.0,0.0],"texture":"#1"},"south":{"uv":[0.0,0.0,1.5,0.0],"texture":"#1"},"west":{"uv":[0.0,0.0,1.0,0.0],"texture":"#1"},"up":{"uv":[14.0,2.0,12.5,1.0],"texture":"#1"},"down":{"uv":[9.0,12.5,7.5,13.5],"texture":"#1"}}},{"from":[2.5,2.0,7.0],"to":[2.5,9.0,9.0],"rotation":{"origin":[8.0,7.5,8.0],"axis":"y","angle":0.0},"faces":{"north":{"uv":[0.0,0.0,0.0,3.5],"texture":"#1"},"east":{"uv":[7.5,7.5,8.5,11.0],"texture":"#1"},"south":{"uv":[0.0,0.0,0.0,3.5],"texture":"#1"},"west":{"uv":[5.5,8.0,6.5,11.5],"texture":"#1"},"up":{"uv":[0.0,1.0,0.0,0.0],"texture":"#1"},"down":{"uv":[0.0,0.0,0.0,1.0],"texture":"#1"}}},{"from":[2.5,9.0,7.0],"to":[3.5,9.0,9.0],"rotation":{"origin":[8.0,7.5,8.0],"axis":"y","angle":0.0},"faces":{"north":{"uv":[0.0,0.0,0.5,0.0],"texture":"#1"},"east":{"uv":[0.0,0.0,1.0,0.0],"texture":"#1"},"south":{"uv":[0.0,0.0,0.5,0.0],"texture":"#1"},"west":{"uv":[0.0,0.0,1.0,0.0],"texture":"#1"},"up":{"uv":[5.5,9.5,5.0,8.5],"texture":"#1"},"down":{"uv":[5.5,9.5,5.0,10.5],"texture":"#1"}}},{"from":[3.5,9.0,7.0],"to":[3.5,13.0,9.0],"rotation":{"origin":[8.0,7.5,8.0],"axis":"y","angle":0.0},"faces":{"north":{"uv":[0.0,0.0,0.0,2.0],"texture":"#1"},"east":{"uv":[6.5,11.5,7.5,13.5],"texture":"#1"},"south":{"uv":[0.0,0.0,0.0,2.0],"texture":"#1"},"west":{"uv":[11.0,11.5,12.0,13.5],"texture":"#1"},"up":{"uv":[0.0,1.0,0.0,0.0],"texture":"#1"},"down":{"uv":[0.0,0.0,0.0,1.0],"texture":"#1"}}},{"from":[9.5,13.0,7.0],"to":[12.5,13.0,9.0],"rotation":{"origin":[8.0,7.5,8.0],"axis":"y","angle":0.0},"faces":{"north":{"uv":[0.0,0.0,1.5,0.0],"texture":"#1"},"east":{"uv":[0.0,0.0,1.0,0.0],"texture":"#1"},"south":{"uv":[0.0,0.0,1.5,0.0],"texture":"#1"},"west":{"uv":[0.0,0.0,1.0,0.0],"texture":"#1"},"up":{"uv":[10.5,13.5,9.0,12.5],"texture":"#1"},"down":{"uv":[14.0,10.0,12.5,11.0],"texture":"#1"}}},{"from":[12.5,9.0,7.0],"to":[12.5,13.0,9.0],"rotation":{"origin":[8.0,7.5,8.0],"axis":"y","angle":0.0},"faces":{"north":{"uv":[0.0,0.0,0.0,2.0],"texture":"#1"},"east":{"uv":[1.0,12.0,2.0,14.0],"texture":"#1"},"south":{"uv":[0.0,0.0,0.0,2.0],"texture":"#1"},"west":{"uv":[2.0,12.0,3.0,14.0],"texture":"#1"},"up":{"uv":[0.0,1.0,0.0,0.0],"texture":"#1"},"down":{"uv":[0.0,0.0,0.0,1.0],"texture":"#1"}}},{"from":[12.5,9.0,7.0],"to":[13.5,9.0,9.0],"rotation":{"origin":[8.0,7.5,8.0],"axis":"y","angle":0.0},"faces":{"north":{"uv":[0.0,0.0,0.5,0.0],"texture":"#1"},"east":{"uv":[0.0,0.0,1.0,0.0],"texture":"#1"},"south":{"uv":[0.0,0.0,0.5,0.0],"texture":"#1"},"west":{"uv":[0.0,0.0,1.0,0.0],"texture":"#1"},"up":{"uv":[3.0,11.5,2.5,10.5],"texture":"#1"},"down":{"uv":[5.5,10.5,5.0,11.5],"texture":"#1"}}},{"from":[13.5,2.0,7.0],"to":[13.5,9.0,9.0],"rotation":{"origin":[8.0,7.5,8.0],"axis":"y","angle":0.0},"faces":{"north":{"uv":[0.0,0.0,0.0,3.5],"texture":"#1"},"east":{"uv":[6.5,8.0,7.5,11.5],"texture":"#1"},"south":{"uv":[0.0,0.0,0.0,3.5],"texture":"#1"},"west":{"uv":[3.0,8.5,4.0,12.0],"texture":"#1"},"up":{"uv":[0.0,1.0,0.0,0.0],"texture":"#1"},"down":{"uv":[0.0,0.0,0.0,1.0],"texture":"#1"}}},{"from":[7.0,9.0,12.5],"to":[9.0,13.0,12.5],"rotation":{"origin":[8.0,7.5,8.0],"axis":"y","angle":0.0},"faces":{"north":{"uv":[12.0,8.0,13.0,10.0],"texture":"#1"},"east":{"uv":[0.0,0.0,0.0,2.0],"texture":"#1"},"south":{"uv":[12.0,11.5,13.0,13.5],"texture":"#1"},"west":{"uv":[0.0,0.0,0.0,2.0],"texture":"#1"},"up":{"uv":[1.0,0.0,0.0,0.0],"texture":"#1"},"down":{"uv":[1.0,0.0,0.0,0.0],"texture":"#1"}}},{"from":[7.0,13.0,9.5],"to":[9.0,13.0,12.5],"rotation":{"origin":[8.0,7.5,8.0],"axis":"y","angle":0.0},"faces":{"north":{"uv":[0.0,0.0,1.0,0.0],"texture":"#1"},"east":{"uv":[0.0,0.0,1.5,0.0],"texture":"#1"},"south":{"uv":[0.0,0.0,1.0,0.0],"texture":"#1"},"west":{"uv":[0.0,0.0,1.5,0.0],"texture":"#1"},"up":{"uv":[14.5,7.5,13.5,6.0],"texture":"#1"},"down":{"uv":[7.5,13.5,6.5,15.0],"texture":"#1"}}},{"from":[7.0,9.0,12.5],"to":[9.0,9.0,13.5],"rotation":{"origin":[8.0,7.5,8.0],"axis":"y","angle":0.0},"faces":{"north":{"uv":[0.0,0.0,1.0,0.0],"texture":"#1"},"east":{"uv":[0.0,0.0,0.5,0.0],"texture":"#1"},"south":{"uv":[0.0,0.0,1.0,0.0],"texture":"#1"},"west":{"uv":[0.0,0.0,0.5,0.0],"texture":"#1"},"up":{"uv":[10.0,14.0,9.0,13.5],"texture":"#1"},"down":{"uv":[11.0,13.5,10.0,14.0],"texture":"#1"}}},{"from":[7.0,2.0,13.5],"to":[9.0,9.0,13.5],"rotation":{"origin":[8.0,7.5,8.0],"axis":"y","angle":0.0},"faces":{"north":{"uv":[0.0,9.0,1.0,12.5],"texture":"#1"},"east":{"uv":[0.0,0.0,0.0,3.5],"texture":"#1"},"south":{"uv":[9.0,0.0,10.0,3.5],"texture":"#1"},"west":{"uv":[0.0,0.0,0.0,3.5],"texture":"#1"},"up":{"uv":[1.0,0.0,0.0,0.0],"texture":"#1"},"down":{"uv":[1.0,0.0,0.0,0.0],"texture":"#1"}}},{"from":[7.0,2.0,10.5],"to":[9.0,2.0,13.5],"rotation":{"origin":[8.0,7.5,8.0],"axis":"y","angle":0.0},"faces":{"north":{"uv":[0.0,0.0,1.0,0.0],"texture":"#1"},"east":{"uv":[0.0,0.0,1.5,0.0],"texture":"#1"},"south":{"uv":[0.0,0.0,1.0,0.0],"texture":"#1"},"west":{"uv":[0.0,0.0,1.5,0.0],"texture":"#1"},"up":{"uv":[14.5,4.5,13.5,3.0],"texture":"#1"},"down":{"uv":[14.5,4.5,13.5,6.0],"texture":"#1"}}},{"from":[7.0,2.0,2.5],"to":[9.0,2.0,5.5],"rotation":{"origin":[8.0,7.5,8.0],"axis":"y","angle":0.0},"faces":{"north":{"uv":[1.0,0.0,0.0,0.0],"texture":"#1"},"east":{"uv":[1.5,0.0,0.0,0.0],"texture":"#1"},"south":{"uv":[1.0,0.0,0.0,0.0],"texture":"#1"},"west":{"uv":[1.5,0.0,0.0,0.0],"texture":"#1"},"up":{"uv":[14.5,3.0,13.5,4.5],"texture":"#1"},"down":{"uv":[14.5,6.0,13.5,4.5],"texture":"#1"}}},{"from":[7.0,2.0,2.5],"to":[9.0,9.0,2.5],"rotation":{"origin":[8.0,7.5,8.0],"axis":"y","angle":0.0},"faces":{"north":{"uv":[10.0,0.0,9.0,3.5],"texture":"#1"},"east":{"uv":[0.0,0.0,0.0,3.5],"texture":"#1"},"south":{"uv":[1.0,9.0,0.0,12.5],"texture":"#1"},"west":{"uv":[0.0,0.0,0.0,3.5],"texture":"#1"},"up":{"uv":[1.0,0.0,0.0,0.0],"texture":"#1"},"down":{"uv":[1.0,0.0,0.0,0.0],"texture":"#1"}}},{"from":[7.0,9.0,3.5],"to":[9.0,13.0,3.5],"rotation":{"origin":[8.0,7.5,8.0],"axis":"y","angle":0.0},"faces":{"north":{"uv":[13.0,11.5,12.0,13.5],"texture":"#1"},"east":{"uv":[0.0,0.0,0.0,2.0],"texture":"#1"},"south":{"uv":[13.0,8.0,12.0,10.0],"texture":"#1"},"west":{"uv":[0.0,0.0,0.0,2.0],"texture":"#1"},"up":{"uv":[1.0,0.0,0.0,0.0],"texture":"#1"},"down":{"uv":[1.0,0.0,0.0,0.0],"texture":"#1"}}},{"from":[7.0,9.0,2.5],"to":[9.0,9.0,3.5],"rotation":{"origin":[8.0,7.5,8.0],"axis":"y","angle":0.0},"faces":{"north":{"uv":[1.0,0.0,0.0,0.0],"texture":"#1"},"east":{"uv":[0.5,0.0,0.0,0.0],"texture":"#1"},"south":{"uv":[1.0,0.0,0.0,0.0],"texture":"#1"},"west":{"uv":[0.5,0.0,0.0,0.0],"texture":"#1"},"up":{"uv":[10.0,13.5,9.0,14.0],"texture":"#1"},"down":{"uv":[11.0,14.0,10.0,13.5],"texture":"#1"}}},{"from":[7.0,13.0,3.5],"to":[9.0,13.0,6.5],"rotation":{"origin":[8.0,7.5,8.0],"axis":"y","angle":0.0},"faces":{"north":{"uv":[1.0,0.0,0.0,0.0],"texture":"#1"},"east":{"uv":[1.5,0.0,0.0,0.0],"texture":"#1"},"south":{"uv":[1.0,0.0,0.0,0.0],"texture":"#1"},"west":{"uv":[1.5,0.0,0.0,0.0],"texture":"#1"},"up":{"uv":[14.5,6.0,13.5,7.5],"texture":"#1"},"down":{"uv":[7.5,15.0,6.5,13.5],"texture":"#1"}}},{"from":[6.5,2.0,6.5],"to":[9.5,3.0,9.5],"faces":{"north":{"uv":[6.0,5.5,7.5,6.0],"texture":"#1"},"east":{"uv":[12.0,4.5,13.5,5.0],"texture":"#1"},"south":{"uv":[13.0,9.5,14.5,10.0],"texture":"#1"},"west":{"uv":[7.5,13.5,9.0,14.0],"texture":"#1"},"up":{"uv":[11.5,3.5,10.0,2.0],"texture":"#1"},"down":{"uv":[11.0,10.0,9.5,11.5],"texture":"#1"}}},{"from":[6.5,9.0,6.5],"to":[9.5,12.0,9.5],"faces":{"north":{"uv":[1.0,10.5,2.5,12.0],"texture":"#1"},"east":{"uv":[10.5,3.5,12.0,5.0],"texture":"#1"},"south":{"uv":[7.5,11.0,9.0,12.5],"texture":"#1"},"west":{"uv":[11.0,10.0,12.5,11.5],"texture":"#1"},"up":{"uv":[13.0,3.5,11.5,2.0],"texture":"#1"},"down":{"uv":[6.5,11.5,5.0,13.0],"texture":"#1"}}},{"from":[5.0,3.0,5.0],"to":[11.0,9.0,11.0],"rotation":{"origin":[8.0,6.0,8.0],"axis":"y","angle":45.0},"faces":{"north":{"uv":[0.0,0.0,3.0,3.0],"texture":"#1"},"east":{"uv":[0.0,3.0,3.0,6.0],"texture":"#1"},"south":{"uv":[3.0,0.0,6.0,3.0],"texture":"#1"},"west":{"uv":[3.0,3.0,6.0,6.0],"texture":"#1"},"up":{"uv":[3.0,9.0,0.0,6.0],"texture":"#1"},"down":{"uv":[9.0,0.0,6.0,3.0],"texture":"#1"}}},{"from":[6.0,12.0,6.0],"to":[10.0,14.0,10.0],"faces":{"north":{"uv":[11.5,5.0,13.5,6.0],"texture":"#1"},"east":{"uv":[11.5,6.0,13.5,7.0],"texture":"#1"},"south":{"uv":[11.5,7.0,13.5,8.0],"texture":"#1"},"west":{"uv":[9.0,11.5,11.0,12.5],"texture":"#1"},"up":{"uv":[7.5,8.0,5.5,6.0],"texture":"#1"},"down":{"uv":[9.5,5.5,7.5,7.5],"texture":"#1"}}},{"from":[6.0,14.0,8.0],"to":[10.0,17.0,8.0],"faces":{"north":{"uv":[8.5,3.5,10.5,5.0],"texture":"#1"},"east":{"uv":[0.0,0.0,0.0,1.5],"texture":"#1"},"south":{"uv":[1.0,9.0,3.0,10.5],"texture":"#1"},"west":{"uv":[0.0,0.0,0.0,1.5],"texture":"#1"},"up":{"uv":[2.0,0.0,0.0,0.0],"texture":"#1"},"down":{"uv":[2.0,0.0,0.0,0.0],"texture":"#1"}}},{"from":[8.0,14.0,6.0],"to":[8.0,17.0,10.0],"rotation":{"origin":[8.0,15.5,8.0],"axis":"y","angle":0.0},"faces":{"north":{"uv":[0.0,0.0,0.0,1.5],"texture":"#1"},"east":{"uv":[9.5,5.0,11.5,6.5],"texture":"#1"},"south":{"uv":[0.0,0.0,0.0,1.5],"texture":"#1"},"west":{"uv":[9.5,6.5,11.5,8.0],"texture":"#1"},"up":{"uv":[0.0,2.0,0.0,0.0],"texture":"#1"},"down":{"uv":[0.0,0.0,0.0,2.0],"texture":"#1"}}}],"textures":{"1":"hmccosmetics:b181ffcd-6e71-4844-98bd-c3bd1d697737"}}