{"display":{"head":{},"firstperson_righthand":{},"thirdperson_lefthand":{},"firstperson_lefthand":{},"fixed":{},"ground":{},"thirdperson_righthand":{},"gui":{"rotation":[-150.0,-45.0,180.0]}},"elements":[{"from":[10.5,10.5,10.5],"to":[5.5,5.5,5.5],"faces":{"east":{"uv":[7.0075,8.1325,7.6175,8.7425],"texture":"#4","tintindex":0},"south":{"uv":[7.6325,8.1325,8.2425,8.7425],"texture":"#4","tintindex":0},"north":{"uv":[8.0075,6.8825,8.6175,7.4925],"texture":"#4","tintindex":0},"west":{"uv":[8.2575,7.5075,8.8675,8.1175],"texture":"#4","tintindex":0},"up":{"uv":[8.8675,8.7425,8.2575,8.1325],"texture":"#4","tintindex":0},"down":{"uv":[0.6175,8.3825,0.0075,8.9925],"texture":"#4","tintindex":0}}},{"from":[6.5,6.5,6.5],"to":[9.5,9.5,9.5],"faces":{"east":{"uv":[10.1325,3.8825,10.4925,4.2425],"texture":"#4","tintindex":0},"south":{"uv":[10.1325,4.2575,10.4925,4.6175],"texture":"#4","tintindex":0},"north":{"uv":[10.1325,2.8825,10.4925,3.2425],"texture":"#4","tintindex":0},"west":{"uv":[10.1325,5.6325,10.4925,5.9925],"texture":"#4","tintindex":0},"up":{"uv":[10.4925,6.3675,10.1325,6.0075],"texture":"#4","tintindex":0},"down":{"uv":[10.4925,9.0075,10.1325,9.3675],"texture":"#4","tintindex":0}}},{"from":[10.0,10.0,10.0],"to":[6.0,6.0,6.0],"faces":{"east":{"uv":[9.3825,6.1325,9.8675,6.6175],"texture":"#4","tintindex":0},"south":{"uv":[6.8825,9.3825,7.3675,9.8675],"texture":"#4","tintindex":0},"north":{"uv":[9.3825,5.6325,9.8675,6.1175],"texture":"#4","tintindex":0},"west":{"uv":[7.3825,9.3825,7.8675,9.8675],"texture":"#4","tintindex":0},"up":{"uv":[9.8675,7.8675,9.3825,7.3825],"texture":"#4","tintindex":0},"down":{"uv":[8.3675,9.3825,7.8825,9.8675],"texture":"#4","tintindex":0}}},{"from":[11.0,11.0,11.0],"to":[5.0,5.0,5.0],"faces":{"east":{"uv":[7.2575,3.8825,7.9925,4.6175],"texture":"#4","tintindex":0},"south":{"uv":[7.2575,4.6325,7.9925,5.3675],"texture":"#4","tintindex":0},"north":{"uv":[3.7575,4.8825,4.4925,5.6175],"texture":"#4","tintindex":0},"west":{"uv":[7.2575,5.3825,7.9925,6.1175],"texture":"#4","tintindex":0},"up":{"uv":[7.9925,6.8675,7.2575,6.1325],"texture":"#4","tintindex":0},"down":{"uv":[7.9925,6.8825,7.2575,7.6175],"texture":"#4","tintindex":0}}}],"textures":{"particle":"#4","4":"modelengine:fd8036e9-c351-4c2a-9aab-c5e6249b398e"}}