{"display":{"head":{},"firstperson_righthand":{},"thirdperson_lefthand":{},"firstperson_lefthand":{},"fixed":{},"ground":{},"thirdperson_righthand":{},"gui":{"rotation":[-150.0,-45.0,180.0]}},"elements":[{"from":[4.0,7.0,6.0],"to":[12.0,12.0,10.0],"faces":{"east":{"uv":[8.6325,6.8825,9.1175,7.4925],"texture":"#4","tintindex":0},"south":{"uv":[7.0075,1.3825,7.9925,1.9925],"texture":"#4","tintindex":0},"north":{"uv":[1.0075,7.0075,1.9925,7.6175],"texture":"#4","tintindex":0},"west":{"uv":[6.8825,8.7575,7.3675,9.3675],"texture":"#4","tintindex":0},"up":{"uv":[8.4925,0.4925,7.5075,0.0075],"texture":"#4","tintindex":0},"down":{"uv":[8.4925,0.5075,7.5075,0.9925],"texture":"#4","tintindex":0}}},{"from":[7.0,7.0,9.1],"to":[9.0,13.0,10.1],"faces":{"east":{"uv":[9.7575,9.8825,9.8675,10.6175],"texture":"#4","tintindex":0},"south":{"uv":[9.8825,5.6325,10.1175,6.3675],"texture":"#4","tintindex":0},"north":{"uv":[5.5075,9.8825,5.7425,10.6175],"texture":"#4","tintindex":0},"west":{"uv":[0.7575,10.0075,0.8675,10.7425],"texture":"#4","tintindex":0},"up":{"uv":[3.9925,5.7425,3.7575,5.6325],"texture":"#4","tintindex":0},"down":{"uv":[4.2425,5.6325,4.0075,5.7425],"texture":"#4","tintindex":0}}},{"from":[3.9,6.6999993,5.925],"to":[12.1,12.9,10.125],"faces":{"east":{"uv":[5.5075,8.3825,5.9925,9.1175],"texture":"#4","tintindex":0},"south":{"uv":[4.7575,6.2575,5.7425,6.9925],"texture":"#4","tintindex":0},"north":{"uv":[6.2575,4.3825,7.2425,5.1175],"texture":"#4","tintindex":0},"west":{"uv":[6.0075,8.3825,6.4925,9.1175],"texture":"#4","tintindex":0},"up":{"uv":[8.9925,2.9925,8.0075,2.5075],"texture":"#4","tintindex":0},"down":{"uv":[3.9925,8.0075,3.0075,8.4925],"texture":"#4","tintindex":0}}},{"from":[12.0,12.0,10.0],"to":[4.0,7.0,6.0],"faces":{"east":{"uv":[8.3825,8.7575,8.8675,9.3675],"texture":"#4","tintindex":0},"south":{"uv":[7.0075,2.6325,7.9925,3.2425],"texture":"#4","tintindex":0},"north":{"uv":[7.0075,2.0075,7.9925,2.6175],"texture":"#4","tintindex":0},"west":{"uv":[3.8825,8.8825,4.3675,9.4925],"texture":"#4","tintindex":0},"up":{"uv":[8.2425,8.1175,7.2575,7.6325],"texture":"#4","tintindex":0},"down":{"uv":[6.4925,7.8825,5.5075,8.3675],"texture":"#4","tintindex":0}}},{"from":[12.1,11.9,10.125],"to":[3.9,6.6999993,5.925],"faces":{"east":{"uv":[0.0075,9.0075,0.4925,9.6175],"texture":"#4","tintindex":0},"south":{"uv":[4.5075,7.0075,5.4925,7.6175],"texture":"#4","tintindex":0},"north":{"uv":[7.0075,3.2575,7.9925,3.8675],"texture":"#4","tintindex":0},"west":{"uv":[9.0075,0.7575,9.4925,1.3675],"texture":"#4","tintindex":0},"up":{"uv":[8.9925,4.4925,8.0075,4.0075],"texture":"#4","tintindex":0},"down":{"uv":[8.9925,4.5075,8.0075,4.9925],"texture":"#4","tintindex":0}}},{"from":[3.0,5.799999,6.025],"to":[4.0,10.799999,10.025],"faces":{"east":{"uv":[8.8825,8.1325,9.3675,8.7425],"texture":"#4","tintindex":0},"south":{"uv":[5.8825,10.2575,5.9925,10.8675],"texture":"#4","tintindex":0},"north":{"uv":[5.7575,10.2575,5.8675,10.8675],"texture":"#4","tintindex":0},"west":{"uv":[8.8825,8.7575,9.3675,9.3675],"texture":"#4","tintindex":0},"up":{"uv":[0.9925,9.7425,0.8825,9.2575],"texture":"#4","tintindex":0},"down":{"uv":[9.3675,9.3825,9.2575,9.8675],"texture":"#4","tintindex":0}}}],"textures":{"particle":"#4","4":"modelengine:fd8036e9-c351-4c2a-9aab-c5e6249b398e"}}