{"display":{"head":{},"firstperson_righthand":{},"thirdperson_lefthand":{},"firstperson_lefthand":{},"fixed":{},"ground":{},"thirdperson_righthand":{},"gui":{"rotation":[-150.0,-45.0,180.0]}},"elements":[{"from":[5.89,1.7900006,6.39],"to":[9.11,8.009999,9.61],"faces":{"east":{"uv":[1.3825,9.0075,1.7425,9.7425],"texture":"#4","tintindex":0},"south":{"uv":[9.0075,1.3825,9.3675,2.1175],"texture":"#4","tintindex":0},"north":{"uv":[1.0075,9.0075,1.3675,9.7425],"texture":"#4","tintindex":0},"west":{"uv":[9.0075,2.1325,9.3675,2.8675],"texture":"#4","tintindex":0},"up":{"uv":[5.4925,0.3675,5.1325,0.0075],"texture":"#4","tintindex":0},"down":{"uv":[10.2425,7.5075,9.8825,7.8675],"texture":"#4","tintindex":0}}},{"from":[6.996,0.996,6.996],"to":[9.004,8.004,9.004],"faces":{"east":{"uv":[9.0075,9.3825,9.2425,10.2425],"texture":"#4","tintindex":0},"south":{"uv":[9.3825,9.0075,9.6175,9.8675],"texture":"#4","tintindex":0},"north":{"uv":[5.5075,7.0075,5.7425,7.8675],"texture":"#4","tintindex":0},"west":{"uv":[9.5075,0.0075,9.7425,0.8675],"texture":"#4","tintindex":0},"up":{"uv":[7.2425,4.1175,7.0075,3.8825],"texture":"#4","tintindex":0},"down":{"uv":[7.2425,7.8825,7.0075,8.1175],"texture":"#4","tintindex":0}}},{"from":[9.1,7.899999,9.6],"to":[5.9,1.7000002,6.4],"faces":{"east":{"uv":[5.1325,9.0075,5.4925,9.7425],"texture":"#4","tintindex":0},"south":{"uv":[9.0075,5.1325,9.3675,5.8675],"texture":"#4","tintindex":0},"north":{"uv":[4.7575,9.0075,5.1175,9.7425],"texture":"#4","tintindex":0},"west":{"uv":[5.5075,9.1325,5.8675,9.8675],"texture":"#4","tintindex":0},"up":{"uv":[10.3675,8.9925,10.0075,8.6325],"texture":"#4","tintindex":0},"down":{"uv":[10.4925,1.7575,10.1325,2.1175],"texture":"#4","tintindex":0}}}],"textures":{"particle":"#4","4":"modelengine:fd8036e9-c351-4c2a-9aab-c5e6249b398e"}}