{"display":{"head":{},"firstperson_righthand":{},"thirdperson_lefthand":{},"firstperson_lefthand":{},"fixed":{},"ground":{},"thirdperson_righthand":{},"gui":{"rotation":[-150.0,-45.0,180.0]}},"elements":[{"from":[7.5,8.0,8.0],"to":[8.5,12.0,8.0],"faces":{"south":{"uv":[10.5075,5.6325,10.6175,6.1175],"texture":"#4","tintindex":0},"north":{"uv":[10.5075,3.7575,10.6175,4.2425],"texture":"#4","tintindex":0}}},{"from":[8.0,8.0,7.5],"to":[8.0,12.0,8.5],"faces":{"east":{"uv":[0.5075,10.6325,0.6175,11.1175],"texture":"#4","tintindex":0},"west":{"uv":[10.6325,0.5075,10.7425,0.9925],"texture":"#4","tintindex":0}}}],"textures":{"particle":"#4","4":"modelengine:fd8036e9-c351-4c2a-9aab-c5e6249b398e"}}