{"textures":{"0":"modelengine:entity/hv_zalthor","particle":"#0"},"elements":[{"from":[-0.35000038,-7.75,7.75],"to":[16.35,8.25,8.25],"faces":{"east":{"uv":[5.75,13.583334,5.8333335,14.916667],"tintindex":0,"rotation":0,"texture":"#0"},"south":{"uv":[0.0,5.3333335,1.4166667,6.666667],"tintindex":0,"rotation":0,"texture":"#0"},"north":{"uv":[4.8333335,4.8333335,6.25,6.166667],"tintindex":0,"rotation":0,"texture":"#0"},"west":{"uv":[8.666667,13.666667,8.75,15.0],"tintindex":0,"rotation":0,"texture":"#0"},"up":{"uv":[10.333334,1.25,8.916667,1.1666667],"tintindex":0,"rotation":0,"texture":"#0"},"down":{"uv":[14.833334,11.083334,13.416667,11.166667],"tintindex":0,"rotation":0,"texture":"#0"}}}],"display":{"head":{"rotation":[0.0,0.0,0.0]},"firstperson_righthand":{"rotation":[0.0,0.0,0.0]},"thirdperson_lefthand":{"rotation":[0.0,-0.0,-0.0]},"firstperson_lefthand":{"rotation":[0.0,-0.0,-0.0]},"fixed":{"rotation":[0.0,0.0,0.0]},"ground":{"rotation":[0.0,0.0,0.0]},"thirdperson_righthand":{"rotation":[0.0,0.0,0.0]},"gui":{"rotation":[-150.0,-45.0,180.0]}}}