{"textures":{"0":"modelengine:entity/hv_zalthor","particle":"#0"},"elements":[{"from":[-0.25,-6.749999,7.75],"to":[16.25,8.25,8.0],"faces":{"east":{"uv":[9.5,13.75,9.583334,15.0],"tintindex":0,"rotation":0,"texture":"#0"},"south":{"uv":[6.3333335,1.8333334,7.75,3.0833335],"tintindex":0,"rotation":0,"texture":"#0"},"north":{"uv":[6.25,4.8333335,7.666667,6.0833335],"tintindex":0,"rotation":0,"texture":"#0"},"west":{"uv":[9.583334,13.75,9.666667,15.0],"tintindex":0,"rotation":0,"texture":"#0"},"up":{"uv":[15.083334,10.333334,13.666667,10.25],"tintindex":0,"rotation":0,"texture":"#0"},"down":{"uv":[15.083334,10.333334,13.666667,10.416667],"tintindex":0,"rotation":0,"texture":"#0"}}}],"display":{"head":{"rotation":[0.0,0.0,0.0]},"firstperson_righthand":{"rotation":[0.0,0.0,0.0]},"thirdperson_lefthand":{"rotation":[0.0,-0.0,-0.0]},"firstperson_lefthand":{"rotation":[0.0,-0.0,-0.0]},"fixed":{"rotation":[0.0,0.0,0.0]},"ground":{"rotation":[0.0,0.0,0.0]},"thirdperson_righthand":{"rotation":[0.0,0.0,0.0]},"gui":{"rotation":[-150.0,-45.0,180.0]}}}