{"textures":{"0":"modelengine:entity/hv_zalthor","particle":"#0"},"elements":[{"from":[7.4791665,7.3663707,-11.625],"to":[8.604166,8.491371,-10.5],"faces":{"east":{"uv":[13.333334,8.666667,13.75,9.083334],"tintindex":0,"rotation":0,"texture":"#0"},"south":{"uv":[13.333334,11.166667,13.75,11.583334],"tintindex":0,"rotation":0,"texture":"#0"},"north":{"uv":[13.333334,8.25,13.75,8.666667],"tintindex":0,"rotation":0,"texture":"#0"},"west":{"uv":[1.5833334,13.416667,2.0,13.833334],"tintindex":0,"rotation":0,"texture":"#0"},"up":{"uv":[2.4166667,13.833334,2.0,13.416667],"tintindex":0,"rotation":0,"texture":"#0"},"down":{"uv":[2.8333335,13.416667,2.4166667,13.833334],"tintindex":0,"rotation":0,"texture":"#0"}},"rotation":{"origin":[8.041666,7.9288707,3.71875],"angle":45.0,"axis":"z"}},{"from":[5.8241625,3.9760165,-10.198013],"to":[10.1991625,12.076016,-5.8230133],"faces":{"east":{"uv":[1.5,0.0,3.0,2.6666667],"tintindex":0,"rotation":0,"texture":"#0"},"south":{"uv":[0.0,2.6666667,1.5,5.3333335],"tintindex":0,"rotation":0,"texture":"#0"},"north":{"uv":[0.0,0.0,1.5,2.6666667],"tintindex":0,"rotation":0,"texture":"#0"},"west":{"uv":[1.5,2.6666667,3.0,5.3333335],"tintindex":0,"rotation":0,"texture":"#0"},"up":{"uv":[6.3333335,3.3333335,4.8333335,1.8333334],"tintindex":0,"rotation":0,"texture":"#0"},"down":{"uv":[6.3333335,3.3333335,4.8333335,4.8333335],"tintindex":0,"rotation":0,"texture":"#0"}}},{"from":[7.4791665,7.3663707,7.625],"to":[8.604166,8.491371,8.75],"faces":{"east":{"uv":[6.666667,12.25,7.0833335,12.666667],"tintindex":0,"rotation":0,"texture":"#0"},"south":{"uv":[13.25,9.75,13.666667,10.166667],"tintindex":0,"rotation":0,"texture":"#0"},"north":{"uv":[1.1666667,10.833334,1.5833334,11.25],"tintindex":0,"rotation":0,"texture":"#0"},"west":{"uv":[13.25,10.166667,13.666667,10.583334],"tintindex":0,"rotation":0,"texture":"#0"},"up":{"uv":[13.75,7.8333335,13.333334,7.416667],"tintindex":0,"rotation":0,"texture":"#0"},"down":{"uv":[13.75,7.8333335,13.333334,8.25],"tintindex":0,"rotation":0,"texture":"#0"}},"rotation":{"origin":[8.041666,7.9288707,22.96875],"angle":45.0,"axis":"z"}},{"from":[5.3241625,10.101017,-10.698013],"to":[10.6991625,12.101016,-5.3230133],"faces":{"east":{"uv":[8.333334,5.5,10.166667,6.166667],"tintindex":0,"rotation":0,"texture":"#0"},"south":{"uv":[8.333334,6.166667,10.166667,6.8333335],"tintindex":0,"rotation":0,"texture":"#0"},"north":{"uv":[8.083334,0.0,9.916667,0.6666667],"tintindex":0,"rotation":0,"texture":"#0"},"west":{"uv":[8.5,6.8333335,10.333334,7.5],"tintindex":0,"rotation":0,"texture":"#0"},"up":{"uv":[4.8333335,1.8333334,3.0,0.0],"tintindex":0,"rotation":0,"texture":"#0"},"down":{"uv":[4.8333335,1.8333334,3.0,3.6666667],"tintindex":0,"rotation":0,"texture":"#0"}}},{"from":[5.3241625,3.8510165,-10.698013],"to":[10.6991625,5.851016,-5.3230133],"faces":{"east":{"uv":[8.5,8.166667,10.333334,8.833334],"tintindex":0,"rotation":0,"texture":"#0"},"south":{"uv":[2.8333335,8.666667,4.666667,9.333334],"tintindex":0,"rotation":0,"texture":"#0"},"north":{"uv":[8.5,7.5,10.333334,8.166667],"tintindex":0,"rotation":0,"texture":"#0"},"west":{"uv":[4.666667,8.666667,6.5,9.333334],"tintindex":0,"rotation":0,"texture":"#0"},"up":{"uv":[4.8333335,5.5,3.0,3.6666667],"tintindex":0,"rotation":0,"texture":"#0"},"down":{"uv":[6.666667,0.0,4.8333335,1.8333334],"tintindex":0,"rotation":0,"texture":"#0"}}},{"from":[7.7291665,7.6163707,-10.875],"to":[8.354166,8.241371,8.5],"faces":{"east":{"uv":[6.666667,1.25,13.166667,1.5],"tintindex":0,"rotation":0,"texture":"#0"},"south":{"uv":[8.833334,12.083334,9.083334,12.333334],"tintindex":0,"rotation":0,"texture":"#0"},"north":{"uv":[11.166667,10.75,11.416667,11.0],"tintindex":0,"rotation":0,"texture":"#0"},"west":{"uv":[6.666667,1.5,13.166667,1.75],"tintindex":0,"rotation":0,"texture":"#0"},"up":{"uv":[0.25,14.416667,0.0,7.916667],"tintindex":0,"rotation":0,"texture":"#0"},"down":{"uv":[0.5,7.916667,0.25,14.416667],"tintindex":0,"rotation":0,"texture":"#0"}},"rotation":{"origin":[8.041666,7.9288707,4.46875],"angle":45.0,"axis":"z"}}],"display":{"head":{"rotation":[0.0,0.0,0.0]},"firstperson_righthand":{"rotation":[0.0,0.0,0.0]},"thirdperson_lefthand":{"rotation":[0.0,-0.0,-0.0]},"firstperson_lefthand":{"rotation":[0.0,-0.0,-0.0]},"fixed":{"rotation":[0.0,0.0,0.0]},"ground":{"rotation":[0.0,0.0,0.0]},"thirdperson_righthand":{"rotation":[0.0,0.0,0.0]},"gui":{"rotation":[-150.0,-45.0,180.0]}}}