{"textures":{"0":"modelengine:entity/hv_zalthor","particle":"#0"},"elements":[{"from":[3.75,3.5,2.25],"to":[13.25,12.5,13.75],"faces":{"east":{"uv":[10.833334,4.75,11.833334,5.5],"tintindex":0,"rotation":0,"texture":"#0"},"south":{"uv":[11.416667,10.75,12.25,11.5],"tintindex":0,"rotation":0,"texture":"#0"},"north":{"uv":[11.333334,1.75,12.166667,2.5],"tintindex":0,"rotation":0,"texture":"#0"},"west":{"uv":[10.833334,5.5,11.833334,6.25],"tintindex":0,"rotation":0,"texture":"#0"},"up":{"uv":[4.416667,11.333334,3.5833335,10.333334],"tintindex":0,"rotation":0,"texture":"#0"},"down":{"uv":[11.166667,6.5,10.333334,7.5],"tintindex":0,"rotation":0,"texture":"#0"}}},{"from":[0.75,9.5,1.5],"to":[13.35,12.75,14.5],"faces":{"east":{"uv":[13.166667,12.916667,14.25,13.166667],"tintindex":0,"rotation":0,"texture":"#0"},"south":{"uv":[13.25,3.25,14.333334,3.5],"tintindex":0,"rotation":0,"texture":"#0"},"north":{"uv":[13.166667,12.666667,14.25,12.916667],"tintindex":0,"rotation":0,"texture":"#0"},"west":{"uv":[13.25,3.5,14.333334,3.75],"tintindex":0,"rotation":0,"texture":"#0"},"up":{"uv":[10.083334,3.9166667,9.0,2.8333335],"tintindex":0,"rotation":0,"texture":"#0"},"down":{"uv":[10.166667,3.9166667,9.083334,5.0],"tintindex":0,"rotation":0,"texture":"#0"}}}],"display":{"head":{"rotation":[0.0,0.0,0.0]},"firstperson_righthand":{"rotation":[0.0,0.0,0.0]},"thirdperson_lefthand":{"rotation":[0.0,-0.0,-0.0]},"firstperson_lefthand":{"rotation":[0.0,-0.0,-0.0]},"fixed":{"rotation":[0.0,0.0,0.0]},"ground":{"rotation":[0.0,0.0,0.0]},"thirdperson_righthand":{"rotation":[0.0,0.0,0.0]},"gui":{"rotation":[-150.0,-45.0,180.0]}}}