{"textures":{"0":"modelengine:entity/hv_zalthor","particle":"#0"},"elements":[{"from":[0.9200001,8.0,0.79999924],"to":[7.88,12.08,10.7],"faces":{"east":{"uv":[2.5,13.083334,3.3333335,13.416667],"tintindex":0,"rotation":0,"texture":"#0"},"south":{"uv":[11.166667,7.0,11.75,7.3333335],"tintindex":0,"rotation":0,"texture":"#0"},"north":{"uv":[9.75,10.583334,10.333334,10.916667],"tintindex":0,"rotation":0,"texture":"#0"},"west":{"uv":[5.8333335,13.083334,6.666667,13.416667],"tintindex":0,"rotation":0,"texture":"#0"},"up":{"uv":[6.666667,13.083334,6.0833335,12.25],"tintindex":0,"rotation":0,"texture":"#0"},"down":{"uv":[12.916667,2.4166667,12.333334,3.25],"tintindex":0,"rotation":0,"texture":"#0"}}},{"from":[0.8199997,9.92,-0.40000057],"to":[7.98,14.36,10.4],"faces":{"east":{"uv":[9.083334,5.0,10.0,5.3333335],"tintindex":0,"rotation":0,"texture":"#0"},"south":{"uv":[0.5,13.25,1.0833334,13.583334],"tintindex":0,"rotation":0,"texture":"#0"},"north":{"uv":[8.833334,13.166667,9.416667,13.5],"tintindex":0,"rotation":0,"texture":"#0"},"west":{"uv":[6.0,9.333334,6.916667,9.666667],"tintindex":0,"rotation":0,"texture":"#0"},"up":{"uv":[1.0833334,12.416667,0.5,11.5],"tintindex":0,"rotation":0,"texture":"#0"},"down":{"uv":[8.25,11.916667,7.666667,12.833334],"tintindex":0,"rotation":0,"texture":"#0"}},"rotation":{"origin":[4.3999996,11.96,5.0],"angle":-22.5,"axis":"x"}}],"display":{"head":{"rotation":[0.0,0.0,0.0]},"firstperson_righthand":{"rotation":[0.0,0.0,0.0]},"thirdperson_lefthand":{"rotation":[0.0,-0.0,-0.0]},"firstperson_lefthand":{"rotation":[0.0,-0.0,-0.0]},"fixed":{"rotation":[0.0,0.0,0.0]},"ground":{"rotation":[0.0,0.0,0.0]},"thirdperson_righthand":{"rotation":[0.0,0.0,0.0]},"gui":{"rotation":[-150.0,-45.0,180.0]}}}