{"textures":{"0":"modelengine:entity/hv_zalthor","particle":"#0"},"elements":[{"from":[6.1499996,2.25,6.4],"to":[9.849999,7.75,9.6],"faces":{"east":{"uv":[13.666667,13.166667,13.916667,13.666667],"tintindex":0,"rotation":0,"texture":"#0"},"south":{"uv":[11.083334,13.416667,11.416667,13.916667],"tintindex":0,"rotation":0,"texture":"#0"},"north":{"uv":[10.75,13.416667,11.083334,13.916667],"tintindex":0,"rotation":0,"texture":"#0"},"west":{"uv":[13.666667,13.666667,13.916667,14.166667],"tintindex":0,"rotation":0,"texture":"#0"},"up":{"uv":[2.9166667,14.166667,2.5833335,13.916667],"tintindex":0,"rotation":0,"texture":"#0"},"down":{"uv":[3.25,13.916667,2.9166667,14.166667],"tintindex":0,"rotation":0,"texture":"#0"}}}],"display":{"head":{"rotation":[0.0,0.0,0.0]},"firstperson_righthand":{"rotation":[0.0,0.0,0.0]},"thirdperson_lefthand":{"rotation":[0.0,-0.0,-0.0]},"firstperson_lefthand":{"rotation":[0.0,-0.0,-0.0]},"fixed":{"rotation":[0.0,0.0,0.0]},"ground":{"rotation":[0.0,0.0,0.0]},"thirdperson_righthand":{"rotation":[0.0,0.0,0.0]},"gui":{"rotation":[-150.0,-45.0,180.0]}}}