{"textures":{"0":"modelengine:entity/hv_zalthor","particle":"#0"},"elements":[{"from":[4.7000003,-0.15000057,4.7],"to":[11.3,11.15,11.3],"faces":{"east":{"uv":[10.166667,11.916667,10.75,12.833334],"tintindex":0,"rotation":0,"texture":"#0"},"south":{"uv":[10.75,11.916667,11.333334,12.833334],"tintindex":0,"rotation":0,"texture":"#0"},"north":{"uv":[9.583334,11.916667,10.166667,12.833334],"tintindex":0,"rotation":0,"texture":"#0"},"west":{"uv":[12.0,9.166667,12.583334,10.083334],"tintindex":0,"rotation":0,"texture":"#0"},"up":{"uv":[10.666667,13.416667,10.083334,12.833334],"tintindex":0,"rotation":0,"texture":"#0"},"down":{"uv":[11.25,12.833334,10.666667,13.416667],"tintindex":0,"rotation":0,"texture":"#0"}}}],"display":{"head":{"rotation":[0.0,0.0,0.0]},"firstperson_righthand":{"rotation":[0.0,0.0,0.0]},"thirdperson_lefthand":{"rotation":[0.0,-0.0,-0.0]},"firstperson_lefthand":{"rotation":[0.0,-0.0,-0.0]},"fixed":{"rotation":[0.0,0.0,0.0]},"ground":{"rotation":[0.0,0.0,0.0]},"thirdperson_righthand":{"rotation":[0.0,0.0,0.0]},"gui":{"rotation":[-150.0,-45.0,180.0]}}}