{"textures":{"0":"modelengine:entity/hv_zalthor","particle":"#0"},"elements":[{"from":[-7.8,6.5,6.5],"to":[3.8000002,9.5,9.5],"faces":{"east":{"uv":[1.6666667,12.166667,1.9166667,12.416667],"tintindex":0,"rotation":0,"texture":"#0"},"south":{"uv":[13.25,4.0,14.25,4.25],"tintindex":0,"rotation":0,"texture":"#0"},"north":{"uv":[13.25,3.75,14.25,4.0],"tintindex":0,"rotation":0,"texture":"#0"},"west":{"uv":[4.416667,13.166667,4.666667,13.416667],"tintindex":0,"rotation":0,"texture":"#0"},"up":{"uv":[14.25,4.5,13.25,4.25],"tintindex":0,"rotation":0,"texture":"#0"},"down":{"uv":[14.25,4.5,13.25,4.75],"tintindex":0,"rotation":0,"texture":"#0"}}}],"display":{"head":{"rotation":[0.0,0.0,0.0]},"firstperson_righthand":{"rotation":[0.0,0.0,0.0]},"thirdperson_lefthand":{"rotation":[0.0,-0.0,-0.0]},"firstperson_lefthand":{"rotation":[0.0,-0.0,-0.0]},"fixed":{"rotation":[0.0,0.0,0.0]},"ground":{"rotation":[0.0,0.0,0.0]},"thirdperson_righthand":{"rotation":[0.0,0.0,0.0]},"gui":{"rotation":[-150.0,-45.0,180.0]}}}