{"textures":{"0":"modelengine:entity/hv_zalthor","particle":"#0"},"elements":[{"from":[3.2389479,8.81711,3.0],"to":[12.238948,10.81711,13.0],"faces":{"east":{"uv":[12.333334,1.0833334,13.166667,1.25],"tintindex":0,"rotation":0,"texture":"#0"},"south":{"uv":[9.333334,13.583334,10.083334,13.75],"tintindex":0,"rotation":0,"texture":"#0"},"north":{"uv":[13.5,2.75,14.25,2.9166667],"tintindex":0,"rotation":0,"texture":"#0"},"west":{"uv":[13.333334,11.583334,14.166667,11.75],"tintindex":0,"rotation":0,"texture":"#0"},"up":{"uv":[12.583334,4.166667,11.833334,3.3333335],"tintindex":0,"rotation":0,"texture":"#0"},"down":{"uv":[12.583334,4.166667,11.833334,5.0],"tintindex":0,"rotation":0,"texture":"#0"}}},{"from":[3.2389479,1.2171097,3.0],"to":[12.238948,3.2171097,13.0],"faces":{"east":{"uv":[13.333334,11.75,14.166667,11.916667],"tintindex":0,"rotation":0,"texture":"#0"},"south":{"uv":[7.916667,13.666667,8.666667,13.833334],"tintindex":0,"rotation":0,"texture":"#0"},"north":{"uv":[7.166667,13.666667,7.916667,13.833334],"tintindex":0,"rotation":0,"texture":"#0"},"west":{"uv":[13.5,1.75,14.333334,1.9166667],"tintindex":0,"rotation":0,"texture":"#0"},"up":{"uv":[12.583334,5.8333335,11.833334,5.0],"tintindex":0,"rotation":0,"texture":"#0"},"down":{"uv":[12.583334,7.0,11.833334,7.8333335],"tintindex":0,"rotation":0,"texture":"#0"}}},{"from":[3.4889479,1.2671108,3.25],"to":[11.988948,10.767111,12.75],"faces":{"east":{"uv":[9.75,11.083334,10.583334,11.916667],"tintindex":0,"rotation":0,"texture":"#0"},"south":{"uv":[1.9166667,11.583334,2.6666667,12.416667],"tintindex":0,"rotation":0,"texture":"#0"},"north":{"uv":[11.416667,11.5,12.166667,12.333334],"tintindex":0,"rotation":0,"texture":"#0"},"west":{"uv":[10.583334,11.083334,11.416667,11.916667],"tintindex":0,"rotation":0,"texture":"#0"},"up":{"uv":[12.333334,3.3333335,11.583334,2.5],"tintindex":0,"rotation":0,"texture":"#0"},"down":{"uv":[3.4166667,11.583334,2.6666667,12.416667],"tintindex":0,"rotation":0,"texture":"#0"}}}],"display":{"head":{"rotation":[0.0,0.0,0.0]},"firstperson_righthand":{"rotation":[0.0,0.0,0.0]},"thirdperson_lefthand":{"rotation":[0.0,-0.0,-0.0]},"firstperson_lefthand":{"rotation":[0.0,-0.0,-0.0]},"fixed":{"rotation":[0.0,0.0,0.0]},"ground":{"rotation":[0.0,0.0,0.0]},"thirdperson_righthand":{"rotation":[0.0,0.0,0.0]},"gui":{"rotation":[-150.0,-45.0,180.0]}}}