{"textures":{"0":"modelengine:entity/hv_zalthor","particle":"#0"},"elements":[{"from":[-10.800001,6.5,6.5],"to":[8.799999,9.5,9.5],"faces":{"east":{"uv":[13.416667,13.75,13.666667,14.0],"tintindex":0,"rotation":0,"texture":"#0"},"south":{"uv":[12.583334,5.5,14.25,5.75],"tintindex":0,"rotation":0,"texture":"#0"},"north":{"uv":[12.583334,5.25,14.25,5.5],"tintindex":0,"rotation":0,"texture":"#0"},"west":{"uv":[4.25,13.916667,4.5,14.166667],"tintindex":0,"rotation":0,"texture":"#0"},"up":{"uv":[14.416667,6.5,12.75,6.25],"tintindex":0,"rotation":0,"texture":"#0"},"down":{"uv":[14.416667,6.5,12.75,6.75],"tintindex":0,"rotation":0,"texture":"#0"}}}],"display":{"head":{"rotation":[0.0,0.0,0.0]},"firstperson_righthand":{"rotation":[0.0,0.0,0.0]},"thirdperson_lefthand":{"rotation":[0.0,-0.0,-0.0]},"firstperson_lefthand":{"rotation":[0.0,-0.0,-0.0]},"fixed":{"rotation":[0.0,0.0,0.0]},"ground":{"rotation":[0.0,0.0,0.0]},"thirdperson_righthand":{"rotation":[0.0,0.0,0.0]},"gui":{"rotation":[-150.0,-45.0,180.0]}}}