{"textures":{"0":"modelengine:entity/hv_zalthor","particle":"#0"},"elements":[{"from":[2.65,9.5,1.5],"to":[15.25,12.75,14.5],"faces":{"east":{"uv":[11.25,13.166667,12.333334,13.416667],"tintindex":0,"rotation":0,"texture":"#0"},"south":{"uv":[12.333334,13.166667,13.416667,13.416667],"tintindex":0,"rotation":0,"texture":"#0"},"north":{"uv":[3.3333335,13.166667,4.416667,13.416667],"tintindex":0,"rotation":0,"texture":"#0"},"west":{"uv":[13.166667,12.416667,14.25,12.666667],"tintindex":0,"rotation":0,"texture":"#0"},"up":{"uv":[9.083334,9.916667,8.0,8.833334],"tintindex":0,"rotation":0,"texture":"#0"},"down":{"uv":[2.6666667,9.0,1.5833334,10.083334],"tintindex":0,"rotation":0,"texture":"#0"}}},{"from":[2.75,3.5,2.25],"to":[12.25,12.5,13.75],"faces":{"east":{"uv":[6.8333335,10.666667,7.8333335,11.416667],"tintindex":0,"rotation":0,"texture":"#0"},"south":{"uv":[11.166667,9.166667,12.0,9.916667],"tintindex":0,"rotation":0,"texture":"#0"},"north":{"uv":[11.166667,6.25,12.0,7.0],"tintindex":0,"rotation":0,"texture":"#0"},"west":{"uv":[10.833334,4.0,11.833334,4.75],"tintindex":0,"rotation":0,"texture":"#0"},"up":{"uv":[11.0,9.833334,10.166667,8.833334],"tintindex":0,"rotation":0,"texture":"#0"},"down":{"uv":[5.666667,10.25,4.8333335,11.25],"tintindex":0,"rotation":0,"texture":"#0"}}}],"display":{"head":{"rotation":[0.0,0.0,0.0]},"firstperson_righthand":{"rotation":[0.0,0.0,0.0]},"thirdperson_lefthand":{"rotation":[0.0,-0.0,-0.0]},"firstperson_lefthand":{"rotation":[0.0,-0.0,-0.0]},"fixed":{"rotation":[0.0,0.0,0.0]},"ground":{"rotation":[0.0,0.0,0.0]},"thirdperson_righthand":{"rotation":[0.0,0.0,0.0]},"gui":{"rotation":[-150.0,-45.0,180.0]}}}