{"textures":{"0":"modelengine:entity/hv_zalthor","particle":"#0"},"elements":[{"from":[-0.35000038,-7.75,7.75],"to":[16.349998,8.25,8.25],"faces":{"east":{"uv":[9.333334,13.75,9.416667,15.083334],"tintindex":0,"rotation":0,"texture":"#0"},"south":{"uv":[5.666667,6.166667,7.0833335,7.5],"tintindex":0,"rotation":0,"texture":"#0"},"north":{"uv":[4.25,6.166667,5.666667,7.5],"tintindex":0,"rotation":0,"texture":"#0"},"west":{"uv":[9.416667,13.75,9.5,15.083334],"tintindex":0,"rotation":0,"texture":"#0"},"up":{"uv":[15.166667,8.583334,13.75,8.5],"tintindex":0,"rotation":0,"texture":"#0"},"down":{"uv":[15.166667,8.583334,13.75,8.666667],"tintindex":0,"rotation":0,"texture":"#0"}}}],"display":{"head":{"rotation":[0.0,0.0,0.0]},"firstperson_righthand":{"rotation":[0.0,0.0,0.0]},"thirdperson_lefthand":{"rotation":[0.0,-0.0,-0.0]},"firstperson_lefthand":{"rotation":[0.0,-0.0,-0.0]},"fixed":{"rotation":[0.0,0.0,0.0]},"ground":{"rotation":[0.0,0.0,0.0]},"thirdperson_righthand":{"rotation":[0.0,0.0,0.0]},"gui":{"rotation":[-150.0,-45.0,180.0]}}}