{"textures":{"0":"modelengine:entity/hv_zalthor","particle":"#0"},"elements":[{"from":[5.25,1.625,6.5],"to":[8.75,8.375,9.5],"faces":{"east":{"uv":[8.333334,10.666667,8.583334,11.25],"tintindex":0,"rotation":0,"texture":"#0"},"south":{"uv":[1.1666667,10.25,1.5,10.833334],"tintindex":0,"rotation":0,"texture":"#0"},"north":{"uv":[6.5,8.666667,6.8333335,9.25],"tintindex":0,"rotation":0,"texture":"#0"},"west":{"uv":[11.583334,3.3333335,11.833334,3.9166667],"tintindex":0,"rotation":0,"texture":"#0"},"up":{"uv":[4.75,11.166667,4.416667,10.916667],"tintindex":0,"rotation":0,"texture":"#0"},"down":{"uv":[2.25,11.333334,1.9166667,11.583334],"tintindex":0,"rotation":0,"texture":"#0"}}}],"display":{"head":{"rotation":[0.0,0.0,0.0]},"firstperson_righthand":{"rotation":[0.0,0.0,0.0]},"thirdperson_lefthand":{"rotation":[0.0,-0.0,-0.0]},"firstperson_lefthand":{"rotation":[0.0,-0.0,-0.0]},"fixed":{"rotation":[0.0,0.0,0.0]},"ground":{"rotation":[0.0,0.0,0.0]},"thirdperson_righthand":{"rotation":[0.0,0.0,0.0]},"gui":{"rotation":[-150.0,-45.0,180.0]}}}