{"textures":{"0":"modelengine:entity/hv_zalthor","particle":"#0"},"elements":[{"from":[6.1500006,2.25,6.3999996],"to":[9.85,7.75,9.6],"faces":{"east":{"uv":[0.5,13.583334,0.75,14.083334],"tintindex":0,"rotation":0,"texture":"#0"},"south":{"uv":[5.8333335,13.416667,6.166667,13.916667],"tintindex":0,"rotation":0,"texture":"#0"},"north":{"uv":[4.166667,13.416667,4.5,13.916667],"tintindex":0,"rotation":0,"texture":"#0"},"west":{"uv":[0.75,13.583334,1.0,14.083334],"tintindex":0,"rotation":0,"texture":"#0"},"up":{"uv":[4.3333335,12.416667,4.0,12.166667],"tintindex":0,"rotation":0,"texture":"#0"},"down":{"uv":[12.583334,11.166667,12.25,11.416667],"tintindex":0,"rotation":0,"texture":"#0"}}}],"display":{"head":{"rotation":[0.0,0.0,0.0]},"firstperson_righthand":{"rotation":[0.0,0.0,0.0]},"thirdperson_lefthand":{"rotation":[0.0,-0.0,-0.0]},"firstperson_lefthand":{"rotation":[0.0,-0.0,-0.0]},"fixed":{"rotation":[0.0,0.0,0.0]},"ground":{"rotation":[0.0,0.0,0.0]},"thirdperson_righthand":{"rotation":[0.0,0.0,0.0]},"gui":{"rotation":[-150.0,-45.0,180.0]}}}