{"textures":{"0":"modelengine:entity/hv_zalthor","particle":"#0"},"elements":[{"from":[12.2,6.5,6.5],"to":[23.8,9.5,9.5],"faces":{"east":{"uv":[10.0,13.916667,10.25,14.166667],"tintindex":0,"rotation":0,"texture":"#0"},"south":{"uv":[13.25,5.0,14.25,5.25],"tintindex":0,"rotation":0,"texture":"#0"},"north":{"uv":[13.25,4.75,14.25,5.0],"tintindex":0,"rotation":0,"texture":"#0"},"west":{"uv":[13.916667,10.0,14.166667,10.25],"tintindex":0,"rotation":0,"texture":"#0"},"up":{"uv":[14.25,6.0,13.25,5.75],"tintindex":0,"rotation":0,"texture":"#0"},"down":{"uv":[14.25,6.0,13.25,6.25],"tintindex":0,"rotation":0,"texture":"#0"}}}],"display":{"head":{"rotation":[0.0,0.0,0.0]},"firstperson_righthand":{"rotation":[0.0,0.0,0.0]},"thirdperson_lefthand":{"rotation":[0.0,-0.0,-0.0]},"firstperson_lefthand":{"rotation":[0.0,-0.0,-0.0]},"fixed":{"rotation":[0.0,0.0,0.0]},"ground":{"rotation":[0.0,0.0,0.0]},"thirdperson_righthand":{"rotation":[0.0,0.0,0.0]},"gui":{"rotation":[-150.0,-45.0,180.0]}}}