{"textures":{"0":"modelengine:entity/hv_zalthor","particle":"#0"},"elements":[{"from":[7.200001,6.5,6.5],"to":[26.800001,9.5,9.5],"faces":{"east":{"uv":[10.25,13.916667,10.5,14.166667],"tintindex":0,"rotation":0,"texture":"#0"},"south":{"uv":[12.75,12.166667,14.416667,12.416667],"tintindex":0,"rotation":0,"texture":"#0"},"north":{"uv":[12.75,11.916667,14.416667,12.166667],"tintindex":0,"rotation":0,"texture":"#0"},"west":{"uv":[10.5,13.916667,10.75,14.166667],"tintindex":0,"rotation":0,"texture":"#0"},"up":{"uv":[14.5,0.25,12.833334,0.0],"tintindex":0,"rotation":0,"texture":"#0"},"down":{"uv":[14.5,0.25,12.833334,0.5],"tintindex":0,"rotation":0,"texture":"#0"}}}],"display":{"head":{"rotation":[0.0,0.0,0.0]},"firstperson_righthand":{"rotation":[0.0,0.0,0.0]},"thirdperson_lefthand":{"rotation":[0.0,-0.0,-0.0]},"firstperson_lefthand":{"rotation":[0.0,-0.0,-0.0]},"fixed":{"rotation":[0.0,0.0,0.0]},"ground":{"rotation":[0.0,0.0,0.0]},"thirdperson_righthand":{"rotation":[0.0,0.0,0.0]},"gui":{"rotation":[-150.0,-45.0,180.0]}}}