{"parent":"item/generated","textures":{"layer0":"item/paper"},"overrides":[{"predicate":{"custom_model_data":1454320},"model":"nogs_menagerie:plushies/nm_plushie_lafufu_beige"},{"predicate":{"custom_model_data":1454321},"model":"nogs_menagerie:plushies/nm_plushie_lafufu_blue"},{"predicate":{"custom_model_data":1454322},"model":"nogs_menagerie:plushies/nm_plushie_lafufu_green"},{"predicate":{"custom_model_data":1454323},"model":"nogs_menagerie:plushies/nm_plushie_lafufu_pink"}],"mcmodels":"7d77ba0908d2bdcfbd5268aab89d1c7f"}