{
  "model": {
    "type": "select",
    "property": "custom_model_data",
    "fallback": {
      "type": "model",
      "model": "item/light_blue_stained_glass_pane"
    },
    "cases": [
      {
        "when": "menu_expedition",
        "model": {
          "type": "model",
          "model": "item/menu_expedition"
        }
      },
      {
        "when": "menu_bid",
        "model": {
          "type": "model",
          "model": "item/menu_bid"
        }
      },
      {
        "when": "menu_walletback",
        "model": {
          "type": "model",
          "model": "item/menu_walletback"
        }
      },
      {
        "when": "menu_daily",
        "model": {
          "type": "model",
          "model": "item/menu_daily"
        }
      },
      {
        "when": "menu_guildapplyok",
        "model": {
          "type": "model",
          "model": "item/menu_guildapplyok"
        }
      },
      {
        "when": "menu_wallet",
        "model": {
          "type": "model",
          "model": "item/menu_wallet"
        }
      },
      {
        "when": "menu_searchguild",
        "model": {
          "type": "model",
          "model": "item/menu_searchguild"
        }
      },
      {
        "when": "menu_sup",
        "model": {
          "type": "model",
          "model": "item/menu_sup"
        }
      },
      {
        "when": "menu_guildsetting",
        "model": {
          "type": "model",
          "model": "item/menu_guildsetting"
        }
      },
      {
        "when": "menu_designation_no",
        "model": {
          "type": "model",
          "model": "item/menu_designation_no"
        }
      },
      {
        "when": "menu_searchguildback",
        "model": {
          "type": "model",
          "model": "item/menu_searchguildback"
        }
      },
      {
        "when": "menu_mail",
        "model": {
          "type": "model",
          "model": "item/menu_mail"
        }
      },
      {
        "when": "menu_pointok",
        "model": {
          "type": "model",
          "model": "item/menu_pointok"
        }
      },
      {
        "when": "menu_friend",
        "model": {
          "type": "model",
          "model": "item/menu_friend"
        }
      },
      {
        "when": "menu_supback",
        "model": {
          "type": "model",
          "model": "item/menu_supback"
        }
      },
      {
        "when": "menu_snowfight",
        "model": {
          "type": "model",
          "model": "item/menu_snowfight"
        }
      },
      {
        "when": "menu_guildranking",
        "model": {
          "type": "model",
          "model": "item/menu_guildranking"
        }
      },
      {
        "when": "menu_guildpersonjoin",
        "model": {
          "type": "model",
          "model": "item/menu_guildpersonjoin"
        }
      },
      {
        "when": "menu_noguildback",
        "model": {
          "type": "model",
          "model": "item/menu_noguildback"
        }
      },
      {
        "when": "menu_guildupgrade",
        "model": {
          "type": "model",
          "model": "item/menu_guildupgrade"
        }
      },
      {
        "when": "menu_trade",
        "model": {
          "type": "model",
          "model": "item/menu_trade"
        }
      },
      {
        "when": "menu_pointback",
        "model": {
          "type": "model",
          "model": "item/menu_pointback"
        }
      },
      {
        "when": "menu_point",
        "model": {
          "type": "model",
          "model": "item/menu_point"
        }
      },
      {
        "when": "menu_game",
        "model": {
          "type": "model",
          "model": "item/menu_game"
        }
      },
      {
        "when": "menu_bidback",
        "model": {
          "type": "model",
          "model": "item/menu_bidback"
        }
      },
      {
        "when": "menu_guildstorehouse",
        "model": {
          "type": "model",
          "model": "item/menu_guildstorehouse"
        }
      },
      {
        "when": "menu_applyguildrule",
        "model": {
          "type": "model",
          "model": "item/menu_applyguildrule"
        }
      },
      {
        "when": "menu_applyguildback",
        "model": {
          "type": "model",
          "model": "item/menu_applyguildback"
        }
      },
      {
        "when": "menu_registerguildback",
        "model": {
          "type": "model",
          "model": "item/menu_registerguildback"
        }
      },
      {
        "when": "menu_clothing",
        "model": {
          "type": "model",
          "model": "item/menu_clothing"
        }
      },
      {
        "when": "menu_worldquest",
        "model": {
          "type": "model",
          "model": "item/menu_worldquest"
        }
      },
      {
        "when": "menu_tradeback",
        "model": {
          "type": "model",
          "model": "item/menu_tradeback"
        }
      },
      {
        "when": "menu_pointadd",
        "model": {
          "type": "model",
          "model": "item/menu_pointadd"
        }
      },
      {
        "when": "menu_title",
        "model": {
          "type": "model",
          "model": "item/menu_title"
        }
      },
      {
        "when": "menu_hourse",
        "model": {
          "type": "model",
          "model": "item/menu_hourse"
        }
      },
      {
        "when": "menu_profile",
        "model": {
          "type": "model",
          "model": "item/menu_profile"
        }
      },
      {
        "when": "menu_personnellist",
        "model": {
          "type": "model",
          "model": "item/menu_personnellist"
        }
      },
      {
        "when": "menu_rejected",
        "model": {
          "type": "model",
          "model": "item/menu_rejected"
        }
      },
      {
        "when": "menu_haveguildback",
        "model": {
          "type": "model",
          "model": "item/menu_haveguildback"
        }
      },
      {
        "when": "menu_profileback",
        "model": {
          "type": "model",
          "model": "item/menu_profileback"
        }
      },
      {
        "when": "menu_friendback",
        "model": {
          "type": "model",
          "model": "item/menu_friendback"
        }
      },
      {
        "when": "menu_achievement",
        "model": {
          "type": "model",
          "model": "item/menu_achievement"
        }
      },
      {
        "when": "guild_traveler",
        "model": {
          "type": "model",
          "model": "item/guild_traveler"
        }
      },
      {
        "when": "menu_guildtask",
        "model": {
          "type": "model",
          "model": "item/menu_guildtask"
        }
      },
      {
        "when": "menu_guild",
        "model": {
          "type": "model",
          "model": "item/menu_guild"
        }
      },
      {
        "when": "menu_gameback",
        "model": {
          "type": "model",
          "model": "item/menu_gameback"
        }
      },
      {
        "when": "menu_team",
        "model": {
          "type": "model",
          "model": "item/menu_team"
        }
      },
      {
        "when": "menu_teamback",
        "model": {
          "type": "model",
          "model": "item/menu_teamback"
        }
      },
      {
        "when": "menu_titlepreviouspage",
        "model": {
          "type": "model",
          "model": "item/menu_titlepreviouspage"
        }
      },
      {
        "when": "menu_notokguild",
        "model": {
          "type": "model",
          "model": "item/menu_notokguild"
        }
      },
      {
        "when": "menu_timeout",
        "model": {
          "type": "model",
          "model": "item/menu_timeout"
        }
      },
      {
        "when": "menu_shopback",
        "model": {
          "type": "model",
          "model": "item/menu_shopback"
        }
      },
      {
        "when": "menu_pending",
        "model": {
          "type": "model",
          "model": "item/menu_pending"
        }
      },
      {
        "when": "menu_applyguild",
        "model": {
          "type": "model",
          "model": "item/menu_applyguild"
        }
      },
      {
        "when": "menu_okguild",
        "model": {
          "type": "model",
          "model": "item/menu_okguild"
        }
      },
      {
        "when": "menu_worldquestback",
        "model": {
          "type": "model",
          "model": "item/menu_worldquestback"
        }
      },
      {
        "when": "menu_guildpersonback",
        "model": {
          "type": "model",
          "model": "item/menu_guildpersonback"
        }
      },
      {
        "when": "menu_return",
        "model": {
          "type": "model",
          "model": "item/menu_return"
        }
      },
      {
        "when": "menu_dailyback",
        "model": {
          "type": "model",
          "model": "item/menu_dailyback"
        }
      },
      {
        "when": "menu_shop",
        "model": {
          "type": "model",
          "model": "item/menu_shop"
        }
      },
      {
        "when": "menu_accepted",
        "model": {
          "type": "model",
          "model": "item/menu_accepted"
        }
      },
      {
        "when": "menu_mailback",
        "model": {
          "type": "model",
          "model": "item/menu_mailback"
        }
      },
      {
        "when": "menu_titlenextpage",
        "model": {
          "type": "model",
          "model": "item/menu_titlenextpage"
        }
      },
      {
        "when": "menu_guildback",
        "model": {
          "type": "model",
          "model": "item/menu_guildback"
        }
      },
      {
        "when": "menu_titleback",
        "model": {
          "type": "model",
          "model": "item/menu_titleback"
        }
      },
      {
        "when": "menu_titleno",
        "model": {
          "type": "model",
          "model": "item/menu_titleno"
        }
      },
      {
        "when": "designation_dragonslayer",
        "model": {
          "type": "model",
          "model": "item/designation_dragonslayer"
        }
      },
      {
        "when": "menu_sendletter",
        "model": {
          "type": "model",
          "model": "item/menu_sendletter"
        }
      },
      {
        "when": "mailpreviouspage",
        "model": {
          "type": "model",
          "model": "item/mailpreviouspage"
        }
      },
      {
        "when": "menu_mailpreviouspage",
        "model": {
          "type": "model",
          "model": "item/menu_mailpreviouspage"
        }
      },
      {
        "when": "menu_menunextpage",
        "model": {
          "type": "model",
          "model": "item/menu_menunextpage"
        }
      },
      {
        "when": "menu_sendlettername",
        "model": {
          "type": "model",
          "model": "item/menu_sendlettername"
        }
      },
      {
        "when": "menu_sendlettercontain",
        "model": {
          "type": "model",
          "model": "item/menu_sendlettercontain"
        }
      },
      {
        "when": "menu_sendlettermoney",
        "model": {
          "type": "model",
          "model": "item/menu_sendlettermoney"
        }
      },
      {
        "when": "menu_sendletterok",
        "model": {
          "type": "model",
          "model": "item/menu_sendletterok"
        }
      },
      {
        "when": "menu_sendletterback",
        "model": {
          "type": "model",
          "model": "item/menu_sendletterback"
        }
      },
      {
        "when": "menu_sendlettergoods",
        "model": {
          "type": "model",
          "model": "item/menu_sendlettergoods"
        }
      },
      {
        "when": "menu_sendletterpeople",
        "model": {
          "type": "model",
          "model": "item/menu_sendletterpeople"
        }
      },
      {
        "when": "menu_overage",
        "model": {
          "type": "model",
          "model": "item/menu_overage"
        }
      },
      {
        "when": "menu_payforother",
        "model": {
          "type": "model",
          "model": "item/menu_payforother"
        }
      },
      {
        "when": "menu_getmoremoney",
        "model": {
          "type": "model",
          "model": "item/menu_getmoremoney"
        }
      },
      {
        "when": "menu_walletspeopleback",
        "model": {
          "type": "model",
          "model": "item/menu_walletspeopleback"
        }
      },
      {
        "when": "menu_walletselectperson",
        "model": {
          "type": "model",
          "model": "item/menu_walletselectperson"
        }
      },
      {
        "when": "menu_walletpreviouspage",
        "model": {
          "type": "model",
          "model": "item/menu_walletpreviouspage"
        }
      },
      {
        "when": "menu_walletnextpage",
        "model": {
          "type": "model",
          "model": "item/menu_walletnextpage"
        }
      },
      {
        "when": "menu_publicpoint",
        "model": {
          "type": "model",
          "model": "item/menu_publicpoint"
        }
      },
      {
        "when": "menu_publicpointpreviouspage",
        "model": {
          "type": "model",
          "model": "item/menu_publicpointpreviouspage"
        }
      },
      {
        "when": "menu_publicpointnextpage",
        "model": {
          "type": "model",
          "model": "item/menu_publicpointnextpage"
        }
      },
      {
        "when": "menu_publicpointsearch",
        "model": {
          "type": "model",
          "model": "item/menu_publicpointsearch"
        }
      },
      {
        "when": "menu_publicpointback",
        "model": {
          "type": "model",
          "model": "item/menu_publicpointback"
        }
      },
      {
        "when": "menu_addfriend",
        "model": {
          "type": "model",
          "model": "item/menu_addfriend"
        }
      },
      {
        "when": "menu_friendrequest",
        "model": {
          "type": "model",
          "model": "item/menu_friendrequest"
        }
      },
      {
        "when": "menu_havefriendsearch",
        "model": {
          "type": "model",
          "model": "item/menu_havefriendsearch"
        }
      },
      {
        "when": "menu_addfriendsearch",
        "model": {
          "type": "model",
          "model": "item/menu_addfriendsearch"
        }
      },
      {
        "when": "menu_addfriendback",
        "model": {
          "type": "model",
          "model": "item/menu_addfriendback"
        }
      },
      {
        "when": "menu_friendrequestback",
        "model": {
          "type": "model",
          "model": "item/menu_friendrequestback"
        }
      },
      {
        "when": "menu_autochange",
        "model": {
          "type": "model",
          "model": "item/menu_autochange"
        }
      },
      {
        "when": "menu_closephantom",
        "model": {
          "type": "model",
          "model": "item/menu_closephantom"
        }
      },
      {
        "when": "menu_dailytaskone",
        "model": {
          "type": "model",
          "model": "item/menu_dailytaskone"
        }
      },
      {
        "when": "menu_dailytaskthree",
        "model": {
          "type": "model",
          "model": "item/menu_dailytaskthree"
        }
      },
      {
        "when": "menu_dailytasktwo",
        "model": {
          "type": "model",
          "model": "item/menu_dailytasktwo"
        }
      },
      {
        "when": "menu_nightsee",
        "model": {
          "type": "model",
          "model": "item/menu_nightsee"
        }
      },
      {
        "when": "menu_pvpopen",
        "model": {
          "type": "model",
          "model": "item/menu_pvpopen"
        }
      },
      {
        "when": "menu_seebloom",
        "model": {
          "type": "model",
          "model": "item/menu_seebloom"
        }
      },
      {
        "when": "menu_supsitdown",
        "model": {
          "type": "model",
          "model": "item/menu_supsitdown"
        }
      },
      {
        "when": "menu_tradenextpage",
        "model": {
          "type": "model",
          "model": "item/menu_tradenextpage"
        }
      },
      {
        "when": "menu_tradepreviouspage",
        "model": {
          "type": "model",
          "model": "item/menu_tradepreviouspage"
        }
      },
      {
        "when": "menu_tradesearch",
        "model": {
          "type": "model",
          "model": "item/menu_tradesearch"
        }
      },
      {
        "when": "sword1",
        "model": {
          "type": "model",
          "model": "item/sword1"
        }
      }
    ]
  }
}