{
  "model": {
    "type": "select",
    "property": "custom_model_data",
    "fallback": {
      "type": "model",
      "model": "item/armor_stand"
    },
    "cases": [
      {
        "when": "rabbit",
        "model": {
          "type": "model",
          "model": "item/rabbit"
        "when": "tiger",
        "model": {
          "type": "model",
          "model": "item/tigger"
        "when": "cow",
        "model": {
          "type": "model",
          "model": "item/cow"
        "when": "jerry",
        "model": {
          "type": "model",
          "model": "item/jerry"
        "when": "beardoll",
        "model": {
          "type": "model",
          "model": "item/beardoll"
        }
      }
    ]
  }
}