{"textures":{"0":"modelengine:entity/dragon","particle":"#0"},"elements":[{"from":[5.9929,6.0000052,5.410921],"to":[7.9929,10.000006,13.610921],"faces":{"east":{"uv":[10.0,4.0,8.0,5.0],"tintindex":0,"rotation":0,"texture":"#0"},"south":{"uv":[10.5,4.0,10.0,5.0],"tintindex":0,"rotation":0,"texture":"#0"},"north":{"uv":[8.0,4.0,7.5,5.0],"tintindex":0,"rotation":0,"texture":"#0"},"west":{"uv":[7.5,4.0,5.5,5.0],"tintindex":0,"rotation":0,"texture":"#0"},"up":{"uv":[7.5,4.0,8.0,2.0],"tintindex":0,"rotation":0,"texture":"#0"},"down":{"uv":[8.0,2.0,8.5,4.0],"tintindex":0,"rotation":0,"texture":"#0"}}}],"display":{"head":{"rotation":[10.0,0.0,-0.0]},"firstperson_righthand":{"rotation":[10.0,0.0,-0.0]},"thirdperson_lefthand":{"rotation":[10.0,-0.0,0.0]},"firstperson_lefthand":{"rotation":[10.0,-0.0,0.0]},"fixed":{"rotation":[10.0,0.0,-0.0]},"ground":{"rotation":[10.0,0.0,-0.0]},"thirdperson_righthand":{"rotation":[10.0,0.0,-0.0]},"gui":{"rotation":[-164.00194,-44.13603,170.14893]}}}