{"display":{"head":{},"firstperson_righthand":{},"thirdperson_lefthand":{},"firstperson_lefthand":{},"fixed":{},"ground":{},"thirdperson_righthand":{},"gui":{"rotation":[-150.0,-45.0,180.0]}},"elements":[{"from":[-8.0,0.0,8.0],"to":[24.0,32.0,8.0],"faces":{"south":{"uv":[9.999063,2.0009375,8.000937,3.9990625],"texture":"#0","tintindex":0},"north":{"uv":[8.000937,2.0009375,9.999063,3.9990625],"texture":"#0","tintindex":0}}},{"from":[-8.0,8.053035,-13.501068],"to":[24.0,8.053035,8.248931],"faces":{"up":{"uv":[9.999063,3.3584375,8.000937,2.0009375],"texture":"#0","rotation":180,"tintindex":0},"down":{"uv":[9.999063,3.3584375,8.000937,2.0009375],"texture":"#0","tintindex":0}}},{"from":[-8.0,8.053035,7.751069],"to":[24.0,8.053035,29.501068],"faces":{"up":{"uv":[8.000937,2.0009375,9.999063,3.3584375],"texture":"#0","rotation":180,"tintindex":0},"down":{"uv":[8.000937,2.0009375,9.999063,3.3584375],"texture":"#0","tintindex":0}}},{"from":[-8.0,3.75,8.75],"to":[24.0,3.75,30.5],"rotation":{"origin":[8.0,3.75,-1.5],"axis":"x","angle":-22.5},"faces":{"up":{"uv":[8.000937,2.0009375,9.999063,3.3584375],"texture":"#0","rotation":180,"tintindex":0},"down":{"uv":[8.000937,2.0009375,9.999063,3.3584375],"texture":"#0","tintindex":0}}},{"from":[-8.0,7.728035,-13.501068],"to":[24.0,7.728035,8.248931],"rotation":{"origin":[8.0,8.25,8.0],"axis":"x","angle":22.5},"faces":{"up":{"uv":[8.000937,3.3584375,9.999063,2.0009375],"texture":"#0","rotation":180,"tintindex":0},"down":{"uv":[8.000937,3.3584375,9.999063,2.0009375],"texture":"#0","tintindex":0}}},{"from":[8.0,0.0,-8.0],"to":[8.0,32.0,24.0],"faces":{"east":{"uv":[8.000937,2.0009375,9.999063,3.9990625],"texture":"#0","tintindex":0},"west":{"uv":[9.999063,2.0009375,8.000937,3.9990625],"texture":"#0","tintindex":0}}}],"textures":{"particle":"#0","0":"modelengine:6ade78d9-09eb-4dc6-92d6-e19e6d0ede76"}}