{"display":{"head":{},"firstperson_righthand":{},"thirdperson_lefthand":{},"firstperson_lefthand":{},"fixed":{},"ground":{},"thirdperson_righthand":{},"gui":{"rotation":[-150.0,-45.0,180.0]}},"elements":[{"from":[4.3550005,3.0344372,17.519718],"to":[5.3450003,11.509719,25.995],"rotation":{"origin":[4.8500004,5.514719,20.0],"axis":"x","angle":-45.0},"faces":{"east":{"uv":[3.0075,5.6325,3.9925,6.6175],"texture":"#0","tintindex":0},"south":{"uv":[7.2575,10.7575,7.3675,11.7425],"texture":"#0","tintindex":0},"north":{"uv":[7.1325,10.7575,7.2425,11.7425],"texture":"#0","tintindex":0},"west":{"uv":[4.0075,5.6325,4.9925,6.6175],"texture":"#0","tintindex":0},"up":{"uv":[10.9925,5.8675,10.8825,4.8825],"texture":"#0","tintindex":0},"down":{"uv":[5.3675,10.8825,5.2575,11.8675],"texture":"#0","tintindex":0}}},{"from":[5.3500004,7.0,5.0],"to":[10.35,9.0,11.0],"faces":{"east":{"uv":[9.3825,2.0075,10.1175,2.2425],"texture":"#0","tintindex":0},"south":{"uv":[10.8825,1.5075,11.4925,1.7425],"texture":"#0","tintindex":0},"north":{"uv":[10.8825,1.2575,11.4925,1.4925],"texture":"#0","tintindex":0},"west":{"uv":[10.6325,10.1325,11.3675,10.3675],"texture":"#0","tintindex":0},"up":{"uv":[8.1175,9.3675,7.5075,8.6325],"texture":"#0","tintindex":0},"down":{"uv":[9.3675,1.5075,8.7575,2.2425],"texture":"#0","tintindex":0}}},{"from":[4.3500004,2.0,-4.0],"to":[5.3500004,14.0,20.0],"faces":{"east":{"uv":[0.0075,0.0075,2.9925,1.4925],"texture":"#0","tintindex":0},"south":{"uv":[4.1325,10.7575,4.2425,12.2425],"texture":"#0","tintindex":0},"north":{"uv":[4.0075,10.7575,4.1175,12.2425],"texture":"#0","tintindex":0},"west":{"uv":[0.0075,1.5075,2.9925,2.9925],"texture":"#0","tintindex":0},"up":{"uv":[8.2425,11.6175,8.1325,8.6325],"texture":"#0","tintindex":0},"down":{"uv":[5.8675,8.8825,5.7575,11.8675],"texture":"#0","tintindex":0}}}],"textures":{"particle":"#0","0":"modelengine:fe450202-9448-4a71-a6a7-a7e2fb5ad92b"}}