{"display":{"head":{},"firstperson_righthand":{},"thirdperson_lefthand":{},"firstperson_lefthand":{},"fixed":{},"ground":{},"thirdperson_righthand":{},"gui":{"rotation":[-150.0,-45.0,180.0]}},"elements":[{"from":[7.0,0.0,7.0],"to":[9.0,9.0,9.0],"faces":{"east":{"uv":[5.0075,9.6325,5.2425,10.7425],"texture":"#0","tintindex":0},"south":{"uv":[7.1325,9.6325,7.3675,10.7425],"texture":"#0","tintindex":0},"north":{"uv":[0.6325,9.5075,0.8675,10.6175],"texture":"#0","tintindex":0},"west":{"uv":[5.2575,9.7575,5.4925,10.8675],"texture":"#0","tintindex":0},"up":{"uv":[1.2425,7.6175,1.0075,7.3825],"texture":"#0","tintindex":0},"down":{"uv":[4.7425,7.3825,4.5075,7.6175],"texture":"#0","tintindex":0}}},{"from":[6.8,-0.2,6.8],"to":[9.2,8.2,9.2],"faces":{"east":{"uv":[0.8825,10.0075,1.1175,10.9925],"texture":"#0","tintindex":0},"south":{"uv":[1.1325,10.0075,1.3675,10.9925],"texture":"#0","tintindex":0},"north":{"uv":[0.2575,10.0075,0.4925,10.9925],"texture":"#0","tintindex":0},"west":{"uv":[1.3825,10.0075,1.6175,10.9925],"texture":"#0","tintindex":0},"up":{"uv":[10.9925,11.1175,10.7575,10.8825],"texture":"#0","tintindex":0},"down":{"uv":[0.2425,11.0075,0.0075,11.2425],"texture":"#0","tintindex":0}}}],"textures":{"particle":"#0","0":"modelengine:fe450202-9448-4a71-a6a7-a7e2fb5ad92b"}}