{"display":{"head":{},"firstperson_righthand":{},"thirdperson_lefthand":{},"firstperson_lefthand":{},"fixed":{},"ground":{},"thirdperson_righthand":{},"gui":{"rotation":[-150.0,-45.0,180.0]}},"elements":[{"from":[7.0,7.049999,5.0],"to":[13.0,8.049999,11.0],"faces":{"east":{"uv":[10.8825,7.7575,11.6175,7.8675],"texture":"#0","tintindex":0},"south":{"uv":[10.8825,7.8825,11.6175,7.9925],"texture":"#0","tintindex":0},"north":{"uv":[10.8825,7.6325,11.6175,7.7425],"texture":"#0","tintindex":0},"west":{"uv":[10.8825,8.0075,11.6175,8.1175],"texture":"#0","tintindex":0},"up":{"uv":[7.9925,6.7425,7.2575,6.0075],"texture":"#0","tintindex":0},"down":{"uv":[7.9925,6.7575,7.2575,7.4925],"texture":"#0","tintindex":0}}},{"from":[7.0,8.049999,5.0],"to":[8.0,12.049999,11.0],"faces":{"east":{"uv":[5.8825,9.2575,6.6175,9.7425],"texture":"#0","tintindex":0},"south":{"uv":[2.5075,11.0075,2.6175,11.4925],"texture":"#0","tintindex":0},"north":{"uv":[11.0075,2.1325,11.1175,2.6175],"texture":"#0","tintindex":0},"west":{"uv":[9.2575,7.0075,9.9925,7.4925],"texture":"#0","tintindex":0},"up":{"uv":[6.3675,11.6175,6.2575,10.8825],"texture":"#0","tintindex":0},"down":{"uv":[6.4925,10.8825,6.3825,11.6175],"texture":"#0","tintindex":0}}},{"from":[11.25,7.299999,10.25],"to":[6.75,1.7999992,5.75],"faces":{"east":{"uv":[9.5075,5.4925,9.9925,4.8825],"texture":"#0","tintindex":0},"south":{"uv":[3.5075,10.1175,3.9925,9.5075],"texture":"#0","tintindex":0},"north":{"uv":[9.5075,4.8675,9.9925,4.2575],"texture":"#0","tintindex":0},"west":{"uv":[9.5075,4.2425,9.9925,3.6325],"texture":"#0","tintindex":0},"up":{"uv":[10.0075,6.5075,10.4925,6.9925],"texture":"#0","tintindex":0},"down":{"uv":[10.0075,5.1175,10.4925,4.6325],"texture":"#0","tintindex":0}}},{"from":[6.75,1.7999992,5.75],"to":[11.25,7.299999,10.25],"faces":{"east":{"uv":[9.5075,3.6325,9.9925,4.2425],"texture":"#0","tintindex":0},"south":{"uv":[9.5075,4.2575,9.9925,4.8675],"texture":"#0","tintindex":0},"north":{"uv":[3.5075,9.5075,3.9925,10.1175],"texture":"#0","tintindex":0},"west":{"uv":[9.5075,4.8825,9.9925,5.4925],"texture":"#0","tintindex":0},"up":{"uv":[10.4925,5.1175,10.0075,4.6325],"texture":"#0","tintindex":0},"down":{"uv":[10.4925,6.5075,10.0075,6.9925],"texture":"#0","tintindex":0}}},{"from":[8.0,8.049999,6.0],"to":[12.0,11.049999,10.0],"faces":{"east":{"uv":[10.7575,4.1325,11.2425,4.4925],"texture":"#0","tintindex":0},"south":{"uv":[4.2575,10.7575,4.7425,11.1175],"texture":"#0","tintindex":0},"north":{"uv":[10.7575,0.8825,11.2425,1.2425],"texture":"#0","tintindex":0},"west":{"uv":[10.7575,4.5075,11.2425,4.8675],"texture":"#0","tintindex":0},"up":{"uv":[10.4925,7.4925,10.0075,7.0075],"texture":"#0","tintindex":0},"down":{"uv":[7.8675,10.0075,7.3825,10.4925],"texture":"#0","tintindex":0}}},{"from":[8.0,2.0,7.0],"to":[10.0,9.0,9.0],"faces":{"east":{"uv":[10.2575,10.5075,10.4925,11.3675],"texture":"#0","tintindex":0},"south":{"uv":[10.5075,10.5075,10.7425,11.3675],"texture":"#0","tintindex":0},"north":{"uv":[10.0075,10.5075,10.2425,11.3675],"texture":"#0","tintindex":0},"west":{"uv":[0.5075,10.6325,0.7425,11.4925],"texture":"#0","tintindex":0},"up":{"uv":[11.1175,8.7425,10.8825,8.5075],"texture":"#0","tintindex":0},"down":{"uv":[8.9925,10.8825,8.7575,11.1175],"texture":"#0","tintindex":0}}}],"textures":{"particle":"#0","0":"modelengine:fe450202-9448-4a71-a6a7-a7e2fb5ad92b"}}