{"textures":{"0":"modelengine:entity/duck2","particle":"#0"},"elements":[{"from":[2.0,13.0,5.0],"to":[5.0,14.0,7.0],"faces":{"east":{"uv":[9.25,8.25,9.5,8.375],"tintindex":0,"rotation":0,"texture":"#0"},"south":{"uv":[10.125,8.25,10.5,8.375],"tintindex":0,"rotation":0,"texture":"#0"},"north":{"uv":[9.5,8.25,9.875,8.375],"tintindex":0,"rotation":0,"texture":"#0"},"west":{"uv":[9.875,8.25,10.125,8.375],"tintindex":0,"rotation":0,"texture":"#0"},"up":{"uv":[9.875,8.25,9.5,8.0],"tintindex":0,"rotation":0,"texture":"#0"},"down":{"uv":[10.25,8.0,9.875,8.25],"tintindex":0,"rotation":0,"texture":"#0"}}},{"from":[0.0,12.0,-2.0],"to":[7.0,17.0,5.0],"faces":{"east":{"uv":[5.0,9.25,5.875,9.875],"tintindex":0,"rotation":0,"texture":"#0"},"south":{"uv":[7.625,9.25,8.5,9.875],"tintindex":0,"rotation":0,"texture":"#0"},"north":{"uv":[5.875,9.25,6.75,9.875],"tintindex":0,"rotation":0,"texture":"#0"},"west":{"uv":[6.75,9.25,7.625,9.875],"tintindex":0,"rotation":0,"texture":"#0"},"up":{"uv":[6.75,9.25,5.875,8.375],"tintindex":0,"rotation":0,"texture":"#0"},"down":{"uv":[7.625,8.375,6.75,9.25],"tintindex":0,"rotation":0,"texture":"#0"}}}],"display":{"head":{"rotation":[0.0,0.0,0.0]},"firstperson_righthand":{"rotation":[0.0,0.0,0.0]},"thirdperson_lefthand":{"rotation":[0.0,-0.0,-0.0]},"firstperson_lefthand":{"rotation":[0.0,-0.0,-0.0]},"fixed":{"rotation":[0.0,0.0,0.0]},"ground":{"rotation":[0.0,0.0,0.0]},"thirdperson_righthand":{"rotation":[0.0,0.0,0.0]},"gui":{"rotation":[-150.0,-45.0,180.0]}}}