{"display":{"head":{},"firstperson_righthand":{},"thirdperson_lefthand":{},"firstperson_lefthand":{},"fixed":{},"ground":{},"thirdperson_righthand":{},"gui":{"rotation":[-150.0,-45.0,180.0]}},"elements":[{"from":[-0.5,5.0,20.0],"to":[3.5,6.5,21.5],"faces":{"east":{"uv":[9.25,1.875,9.625,2.25],"texture":"#0","tintindex":0},"south":{"uv":[11.0,1.875,12.0,2.25],"texture":"#0","tintindex":0},"north":{"uv":[9.625,1.875,10.625,2.25],"texture":"#0","tintindex":0},"west":{"uv":[10.625,1.875,11.0,2.25],"texture":"#0","tintindex":0},"up":{"uv":[10.625,1.875,9.625,1.5],"texture":"#0","tintindex":0},"down":{"uv":[11.625,1.5,10.625,1.875],"texture":"#0","tintindex":0}}},{"from":[-1.5,5.0,7.5],"to":[4.5,6.5,20.0],"faces":{"east":{"uv":[0.0,3.125,3.125,3.5],"texture":"#0","tintindex":0},"south":{"uv":[7.75,3.125,9.25,3.5],"texture":"#0","tintindex":0},"north":{"uv":[3.125,3.125,4.625,3.5],"texture":"#0","tintindex":0},"west":{"uv":[4.625,3.125,7.75,3.5],"texture":"#0","tintindex":0},"up":{"uv":[4.625,3.125,3.125,0.0],"texture":"#0","tintindex":0},"down":{"uv":[6.125,0.0,4.625,3.125],"texture":"#0","tintindex":0}}},{"from":[-0.5,5.0,6.0],"to":[3.5,6.5,7.5],"faces":{"east":{"uv":[2.0,9.625,2.375,10.0],"texture":"#0","tintindex":0},"south":{"uv":[3.75,9.625,4.75,10.0],"texture":"#0","tintindex":0},"north":{"uv":[2.375,9.625,3.375,10.0],"texture":"#0","tintindex":0},"west":{"uv":[3.375,9.625,3.75,10.0],"texture":"#0","tintindex":0},"up":{"uv":[3.375,9.625,2.375,9.25],"texture":"#0","tintindex":0},"down":{"uv":[4.375,9.25,3.375,9.625],"texture":"#0","tintindex":0}}}],"textures":{"particle":"#0","0":"modelengine:d9075a83-36d5-4b0c-9601-615771fc58ce"}}