{"textures":{"0":"modelengine:entity/a81cb428-6947-3fda-8842-d1846e6d9813","particle":"#0"},"elements":[{"from":[3.0,8.0,-5.0],"to":[15.0,30.0,19.0],"faces":{"east":{"uv":[-3.5,0.25,-0.5,3.0],"tintindex":0,"rotation":0,"texture":"#0"},"south":{"uv":[4.0,0.25,5.5,3.0],"tintindex":0,"rotation":0,"texture":"#0"},"north":{"uv":[-0.5,0.25,1.0,3.0],"tintindex":0,"rotation":0,"texture":"#0"},"west":{"uv":[1.0,0.25,4.0,3.0],"tintindex":0,"rotation":0,"texture":"#0"},"up":{"uv":[1.0,0.25,-0.5,-2.75],"tintindex":0,"rotation":0,"texture":"#0"},"down":{"uv":[2.5,-2.75,1.0,0.25],"tintindex":0,"rotation":0,"texture":"#0"}}}],"display":{"head":{"rotation":[0.0,0.0,0.0]},"firstperson_righthand":{"rotation":[0.0,0.0,0.0]},"thirdperson_lefthand":{"rotation":[0.0,-0.0,-0.0]},"firstperson_lefthand":{"rotation":[0.0,-0.0,-0.0]},"fixed":{"rotation":[0.0,0.0,0.0]},"ground":{"rotation":[0.0,0.0,0.0]},"thirdperson_righthand":{"rotation":[0.0,0.0,0.0]},"gui":{"rotation":[-150.0,-45.0,180.0]}}}