{"textures":{"0":"modelengine:entity/duck2","particle":"#0"},"elements":[{"from":[9.0,10.0,3.0],"to":[10.0,11.0,8.0],"faces":{"east":{"uv":[9.25,5.125,9.875,5.25],"tintindex":0,"rotation":0,"texture":"#0"},"south":{"uv":[10.625,5.125,10.75,5.25],"tintindex":0,"rotation":0,"texture":"#0"},"north":{"uv":[9.875,5.125,10.0,5.25],"tintindex":0,"rotation":0,"texture":"#0"},"west":{"uv":[10.0,5.125,10.625,5.25],"tintindex":0,"rotation":0,"texture":"#0"},"up":{"uv":[10.0,5.125,9.875,4.5],"tintindex":0,"rotation":0,"texture":"#0"},"down":{"uv":[10.125,4.5,10.0,5.125],"tintindex":0,"rotation":0,"texture":"#0"}}},{"from":[3.0,8.0,8.0],"to":[4.0,9.0,9.0],"faces":{"east":{"uv":[10.5,7.125,10.625,7.25],"tintindex":0,"rotation":0,"texture":"#0"},"south":{"uv":[10.875,7.125,11.0,7.25],"tintindex":0,"rotation":0,"texture":"#0"},"north":{"uv":[10.625,7.125,10.75,7.25],"tintindex":0,"rotation":0,"texture":"#0"},"west":{"uv":[10.75,7.125,10.875,7.25],"tintindex":0,"rotation":0,"texture":"#0"},"up":{"uv":[10.75,7.125,10.625,7.0],"tintindex":0,"rotation":0,"texture":"#0"},"down":{"uv":[10.875,7.0,10.75,7.125],"tintindex":0,"rotation":0,"texture":"#0"}}},{"from":[1.0,10.0,3.0],"to":[2.0,11.0,8.0],"faces":{"east":{"uv":[9.25,4.375,9.875,4.5],"tintindex":0,"rotation":0,"texture":"#0"},"south":{"uv":[10.625,4.375,10.75,4.5],"tintindex":0,"rotation":0,"texture":"#0"},"north":{"uv":[9.875,4.375,10.0,4.5],"tintindex":0,"rotation":0,"texture":"#0"},"west":{"uv":[10.0,4.375,10.625,4.5],"tintindex":0,"rotation":0,"texture":"#0"},"up":{"uv":[10.0,4.375,9.875,3.75],"tintindex":0,"rotation":0,"texture":"#0"},"down":{"uv":[10.125,3.75,10.0,4.375],"tintindex":0,"rotation":0,"texture":"#0"}}},{"from":[2.0,9.0,8.0],"to":[3.0,10.0,9.0],"faces":{"east":{"uv":[10.5,6.875,10.625,7.0],"tintindex":0,"rotation":0,"texture":"#0"},"south":{"uv":[10.875,6.875,11.0,7.0],"tintindex":0,"rotation":0,"texture":"#0"},"north":{"uv":[10.625,6.875,10.75,7.0],"tintindex":0,"rotation":0,"texture":"#0"},"west":{"uv":[10.75,6.875,10.875,7.0],"tintindex":0,"rotation":0,"texture":"#0"},"up":{"uv":[10.75,6.875,10.625,6.75],"tintindex":0,"rotation":0,"texture":"#0"},"down":{"uv":[10.875,6.75,10.75,6.875],"tintindex":0,"rotation":0,"texture":"#0"}}},{"from":[4.0,7.0,8.0],"to":[7.0,8.0,9.0],"faces":{"east":{"uv":[3.25,10.125,3.375,10.25],"tintindex":0,"rotation":0,"texture":"#0"},"south":{"uv":[3.875,10.125,4.25,10.25],"tintindex":0,"rotation":0,"texture":"#0"},"north":{"uv":[3.375,10.125,3.75,10.25],"tintindex":0,"rotation":0,"texture":"#0"},"west":{"uv":[3.75,10.125,3.875,10.25],"tintindex":0,"rotation":0,"texture":"#0"},"up":{"uv":[3.75,10.125,3.375,10.0],"tintindex":0,"rotation":0,"texture":"#0"},"down":{"uv":[4.125,10.0,3.75,10.125],"tintindex":0,"rotation":0,"texture":"#0"}}},{"from":[8.0,9.0,8.0],"to":[9.0,10.0,9.0],"faces":{"east":{"uv":[10.5,6.625,10.625,6.75],"tintindex":0,"rotation":0,"texture":"#0"},"south":{"uv":[10.875,6.625,11.0,6.75],"tintindex":0,"rotation":0,"texture":"#0"},"north":{"uv":[10.625,6.625,10.75,6.75],"tintindex":0,"rotation":0,"texture":"#0"},"west":{"uv":[10.75,6.625,10.875,6.75],"tintindex":0,"rotation":0,"texture":"#0"},"up":{"uv":[10.75,6.625,10.625,6.5],"tintindex":0,"rotation":0,"texture":"#0"},"down":{"uv":[10.875,6.5,10.75,6.625],"tintindex":0,"rotation":0,"texture":"#0"}}},{"from":[2.0,10.0,2.0],"to":[9.0,11.0,3.0],"faces":{"east":{"uv":[9.25,5.375,9.375,5.5],"tintindex":0,"rotation":0,"texture":"#0"},"south":{"uv":[10.375,5.375,11.25,5.5],"tintindex":0,"rotation":0,"texture":"#0"},"north":{"uv":[9.375,5.375,10.25,5.5],"tintindex":0,"rotation":0,"texture":"#0"},"west":{"uv":[10.25,5.375,10.375,5.5],"tintindex":0,"rotation":0,"texture":"#0"},"up":{"uv":[10.25,5.375,9.375,5.25],"tintindex":0,"rotation":0,"texture":"#0"},"down":{"uv":[11.125,5.25,10.25,5.375],"tintindex":0,"rotation":0,"texture":"#0"}}},{"from":[7.0,8.0,8.0],"to":[8.0,9.0,9.0],"faces":{"east":{"uv":[3.75,10.375,3.875,10.5],"tintindex":0,"rotation":0,"texture":"#0"},"south":{"uv":[4.125,10.375,4.25,10.5],"tintindex":0,"rotation":0,"texture":"#0"},"north":{"uv":[3.875,10.375,4.0,10.5],"tintindex":0,"rotation":0,"texture":"#0"},"west":{"uv":[4.0,10.375,4.125,10.5],"tintindex":0,"rotation":0,"texture":"#0"},"up":{"uv":[4.0,10.375,3.875,10.25],"tintindex":0,"rotation":0,"texture":"#0"},"down":{"uv":[4.125,10.25,4.0,10.375],"tintindex":0,"rotation":0,"texture":"#0"}}}],"display":{"head":{"rotation":[0.0,0.0,0.0]},"firstperson_righthand":{"rotation":[0.0,0.0,0.0]},"thirdperson_lefthand":{"rotation":[0.0,-0.0,-0.0]},"firstperson_lefthand":{"rotation":[0.0,-0.0,-0.0]},"fixed":{"rotation":[0.0,0.0,0.0]},"ground":{"rotation":[0.0,0.0,0.0]},"thirdperson_righthand":{"rotation":[0.0,0.0,0.0]},"gui":{"rotation":[-150.0,-45.0,180.0]}}}