{"display":{"head":{},"firstperson_righthand":{},"thirdperson_lefthand":{},"firstperson_lefthand":{},"fixed":{},"ground":{},"thirdperson_righthand":{},"gui":{"rotation":[-150.0,-45.0,180.0]}},"elements":[{"from":[8.0,22.0,17.0],"to":[10.0,23.0,18.0],"faces":{"east":{"uv":[11.25,8.0,11.375,8.125],"texture":"#0","tintindex":0},"south":{"uv":[11.75,8.0,12.0,8.125],"texture":"#0","tintindex":0},"north":{"uv":[11.375,8.0,11.625,8.125],"texture":"#0","tintindex":0},"west":{"uv":[11.625,8.0,11.75,8.125],"texture":"#0","tintindex":0},"up":{"uv":[11.625,8.0,11.375,7.875],"texture":"#0","tintindex":0},"down":{"uv":[11.875,7.875,11.625,8.0],"texture":"#0","tintindex":0}}},{"from":[7.0,23.0,17.0],"to":[10.0,24.0,18.0],"faces":{"east":{"uv":[11.125,8.0,11.25,8.125],"texture":"#0","tintindex":0},"south":{"uv":[11.75,8.0,12.125,8.125],"texture":"#0","tintindex":0},"north":{"uv":[11.25,8.0,11.625,8.125],"texture":"#0","tintindex":0},"west":{"uv":[11.625,8.0,11.75,8.125],"texture":"#0","tintindex":0},"up":{"uv":[11.625,8.0,11.25,7.875],"texture":"#0","tintindex":0},"down":{"uv":[12.0,7.875,11.625,8.0],"texture":"#0","tintindex":0}}},{"from":[6.0,23.0,13.0],"to":[7.0,24.0,18.0],"faces":{"east":{"uv":[10.875,8.0,11.5,8.125],"texture":"#0","tintindex":0},"south":{"uv":[12.25,8.0,12.375,8.125],"texture":"#0","tintindex":0},"north":{"uv":[11.5,8.0,11.625,8.125],"texture":"#0","tintindex":0},"west":{"uv":[11.625,8.0,12.25,8.125],"texture":"#0","tintindex":0},"up":{"uv":[11.625,8.0,11.5,7.375],"texture":"#0","tintindex":0},"down":{"uv":[11.75,7.375,11.625,8.0],"texture":"#0","tintindex":0}}},{"from":[11.0,22.0,17.0],"to":[13.0,23.0,18.0],"faces":{"east":{"uv":[11.25,8.0,11.375,8.125],"texture":"#0","tintindex":0},"south":{"uv":[11.75,8.0,12.0,8.125],"texture":"#0","tintindex":0},"north":{"uv":[11.375,8.0,11.625,8.125],"texture":"#0","tintindex":0},"west":{"uv":[11.625,8.0,11.75,8.125],"texture":"#0","tintindex":0},"up":{"uv":[11.625,8.0,11.375,7.875],"texture":"#0","tintindex":0},"down":{"uv":[11.875,7.875,11.625,8.0],"texture":"#0","tintindex":0}}},{"from":[14.0,23.0,13.0],"to":[15.0,24.0,18.0],"faces":{"east":{"uv":[10.875,8.0,11.5,8.125],"texture":"#0","tintindex":0},"south":{"uv":[12.25,8.0,12.375,8.125],"texture":"#0","tintindex":0},"north":{"uv":[11.5,8.0,11.625,8.125],"texture":"#0","tintindex":0},"west":{"uv":[11.625,8.0,12.25,8.125],"texture":"#0","tintindex":0},"up":{"uv":[11.625,8.0,11.5,7.375],"texture":"#0","tintindex":0},"down":{"uv":[11.75,7.375,11.625,8.0],"texture":"#0","tintindex":0}}},{"from":[7.0,23.0,17.0],"to":[14.0,24.0,18.0],"faces":{"east":{"uv":[10.625,8.0,10.75,8.125],"texture":"#0","tintindex":0},"south":{"uv":[11.75,8.0,12.625,8.125],"texture":"#0","tintindex":0},"north":{"uv":[10.75,8.0,11.625,8.125],"texture":"#0","tintindex":0},"west":{"uv":[11.625,8.0,11.75,8.125],"texture":"#0","tintindex":0},"up":{"uv":[11.625,8.0,10.75,7.875],"texture":"#0","tintindex":0},"down":{"uv":[12.5,7.875,11.625,8.0],"texture":"#0","tintindex":0}}},{"from":[8.0,22.0,17.0],"to":[10.0,23.0,18.0],"faces":{"east":{"uv":[11.25,8.0,11.375,8.125],"texture":"#0","tintindex":0},"south":{"uv":[11.75,8.0,12.0,8.125],"texture":"#0","tintindex":0},"north":{"uv":[11.375,8.0,11.625,8.125],"texture":"#0","tintindex":0},"west":{"uv":[11.625,8.0,11.75,8.125],"texture":"#0","tintindex":0},"up":{"uv":[11.625,8.0,11.375,7.875],"texture":"#0","tintindex":0},"down":{"uv":[11.875,7.875,11.625,8.0],"texture":"#0","tintindex":0}}}],"textures":{"particle":"#0","0":"modelengine:d9075a83-36d5-4b0c-9601-615771fc58ce"}}