{"textures":{"0":"modelengine:entity/duck","particle":"#0"},"elements":[{"from":[8.0,-13.0,11.0],"to":[9.0,-8.0,18.0],"faces":{"east":{"uv":[7.0,11.0,8.75,12.25],"tintindex":0,"rotation":0,"texture":"#0"},"south":{"uv":[10.75,11.0,11.0,12.25],"tintindex":0,"rotation":0,"texture":"#0"},"north":{"uv":[8.75,11.0,9.0,12.25],"tintindex":0,"rotation":0,"texture":"#0"},"west":{"uv":[9.0,11.0,10.75,12.25],"tintindex":0,"rotation":0,"texture":"#0"},"up":{"uv":[9.0,11.0,8.75,9.25],"tintindex":0,"rotation":0,"texture":"#0"},"down":{"uv":[9.25,9.25,9.0,11.0],"tintindex":0,"rotation":0,"texture":"#0"}}}],"display":{"head":{"rotation":[0.0,0.0,0.0]},"firstperson_righthand":{"rotation":[0.0,0.0,0.0]},"thirdperson_lefthand":{"rotation":[0.0,-0.0,-0.0]},"firstperson_lefthand":{"rotation":[0.0,-0.0,-0.0]},"fixed":{"rotation":[0.0,0.0,0.0]},"ground":{"rotation":[0.0,0.0,0.0]},"thirdperson_righthand":{"rotation":[0.0,0.0,0.0]},"gui":{"rotation":[-150.0,-45.0,180.0]}}}