{"textures":{"0":"modelengine:entity/8e880c1e-5cb8-3892-bbbd-f9683f8af319","particle":"#0"},"elements":[{"from":[0.0,12.0,-2.0],"to":[7.0,17.0,5.0],"faces":{"east":{"uv":[0.0,8.75,1.75,10.0],"tintindex":0,"rotation":0,"texture":"#0"},"south":{"uv":[5.25,8.75,7.0,10.0],"tintindex":0,"rotation":0,"texture":"#0"},"north":{"uv":[1.75,8.75,3.5,10.0],"tintindex":0,"rotation":0,"texture":"#0"},"west":{"uv":[3.5,8.75,5.25,10.0],"tintindex":0,"rotation":0,"texture":"#0"},"up":{"uv":[3.5,8.75,1.75,7.0],"tintindex":0,"rotation":0,"texture":"#0"},"down":{"uv":[5.25,7.0,3.5,8.75],"tintindex":0,"rotation":0,"texture":"#0"}}}],"display":{"head":{"rotation":[0.0,0.0,0.0]},"firstperson_righthand":{"rotation":[0.0,0.0,0.0]},"thirdperson_lefthand":{"rotation":[0.0,-0.0,-0.0]},"firstperson_lefthand":{"rotation":[0.0,-0.0,-0.0]},"fixed":{"rotation":[0.0,0.0,0.0]},"ground":{"rotation":[0.0,0.0,0.0]},"thirdperson_righthand":{"rotation":[0.0,0.0,0.0]},"gui":{"rotation":[-150.0,-45.0,180.0]}}}