{"textures":{"0":"modelengine:entity/texture","particle":"#0"},"elements":[{"from":[12.0,8.0,7.0],"to":[15.0,9.0,10.0],"faces":{"east":{"uv":[9.0,5.25,9.75,5.5],"tintindex":0,"rotation":0,"texture":"#0"},"south":{"uv":[11.25,5.25,12.0,5.5],"tintindex":0,"rotation":0,"texture":"#0"},"north":{"uv":[9.75,5.25,10.5,5.5],"tintindex":0,"rotation":0,"texture":"#0"},"west":{"uv":[10.5,5.25,11.25,5.5],"tintindex":0,"rotation":0,"texture":"#0"},"up":{"uv":[10.5,5.25,9.75,4.5],"tintindex":0,"rotation":0,"texture":"#0"},"down":{"uv":[11.25,4.5,10.5,5.25],"tintindex":0,"rotation":0,"texture":"#0"}}}],"display":{"head":{"rotation":[0.0,0.0,0.0]},"firstperson_righthand":{"rotation":[0.0,0.0,0.0]},"thirdperson_lefthand":{"rotation":[0.0,-0.0,-0.0]},"firstperson_lefthand":{"rotation":[0.0,-0.0,-0.0]},"fixed":{"rotation":[0.0,0.0,0.0]},"ground":{"rotation":[0.0,0.0,0.0]},"thirdperson_righthand":{"rotation":[0.0,0.0,0.0]},"gui":{"rotation":[-150.0,-45.0,180.0]}}}