{"textures":{"0":"modelengine:entity/8e880c1e-5cb8-3892-bbbd-f9683f8af319","particle":"#0"},"elements":[{"from":[4.0,25.0,9.0],"to":[13.0,26.0,18.0],"faces":{"east":{"uv":[0.0,6.75,2.25,7.0],"tintindex":0,"rotation":0,"texture":"#0"},"south":{"uv":[6.75,6.75,9.0,7.0],"tintindex":0,"rotation":0,"texture":"#0"},"north":{"uv":[2.25,6.75,4.5,7.0],"tintindex":0,"rotation":0,"texture":"#0"},"west":{"uv":[4.5,6.75,6.75,7.0],"tintindex":0,"rotation":0,"texture":"#0"},"up":{"uv":[4.5,6.75,2.25,4.5],"tintindex":0,"rotation":0,"texture":"#0"},"down":{"uv":[6.75,4.5,4.5,6.75],"tintindex":0,"rotation":0,"texture":"#0"}}},{"from":[5.0,26.0,10.0],"to":[12.0,28.0,17.0],"faces":{"east":{"uv":[7.0,8.75,8.75,9.25],"tintindex":0,"rotation":0,"texture":"#0"},"south":{"uv":[12.25,8.75,14.0,9.25],"tintindex":0,"rotation":0,"texture":"#0"},"north":{"uv":[8.75,8.75,10.5,9.25],"tintindex":0,"rotation":0,"texture":"#0"},"west":{"uv":[10.5,8.75,12.25,9.25],"tintindex":0,"rotation":0,"texture":"#0"},"up":{"uv":[10.5,8.75,8.75,7.0],"tintindex":0,"rotation":0,"texture":"#0"},"down":{"uv":[12.25,7.0,10.5,8.75],"tintindex":0,"rotation":0,"texture":"#0"}}}],"display":{"head":{"rotation":[0.0,0.0,0.0]},"firstperson_righthand":{"rotation":[0.0,0.0,0.0]},"thirdperson_lefthand":{"rotation":[0.0,-0.0,-0.0]},"firstperson_lefthand":{"rotation":[0.0,-0.0,-0.0]},"fixed":{"rotation":[0.0,0.0,0.0]},"ground":{"rotation":[0.0,0.0,0.0]},"thirdperson_righthand":{"rotation":[0.0,0.0,0.0]},"gui":{"rotation":[-150.0,-45.0,180.0]}}}