{"textures":{"0":"modelengine:entity/texture","particle":"#0"},"elements":[{"from":[-1.0,5.0,3.0],"to":[8.0,12.0,14.0],"faces":{"east":{"uv":[0.0,2.75,2.75,4.5],"tintindex":0,"rotation":0,"texture":"#0"},"south":{"uv":[7.75,2.75,10.0,4.5],"tintindex":0,"rotation":0,"texture":"#0"},"north":{"uv":[2.75,2.75,5.0,4.5],"tintindex":0,"rotation":0,"texture":"#0"},"west":{"uv":[5.0,2.75,7.75,4.5],"tintindex":0,"rotation":0,"texture":"#0"},"up":{"uv":[5.0,2.75,2.75,0.0],"tintindex":0,"rotation":0,"texture":"#0"},"down":{"uv":[7.25,0.0,5.0,2.75],"tintindex":0,"rotation":0,"texture":"#0"}}}],"display":{"head":{"rotation":[0.0,0.0,0.0]},"firstperson_righthand":{"rotation":[0.0,0.0,0.0]},"thirdperson_lefthand":{"rotation":[0.0,-0.0,-0.0]},"firstperson_lefthand":{"rotation":[0.0,-0.0,-0.0]},"fixed":{"rotation":[0.0,0.0,0.0]},"ground":{"rotation":[0.0,0.0,0.0]},"thirdperson_righthand":{"rotation":[0.0,0.0,0.0]},"gui":{"rotation":[-150.0,-45.0,180.0]}}}