{"textures":{"0":"modelengine:entity/duck","particle":"#0"},"elements":[{"from":[8.0,-14.0,5.0],"to":[9.0,-9.0,12.0],"faces":{"east":{"uv":[0.0,11.75,1.75,13.0],"tintindex":0,"rotation":0,"texture":"#0"},"south":{"uv":[3.75,11.75,4.0,13.0],"tintindex":0,"rotation":0,"texture":"#0"},"north":{"uv":[1.75,11.75,2.0,13.0],"tintindex":0,"rotation":0,"texture":"#0"},"west":{"uv":[2.0,11.75,3.75,13.0],"tintindex":0,"rotation":0,"texture":"#0"},"up":{"uv":[2.0,11.75,1.75,10.0],"tintindex":0,"rotation":0,"texture":"#0"},"down":{"uv":[2.25,10.0,2.0,11.75],"tintindex":0,"rotation":0,"texture":"#0"}}}],"display":{"head":{"rotation":[0.0,0.0,0.0]},"firstperson_righthand":{"rotation":[0.0,0.0,0.0]},"thirdperson_lefthand":{"rotation":[0.0,-0.0,-0.0]},"firstperson_lefthand":{"rotation":[0.0,-0.0,-0.0]},"fixed":{"rotation":[0.0,0.0,0.0]},"ground":{"rotation":[0.0,0.0,0.0]},"thirdperson_righthand":{"rotation":[0.0,0.0,0.0]},"gui":{"rotation":[-150.0,-45.0,180.0]}}}