{"textures":{"0":"modelengine:entity/duck","particle":"#0"},"elements":[{"from":[7.0,4.0,17.0],"to":[10.0,5.0,19.0],"faces":{"east":{"uv":[10.0,0.5,10.5,0.75],"tintindex":0,"rotation":0,"texture":"#0"},"south":{"uv":[11.75,0.5,12.5,0.75],"tintindex":0,"rotation":0,"texture":"#0"},"north":{"uv":[10.5,0.5,11.25,0.75],"tintindex":0,"rotation":0,"texture":"#0"},"west":{"uv":[11.25,0.5,11.75,0.75],"tintindex":0,"rotation":0,"texture":"#0"},"up":{"uv":[11.25,0.5,10.5,0.0],"tintindex":0,"rotation":0,"texture":"#0"},"down":{"uv":[12.0,0.0,11.25,0.5],"tintindex":0,"rotation":0,"texture":"#0"}}}],"display":{"head":{"rotation":[0.0,0.0,0.0]},"firstperson_righthand":{"rotation":[0.0,0.0,0.0]},"thirdperson_lefthand":{"rotation":[0.0,-0.0,-0.0]},"firstperson_lefthand":{"rotation":[0.0,-0.0,-0.0]},"fixed":{"rotation":[0.0,0.0,0.0]},"ground":{"rotation":[0.0,0.0,0.0]},"thirdperson_righthand":{"rotation":[0.0,0.0,0.0]},"gui":{"rotation":[-150.0,-45.0,180.0]}}}