{"textures":{"0":"modelengine:entity/texture","particle":"#0"},"elements":[{"from":[7.0,8.0,6.0],"to":[8.0,12.0,7.0],"faces":{"east":{"uv":[10.0,1.0,10.25,2.0],"tintindex":0,"rotation":0,"texture":"#0"},"south":{"uv":[10.75,1.0,11.0,2.0],"tintindex":0,"rotation":0,"texture":"#0"},"north":{"uv":[10.25,1.0,10.5,2.0],"tintindex":0,"rotation":0,"texture":"#0"},"west":{"uv":[10.5,1.0,10.75,2.0],"tintindex":0,"rotation":0,"texture":"#0"},"up":{"uv":[10.5,1.0,10.25,0.75],"tintindex":0,"rotation":0,"texture":"#0"},"down":{"uv":[10.75,0.75,10.5,1.0],"tintindex":0,"rotation":0,"texture":"#0"}}}],"display":{"head":{"rotation":[0.0,0.0,0.0]},"firstperson_righthand":{"rotation":[0.0,0.0,0.0]},"thirdperson_lefthand":{"rotation":[0.0,-0.0,-0.0]},"firstperson_lefthand":{"rotation":[0.0,-0.0,-0.0]},"fixed":{"rotation":[0.0,0.0,0.0]},"ground":{"rotation":[0.0,0.0,0.0]},"thirdperson_righthand":{"rotation":[0.0,0.0,0.0]},"gui":{"rotation":[-150.0,-45.0,180.0]}}}