{"textures":{"0":"modelengine:entity/duck4","particle":"#0"},"elements":[{"from":[0.0,12.0,-2.0],"to":[7.0,17.0,5.0],"faces":{"east":{"uv":[11.0,7.25,12.75,8.5],"tintindex":0,"rotation":0,"texture":"#0"},"south":{"uv":[11.0,8.5,12.75,9.75],"tintindex":0,"rotation":0,"texture":"#0"},"north":{"uv":[10.5,1.25,12.25,2.5],"tintindex":0,"rotation":0,"texture":"#0"},"west":{"uv":[11.0,9.75,12.75,11.0],"tintindex":0,"rotation":0,"texture":"#0"},"up":{"uv":[6.0,11.75,4.25,10.0],"tintindex":0,"rotation":0,"texture":"#0"},"down":{"uv":[7.75,10.0,6.0,11.75],"tintindex":0,"rotation":0,"texture":"#0"}}},{"from":[2.0,13.0,5.0],"to":[5.0,14.0,7.0],"faces":{"east":{"uv":[13.0,4.75,13.5,5.0],"tintindex":0,"rotation":0,"texture":"#0"},"south":{"uv":[8.5,13.5,9.25,13.75],"tintindex":0,"rotation":0,"texture":"#0"},"north":{"uv":[7.75,13.5,8.5,13.75],"tintindex":0,"rotation":0,"texture":"#0"},"west":{"uv":[13.75,4.5,14.25,4.75],"tintindex":0,"rotation":0,"texture":"#0"},"up":{"uv":[8.5,11.25,7.75,10.75],"tintindex":0,"rotation":0,"texture":"#0"},"down":{"uv":[10.25,11.25,9.5,11.75],"tintindex":0,"rotation":0,"texture":"#0"}}}],"display":{"head":{"rotation":[0.0,0.0,0.0]},"firstperson_righthand":{"rotation":[0.0,0.0,0.0]},"thirdperson_lefthand":{"rotation":[0.0,-0.0,-0.0]},"firstperson_lefthand":{"rotation":[0.0,-0.0,-0.0]},"fixed":{"rotation":[0.0,0.0,0.0]},"ground":{"rotation":[0.0,0.0,0.0]},"thirdperson_righthand":{"rotation":[0.0,0.0,0.0]},"gui":{"rotation":[-150.0,-45.0,180.0]}}}