{"display":{"head":{},"firstperson_righthand":{},"thirdperson_lefthand":{},"firstperson_lefthand":{},"fixed":{},"ground":{},"thirdperson_righthand":{},"gui":{"rotation":[-150.0,-45.0,180.0]}},"elements":[{"from":[8.0,3.0,5.0],"to":[9.0,8.0,12.0],"faces":{"east":{"uv":[11.25,3.75,13.0,5.0],"texture":"#0","tintindex":0},"south":{"uv":[2.5,13.0,2.75,14.25],"texture":"#0","tintindex":0},"north":{"uv":[2.25,13.0,2.5,14.25],"texture":"#0","tintindex":0},"west":{"uv":[7.75,11.25,9.5,12.5],"texture":"#0","tintindex":0},"up":{"uv":[0.75,14.75,0.5,13.0],"texture":"#0","tintindex":0},"down":{"uv":[1.0,13.0,0.75,14.75],"texture":"#0","tintindex":0}}}],"textures":{"particle":"#0","0":"modelengine:45f9acd2-66b0-4a0d-bac2-c81c1325b99a"}}