{"textures":{"0":"modelengine:entity/duck4","particle":"#0"},"elements":[{"from":[8.0,3.0,5.0],"to":[9.0,8.0,12.0],"faces":{"east":{"uv":[11.25,3.75,13.0,5.0],"tintindex":0,"rotation":0,"texture":"#0"},"south":{"uv":[2.5,13.0,2.75,14.25],"tintindex":0,"rotation":0,"texture":"#0"},"north":{"uv":[2.25,13.0,2.5,14.25],"tintindex":0,"rotation":0,"texture":"#0"},"west":{"uv":[7.75,11.25,9.5,12.5],"tintindex":0,"rotation":0,"texture":"#0"},"up":{"uv":[0.75,14.75,0.5,13.0],"tintindex":0,"rotation":0,"texture":"#0"},"down":{"uv":[1.0,13.0,0.75,14.75],"tintindex":0,"rotation":0,"texture":"#0"}}}],"display":{"head":{"rotation":[0.0,0.0,0.0]},"firstperson_righthand":{"rotation":[0.0,0.0,0.0]},"thirdperson_lefthand":{"rotation":[0.0,-0.0,-0.0]},"firstperson_lefthand":{"rotation":[0.0,-0.0,-0.0]},"fixed":{"rotation":[0.0,0.0,0.0]},"ground":{"rotation":[0.0,0.0,0.0]},"thirdperson_righthand":{"rotation":[0.0,0.0,0.0]},"gui":{"rotation":[-150.0,-45.0,180.0]}}}