{"textures":{"0":"modelengine:entity/duck4","particle":"#0"},"elements":[{"from":[7.42342,8.60602,4.5850406],"to":[8.72342,9.90602,5.58504],"faces":{"east":{"uv":[14.75,11.75,15.0,12.0],"tintindex":0,"rotation":0,"texture":"#0"},"south":{"uv":[12.0,14.75,12.25,15.0],"tintindex":0,"rotation":0,"texture":"#0"},"north":{"uv":[11.75,14.75,12.0,15.0],"tintindex":0,"rotation":0,"texture":"#0"},"west":{"uv":[12.25,14.75,12.5,15.0],"tintindex":0,"rotation":0,"texture":"#0"},"up":{"uv":[12.75,15.0,12.5,14.75],"tintindex":0,"rotation":0,"texture":"#0"},"down":{"uv":[15.0,12.5,14.75,12.75],"tintindex":0,"rotation":0,"texture":"#0"}},"rotation":{"origin":[7.52342,8.60602,4.5850406],"angle":-45.0,"axis":"z"}},{"from":[4.72342,7.60602,4.5850406],"to":[6.72342,9.60602,5.58504],"faces":{"east":{"uv":[14.75,1.75,15.0,2.25],"tintindex":0,"rotation":0,"texture":"#0"},"south":{"uv":[5.0,13.5,5.5,14.0],"tintindex":0,"rotation":0,"texture":"#0"},"north":{"uv":[13.5,4.75,14.0,5.25],"tintindex":0,"rotation":0,"texture":"#0"},"west":{"uv":[2.0,14.75,2.25,15.25],"tintindex":0,"rotation":0,"texture":"#0"},"up":{"uv":[2.75,15.0,2.25,14.75],"tintindex":0,"rotation":0,"texture":"#0"},"down":{"uv":[15.25,2.5,14.75,2.75],"tintindex":0,"rotation":0,"texture":"#0"}},"rotation":{"origin":[5.72342,7.60602,4.5850406],"angle":-45.0,"axis":"z"}},{"from":[8.62342,7.7060194,4.5850406],"to":[10.62342,9.706019,5.58504],"faces":{"east":{"uv":[0.5,14.75,0.75,15.25],"tintindex":0,"rotation":0,"texture":"#0"},"south":{"uv":[4.5,13.5,5.0,14.0],"tintindex":0,"rotation":0,"texture":"#0"},"north":{"uv":[4.0,13.5,4.5,14.0],"tintindex":0,"rotation":0,"texture":"#0"},"west":{"uv":[0.75,14.75,1.0,15.25],"tintindex":0,"rotation":0,"texture":"#0"},"up":{"uv":[15.25,1.5,14.75,1.25],"tintindex":0,"rotation":0,"texture":"#0"},"down":{"uv":[15.25,1.5,14.75,1.75],"tintindex":0,"rotation":0,"texture":"#0"}},"rotation":{"origin":[9.62342,7.7060194,4.5850406],"angle":-45.0,"axis":"z"}}],"display":{"head":{"rotation":[0.0,0.0,0.0]},"firstperson_righthand":{"rotation":[0.0,0.0,0.0]},"thirdperson_lefthand":{"rotation":[0.0,-0.0,-0.0]},"firstperson_lefthand":{"rotation":[0.0,-0.0,-0.0]},"fixed":{"rotation":[0.0,0.0,0.0]},"ground":{"rotation":[0.0,0.0,0.0]},"thirdperson_righthand":{"rotation":[0.0,0.0,0.0]},"gui":{"rotation":[-150.0,-45.0,180.0]}}}