{"display":{"head":{},"firstperson_righthand":{},"thirdperson_lefthand":{},"firstperson_lefthand":{},"fixed":{},"ground":{},"thirdperson_righthand":{},"gui":{"rotation":[-150.0,-45.0,180.0]}},"elements":[{"from":[6.5,6.5,6.5],"to":[9.5,9.5,9.5],"faces":{"east":{"uv":[3.75,15.75,3.5,16.0],"texture":"#0","tintindex":0},"south":{"uv":[8.75,15.5,9.75,15.0],"texture":"#0","tintindex":0},"north":{"uv":[13.75,15.25,16.0,16.0],"texture":"#0","tintindex":0},"west":{"uv":[1.5,15.25,5.25,16.0],"texture":"#0","tintindex":0},"up":{"uv":[8.75,15.5,13.5,16.0],"texture":"#0","tintindex":0},"down":{"uv":[11.25,11.5,12.5,7.5],"texture":"#0","tintindex":0}}}],"textures":{"particle":"#0","0":"modelengine:45f9acd2-66b0-4a0d-bac2-c81c1325b99a"}}