{"textures":{"0":"modelengine:entity/duck4","particle":"#0"},"elements":[{"from":[6.5,6.5,6.5],"to":[9.5,9.5,9.5],"faces":{"east":{"uv":[3.75,15.75,3.5,16.0],"tintindex":0,"rotation":0,"texture":"#0"},"south":{"uv":[8.75,15.5,9.75,15.0],"tintindex":0,"rotation":0,"texture":"#0"},"north":{"uv":[13.75,15.25,16.0,16.0],"tintindex":0,"rotation":0,"texture":"#0"},"west":{"uv":[1.5,15.25,5.25,16.0],"tintindex":0,"rotation":0,"texture":"#0"},"up":{"uv":[8.75,15.5,13.5,16.0],"tintindex":0,"rotation":0,"texture":"#0"},"down":{"uv":[11.25,11.5,12.5,7.5],"tintindex":0,"rotation":0,"texture":"#0"}}}],"display":{"head":{"rotation":[0.0,0.0,0.0]},"firstperson_righthand":{"rotation":[0.0,0.0,0.0]},"thirdperson_lefthand":{"rotation":[0.0,-0.0,-0.0]},"firstperson_lefthand":{"rotation":[0.0,-0.0,-0.0]},"fixed":{"rotation":[0.0,0.0,0.0]},"ground":{"rotation":[0.0,0.0,0.0]},"thirdperson_righthand":{"rotation":[0.0,0.0,0.0]},"gui":{"rotation":[-150.0,-45.0,180.0]}}}