{"textures":{"0":"modelengine:entity/duck4","particle":"#0"},"elements":[{"from":[5.7,5.1,14.0],"to":[7.2,8.0,14.299999],"faces":{"east":{"uv":[1.75,13.75,2.0,14.5],"tintindex":0,"rotation":0,"texture":"#0"},"south":{"uv":[1.5,13.0,2.0,13.75],"tintindex":0,"rotation":0,"texture":"#0"},"north":{"uv":[1.0,13.0,1.5,13.75],"tintindex":0,"rotation":0,"texture":"#0"},"west":{"uv":[1.5,13.75,1.75,14.5],"tintindex":0,"rotation":0,"texture":"#0"},"up":{"uv":[14.5,13.0,14.25,12.5],"tintindex":0,"rotation":270,"texture":"#0"},"down":{"uv":[13.0,14.25,12.75,14.75],"tintindex":0,"rotation":90,"texture":"#0"}}},{"from":[7.5,7.2999997,0.5999999],"to":[9.4,8.0,1.0],"faces":{"east":{"uv":[3.0,14.75,3.25,15.0],"tintindex":0,"rotation":0,"texture":"#0"},"south":{"uv":[3.75,14.0,4.25,14.25],"tintindex":0,"rotation":0,"texture":"#0"},"north":{"uv":[14.0,3.5,14.5,3.75],"tintindex":0,"rotation":0,"texture":"#0"},"west":{"uv":[14.75,3.0,15.0,3.25],"tintindex":0,"rotation":0,"texture":"#0"},"up":{"uv":[14.5,4.0,14.0,3.75],"tintindex":0,"rotation":0,"texture":"#0"},"down":{"uv":[14.5,4.0,14.0,4.25],"tintindex":0,"rotation":0,"texture":"#0"}}},{"from":[3.6,5.2,0.5999999],"to":[4.7,8.0,1.0],"faces":{"east":{"uv":[9.5,13.5,9.75,14.25],"tintindex":0,"rotation":0,"texture":"#0"},"south":{"uv":[9.75,13.5,10.0,14.25],"tintindex":0,"rotation":0,"texture":"#0"},"north":{"uv":[9.25,13.5,9.5,14.25],"tintindex":0,"rotation":0,"texture":"#0"},"west":{"uv":[10.0,13.5,10.25,14.25],"tintindex":0,"rotation":0,"texture":"#0"},"up":{"uv":[15.0,4.0,14.75,3.75],"tintindex":0,"rotation":0,"texture":"#0"},"down":{"uv":[4.25,14.75,4.0,15.0],"tintindex":0,"rotation":0,"texture":"#0"}}},{"from":[2.1,5.8,2.6],"to":[3.3000002,8.0,3.0],"faces":{"east":{"uv":[8.25,14.0,8.5,14.5],"tintindex":0,"rotation":0,"texture":"#0"},"south":{"uv":[8.5,14.0,8.75,14.5],"tintindex":0,"rotation":0,"texture":"#0"},"north":{"uv":[8.0,14.0,8.25,14.5],"tintindex":0,"rotation":0,"texture":"#0"},"west":{"uv":[8.75,14.0,9.0,14.5],"tintindex":0,"rotation":0,"texture":"#0"},"up":{"uv":[15.0,4.25,14.75,4.0],"tintindex":0,"rotation":0,"texture":"#0"},"down":{"uv":[4.5,14.75,4.25,15.0],"tintindex":0,"rotation":0,"texture":"#0"}}},{"from":[1.6999998,6.5,2.5],"to":[2.1,8.0,4.2],"faces":{"east":{"uv":[6.0,13.0,6.5,13.5],"tintindex":0,"rotation":0,"texture":"#0"},"south":{"uv":[11.0,14.0,11.25,14.5],"tintindex":0,"rotation":0,"texture":"#0"},"north":{"uv":[10.75,14.0,11.0,14.5],"tintindex":0,"rotation":0,"texture":"#0"},"west":{"uv":[5.5,13.0,6.0,13.5],"tintindex":0,"rotation":0,"texture":"#0"},"up":{"uv":[11.75,14.25,11.25,14.0],"tintindex":0,"rotation":270,"texture":"#0"},"down":{"uv":[12.25,14.0,11.75,14.25],"tintindex":0,"rotation":90,"texture":"#0"}}},{"from":[13.0,5.0,13.0],"to":[13.3,8.0,14.0],"faces":{"east":{"uv":[6.75,13.75,7.0,14.5],"tintindex":0,"rotation":0,"texture":"#0"},"south":{"uv":[7.0,13.75,7.25,14.5],"tintindex":0,"rotation":0,"texture":"#0"},"north":{"uv":[6.5,13.75,6.75,14.5],"tintindex":0,"rotation":0,"texture":"#0"},"west":{"uv":[7.25,13.75,7.5,14.5],"tintindex":0,"rotation":0,"texture":"#0"},"up":{"uv":[10.25,15.0,10.0,14.75],"tintindex":0,"rotation":0,"texture":"#0"},"down":{"uv":[15.0,10.0,14.75,10.25],"tintindex":0,"rotation":0,"texture":"#0"}}},{"from":[4.7,6.5,0.5999999],"to":[6.4,8.0,1.0],"faces":{"east":{"uv":[14.0,4.75,14.25,5.25],"tintindex":0,"rotation":0,"texture":"#0"},"south":{"uv":[4.0,13.0,4.5,13.5],"tintindex":0,"rotation":0,"texture":"#0"},"north":{"uv":[8.5,10.75,9.0,11.25],"tintindex":0,"rotation":0,"texture":"#0"},"west":{"uv":[5.0,14.0,5.25,14.5],"tintindex":0,"rotation":0,"texture":"#0"},"up":{"uv":[14.5,5.75,14.0,5.5],"tintindex":0,"rotation":0,"texture":"#0"},"down":{"uv":[14.5,5.75,14.0,6.0],"tintindex":0,"rotation":0,"texture":"#0"}}},{"from":[1.6999998,5.8,7.4],"to":[2.0,8.0,8.9],"faces":{"east":{"uv":[8.5,13.0,9.0,13.5],"tintindex":0,"rotation":0,"texture":"#0"},"south":{"uv":[9.0,14.25,9.25,14.75],"tintindex":0,"rotation":0,"texture":"#0"},"north":{"uv":[14.25,6.0,14.5,6.5],"tintindex":0,"rotation":0,"texture":"#0"},"west":{"uv":[9.0,13.0,9.5,13.5],"tintindex":0,"rotation":0,"texture":"#0"},"up":{"uv":[9.5,14.75,9.25,14.25],"tintindex":0,"rotation":0,"texture":"#0"},"down":{"uv":[9.75,14.25,9.5,14.75],"tintindex":0,"rotation":0,"texture":"#0"}}},{"from":[6.4,5.8,0.5999999],"to":[7.5,8.0,1.0],"faces":{"east":{"uv":[4.25,14.0,4.5,14.5],"tintindex":0,"rotation":0,"texture":"#0"},"south":{"uv":[4.5,14.0,4.75,14.5],"tintindex":0,"rotation":0,"texture":"#0"},"north":{"uv":[9.0,13.75,9.25,14.25],"tintindex":0,"rotation":0,"texture":"#0"},"west":{"uv":[4.75,14.0,5.0,14.5],"tintindex":0,"rotation":0,"texture":"#0"},"up":{"uv":[15.0,3.5,14.75,3.25],"tintindex":0,"rotation":0,"texture":"#0"},"down":{"uv":[15.0,3.5,14.75,3.75],"tintindex":0,"rotation":0,"texture":"#0"}}},{"from":[1.6999998,4.8,11.4],"to":[2.0,8.0,13.0],"faces":{"east":{"uv":[8.5,10.0,9.0,10.75],"tintindex":0,"rotation":0,"texture":"#0"},"south":{"uv":[13.0,13.5,13.25,14.25],"tintindex":0,"rotation":0,"texture":"#0"},"north":{"uv":[12.75,13.5,13.0,14.25],"tintindex":0,"rotation":0,"texture":"#0"},"west":{"uv":[10.25,11.25,10.75,12.0],"tintindex":0,"rotation":0,"texture":"#0"},"up":{"uv":[10.0,14.75,9.75,14.25],"tintindex":0,"rotation":0,"texture":"#0"},"down":{"uv":[10.25,14.25,10.0,14.75],"tintindex":0,"rotation":0,"texture":"#0"}}},{"from":[13.0,7.0,3.0],"to":[13.3,8.0,5.0],"faces":{"east":{"uv":[2.25,14.5,2.75,14.75],"tintindex":0,"rotation":0,"texture":"#0"},"south":{"uv":[8.25,14.75,8.5,15.0],"tintindex":0,"rotation":0,"texture":"#0"},"north":{"uv":[8.0,14.75,8.25,15.0],"tintindex":0,"rotation":0,"texture":"#0"},"west":{"uv":[2.75,14.5,3.25,14.75],"tintindex":0,"rotation":0,"texture":"#0"},"up":{"uv":[14.75,3.25,14.5,2.75],"tintindex":0,"rotation":0,"texture":"#0"},"down":{"uv":[3.5,14.5,3.25,15.0],"tintindex":0,"rotation":0,"texture":"#0"}}},{"from":[11.4,5.8,2.6],"to":[13.0,8.0,3.0],"faces":{"east":{"uv":[14.0,12.5,14.25,13.0],"tintindex":0,"rotation":0,"texture":"#0"},"south":{"uv":[7.0,13.0,7.5,13.5],"tintindex":0,"rotation":0,"texture":"#0"},"north":{"uv":[6.5,13.0,7.0,13.5],"tintindex":0,"rotation":0,"texture":"#0"},"west":{"uv":[13.25,14.0,13.5,14.5],"tintindex":0,"rotation":0,"texture":"#0"},"up":{"uv":[14.5,12.25,14.0,12.0],"tintindex":0,"rotation":0,"texture":"#0"},"down":{"uv":[14.0,14.0,13.5,14.25],"tintindex":0,"rotation":0,"texture":"#0"}}},{"from":[7.2000003,6.5,14.0],"to":[9.0,8.0,14.3],"faces":{"east":{"uv":[14.25,13.0,14.5,13.5],"tintindex":0,"rotation":0,"texture":"#0"},"south":{"uv":[10.0,13.0,10.5,13.5],"tintindex":0,"rotation":0,"texture":"#0"},"north":{"uv":[9.5,13.0,10.0,13.5],"tintindex":0,"rotation":0,"texture":"#0"},"west":{"uv":[13.0,14.25,13.25,14.75],"tintindex":0,"rotation":0,"texture":"#0"},"up":{"uv":[13.75,14.75,13.5,14.25],"tintindex":0,"rotation":270,"texture":"#0"},"down":{"uv":[14.0,14.25,13.75,14.75],"tintindex":0,"rotation":90,"texture":"#0"}}},{"from":[10.5,6.5,14.0],"to":[12.3,8.0,14.3],"faces":{"east":{"uv":[1.5,14.5,1.75,15.0],"tintindex":0,"rotation":0,"texture":"#0"},"south":{"uv":[12.0,13.0,12.5,13.5],"tintindex":0,"rotation":0,"texture":"#0"},"north":{"uv":[11.5,13.0,12.0,13.5],"tintindex":0,"rotation":0,"texture":"#0"},"west":{"uv":[14.5,1.25,14.75,1.75],"tintindex":0,"rotation":0,"texture":"#0"},"up":{"uv":[2.0,15.0,1.75,14.5],"tintindex":0,"rotation":270,"texture":"#0"},"down":{"uv":[14.75,1.75,14.5,2.25],"tintindex":0,"rotation":90,"texture":"#0"}}},{"from":[13.0,7.0,11.0],"to":[13.3,8.0,13.0],"faces":{"east":{"uv":[5.5,14.5,6.0,14.75],"tintindex":0,"rotation":0,"texture":"#0"},"south":{"uv":[14.75,9.75,15.0,10.0],"tintindex":0,"rotation":0,"texture":"#0"},"north":{"uv":[9.75,14.75,10.0,15.0],"tintindex":0,"rotation":0,"texture":"#0"},"west":{"uv":[14.5,5.5,15.0,5.75],"tintindex":0,"rotation":0,"texture":"#0"},"up":{"uv":[14.75,6.25,14.5,5.75],"tintindex":0,"rotation":0,"texture":"#0"},"down":{"uv":[6.25,14.5,6.0,15.0],"tintindex":0,"rotation":0,"texture":"#0"}}},{"from":[1.6999998,5.8,13.0],"to":[2.0,8.0,14.4],"faces":{"east":{"uv":[10.5,14.25,10.75,14.75],"tintindex":0,"rotation":0,"texture":"#0"},"south":{"uv":[11.25,14.25,11.5,14.75],"tintindex":0,"rotation":0,"texture":"#0"},"north":{"uv":[10.25,14.25,10.5,14.75],"tintindex":0,"rotation":0,"texture":"#0"},"west":{"uv":[11.5,14.25,11.75,14.75],"tintindex":0,"rotation":0,"texture":"#0"},"up":{"uv":[5.75,15.0,5.5,14.75],"tintindex":0,"rotation":0,"texture":"#0"},"down":{"uv":[6.0,14.75,5.75,15.0],"tintindex":0,"rotation":0,"texture":"#0"}}},{"from":[3.3000002,6.5,0.9000001],"to":[3.6999998,8.0,2.6999998],"faces":{"east":{"uv":[5.0,13.0,5.5,13.5],"tintindex":0,"rotation":0,"texture":"#0"},"south":{"uv":[14.0,6.0,14.25,6.5],"tintindex":0,"rotation":0,"texture":"#0"},"north":{"uv":[5.25,14.0,5.5,14.5],"tintindex":0,"rotation":0,"texture":"#0"},"west":{"uv":[4.5,13.0,5.0,13.5],"tintindex":0,"rotation":0,"texture":"#0"},"up":{"uv":[14.5,6.75,14.0,6.5],"tintindex":0,"rotation":270,"texture":"#0"},"down":{"uv":[14.5,6.75,14.0,7.0],"tintindex":0,"rotation":90,"texture":"#0"}}},{"from":[13.0,6.0,5.0],"to":[13.3,8.0,7.0],"faces":{"east":{"uv":[12.5,13.0,13.0,13.5],"tintindex":0,"rotation":0,"texture":"#0"},"south":{"uv":[3.5,14.5,3.75,15.0],"tintindex":0,"rotation":0,"texture":"#0"},"north":{"uv":[14.5,3.25,14.75,3.75],"tintindex":0,"rotation":0,"texture":"#0"},"west":{"uv":[13.0,13.0,13.5,13.5],"tintindex":0,"rotation":0,"texture":"#0"},"up":{"uv":[4.0,15.0,3.75,14.5],"tintindex":0,"rotation":0,"texture":"#0"},"down":{"uv":[14.75,3.75,14.5,4.25],"tintindex":0,"rotation":0,"texture":"#0"}}},{"from":[1.6999998,6.7999997,5.9],"to":[2.0,8.0,7.4],"faces":{"east":{"uv":[3.25,14.25,3.75,14.5],"tintindex":0,"rotation":0,"texture":"#0"},"south":{"uv":[14.75,4.75,15.0,5.0],"tintindex":0,"rotation":0,"texture":"#0"},"north":{"uv":[14.75,4.5,15.0,4.75],"tintindex":0,"rotation":0,"texture":"#0"},"west":{"uv":[3.75,14.25,4.25,14.5],"tintindex":0,"rotation":0,"texture":"#0"},"up":{"uv":[14.5,5.0,14.25,4.5],"tintindex":0,"rotation":0,"texture":"#0"},"down":{"uv":[14.5,5.0,14.25,5.5],"tintindex":0,"rotation":0,"texture":"#0"}}},{"from":[12.299999,5.1,14.0],"to":[13.299999,8.0,14.299999],"faces":{"east":{"uv":[5.5,13.75,5.75,14.5],"tintindex":0,"rotation":0,"texture":"#0"},"south":{"uv":[13.75,5.5,14.0,6.25],"tintindex":0,"rotation":0,"texture":"#0"},"north":{"uv":[13.75,3.5,14.0,4.25],"tintindex":0,"rotation":0,"texture":"#0"},"west":{"uv":[13.75,2.75,14.0,3.5],"tintindex":0,"rotation":0,"texture":"#0"},"up":{"uv":[7.25,15.0,7.0,14.75],"tintindex":0,"rotation":270,"texture":"#0"},"down":{"uv":[7.5,14.75,7.25,15.0],"tintindex":0,"rotation":90,"texture":"#0"}}},{"from":[2.0,5.8,14.0],"to":[3.1999998,8.0,14.4],"faces":{"east":{"uv":[12.0,14.25,12.25,14.75],"tintindex":0,"rotation":0,"texture":"#0"},"south":{"uv":[12.25,14.25,12.5,14.75],"tintindex":0,"rotation":0,"texture":"#0"},"north":{"uv":[11.75,14.25,12.0,14.75],"tintindex":0,"rotation":0,"texture":"#0"},"west":{"uv":[12.5,14.25,12.75,14.75],"tintindex":0,"rotation":0,"texture":"#0"},"up":{"uv":[15.0,6.0,14.75,5.75],"tintindex":0,"rotation":0,"texture":"#0"},"down":{"uv":[15.0,6.0,14.75,6.25],"tintindex":0,"rotation":0,"texture":"#0"}}},{"from":[3.1999998,7.1,14.0],"to":[5.7,8.0,14.299999],"faces":{"east":{"uv":[14.75,6.5,15.0,6.75],"tintindex":0,"rotation":0,"texture":"#0"},"south":{"uv":[13.25,13.5,14.0,13.75],"tintindex":0,"rotation":0,"texture":"#0"},"north":{"uv":[13.5,13.0,14.25,13.25],"tintindex":0,"rotation":0,"texture":"#0"},"west":{"uv":[14.75,6.25,15.0,6.5],"tintindex":0,"rotation":0,"texture":"#0"},"up":{"uv":[1.25,14.5,1.0,13.75],"tintindex":0,"rotation":270,"texture":"#0"},"down":{"uv":[1.5,13.75,1.25,14.5],"tintindex":0,"rotation":90,"texture":"#0"}}},{"from":[13.0,6.0,10.0],"to":[13.3,8.0,11.0],"faces":{"east":{"uv":[5.0,14.5,5.25,15.0],"tintindex":0,"rotation":0,"texture":"#0"},"south":{"uv":[14.5,5.0,14.75,5.5],"tintindex":0,"rotation":0,"texture":"#0"},"north":{"uv":[4.75,14.5,5.0,15.0],"tintindex":0,"rotation":0,"texture":"#0"},"west":{"uv":[5.25,14.5,5.5,15.0],"tintindex":0,"rotation":0,"texture":"#0"},"up":{"uv":[9.75,15.0,9.5,14.75],"tintindex":0,"rotation":0,"texture":"#0"},"down":{"uv":[15.0,9.5,14.75,9.75],"tintindex":0,"rotation":0,"texture":"#0"}}},{"from":[9.4,6.7,0.5999999],"to":[11.0,8.0,1.0],"faces":{"east":{"uv":[2.75,14.75,3.0,15.0],"tintindex":0,"rotation":0,"texture":"#0"},"south":{"uv":[14.0,3.0,14.5,3.25],"tintindex":0,"rotation":0,"texture":"#0"},"north":{"uv":[14.0,2.75,14.5,3.0],"tintindex":0,"rotation":0,"texture":"#0"},"west":{"uv":[14.75,2.75,15.0,3.0],"tintindex":0,"rotation":0,"texture":"#0"},"up":{"uv":[3.75,14.25,3.25,14.0],"tintindex":0,"rotation":0,"texture":"#0"},"down":{"uv":[14.5,3.25,14.0,3.5],"tintindex":0,"rotation":0,"texture":"#0"}}},{"from":[9.0,6.1,14.0],"to":[10.5,8.0,14.299999],"faces":{"east":{"uv":[14.25,14.25,14.5,14.75],"tintindex":0,"rotation":0,"texture":"#0"},"south":{"uv":[11.0,13.0,11.5,13.5],"tintindex":0,"rotation":0,"texture":"#0"},"north":{"uv":[10.5,13.0,11.0,13.5],"tintindex":0,"rotation":0,"texture":"#0"},"west":{"uv":[14.25,13.75,14.5,14.25],"tintindex":0,"rotation":0,"texture":"#0"},"up":{"uv":[1.25,15.0,1.0,14.5],"tintindex":0,"rotation":270,"texture":"#0"},"down":{"uv":[1.5,14.5,1.25,15.0],"tintindex":0,"rotation":90,"texture":"#0"}}},{"from":[13.0,5.0,7.0],"to":[13.3,8.0,8.0],"faces":{"east":{"uv":[6.0,13.75,6.25,14.5],"tintindex":0,"rotation":0,"texture":"#0"},"south":{"uv":[6.25,13.75,6.5,14.5],"tintindex":0,"rotation":0,"texture":"#0"},"north":{"uv":[5.75,13.75,6.0,14.5],"tintindex":0,"rotation":0,"texture":"#0"},"west":{"uv":[13.75,6.25,14.0,7.0],"tintindex":0,"rotation":0,"texture":"#0"},"up":{"uv":[8.75,15.0,8.5,14.75],"tintindex":0,"rotation":0,"texture":"#0"},"down":{"uv":[9.0,14.75,8.75,15.0],"tintindex":0,"rotation":0,"texture":"#0"}}},{"from":[13.0,7.0,8.0],"to":[13.3,8.0,10.0],"faces":{"east":{"uv":[4.0,14.5,4.5,14.75],"tintindex":0,"rotation":0,"texture":"#0"},"south":{"uv":[9.25,14.75,9.5,15.0],"tintindex":0,"rotation":0,"texture":"#0"},"north":{"uv":[9.0,14.75,9.25,15.0],"tintindex":0,"rotation":0,"texture":"#0"},"west":{"uv":[14.5,4.25,15.0,4.5],"tintindex":0,"rotation":0,"texture":"#0"},"up":{"uv":[4.75,15.0,4.5,14.5],"tintindex":0,"rotation":0,"texture":"#0"},"down":{"uv":[14.75,4.5,14.5,5.0],"tintindex":0,"rotation":0,"texture":"#0"}}},{"from":[11.0,6.5,0.9000001],"to":[11.4,8.0,2.6000004],"faces":{"east":{"uv":[8.0,13.0,8.5,13.5],"tintindex":0,"rotation":0,"texture":"#0"},"south":{"uv":[2.0,14.25,2.25,14.75],"tintindex":0,"rotation":0,"texture":"#0"},"north":{"uv":[14.0,14.0,14.25,14.5],"tintindex":0,"rotation":0,"texture":"#0"},"west":{"uv":[7.5,13.0,8.0,13.5],"tintindex":0,"rotation":0,"texture":"#0"},"up":{"uv":[14.5,13.75,14.0,13.5],"tintindex":0,"rotation":270,"texture":"#0"},"down":{"uv":[2.75,14.25,2.25,14.5],"tintindex":0,"rotation":90,"texture":"#0"}}},{"from":[1.6999998,5.5,4.2],"to":[2.1,8.0,5.8999996],"faces":{"east":{"uv":[2.25,6.25,2.75,7.0],"tintindex":0,"rotation":0,"texture":"#0"},"south":{"uv":[10.5,13.5,10.75,14.25],"tintindex":0,"rotation":0,"texture":"#0"},"north":{"uv":[10.25,13.5,10.5,14.25],"tintindex":0,"rotation":0,"texture":"#0"},"west":{"uv":[2.25,5.5,2.75,6.25],"tintindex":0,"rotation":0,"texture":"#0"},"up":{"uv":[14.75,2.75,14.25,2.5],"tintindex":0,"rotation":270,"texture":"#0"},"down":{"uv":[3.25,14.25,2.75,14.5],"tintindex":0,"rotation":90,"texture":"#0"}}},{"from":[1.6999998,7.1,8.9],"to":[2.0,8.0,11.4],"faces":{"east":{"uv":[10.75,13.5,11.5,13.75],"tintindex":0,"rotation":0,"texture":"#0"},"south":{"uv":[14.75,5.25,15.0,5.5],"tintindex":0,"rotation":0,"texture":"#0"},"north":{"uv":[14.75,5.0,15.0,5.25],"tintindex":0,"rotation":0,"texture":"#0"},"west":{"uv":[11.5,13.5,12.25,13.75],"tintindex":0,"rotation":0,"texture":"#0"},"up":{"uv":[12.5,14.25,12.25,13.5],"tintindex":0,"rotation":0,"texture":"#0"},"down":{"uv":[12.75,13.5,12.5,14.25],"tintindex":0,"rotation":0,"texture":"#0"}}}],"display":{"head":{"rotation":[0.0,0.0,0.0]},"firstperson_righthand":{"rotation":[0.0,0.0,0.0]},"thirdperson_lefthand":{"rotation":[0.0,-0.0,-0.0]},"firstperson_lefthand":{"rotation":[0.0,-0.0,-0.0]},"fixed":{"rotation":[0.0,0.0,0.0]},"ground":{"rotation":[0.0,0.0,0.0]},"thirdperson_righthand":{"rotation":[0.0,0.0,0.0]},"gui":{"rotation":[-150.0,-45.0,180.0]}}}