{"display":{"head":{},"firstperson_righthand":{},"thirdperson_lefthand":{},"firstperson_lefthand":{},"fixed":{},"ground":{},"thirdperson_righthand":{},"gui":{"rotation":[-150.0,-45.0,180.0]}},"elements":[{"from":[3.5999994,-3.999999,4.9],"to":[3.8999996,4.6000004,6.7],"faces":{"east":{"uv":[13.75,6.5,11.5,6.0],"texture":"#0","rotation":270,"tintindex":0},"south":{"uv":[12.75,7.25,15.0,7.5],"texture":"#0","rotation":90,"tintindex":0},"north":{"uv":[12.75,7.5,15.0,7.75],"texture":"#0","rotation":270,"tintindex":0},"west":{"uv":[13.75,6.5,11.5,7.0],"texture":"#0","rotation":270,"tintindex":0},"up":{"uv":[10.75,13.75,11.25,14.0],"texture":"#0","rotation":90,"tintindex":0},"down":{"uv":[11.25,13.75,11.75,14.0],"texture":"#0","rotation":90,"tintindex":0}}},{"from":[13.0,-4.0,7.0],"to":[13.300001,4.9000006,18.0],"faces":{"east":{"uv":[9.0,7.25,6.75,10.0],"texture":"#0","rotation":270,"tintindex":0},"south":{"uv":[9.0,12.75,11.25,13.0],"texture":"#0","rotation":270,"tintindex":0},"north":{"uv":[12.75,8.75,15.0,9.0],"texture":"#0","rotation":90,"tintindex":0},"west":{"uv":[6.75,10.0,4.5,7.25],"texture":"#0","rotation":270,"tintindex":0},"up":{"uv":[11.25,12.5,14.0,12.75],"texture":"#0","rotation":270,"tintindex":0},"down":{"uv":[12.5,12.25,15.25,12.5],"texture":"#0","rotation":270,"tintindex":0}}},{"from":[11.099999,-4.0,4.9],"to":[11.4,4.6000004,6.7],"faces":{"east":{"uv":[5.75,12.25,3.5,11.75],"texture":"#0","rotation":270,"tintindex":0},"south":{"uv":[12.75,7.75,15.0,8.0],"texture":"#0","rotation":90,"tintindex":0},"north":{"uv":[12.75,8.0,15.0,8.25],"texture":"#0","rotation":270,"tintindex":0},"west":{"uv":[14.5,1.25,12.25,1.75],"texture":"#0","rotation":270,"tintindex":0},"up":{"uv":[11.75,13.75,12.25,14.0],"texture":"#0","rotation":90,"tintindex":0},"down":{"uv":[13.25,13.75,13.75,14.0],"texture":"#0","rotation":90,"tintindex":0}}},{"from":[2.0,4.6000004,7.0],"to":[13.0,4.9000006,18.0],"faces":{"east":{"uv":[12.5,0.5,15.25,0.75],"texture":"#0","tintindex":0},"south":{"uv":[12.5,0.75,15.25,1.0],"texture":"#0","tintindex":0},"north":{"uv":[12.5,0.25,15.25,0.5],"texture":"#0","tintindex":0},"west":{"uv":[12.5,1.0,15.25,1.25],"texture":"#0","tintindex":0},"up":{"uv":[6.75,7.25,5.0,4.5],"texture":"#0","tintindex":0},"down":{"uv":[2.75,2.75,0.0,5.5],"texture":"#0","tintindex":0}}},{"from":[1.6999998,-3.999999,18.0],"to":[13.3,4.9000006,18.4],"faces":{"east":{"uv":[12.75,9.0,15.0,9.25],"texture":"#0","rotation":90,"tintindex":0},"south":{"uv":[7.75,2.25,4.75,4.5],"texture":"#0","tintindex":0},"north":{"uv":[7.75,2.25,4.75,0.0],"texture":"#0","rotation":180,"tintindex":0},"west":{"uv":[12.75,9.25,15.0,9.5],"texture":"#0","rotation":270,"tintindex":0},"up":{"uv":[12.5,0.0,15.5,0.25],"texture":"#0","tintindex":0},"down":{"uv":[9.5,12.25,12.5,12.5],"texture":"#0","rotation":180,"tintindex":0}}},{"from":[11.3,-4.0,6.7000003],"to":[13.1,4.9000006,7.0000005],"faces":{"east":{"uv":[12.75,8.25,15.0,8.5],"texture":"#0","rotation":90,"tintindex":0},"south":{"uv":[5.75,12.25,3.5,12.75],"texture":"#0","rotation":270,"tintindex":0},"north":{"uv":[14.5,2.25,12.25,1.75],"texture":"#0","rotation":270,"tintindex":0},"west":{"uv":[12.75,8.5,15.0,8.75],"texture":"#0","rotation":270,"tintindex":0},"up":{"uv":[13.75,13.75,14.25,14.0],"texture":"#0","tintindex":0},"down":{"uv":[2.75,14.0,3.25,14.25],"texture":"#0","rotation":180,"tintindex":0}}},{"from":[3.6,9.6,4.6],"to":[11.4,10.0,12.7],"faces":{"east":{"uv":[5.75,12.0,7.75,12.25],"texture":"#0","tintindex":0},"south":{"uv":[5.75,12.25,7.75,12.5],"texture":"#0","tintindex":0},"north":{"uv":[5.75,11.75,7.75,12.0],"texture":"#0","tintindex":0},"west":{"uv":[12.75,9.5,14.75,9.75],"texture":"#0","tintindex":0},"up":{"uv":[2.0,10.25,0.0,8.25],"texture":"#0","tintindex":0},"down":{"uv":[11.0,7.25,9.0,9.25],"texture":"#0","tintindex":0}}},{"from":[3.6,-4.0,4.6],"to":[11.1,9.6,4.9999995],"faces":{"east":{"uv":[11.5,7.0,15.0,7.25],"texture":"#0","rotation":90,"tintindex":0},"south":{"uv":[4.75,3.5,2.75,7.0],"texture":"#0","tintindex":0},"north":{"uv":[4.75,3.5,2.75,0.0],"texture":"#0","rotation":180,"tintindex":0},"west":{"uv":[12.25,2.25,15.75,2.5],"texture":"#0","rotation":270,"tintindex":0},"up":{"uv":[12.75,10.0,14.75,10.25],"texture":"#0","tintindex":0},"down":{"uv":[12.75,9.75,14.75,10.0],"texture":"#0","rotation":180,"tintindex":0}}},{"from":[3.6,1.8000007,12.299999],"to":[11.1,9.6,12.7],"faces":{"east":{"uv":[12.75,11.0,14.75,11.25],"texture":"#0","rotation":90,"tintindex":0},"south":{"uv":[11.0,9.25,9.0,11.25],"texture":"#0","tintindex":0},"north":{"uv":[11.25,5.5,9.25,3.5],"texture":"#0","rotation":180,"tintindex":0},"west":{"uv":[12.75,11.25,14.75,11.5],"texture":"#0","rotation":270,"tintindex":0},"up":{"uv":[11.25,12.75,13.25,13.0],"texture":"#0","tintindex":0},"down":{"uv":[12.75,10.75,14.75,11.0],"texture":"#0","rotation":180,"tintindex":0}}},{"from":[3.5999994,4.600001,5.0],"to":[4.0,9.6,12.3],"faces":{"east":{"uv":[1.75,12.75,0.0,11.5],"texture":"#0","rotation":180,"tintindex":0},"south":{"uv":[12.75,12.0,14.0,12.25],"texture":"#0","rotation":90,"tintindex":0},"north":{"uv":[13.0,2.5,14.25,2.75],"texture":"#0","rotation":270,"tintindex":0},"west":{"uv":[3.5,11.5,1.75,12.75],"texture":"#0","tintindex":0},"up":{"uv":[12.75,11.75,14.5,12.0],"texture":"#0","rotation":90,"tintindex":0},"down":{"uv":[12.75,11.5,14.5,11.75],"texture":"#0","rotation":90,"tintindex":0}}},{"from":[1.8000002,-4.0,6.7000003],"to":[3.6,4.9000006,7.0000005],"faces":{"east":{"uv":[4.5,12.75,6.75,13.0],"texture":"#0","rotation":90,"tintindex":0},"south":{"uv":[13.75,5.5,11.5,6.0],"texture":"#0","rotation":270,"tintindex":0},"north":{"uv":[13.5,5.5,11.25,5.0],"texture":"#0","rotation":270,"tintindex":0},"west":{"uv":[6.75,12.75,9.0,13.0],"texture":"#0","rotation":270,"tintindex":0},"up":{"uv":[8.0,13.75,8.5,14.0],"texture":"#0","tintindex":0},"down":{"uv":[8.5,13.75,9.0,14.0],"texture":"#0","rotation":180,"tintindex":0}}},{"from":[1.7000003,-3.999999,7.0],"to":[2.0,4.9000006,18.0],"faces":{"east":{"uv":[9.25,4.5,7.0,7.25],"texture":"#0","rotation":270,"tintindex":0},"south":{"uv":[2.25,12.75,4.5,13.0],"texture":"#0","rotation":270,"tintindex":0},"north":{"uv":[0.0,12.75,2.25,13.0],"texture":"#0","rotation":90,"tintindex":0},"west":{"uv":[4.5,9.75,2.25,7.0],"texture":"#0","rotation":270,"tintindex":0},"up":{"uv":[5.75,12.5,8.5,12.75],"texture":"#0","rotation":270,"tintindex":0},"down":{"uv":[8.5,12.5,11.25,12.75],"texture":"#0","rotation":270,"tintindex":0}}},{"from":[11.0,4.600001,4.6],"to":[11.4,9.6,12.700001],"faces":{"east":{"uv":[2.0,11.5,0.0,10.25],"texture":"#0","rotation":180,"tintindex":0},"south":{"uv":[7.75,4.25,9.0,4.5],"texture":"#0","rotation":90,"tintindex":0},"north":{"uv":[9.5,12.0,10.75,12.25],"texture":"#0","rotation":270,"tintindex":0},"west":{"uv":[12.5,0.0,10.5,1.25],"texture":"#0","tintindex":0},"up":{"uv":[12.75,10.5,14.75,10.75],"texture":"#0","rotation":90,"tintindex":0},"down":{"uv":[12.75,10.25,14.75,10.5],"texture":"#0","rotation":90,"tintindex":0}}}],"textures":{"particle":"#0","0":"modelengine:45f9acd2-66b0-4a0d-bac2-c81c1325b99a"}}