{"textures":{"0":"modelengine:entity/1989e4aa-ce0e-3505-b2f7-204f50916eb4","particle":"#0"},"elements":[{"from":[8.0,21.0,-6.0],"to":[10.0,23.0,22.0],"faces":{"east":{"uv":[0.0,7.25,3.5,7.5],"tintindex":0,"rotation":0,"texture":"#0"},"south":{"uv":[7.25,7.25,7.5,7.5],"tintindex":0,"rotation":0,"texture":"#0"},"north":{"uv":[3.5,7.25,3.75,7.5],"tintindex":0,"rotation":0,"texture":"#0"},"west":{"uv":[3.75,7.25,7.25,7.5],"tintindex":0,"rotation":0,"texture":"#0"},"up":{"uv":[3.75,7.25,3.5,3.75],"tintindex":0,"rotation":0,"texture":"#0"},"down":{"uv":[4.0,3.75,3.75,7.25],"tintindex":0,"rotation":0,"texture":"#0"}}}],"display":{"head":{"rotation":[0.0,0.0,0.0]},"firstperson_righthand":{"rotation":[0.0,0.0,0.0]},"thirdperson_lefthand":{"rotation":[0.0,-0.0,-0.0]},"firstperson_lefthand":{"rotation":[0.0,-0.0,-0.0]},"fixed":{"rotation":[0.0,0.0,0.0]},"ground":{"rotation":[0.0,0.0,0.0]},"thirdperson_righthand":{"rotation":[0.0,0.0,0.0]},"gui":{"rotation":[-150.0,-45.0,180.0]}}}