{"textures":{"0":"modelengine:entity/1989e4aa-ce0e-3505-b2f7-204f50916eb4","particle":"#0"},"elements":[{"from":[7.2,2.0,7.2],"to":[8.8,3.9000006,8.8],"faces":{"east":{"uv":[7.5,12.125,7.625,12.25],"tintindex":0,"rotation":0,"texture":"#0"},"south":{"uv":[7.875,12.125,8.0,12.25],"tintindex":0,"rotation":0,"texture":"#0"},"north":{"uv":[7.625,12.125,7.75,12.25],"tintindex":0,"rotation":0,"texture":"#0"},"west":{"uv":[7.75,12.125,7.875,12.25],"tintindex":0,"rotation":0,"texture":"#0"},"up":{"uv":[7.75,12.125,7.625,12.0],"tintindex":0,"rotation":0,"texture":"#0"},"down":{"uv":[7.875,12.0,7.75,12.125],"tintindex":0,"rotation":0,"texture":"#0"}}},{"from":[7.0,-1.0999994,6.3],"to":[9.0,0.70000076,7.7],"faces":{"east":{"uv":[3.75,12.875,3.875,13.0],"tintindex":0,"rotation":0,"texture":"#0"},"south":{"uv":[4.25,12.875,4.5,13.0],"tintindex":0,"rotation":0,"texture":"#0"},"north":{"uv":[3.875,12.875,4.125,13.0],"tintindex":0,"rotation":0,"texture":"#0"},"west":{"uv":[4.125,12.875,4.25,13.0],"tintindex":0,"rotation":0,"texture":"#0"},"up":{"uv":[4.125,12.875,3.875,12.75],"tintindex":0,"rotation":0,"texture":"#0"},"down":{"uv":[4.375,12.75,4.125,12.875],"tintindex":0,"rotation":0,"texture":"#0"}}},{"from":[6.7,-1.3999996,6.7],"to":[9.3,1.0,9.3],"faces":{"east":{"uv":[12.5,11.75,12.75,12.0],"tintindex":0,"rotation":0,"texture":"#0"},"south":{"uv":[13.25,11.75,13.5,12.0],"tintindex":0,"rotation":0,"texture":"#0"},"north":{"uv":[12.75,11.75,13.0,12.0],"tintindex":0,"rotation":0,"texture":"#0"},"west":{"uv":[13.0,11.75,13.25,12.0],"tintindex":0,"rotation":0,"texture":"#0"},"up":{"uv":[13.0,11.75,12.75,11.5],"tintindex":0,"rotation":0,"texture":"#0"},"down":{"uv":[13.25,11.5,13.0,11.75],"tintindex":0,"rotation":0,"texture":"#0"}}},{"from":[6.2999997,-1.0999994,7.0],"to":[7.7000003,0.70000076,9.0],"faces":{"east":{"uv":[13.25,4.625,13.5,4.75],"tintindex":0,"rotation":0,"texture":"#0"},"south":{"uv":[13.125,4.625,13.25,4.75],"tintindex":0,"rotation":0,"texture":"#0"},"north":{"uv":[12.75,4.625,12.875,4.75],"tintindex":0,"rotation":0,"texture":"#0"},"west":{"uv":[12.875,4.625,13.125,4.75],"tintindex":0,"rotation":0,"texture":"#0"},"up":{"uv":[13.125,4.625,12.875,4.5],"tintindex":0,"rotation":270,"texture":"#0"},"down":{"uv":[13.375,4.5,13.125,4.625],"tintindex":0,"rotation":90,"texture":"#0"}}},{"from":[7.2,0.20000076,7.2],"to":[8.8,1.4000006,8.8],"faces":{"east":{"uv":[7.0,12.25,7.125,12.375],"tintindex":0,"rotation":0,"texture":"#0"},"south":{"uv":[7.375,12.25,7.5,12.375],"tintindex":0,"rotation":0,"texture":"#0"},"north":{"uv":[7.125,12.25,7.25,12.375],"tintindex":0,"rotation":0,"texture":"#0"},"west":{"uv":[7.25,12.25,7.375,12.375],"tintindex":0,"rotation":0,"texture":"#0"},"up":{"uv":[7.25,12.25,7.125,12.125],"tintindex":0,"rotation":0,"texture":"#0"},"down":{"uv":[7.375,12.125,7.25,12.25],"tintindex":0,"rotation":0,"texture":"#0"}}},{"from":[7.0,-1.5999994,7.0],"to":[9.0,-0.39999962,9.0],"faces":{"east":{"uv":[12.25,8.375,12.5,8.5],"tintindex":0,"rotation":0,"texture":"#0"},"south":{"uv":[13.0,8.375,13.25,8.5],"tintindex":0,"rotation":0,"texture":"#0"},"north":{"uv":[12.5,8.375,12.75,8.5],"tintindex":0,"rotation":0,"texture":"#0"},"west":{"uv":[12.75,8.375,13.0,8.5],"tintindex":0,"rotation":0,"texture":"#0"},"up":{"uv":[12.75,8.375,12.5,8.125],"tintindex":0,"rotation":0,"texture":"#0"},"down":{"uv":[13.0,8.125,12.75,8.375],"tintindex":0,"rotation":0,"texture":"#0"}}},{"from":[6.9,2.0,6.8999996],"to":[9.1,3.5,9.1],"faces":{"east":{"uv":[8.5,12.875,8.75,13.0],"tintindex":0,"rotation":0,"texture":"#0"},"south":{"uv":[9.25,12.875,9.5,13.0],"tintindex":0,"rotation":0,"texture":"#0"},"north":{"uv":[8.75,12.875,9.0,13.0],"tintindex":0,"rotation":0,"texture":"#0"},"west":{"uv":[9.0,12.875,9.25,13.0],"tintindex":0,"rotation":0,"texture":"#0"},"up":{"uv":[9.0,12.875,8.75,12.625],"tintindex":0,"rotation":0,"texture":"#0"},"down":{"uv":[9.25,12.625,9.0,12.875],"tintindex":0,"rotation":0,"texture":"#0"}}},{"from":[8.299999,-1.0999994,7.0],"to":[9.700001,0.70000076,9.0],"faces":{"east":{"uv":[13.25,4.375,13.5,4.5],"tintindex":0,"rotation":0,"texture":"#0"},"south":{"uv":[13.125,4.375,13.25,4.5],"tintindex":0,"rotation":0,"texture":"#0"},"north":{"uv":[12.75,4.375,12.875,4.5],"tintindex":0,"rotation":0,"texture":"#0"},"west":{"uv":[12.875,4.375,13.125,4.5],"tintindex":0,"rotation":0,"texture":"#0"},"up":{"uv":[13.125,4.375,12.875,4.25],"tintindex":0,"rotation":270,"texture":"#0"},"down":{"uv":[13.375,4.25,13.125,4.375],"tintindex":0,"rotation":90,"texture":"#0"}}},{"from":[7.0,4.7683716E-7,7.0],"to":[9.0,1.2000008,9.0],"faces":{"east":{"uv":[7.5,7.5,7.75,7.625],"tintindex":0,"rotation":0,"texture":"#0"},"south":{"uv":[8.25,7.5,8.5,7.625],"tintindex":0,"rotation":0,"texture":"#0"},"north":{"uv":[7.75,7.5,8.0,7.625],"tintindex":0,"rotation":0,"texture":"#0"},"west":{"uv":[8.0,7.5,8.25,7.625],"tintindex":0,"rotation":0,"texture":"#0"},"up":{"uv":[8.0,7.5,7.75,7.25],"tintindex":0,"rotation":0,"texture":"#0"},"down":{"uv":[8.25,7.25,8.0,7.5],"tintindex":0,"rotation":0,"texture":"#0"}}},{"from":[7.0,-1.0999994,8.3],"to":[9.0,0.70000076,9.7],"faces":{"east":{"uv":[3.0,12.875,3.125,13.0],"tintindex":0,"rotation":0,"texture":"#0"},"south":{"uv":[3.5,12.875,3.75,13.0],"tintindex":0,"rotation":0,"texture":"#0"},"north":{"uv":[3.125,12.875,3.375,13.0],"tintindex":0,"rotation":0,"texture":"#0"},"west":{"uv":[3.375,12.875,3.5,13.0],"tintindex":0,"rotation":0,"texture":"#0"},"up":{"uv":[3.375,12.875,3.125,12.75],"tintindex":0,"rotation":0,"texture":"#0"},"down":{"uv":[3.625,12.75,3.375,12.875],"tintindex":0,"rotation":0,"texture":"#0"}}},{"from":[7.4,1.4000006,7.3999996],"to":[8.6,3.3000002,8.6],"faces":{"east":{"uv":[8.0,9.375,8.125,9.5],"tintindex":0,"rotation":0,"texture":"#0"},"south":{"uv":[8.375,9.375,8.5,9.5],"tintindex":0,"rotation":0,"texture":"#0"},"north":{"uv":[8.125,9.375,8.25,9.5],"tintindex":0,"rotation":0,"texture":"#0"},"west":{"uv":[8.25,9.375,8.375,9.5],"tintindex":0,"rotation":0,"texture":"#0"},"up":{"uv":[8.25,9.375,8.125,9.25],"tintindex":0,"rotation":0,"texture":"#0"},"down":{"uv":[8.375,9.25,8.25,9.375],"tintindex":0,"rotation":0,"texture":"#0"}}}],"display":{"head":{"rotation":[0.0,0.0,0.0]},"firstperson_righthand":{"rotation":[0.0,0.0,0.0]},"thirdperson_lefthand":{"rotation":[0.0,-0.0,-0.0]},"firstperson_lefthand":{"rotation":[0.0,-0.0,-0.0]},"fixed":{"rotation":[0.0,0.0,0.0]},"ground":{"rotation":[0.0,0.0,0.0]},"thirdperson_righthand":{"rotation":[0.0,0.0,0.0]},"gui":{"rotation":[-150.0,-45.0,180.0]}}}