{"textures":{"0":"modelengine:entity/dragon","particle":"#0"},"elements":[{"from":[5.0,5.2499957,5.5],"to":[11.0,10.749996,10.5],"faces":{"east":{"uv":[0.0,7.25,1.25,8.5],"tintindex":0,"rotation":0,"texture":"#0"},"south":{"uv":[4.0,7.25,5.5,8.5],"tintindex":0,"rotation":0,"texture":"#0"},"north":{"uv":[1.25,7.25,2.75,8.5],"tintindex":0,"rotation":0,"texture":"#0"},"west":{"uv":[2.75,7.25,4.0,8.5],"tintindex":0,"rotation":0,"texture":"#0"},"up":{"uv":[2.75,7.25,1.25,6.0],"tintindex":0,"rotation":0,"texture":"#0"},"down":{"uv":[4.25,6.0,2.75,7.25],"tintindex":0,"rotation":0,"texture":"#0"}}}],"display":{"head":{"rotation":[10.0,0.0,-0.0]},"firstperson_righthand":{"rotation":[10.0,0.0,-0.0]},"thirdperson_lefthand":{"rotation":[10.0,-0.0,0.0]},"firstperson_lefthand":{"rotation":[10.0,-0.0,0.0]},"fixed":{"rotation":[10.0,0.0,-0.0]},"ground":{"rotation":[10.0,0.0,-0.0]},"thirdperson_righthand":{"rotation":[10.0,0.0,-0.0]},"gui":{"rotation":[-164.00194,-44.13603,170.14893]}}}