{"textures":{"0":"modelengine:entity/dragon","particle":"#0"},"elements":[{"from":[7.4,7.3499966,6.250006],"to":[8.6,8.649997,9.750006],"faces":{"east":{"uv":[8.5,2.5,9.25,2.75],"tintindex":0,"rotation":0,"texture":"#0"},"south":{"uv":[10.25,2.5,10.5,2.75],"tintindex":0,"rotation":0,"texture":"#0"},"north":{"uv":[9.25,2.5,9.5,2.75],"tintindex":0,"rotation":0,"texture":"#0"},"west":{"uv":[9.5,2.5,10.25,2.75],"tintindex":0,"rotation":0,"texture":"#0"},"up":{"uv":[9.5,2.5,9.25,1.75],"tintindex":0,"rotation":0,"texture":"#0"},"down":{"uv":[9.75,1.75,9.5,2.5],"tintindex":0,"rotation":0,"texture":"#0"}}}],"display":{"head":{"rotation":[28.5,0.0,-0.0]},"firstperson_righthand":{"rotation":[28.5,0.0,-0.0]},"thirdperson_lefthand":{"rotation":[28.5,-0.0,0.0]},"firstperson_lefthand":{"rotation":[28.5,-0.0,0.0]},"fixed":{"rotation":[28.5,0.0,-0.0]},"ground":{"rotation":[28.5,0.0,-0.0]},"thirdperson_righthand":{"rotation":[28.5,0.0,-0.0]},"gui":{"rotation":[172.48096,-38.419724,154.49146]}}}