{"textures":{"0":"modelengine:entity/dragon","particle":"#0"},"elements":[{"from":[7.75,7.499999,2.8999991],"to":[9.75,8.499999,12.099998],"faces":{"east":{"uv":[10.75,4.5,8.5,4.75],"tintindex":0,"rotation":0,"texture":"#0"},"south":{"uv":[11.25,4.5,10.75,4.75],"tintindex":0,"rotation":0,"texture":"#0"},"north":{"uv":[8.5,4.5,8.0,4.75],"tintindex":0,"rotation":0,"texture":"#0"},"west":{"uv":[8.0,4.5,5.75,4.75],"tintindex":0,"rotation":0,"texture":"#0"},"up":{"uv":[8.0,4.5,8.5,2.25],"tintindex":0,"rotation":0,"texture":"#0"},"down":{"uv":[8.5,2.25,9.0,4.5],"tintindex":0,"rotation":0,"texture":"#0"}}},{"from":[6.75,7.3999987,3.8999991],"to":[7.75,8.599998,13.099998],"faces":{"east":{"uv":[10.75,5.25,8.5,5.5],"tintindex":0,"rotation":0,"texture":"#0"},"south":{"uv":[11.0,5.25,10.75,5.5],"tintindex":0,"rotation":0,"texture":"#0"},"north":{"uv":[8.5,5.25,8.25,5.5],"tintindex":0,"rotation":0,"texture":"#0"},"west":{"uv":[8.25,5.25,6.0,5.5],"tintindex":0,"rotation":0,"texture":"#0"},"up":{"uv":[8.25,5.25,8.5,3.0],"tintindex":0,"rotation":0,"texture":"#0"},"down":{"uv":[8.5,3.0,8.75,5.25],"tintindex":0,"rotation":0,"texture":"#0"}}}],"display":{"head":{"rotation":[10.0,0.0,-0.0]},"firstperson_righthand":{"rotation":[10.0,0.0,-0.0]},"thirdperson_lefthand":{"rotation":[10.0,-0.0,0.0]},"firstperson_lefthand":{"rotation":[10.0,-0.0,0.0]},"fixed":{"rotation":[10.0,0.0,-0.0]},"ground":{"rotation":[10.0,0.0,-0.0]},"thirdperson_righthand":{"rotation":[10.0,0.0,-0.0]},"gui":{"rotation":[-164.00194,-44.13603,170.14893]}}}