{"textures":{"0":"modelengine:entity/dragon","particle":"#0"},"elements":[{"from":[5.5,5.6716404,6.15349],"to":[10.5,9.47164,10.15349],"faces":{"east":{"uv":[6.75,1.0,7.75,1.75],"tintindex":0,"rotation":0,"texture":"#0"},"south":{"uv":[10.0,1.0,11.25,1.75],"tintindex":0,"rotation":0,"texture":"#0"},"north":{"uv":[7.75,1.0,9.0,1.75],"tintindex":0,"rotation":0,"texture":"#0"},"west":{"uv":[9.0,1.0,10.0,1.75],"tintindex":0,"rotation":0,"texture":"#0"},"up":{"uv":[9.0,1.0,7.75,0.0],"tintindex":0,"rotation":0,"texture":"#0"},"down":{"uv":[10.25,0.0,9.0,1.0],"tintindex":0,"rotation":0,"texture":"#0"}},"rotation":{"origin":[8.0,8.17164,9.15349],"angle":22.5,"axis":"x"}}],"display":{"head":{"rotation":[0.0,0.0,0.0]},"firstperson_righthand":{"rotation":[0.0,0.0,0.0]},"thirdperson_lefthand":{"rotation":[0.0,-0.0,-0.0]},"firstperson_lefthand":{"rotation":[0.0,-0.0,-0.0]},"fixed":{"rotation":[0.0,0.0,0.0]},"ground":{"rotation":[0.0,0.0,0.0]},"thirdperson_righthand":{"rotation":[0.0,0.0,0.0]},"gui":{"rotation":[-150.0,-45.0,180.0]}}}