{"textures":{"0":"modelengine:entity/dragon","particle":"#0"},"elements":[{"from":[5.0,5.0,5.0],"to":[11.0,11.0,11.0],"faces":{"east":{"uv":[0.0,4.5,1.5,6.0],"tintindex":0,"rotation":0,"texture":"#0"},"south":{"uv":[4.5,4.5,6.0,6.0],"tintindex":0,"rotation":0,"texture":"#0"},"north":{"uv":[1.5,4.5,3.0,6.0],"tintindex":0,"rotation":0,"texture":"#0"},"west":{"uv":[3.0,4.5,4.5,6.0],"tintindex":0,"rotation":0,"texture":"#0"},"up":{"uv":[3.0,4.5,1.5,3.0],"tintindex":0,"rotation":0,"texture":"#0"},"down":{"uv":[4.5,3.0,3.0,4.5],"tintindex":0,"rotation":0,"texture":"#0"}},"rotation":{"origin":[8.0,8.0,8.0],"angle":-22.5,"axis":"x"}}],"display":{"head":{"rotation":[0.0,0.0,0.0]},"firstperson_righthand":{"rotation":[0.0,0.0,0.0]},"thirdperson_lefthand":{"rotation":[0.0,-0.0,-0.0]},"firstperson_lefthand":{"rotation":[0.0,-0.0,-0.0]},"fixed":{"rotation":[0.0,0.0,0.0]},"ground":{"rotation":[0.0,0.0,0.0]},"thirdperson_righthand":{"rotation":[0.0,0.0,0.0]},"gui":{"rotation":[-150.0,-45.0,180.0]}}}