{"textures":{"0":"modelengine:entity/dragon","particle":"#0"},"elements":[{"from":[5.9,6.2000017,5.999997],"to":[10.1,9.800001,9.999997],"faces":{"east":{"uv":[9.0,10.0,10.0,10.75],"tintindex":0,"rotation":0,"texture":"#0"},"south":{"uv":[12.0,10.0,13.0,10.75],"tintindex":0,"rotation":0,"texture":"#0"},"north":{"uv":[10.0,10.0,11.0,10.75],"tintindex":0,"rotation":0,"texture":"#0"},"west":{"uv":[11.0,10.0,12.0,10.75],"tintindex":0,"rotation":0,"texture":"#0"},"up":{"uv":[11.0,10.0,10.0,9.0],"tintindex":0,"rotation":0,"texture":"#0"},"down":{"uv":[12.0,9.0,11.0,10.0],"tintindex":0,"rotation":0,"texture":"#0"}}}],"display":{"head":{"rotation":[-16.0,0.0,0.0]},"firstperson_righthand":{"rotation":[-16.0,0.0,0.0]},"thirdperson_lefthand":{"rotation":[-16.0,-0.0,-0.0]},"firstperson_lefthand":{"rotation":[-16.0,-0.0,-0.0]},"fixed":{"rotation":[-16.0,0.0,0.0]},"ground":{"rotation":[-16.0,0.0,0.0]},"thirdperson_righthand":{"rotation":[-16.0,0.0,0.0]},"gui":{"rotation":[-127.9265,-42.82135,-164.5898]}}}