{"textures":{"0":"modelengine:entity/dragon","particle":"#0"},"elements":[{"from":[5.4,6.049996,5.999999],"to":[10.6,9.949996,10.0],"faces":{"east":{"uv":[4.5,10.0,5.5,10.75],"tintindex":0,"rotation":0,"texture":"#0"},"south":{"uv":[7.75,10.0,9.0,10.75],"tintindex":0,"rotation":0,"texture":"#0"},"north":{"uv":[5.5,10.0,6.75,10.75],"tintindex":0,"rotation":0,"texture":"#0"},"west":{"uv":[6.75,10.0,7.75,10.75],"tintindex":0,"rotation":0,"texture":"#0"},"up":{"uv":[6.75,10.0,5.5,9.0],"tintindex":0,"rotation":0,"texture":"#0"},"down":{"uv":[8.0,9.0,6.75,10.0],"tintindex":0,"rotation":0,"texture":"#0"}}}],"display":{"head":{"rotation":[-20.0,0.0,0.0]},"firstperson_righthand":{"rotation":[-20.0,0.0,0.0]},"thirdperson_lefthand":{"rotation":[-20.0,-0.0,-0.0]},"firstperson_lefthand":{"rotation":[-20.0,-0.0,-0.0]},"fixed":{"rotation":[-20.0,0.0,0.0]},"ground":{"rotation":[-20.0,0.0,0.0]},"thirdperson_righthand":{"rotation":[-20.0,0.0,0.0]},"gui":{"rotation":[-122.76369,-41.641144,-161.11829]}}}