{"textures":{"0":"modelengine:entity/dragon","particle":"#0"},"elements":[{"from":[7.234574,5.9000053,4.9293175],"to":[11.834574,10.100005,9.129317],"faces":{"east":{"uv":[9.0,4.0,8.0,5.0],"tintindex":0,"rotation":0,"texture":"#0"},"south":{"uv":[10.0,4.0,9.0,5.0],"tintindex":0,"rotation":0,"texture":"#0"},"north":{"uv":[8.0,4.0,7.0,5.0],"tintindex":0,"rotation":0,"texture":"#0"},"west":{"uv":[7.0,4.0,6.0,5.0],"tintindex":0,"rotation":0,"texture":"#0"},"up":{"uv":[7.0,4.0,8.0,3.0],"tintindex":0,"rotation":0,"texture":"#0"},"down":{"uv":[8.0,3.0,9.0,4.0],"tintindex":0,"rotation":0,"texture":"#0"}}}],"display":{"head":{"rotation":[9.999998,24.0,-2.0441748E-6]},"firstperson_righthand":{"rotation":[9.999998,24.0,-2.0441748E-6]},"thirdperson_lefthand":{"rotation":[9.999998,-24.0,2.0441748E-6]},"firstperson_lefthand":{"rotation":[9.999998,-24.0,2.0441748E-6]},"fixed":{"rotation":[9.999998,24.0,-2.0441748E-6]},"ground":{"rotation":[9.999998,24.0,-2.0441748E-6]},"thirdperson_righthand":{"rotation":[9.999998,24.0,-2.0441748E-6]},"gui":{"rotation":[-174.47144,-67.4831,161.29887]}}}