{"textures":{"0":"modelengine:entity/dragon","particle":"#0"},"elements":[{"from":[5.0,15.0,2.0],"to":[11.0,17.0,8.0],"faces":{"east":{"uv":[-1.5,0.5,0.0,1.0],"tintindex":0,"rotation":0,"texture":"#0"},"south":{"uv":[3.0,0.5,4.5,1.0],"tintindex":0,"rotation":0,"texture":"#0"},"north":{"uv":[0.0,0.5,1.5,1.0],"tintindex":0,"rotation":0,"texture":"#0"},"west":{"uv":[1.5,0.5,3.0,1.0],"tintindex":0,"rotation":0,"texture":"#0"},"up":{"uv":[1.5,0.5,0.0,-1.0],"tintindex":0,"rotation":0,"texture":"#0"},"down":{"uv":[3.0,-1.0,1.5,0.5],"tintindex":0,"rotation":0,"texture":"#0"}}}],"display":{"head":{"rotation":[0.0,0.0,0.0]},"firstperson_righthand":{"rotation":[0.0,0.0,0.0]},"thirdperson_lefthand":{"rotation":[0.0,-0.0,-0.0]},"firstperson_lefthand":{"rotation":[0.0,-0.0,-0.0]},"fixed":{"rotation":[0.0,0.0,0.0]},"ground":{"rotation":[0.0,0.0,0.0]},"thirdperson_righthand":{"rotation":[0.0,0.0,0.0]},"gui":{"rotation":[-150.0,-45.0,180.0]}}}