{"display":{"head":{},"firstperson_righthand":{},"thirdperson_lefthand":{},"firstperson_lefthand":{},"fixed":{},"ground":{},"thirdperson_righthand":{},"gui":{"rotation":[-150.0,-45.0,180.0]}},"elements":[{"from":[4.0,7.0,6.0],"to":[12.0,12.0,10.0],"faces":{"east":{"uv":[4.50375,2.06625,4.74625,2.37125],"texture":"#0","tintindex":0},"south":{"uv":[3.37875,3.56625,3.87125,3.87125],"texture":"#0","tintindex":0},"north":{"uv":[2.25375,3.56625,2.74625,3.87125],"texture":"#0","tintindex":0},"west":{"uv":[4.50375,2.44125,4.74625,2.74625],"texture":"#0","tintindex":0},"up":{"uv":[3.30875,4.12125,2.81625,3.87875],"texture":"#0","tintindex":0},"down":{"uv":[4.43375,0.00375,3.94125,0.24625],"texture":"#0","tintindex":0}}},{"from":[3.88,8.580001,5.88],"to":[12.12,11.820001,10.12],"faces":{"east":{"uv":[5.37875,3.62875,5.62125,3.80875],"texture":"#0","tintindex":0},"south":{"uv":[4.37875,1.06625,4.87125,1.24625],"texture":"#0","tintindex":0},"north":{"uv":[4.37875,0.81625,4.87125,0.99625],"texture":"#0","tintindex":0},"west":{"uv":[3.87875,5.37875,4.12125,5.55875],"texture":"#0","tintindex":0},"up":{"uv":[3.87125,4.18375,3.37875,3.94125],"texture":"#0","tintindex":0},"down":{"uv":[4.43375,3.62875,3.94125,3.87125],"texture":"#0","tintindex":0}}},{"from":[7.0,7.0,9.1],"to":[9.0,13.0,10.1],"faces":{"east":{"uv":[4.31625,6.37875,4.37125,6.74625],"texture":"#0","tintindex":0},"south":{"uv":[5.37875,3.19125,5.49625,3.55875],"texture":"#0","tintindex":0},"north":{"uv":[5.37875,2.75375,5.49625,3.12125],"texture":"#0","tintindex":0},"west":{"uv":[4.44125,6.37875,4.49625,6.74625],"texture":"#0","tintindex":0},"up":{"uv":[6.99625,0.99625,6.87875,0.94125],"texture":"#0","tintindex":0},"down":{"uv":[6.99625,3.19125,6.87875,3.24625],"texture":"#0","tintindex":0}}},{"from":[12.0,12.0,10.0],"to":[4.0,7.0,6.0],"faces":{"east":{"uv":[3.44125,4.50375,3.68375,4.80875],"texture":"#0","tintindex":0},"south":{"uv":[3.75375,0.50375,4.24625,0.80875],"texture":"#0","tintindex":0},"north":{"uv":[1.12875,3.62875,1.62125,3.93375],"texture":"#0","tintindex":0},"west":{"uv":[4.50375,3.56625,4.74625,3.87125],"texture":"#0","tintindex":0},"up":{"uv":[4.43375,2.62125,3.94125,2.37875],"texture":"#0","tintindex":0},"down":{"uv":[4.43375,2.69125,3.94125,2.93375],"texture":"#0","tintindex":0}}},{"from":[12.65,10.800001,10.15],"to":[3.35,7.5000005,5.85],"rotation":{"origin":[8.0,9.150002,8.0],"axis":"z","angle":-22.5},"faces":{"east":{"uv":[5.50375,0.62875,5.74625,0.80875],"texture":"#0","tintindex":0},"south":{"uv":[4.31625,0.56625,4.87125,0.74625],"texture":"#0","tintindex":0},"north":{"uv":[4.31625,0.31625,4.87125,0.49625],"texture":"#0","tintindex":0},"west":{"uv":[5.50375,4.06625,5.74625,4.24625],"texture":"#0","tintindex":0},"up":{"uv":[4.30875,1.74625,3.75375,1.50375],"texture":"#0","tintindex":0},"down":{"uv":[0.55875,3.94125,0.00375,4.18375],"texture":"#0","tintindex":0}}},{"from":[3.35,7.5000005,5.85],"to":[12.65,10.800001,10.15],"rotation":{"origin":[8.0,9.150002,8.0],"axis":"z","angle":-22.5},"faces":{"east":{"uv":[1.75375,5.44125,1.99625,5.62125],"texture":"#0","tintindex":0},"south":{"uv":[4.06625,4.25375,4.62125,4.43375],"texture":"#0","tintindex":0},"north":{"uv":[3.44125,4.25375,3.99625,4.43375],"texture":"#0","tintindex":0},"west":{"uv":[0.00375,5.50375,0.24625,5.68375],"texture":"#0","tintindex":0},"up":{"uv":[4.30875,1.12125,3.75375,0.87875],"texture":"#0","tintindex":0},"down":{"uv":[4.30875,1.19125,3.75375,1.43375],"texture":"#0","tintindex":0}}}],"textures":{"particle":"#0","0":"modelengine:16c8f932-160b-49ff-9ab1-3c03d077b223"}}