{
  "model": {
    "type": "select",
    "property": "custom_model_data",
    "fallback": {
      "type": "model",
      "model": "item/light_blue_stained_glass_pane"
    },
    "cases": [
      {
        "when": "friend",
        "model": {
          "type": "model",
          "model": "item/friend"
        }
      },
      {
        "when": "mail",
        "model": {
          "type": "model",
          "model": "item/mail"
        }
      },
      {
        "when": "point",
        "model": {
          "type": "model",
          "model": "item/point"
        }
      },
      {
        "when": "shop",
        "model": {
          "type": "model",
          "model": "item/shop"
        }
      },
      {
        "when": "daily",
        "model": {
          "type": "model",
          "model": "item/daily"
        }
      },
      {
        "when": "game",
        "model": {
          "type": "model",
          "model": "item/game"
        }
      },
      {
        "when": "sup",
        "model": {
          "type": "model",
          "model": "item/sup"
        }
      },
      {
        "when": "team",
        "model": {
          "type": "model",
          "model": "item/team"
        }
      },
      {
        "when": "guild",
        "model": {
          "type": "model",
          "model": "item/guild"
        }
      },
      {
        "when": "achievement",
        "model": {
          "type": "model",
          "model": "item/achievement"
        }
      },
      {
        "when": "bid",
        "model": {
          "type": "model",
          "model": "item/bid"
        }
      },
      {
        "when": "clothing",
        "model": {
          "type": "model",
          "model": "item/clothing"
        }
      },
      {
        "when": "expedition",
        "model": {
          "type": "model",
          "model": "item/expedition"
        }
      },
      {
        "when": "hourse",
        "model": {
          "type": "model",
          "model": "item/hourse"
        }
      },
      {
        "when": "snowfight",
        "model": {
          "type": "model",
          "model": "item/snowfight"
        }
      },
      {
        "when": "title",
        "model": {
          "type": "model",
          "model": "item/title"
        }
      },
      {
        "when": "trade",
        "model": {
          "type": "model",
          "model": "item/trade"
        }
      },
      {
        "when": "worldquest",
        "model": {
          "type": "model",
          "model": "item/worldquest"
        }
      },
      {
        "when": "wallet",
        "model": {
          "type": "model",
          "model": "item/wallet"
        }
      },
      {
        "when": "profile",
        "model": {
          "type": "model",
          "model": "item/profile"
        }
      },
      {
        "when": "dragon_slayer",
        "model": {
          "type": "model",
          "model": "item/dragon_slayer"
        }
      },
      {
        "when": "return",
        "model": {
          "type": "model",
          "model": "item/return"
        }
      },
      {
        "when": "back",
        "model": {
          "type": "model",
          "model": "item/back"
        }
      },
      {
        "when": "next",
        "model": {
          "type": "model",
          "model": "item/next"
        }
      },
      {
        "when": "bidback",
        "model": {
          "type": "model",
          "model": "item/bidback"
        }
      },
      {
        "when": "dailyback",
        "model": {
          "type": "model",
          "model": "item/dailyback"
        }
      },
      {
        "when": "friendback",
        "model": {
          "type": "model",
          "model": "item/friendback"
        }
      },
      {
        "when": "gameback",
        "model": {
          "type": "model",
          "model": "item/gameback"
        }
      },
      {
        "when": "guildback",
        "model": {
          "type": "model",
          "model": "item/guildback"
        }
      },
      {
        "when": "mailback",
        "model": {
          "type": "model",
          "model": "item/mailback"
        }
      },
      {
        "when": "pointback",
        "model": {
          "type": "model",
          "model": "item/pointback"
        }
      },
      {
        "when": "profileback",
        "model": {
          "type": "model",
          "model": "item/profileback"
        }
      },
      {
        "when": "shopback",
        "model": {
          "type": "model",
          "model": "item/shopback"
        }
      },
      {
        "when": "supback",
        "model": {
          "type": "model",
          "model": "item/supback"
        }
      },
      {
        "when": "teamback",
        "model": {
          "type": "model",
          "model": "item/teamback"
        }
      },
      {
        "when": "tradeback",
        "model": {
          "type": "model",
          "model": "item/tradeback"
        }
      },
      {
        "when": "walletback",
        "model": {
          "type": "model",
          "model": "item/walletback"
        }
      },
      {
        "when": "worldquestback",
        "model": {
          "type": "model",
          "model": "item/worldquestback"
        }
      },
      {
        "when": "titleback",
        "model": {
          "type": "model",
          "model": "item/titleback"
        }
      },
      {
        "when": "titlenextpage",
        "model": {
          "type": "model",
          "model": "item/titlenextpage"
        }
      },
      {
        "when": "titlepreviouspage",
        "model": {
          "type": "model",
          "model": "item/titlepreviouspage"
        }
      },
      {
        "when": "designation_dragonslayer",
        "model": {
          "type": "model",
          "model": "item/designation_dragonslayer"
        }
      },
      {
        "when": "designation_no",
        "model": {
          "type": "model",
          "model": "item/designation_no"
        }
      },
      {
        "when": "designation_titleback",
        "model": {
          "type": "model",
          "model": "item/designation_titleback"
        }
      },
      {
        "when": "designation_titlenextpage",
        "model": {
          "type": "model",
          "model": "item/designation_titlenextpage"
        }
      },
      {
        "when": "designation_titlepreviouspage",
        "model": {
          "type": "model",
          "model": "item/designation_titlepreviouspage"
        }
      },
      {
        "when": "pointadd",
        "model": {
          "type": "model",
          "model": "item/pointadd"
        }
      },
      {
        "when": "pointok",
        "model": {
          "type": "model",
          "model": "item/pointok"
        }
      },
      {
        "when": "applyguild",
        "model": {
          "type": "model",
          "model": "item/applyguild"
        }
      },
      {
        "when": "searchguild",
        "model": {
          "type": "model",
          "model": "item/searchguild"
        }
      },
      {
        "when": "applyguildback",
        "model": {
          "type": "model",
          "model": "item/applyguildback"
        }
      },
      {
        "when": "haveguildback",
        "model": {
          "type": "model",
          "model": "item/haveguildback"
        }
      },
      {
        "when": "noguildback",
        "model": {
          "type": "model",
          "model": "item/noguildback"
        }
      },
      {
        "when": "searchguildback",
        "model": {
          "type": "model",
          "model": "item/searchguildback"
        }
      },
      {
        "when": "applyguildrule",
        "model": {
          "type": "model",
          "model": "item/applyguildrule"
        }
      },
      {
        "when": "guildapplyok",
        "model": {
          "type": "model",
          "model": "item/guildapplyok"
        }
      }
    ]
  }
}