{
  "model": {
    "type": "select",
    "property": "custom_model_data",
    "fallback": {
      "type": "model",
      "model": "item/light_blue_stained_glass_pane"
    },
    "cases": [
      {
        "when": "friend",
        "model": {
          "type": "model",
          "model": "item/friend"
        }
      },
      {
        "when": "mail",
        "model": {
          "type":"model",
          "model":"item/mail"
        }
      },
      {
        "when": "point",
        "model": {
          "type":"model",
          "model":"item/point"
        }
      },
      {
        "when": "shop",
        "model": {
          "type":"model",
          "model": "item/shop"
        }
      },
      {
        "when": "daily",
        "model": {
          "type":"model",
          "model": "item/daily"
        }
      },
      {
        "when": "game",
        "model": {
          "type":"model",
          "model": "item/game"
        }
      },
      {
        "when": "sup",
        "model": {
          "type":"model",
          "model": "item/sup"
        }
      },
      {
        "when":"guild",
        "model":{
          "type":"model",
          "model":"guild"
        }
      },
      {
        "when":"team",
        "model":{
          "type":"model",
          "model":"team"
        }
      }
    ]
  }
}