{
  "model": {
    "type": "select",
    "property": "custom_model_data",
    "fallback": {
      "type": "model",
      "model": "item/light_blue_stained_glass_pane"
    },
    "cases": [
      {
        "when": "friend", 
        "model": {
          "type": "model",
          "model": "item/Menu/friend"
        }
      },
      {
        "when": "mail",
        "model": {
          "type":"model",
          "model":"item/Menu/mail"
        }
      },
      {
        "when": "point",
        "model": {
          "type":"model",
          "model":"item/Menu/point"
        }
      },
      {
        "when": "shop",
        "model": {
          "type":"model",
          "model": "item/Menu/shop"
        }
      },
      {
        "when": "daily",
        "model": {
          "type":"model",
          "model": "item/Menu/daily"
        }
      },
      {
        "when": "game",
        "model": {
          "type":"model",
          "model": "item/Menu/game"
        }
      },
      {
        "when": "sup",
        "model": {
          "type":"model",
          "model": "item/Menu/sup"
        }
      },
      {
        "when": "team",
        "model": {
          "type":"model",
          "model": "item/Menu/team"
        }
      },
      {
        "when": "guild",
        "model": {
          "type":"model",
          "model": "item/Menu/guild"
        }
      },
      {
        "when": "achievement",
        "model": {
          "type":"model",
          "model": "item/Menu/achievement"
        }
      },
      {
        "when": "bid",
        "model": {
          "type":"model",
          "model": "item/Menu/bid"
        }
      },
      {
        "when": "clothing",
        "model": {
          "type":"model",
          "model": "item/Menu/clothing"
        }
      },
      {
        "when": "expedition",
        "model": {
          "type":"model",
          "model": "item/Menu/expedition"
        }
      },
      {
        "when": "hourse",
        "model": {
          "type":"model",
          "model": "item/Menu/hourse"
        }
      },
      {
        "when": "snowfight",
        "model": {
          "type":"model",
          "model": "item/Menu/snowfight"
        }
      },
      {
        "when": "title",
        "model": {
          "type":"model",
          "model": "item/Menu/title"
        }
      },
      {
        "when": "trade",
        "model": {
          "type":"model",
          "model": "item/Menu/trade"
        }
      },
      {
        "when": "worldquest",
        "model": {
          "type":"model",
          "model": "item/Menu/worldquest"
        }
      },
      {
        "when": "wallet",
        "model": {
          "type":"model",
          "model": "item/Menu/wallet"
        }
      }
    ]
  }
}