{
  "model": {
    "type": "select",
    "property": "custom_model_data",
    "fallback": {
      "type": "model",
      "model": "item/red_stained_glass_pane"
    },
    "cases": [
      {
        "when": "designation_dragonslayer",
        "model": {
          "type": "model",
          "model": "item/designation_dragonslayer"
        }
      },
      {
        "when": "designation_no",
        "model": {
          "type": "model",
          "model": "item/designation_no"
        }
      },
      {
        "when": "designation_titleback",
        "model": {
          "type": "model",
          "model": "item/designation_titleback"
        }
      },
      {
        "when": "designation_titlenextpage",
        "model": {
          "type": "model",
          "model": "item/designation_titlenextpage"
        }
      },
      {
        "when": "designation_titlepreviouspage",
        "model": {
          "type": "model",
          "model": "item/designation_titlepreviouspage"
        }
      }
    ]
  }
}