{"display":{"head":{"rotation":[0.0,-27.5,0.0]},"firstperson_righthand":{"rotation":[0.0,-27.5,0.0]},"thirdperson_lefthand":{"rotation":[0.0,27.5,-0.0]},"firstperson_lefthand":{"rotation":[0.0,27.5,-0.0]},"fixed":{"rotation":[0.0,-27.5,0.0]},"ground":{"rotation":[0.0,-27.5,0.0]},"thirdperson_righthand":{"rotation":[0.0,-27.5,0.0]},"gui":{"rotation":[-150.0,-17.5,180.0]}},"elements":[{"from":[4.388776,7.0,-2.5845299],"to":[12.388776,15.0,4.41547],"faces":{"east":{"uv":[0.0,5.5,1.75,7.5],"texture":"#0","tintindex":0},"south":{"uv":[5.5,5.5,7.5,7.5],"texture":"#0","tintindex":0},"north":{"uv":[1.75,5.5,3.75,7.5],"texture":"#0","tintindex":0},"west":{"uv":[3.75,5.5,5.5,7.5],"texture":"#0","tintindex":0},"up":{"uv":[3.75,5.5,1.75,3.75],"texture":"#0","tintindex":0},"down":{"uv":[5.75,3.75,3.75,5.5],"texture":"#0","tintindex":0}}}],"textures":{"particle":"#0","0":"modelengine:4ce005c4-8557-4c4e-aa2f-cb090b05f4a5"}}