{"display":{"head":{},"firstperson_righthand":{},"thirdperson_lefthand":{},"firstperson_lefthand":{},"fixed":{},"ground":{},"thirdperson_righthand":{},"gui":{"rotation":[-150.0,-45.0,180.0]}},"elements":[{"from":[7.0,7.0,4.0],"to":[17.0,16.0,10.0],"faces":{"east":{"uv":[0.0,1.5,1.5,3.75],"texture":"#0","tintindex":0},"south":{"uv":[5.5,1.5,8.0,3.75],"texture":"#0","tintindex":0},"north":{"uv":[1.5,1.5,4.0,3.75],"texture":"#0","tintindex":0},"west":{"uv":[4.0,1.5,5.5,3.75],"texture":"#0","tintindex":0},"up":{"uv":[4.0,1.5,1.5,0.0],"texture":"#0","tintindex":0},"down":{"uv":[6.5,0.0,4.0,1.5],"texture":"#0","tintindex":0}}}],"textures":{"particle":"#0","0":"modelengine:4ce005c4-8557-4c4e-aa2f-cb090b05f4a5"}}