{"display":{"head":{},"firstperson_righthand":{},"thirdperson_lefthand":{},"firstperson_lefthand":{},"fixed":{},"ground":{},"thirdperson_righthand":{},"gui":{"rotation":[-150.0,-45.0,180.0]}},"elements":[{"from":[9.0,11.0,-5.0],"to":[11.5,13.5,-4.0],"faces":{"east":{"uv":[11.5,6.75,12.0,8.0],"texture":"#0","tintindex":0},"south":{"uv":[13.75,6.75,15.0,8.0],"texture":"#0","tintindex":0},"north":{"uv":[12.0,6.75,13.25,8.0],"texture":"#0","tintindex":0},"west":{"uv":[13.25,6.75,13.75,8.0],"texture":"#0","tintindex":0},"up":{"uv":[13.25,6.75,12.0,6.25],"texture":"#0","tintindex":0},"down":{"uv":[14.5,6.25,13.25,6.75],"texture":"#0","tintindex":0}}}],"textures":{"particle":"#0","0":"modelengine:4ce005c4-8557-4c4e-aa2f-cb090b05f4a5"}}