{"display":{"head":{},"firstperson_righthand":{},"thirdperson_lefthand":{},"firstperson_lefthand":{},"fixed":{},"ground":{},"thirdperson_righthand":{},"gui":{"rotation":[-150.0,-45.0,180.0]}},"elements":[{"from":[5.0,8.0,-4.0],"to":[15.0,22.0,31.0],"faces":{"east":{"uv":[-9.75,0.5,-1.0,4.0],"texture":"#0","tintindex":0},"south":{"uv":[10.25,0.5,12.75,4.0],"texture":"#0","tintindex":0},"north":{"uv":[-1.0,0.5,1.5,4.0],"texture":"#0","tintindex":0},"west":{"uv":[1.5,0.5,10.25,4.0],"texture":"#0","tintindex":0},"up":{"uv":[1.5,0.5,-1.0,-8.25],"texture":"#0","tintindex":0},"down":{"uv":[4.0,-8.25,1.5,0.5],"texture":"#0","tintindex":0}}}],"textures":{"particle":"#0","0":"modelengine:4ce005c4-8557-4c4e-aa2f-cb090b05f4a5"}}