{"display":{"head":{},"firstperson_righthand":{},"thirdperson_lefthand":{},"firstperson_lefthand":{},"fixed":{},"ground":{},"thirdperson_righthand":{},"gui":{"rotation":[-150.0,-45.0,180.0]}},"elements":[{"from":[7.0,10.0,6.0],"to":[9.0,13.0,8.0],"faces":{"east":{"uv":[0.0,13.0,0.5,13.75],"texture":"#0","tintindex":0},"south":{"uv":[1.5,13.0,2.0,13.75],"texture":"#0","tintindex":0},"north":{"uv":[0.5,13.0,1.0,13.75],"texture":"#0","tintindex":0},"west":{"uv":[1.0,13.0,1.5,13.75],"texture":"#0","tintindex":0},"up":{"uv":[1.0,13.0,0.5,12.5],"texture":"#0","tintindex":0},"down":{"uv":[1.5,12.5,1.0,13.0],"texture":"#0","tintindex":0}}},{"from":[7.0,9.0,5.0],"to":[10.0,10.0,8.0],"faces":{"east":{"uv":[7.5,7.0,8.25,7.25],"texture":"#0","tintindex":0},"south":{"uv":[9.75,7.0,10.5,7.25],"texture":"#0","tintindex":0},"north":{"uv":[8.25,7.0,9.0,7.25],"texture":"#0","tintindex":0},"west":{"uv":[9.0,7.0,9.75,7.25],"texture":"#0","tintindex":0},"up":{"uv":[9.0,7.0,8.25,6.25],"texture":"#0","tintindex":0},"down":{"uv":[9.75,6.25,9.0,7.0],"texture":"#0","tintindex":0}}}],"textures":{"particle":"#0","0":"modelengine:4ce005c4-8557-4c4e-aa2f-cb090b05f4a5"}}