{"textures":{"0":"modelengine:entity/texture","particle":"#0"},"elements":[{"from":[7.0,7.0,4.0],"to":[17.0,16.0,10.0],"faces":{"east":{"uv":[0.0,1.5,1.5,3.75],"tintindex":0,"rotation":0,"texture":"#0"},"south":{"uv":[5.5,1.5,8.0,3.75],"tintindex":0,"rotation":0,"texture":"#0"},"north":{"uv":[1.5,1.5,4.0,3.75],"tintindex":0,"rotation":0,"texture":"#0"},"west":{"uv":[4.0,1.5,5.5,3.75],"tintindex":0,"rotation":0,"texture":"#0"},"up":{"uv":[4.0,1.5,1.5,0.0],"tintindex":0,"rotation":0,"texture":"#0"},"down":{"uv":[6.5,0.0,4.0,1.5],"tintindex":0,"rotation":0,"texture":"#0"}}}],"display":{"head":{"rotation":[0.0,0.0,0.0]},"firstperson_righthand":{"rotation":[0.0,0.0,0.0]},"thirdperson_lefthand":{"rotation":[0.0,-0.0,-0.0]},"firstperson_lefthand":{"rotation":[0.0,-0.0,-0.0]},"fixed":{"rotation":[0.0,0.0,0.0]},"ground":{"rotation":[0.0,0.0,0.0]},"thirdperson_righthand":{"rotation":[0.0,0.0,0.0]},"gui":{"rotation":[-150.0,-45.0,180.0]}}}