{"textures":{"0":"modelengine:entity/texture","particle":"#0"},"elements":[{"from":[8.0,8.0,3.0],"to":[10.0,10.0,11.0],"faces":{"east":{"uv":[5.0,12.0,7.0,12.5],"tintindex":0,"rotation":0,"texture":"#0"},"south":{"uv":[9.5,12.0,10.0,12.5],"tintindex":0,"rotation":0,"texture":"#0"},"north":{"uv":[7.0,12.0,7.5,12.5],"tintindex":0,"rotation":0,"texture":"#0"},"west":{"uv":[7.5,12.0,9.5,12.5],"tintindex":0,"rotation":0,"texture":"#0"},"up":{"uv":[7.5,12.0,7.0,10.0],"tintindex":0,"rotation":0,"texture":"#0"},"down":{"uv":[8.0,10.0,7.5,12.0],"tintindex":0,"rotation":0,"texture":"#0"}}}],"display":{"head":{"rotation":[0.0,-20.0,0.0]},"firstperson_righthand":{"rotation":[0.0,-20.0,0.0]},"thirdperson_lefthand":{"rotation":[0.0,20.0,-0.0]},"firstperson_lefthand":{"rotation":[0.0,20.0,-0.0]},"fixed":{"rotation":[0.0,-20.0,0.0]},"ground":{"rotation":[0.0,-20.0,0.0]},"thirdperson_righthand":{"rotation":[0.0,-20.0,0.0]},"gui":{"rotation":[-150.0,-25.0,180.0]}}}