{"display":{"head":{},"firstperson_righthand":{},"thirdperson_lefthand":{},"firstperson_lefthand":{},"fixed":{},"ground":{},"thirdperson_righthand":{},"gui":{"rotation":[-150.0,-45.0,180.0]}},"elements":[{"from":[7.0,10.0,7.0],"to":[9.0,13.0,9.0],"faces":{"east":{"uv":[6.0,13.0,6.5,13.75],"texture":"#0","tintindex":0},"south":{"uv":[7.5,13.0,8.0,13.75],"texture":"#0","tintindex":0},"north":{"uv":[6.5,13.0,7.0,13.75],"texture":"#0","tintindex":0},"west":{"uv":[7.0,13.0,7.5,13.75],"texture":"#0","tintindex":0},"up":{"uv":[7.0,13.0,6.5,12.5],"texture":"#0","tintindex":0},"down":{"uv":[7.5,12.5,7.0,13.0],"texture":"#0","tintindex":0}}},{"from":[7.0,9.0,6.0],"to":[10.0,10.0,9.0],"faces":{"east":{"uv":[10.0,12.25,10.75,12.5],"texture":"#0","tintindex":0},"south":{"uv":[12.25,12.25,13.0,12.5],"texture":"#0","tintindex":0},"north":{"uv":[10.75,12.25,11.5,12.5],"texture":"#0","tintindex":0},"west":{"uv":[11.5,12.25,12.25,12.5],"texture":"#0","tintindex":0},"up":{"uv":[11.5,12.25,10.75,11.5],"texture":"#0","tintindex":0},"down":{"uv":[12.25,11.5,11.5,12.25],"texture":"#0","tintindex":0}}}],"textures":{"particle":"#0","0":"modelengine:4ce005c4-8557-4c4e-aa2f-cb090b05f4a5"}}