{"textures":{"0":"modelengine:entity/skelen","particle":"#0"},"elements":[{"from":[8.103242,7.75,8.368052],"to":[8.353242,8.25,8.618052],"faces":{"east":{"uv":[10.5,4.75,10.5625,4.875],"tintindex":0,"rotation":0,"texture":"#0"},"south":{"uv":[5.0,10.5,5.0625,10.625],"tintindex":0,"rotation":0,"texture":"#0"},"north":{"uv":[4.75,10.5,4.8125,10.625],"tintindex":0,"rotation":0,"texture":"#0"},"west":{"uv":[10.5,5.0,10.5625,5.125],"tintindex":0,"rotation":0,"texture":"#0"},"up":{"uv":[9.8125,10.5625,9.75,10.5],"tintindex":0,"rotation":0,"texture":"#0"},"down":{"uv":[10.5625,9.75,10.5,9.8125],"tintindex":0,"rotation":0,"texture":"#0"}}}],"display":{"head":{"rotation":[0.0,-18.5,0.0]},"firstperson_righthand":{"rotation":[0.0,-18.5,0.0]},"thirdperson_lefthand":{"rotation":[0.0,18.5,-0.0]},"firstperson_lefthand":{"rotation":[0.0,18.5,-0.0]},"fixed":{"rotation":[0.0,-18.5,0.0]},"ground":{"rotation":[0.0,-18.5,0.0]},"thirdperson_righthand":{"rotation":[0.0,-18.5,0.0]},"gui":{"rotation":[-150.0,-26.5,180.0]}}}