{"textures":{"0":"modelengine:entity/hv_zalthor","particle":"#0"},"elements":[{"from":[4.7,-0.15000057,4.7],"to":[11.299999,11.15,11.3],"faces":{"east":{"uv":[1.0833334,12.166667,1.6666667,13.083334],"tintindex":0,"rotation":0,"texture":"#0"},"south":{"uv":[3.4166667,12.166667,4.0,13.083334],"tintindex":0,"rotation":0,"texture":"#0"},"north":{"uv":[8.25,12.083334,8.833334,13.0],"tintindex":0,"rotation":0,"texture":"#0"},"west":{"uv":[12.166667,11.5,12.75,12.416667],"tintindex":0,"rotation":0,"texture":"#0"},"up":{"uv":[5.25,13.583334,4.666667,13.0],"tintindex":0,"rotation":0,"texture":"#0"},"down":{"uv":[5.8333335,13.0,5.25,13.583334],"tintindex":0,"rotation":0,"texture":"#0"}}}],"display":{"head":{"rotation":[0.0,0.0,0.0]},"firstperson_righthand":{"rotation":[0.0,0.0,0.0]},"thirdperson_lefthand":{"rotation":[0.0,-0.0,-0.0]},"firstperson_lefthand":{"rotation":[0.0,-0.0,-0.0]},"fixed":{"rotation":[0.0,0.0,0.0]},"ground":{"rotation":[0.0,0.0,0.0]},"thirdperson_righthand":{"rotation":[0.0,0.0,0.0]},"gui":{"rotation":[-150.0,-45.0,180.0]}}}