{"display":{"head":{},"firstperson_righthand":{},"thirdperson_lefthand":{},"firstperson_lefthand":{},"fixed":{},"ground":{},"thirdperson_righthand":{},"gui":{"rotation":[-150.0,-45.0,180.0]}},"elements":[{"from":[3.8500004,2.9499998,8.0],"to":[6.8500004,8.950001,8.0],"faces":{"south":{"uv":[9.7575,8.2575,10.1175,8.9925],"texture":"#0","tintindex":0},"north":{"uv":[9.7575,7.5075,10.1175,8.2425],"texture":"#0","tintindex":0}}},{"from":[6.996,0.996,6.996],"to":[9.004,8.004,9.004],"faces":{"east":{"uv":[10.5075,4.1325,10.7425,4.9925],"texture":"#0","tintindex":0},"south":{"uv":[10.5075,6.5075,10.7425,7.3675],"texture":"#0","tintindex":0},"north":{"uv":[7.8825,10.0075,8.1175,10.8675],"texture":"#0","tintindex":0},"west":{"uv":[7.3825,10.5075,7.6175,11.3675],"texture":"#0","tintindex":0},"up":{"uv":[5.4925,4.6175,5.2575,4.3825],"texture":"#0","tintindex":0},"down":{"uv":[6.4925,3.7575,6.2575,3.9925],"texture":"#0","tintindex":0}}},{"from":[5.8,0.49999982,5.8],"to":[10.2,7.9000006,10.2],"faces":{"east":{"uv":[9.0075,4.8825,9.4925,5.7425],"texture":"#0","tintindex":0},"south":{"uv":[9.0075,5.7575,9.4925,6.6175],"texture":"#0","tintindex":0},"north":{"uv":[9.0075,4.0075,9.4925,4.8675],"texture":"#0","tintindex":0},"west":{"uv":[8.7575,9.0075,9.2425,9.8675],"texture":"#0","tintindex":0},"up":{"uv":[3.9925,10.6175,3.5075,10.1325],"texture":"#0","tintindex":0},"down":{"uv":[10.6175,5.1325,10.1325,5.6175],"texture":"#0","tintindex":0}}},{"from":[10.2,7.9000006,10.2],"to":[5.8,0.49999982,5.8],"faces":{"east":{"uv":[8.7575,9.8675,9.2425,9.0075],"texture":"#0","tintindex":0},"south":{"uv":[9.0075,4.8675,9.4925,4.0075],"texture":"#0","tintindex":0},"north":{"uv":[9.0075,6.6175,9.4925,5.7575],"texture":"#0","tintindex":0},"west":{"uv":[9.0075,5.7425,9.4925,4.8825],"texture":"#0","tintindex":0},"up":{"uv":[10.1325,5.1325,10.6175,5.6175],"texture":"#0","tintindex":0},"down":{"uv":[3.5075,10.6175,3.9925,10.1325],"texture":"#0","tintindex":0}}}],"textures":{"particle":"#0","0":"modelengine:31fc4faa-824f-4f28-a6ee-bc3b423947e5"}}