{"display":{"head":{},"firstperson_righthand":{},"thirdperson_lefthand":{},"firstperson_lefthand":{},"fixed":{},"ground":{},"thirdperson_righthand":{},"gui":{"rotation":[-150.0,-45.0,180.0]}},"elements":[{"from":[8.0,8.049999,5.0],"to":[9.0,12.049999,11.0],"faces":{"east":{"uv":[9.2575,2.6325,9.9925,3.1175],"texture":"#0","tintindex":0},"south":{"uv":[6.5075,10.8825,6.6175,11.3675],"texture":"#0","tintindex":0},"north":{"uv":[0.5075,10.0075,0.6175,10.4925],"texture":"#0","tintindex":0},"west":{"uv":[9.2575,3.1325,9.9925,3.6175],"texture":"#0","tintindex":0},"up":{"uv":[6.1175,11.6175,6.0075,10.8825],"texture":"#0","tintindex":0},"down":{"uv":[6.2425,10.8825,6.1325,11.6175],"texture":"#0","tintindex":0}}},{"from":[3.0,7.049999,5.0],"to":[9.0,8.049999,11.0],"faces":{"east":{"uv":[10.8825,1.7575,11.6175,1.8675],"texture":"#0","tintindex":0},"south":{"uv":[10.8825,7.3825,11.6175,7.4925],"texture":"#0","tintindex":0},"north":{"uv":[10.7575,7.2575,11.4925,7.3675],"texture":"#0","tintindex":0},"west":{"uv":[10.8825,7.5075,11.6175,7.6175],"texture":"#0","tintindex":0},"up":{"uv":[7.9925,1.4925,7.2575,0.7575],"texture":"#0","tintindex":0},"down":{"uv":[7.2575,6.7575,7.9925,7.4925],"texture":"#0","tintindex":0}}},{"from":[4.0,8.049999,6.0],"to":[8.0,11.049999,10.0],"faces":{"east":{"uv":[10.7575,6.0075,11.2425,6.3675],"texture":"#0","tintindex":0},"south":{"uv":[10.7575,6.3825,11.2425,6.7425],"texture":"#0","tintindex":0},"north":{"uv":[4.7575,10.7575,5.2425,11.1175],"texture":"#0","tintindex":0},"west":{"uv":[6.6325,10.7575,7.1175,11.1175],"texture":"#0","tintindex":0},"up":{"uv":[10.6175,6.1175,10.1325,5.6325],"texture":"#0","tintindex":0},"down":{"uv":[10.6175,7.5075,10.1325,7.9925],"texture":"#0","tintindex":0}}},{"from":[4.75,1.7999992,5.75],"to":[9.25,7.299999,10.25],"faces":{"east":{"uv":[4.5075,9.6325,4.9925,10.2425],"texture":"#0","tintindex":0},"south":{"uv":[6.6325,9.6325,7.1175,10.2425],"texture":"#0","tintindex":0},"north":{"uv":[4.0075,9.6325,4.4925,10.2425],"texture":"#0","tintindex":0},"west":{"uv":[2.0075,9.7575,2.4925,10.3675],"texture":"#0","tintindex":0},"up":{"uv":[9.7425,10.4925,9.2575,10.0075],"texture":"#0","tintindex":0},"down":{"uv":[10.6175,0.3825,10.1325,0.8675],"texture":"#0","tintindex":0}}},{"from":[6.0,2.0,7.0],"to":[8.0,9.0,9.0],"faces":{"east":{"uv":[9.2575,10.5075,9.4925,11.3675],"texture":"#0","tintindex":0},"south":{"uv":[9.5075,10.5075,9.7425,11.3675],"texture":"#0","tintindex":0},"north":{"uv":[7.6325,10.5075,7.8675,11.3675],"texture":"#0","tintindex":0},"west":{"uv":[9.7575,10.5075,9.9925,11.3675],"texture":"#0","tintindex":0},"up":{"uv":[9.2425,7.2425,9.0075,7.0075],"texture":"#0","tintindex":0},"down":{"uv":[10.4925,3.3825,10.2575,3.6175],"texture":"#0","tintindex":0}}},{"from":[9.25,7.299999,10.25],"to":[4.75,1.7999992,5.75],"faces":{"east":{"uv":[2.0075,10.3675,2.4925,9.7575],"texture":"#0","tintindex":0},"south":{"uv":[4.0075,10.2425,4.4925,9.6325],"texture":"#0","tintindex":0},"north":{"uv":[6.6325,10.2425,7.1175,9.6325],"texture":"#0","tintindex":0},"west":{"uv":[4.5075,10.2425,4.9925,9.6325],"texture":"#0","tintindex":0},"up":{"uv":[10.1325,0.3825,10.6175,0.8675],"texture":"#0","tintindex":0},"down":{"uv":[9.2575,10.4925,9.7425,10.0075],"texture":"#0","tintindex":0}}}],"textures":{"particle":"#0","0":"modelengine:31fc4faa-824f-4f28-a6ee-bc3b423947e5"}}