{"display":{"head":{},"firstperson_righthand":{},"thirdperson_lefthand":{},"firstperson_lefthand":{},"fixed":{},"ground":{},"thirdperson_righthand":{},"gui":{"rotation":[-150.0,-45.0,180.0]}},"elements":[{"from":[6.0,0.0,7.0],"to":[10.0,8.0,11.0],"faces":{"east":{"uv":[8.2575,2.5075,8.7425,3.4925],"texture":"#0","tintindex":0},"south":{"uv":[6.0075,8.2575,6.4925,9.2425],"texture":"#0","tintindex":0},"north":{"uv":[8.2575,1.5075,8.7425,2.4925],"texture":"#0","tintindex":0},"west":{"uv":[6.5075,8.2575,6.9925,9.2425],"texture":"#0","tintindex":0},"up":{"uv":[10.6175,10.4925,10.1325,10.0075],"texture":"#0","tintindex":0},"down":{"uv":[10.7425,0.8825,10.2575,1.3675],"texture":"#0","tintindex":0}}},{"from":[10.2,9.2,11.2],"to":[5.8,-0.2,6.8],"faces":{"east":{"uv":[7.7575,1.5075,8.2425,2.6175],"texture":"#0","tintindex":0},"south":{"uv":[7.7575,2.6325,8.2425,3.7425],"texture":"#0","tintindex":0},"north":{"uv":[5.0075,7.6325,5.4925,8.7425],"texture":"#0","tintindex":0},"west":{"uv":[7.7575,7.5075,8.2425,8.6175],"texture":"#0","tintindex":0},"up":{"uv":[10.7425,3.3675,10.2575,2.8825],"texture":"#0","tintindex":0},"down":{"uv":[4.4925,10.2575,4.0075,10.7425],"texture":"#0","tintindex":0}}},{"from":[6.997,-0.003,7.997],"to":[9.003,8.003,10.003],"faces":{"east":{"uv":[3.0075,9.8825,3.2425,10.8675],"texture":"#0","tintindex":0},"south":{"uv":[3.2575,9.8825,3.4925,10.8675],"texture":"#0","tintindex":0},"north":{"uv":[7.5075,1.5075,7.7425,2.4925],"texture":"#0","tintindex":0},"west":{"uv":[8.2575,9.8825,8.4925,10.8675],"texture":"#0","tintindex":0},"up":{"uv":[4.9925,6.8675,4.7575,6.6325],"texture":"#0","tintindex":0},"down":{"uv":[7.2425,6.3825,7.0075,6.6175],"texture":"#0","tintindex":0}}},{"from":[6.995,5.995,6.495],"to":[9.005,9.005,8.505],"rotation":{"origin":[8.0,8.0,7.5],"axis":"x","angle":-22.5},"faces":{"east":{"uv":[10.8825,8.1325,11.1175,8.4925],"texture":"#0","tintindex":0},"south":{"uv":[8.2575,10.8825,8.4925,11.2425],"texture":"#0","tintindex":0},"north":{"uv":[7.8825,10.8825,8.1175,11.2425],"texture":"#0","tintindex":0},"west":{"uv":[8.5075,10.8825,8.7425,11.2425],"texture":"#0","tintindex":0},"up":{"uv":[11.2425,3.1175,11.0075,2.8825],"texture":"#0","tintindex":0},"down":{"uv":[11.2425,3.1325,11.0075,3.3675],"texture":"#0","tintindex":0}}},{"from":[10.0,8.0,11.0],"to":[6.0,0.0,7.0],"faces":{"east":{"uv":[3.7575,8.5075,4.2425,9.4925],"texture":"#0","tintindex":0},"south":{"uv":[8.5075,6.2575,8.9925,7.2425],"texture":"#0","tintindex":0},"north":{"uv":[0.5075,8.5075,0.9925,9.4925],"texture":"#0","tintindex":0},"west":{"uv":[7.0075,8.6325,7.4925,9.6175],"texture":"#0","tintindex":0},"up":{"uv":[10.8675,1.8675,10.3825,1.3825],"texture":"#0","tintindex":0},"down":{"uv":[2.3675,10.3825,1.8825,10.8675],"texture":"#0","tintindex":0}}},{"from":[5.8,-0.2,6.8],"to":[10.2,9.2,11.2],"faces":{"east":{"uv":[0.5075,7.3825,0.9925,8.4925],"texture":"#0","tintindex":0},"south":{"uv":[4.0075,7.3825,4.4925,8.4925],"texture":"#0","tintindex":0},"north":{"uv":[0.0075,7.3825,0.4925,8.4925],"texture":"#0","tintindex":0},"west":{"uv":[7.5075,4.7575,7.9925,5.8675],"texture":"#0","tintindex":0},"up":{"uv":[10.6175,9.4925,10.1325,9.0075],"texture":"#0","tintindex":0},"down":{"uv":[10.6175,9.5075,10.1325,9.9925],"texture":"#0","tintindex":0}}}],"textures":{"particle":"#0","0":"modelengine:31fc4faa-824f-4f28-a6ee-bc3b423947e5"}}