{"display":{"head":{},"firstperson_righthand":{},"thirdperson_lefthand":{},"firstperson_lefthand":{},"fixed":{},"ground":{},"thirdperson_righthand":{},"gui":{"rotation":[-150.0,-45.0,180.0]}},"elements":[{"from":[7.0,0.0,7.0],"to":[9.0,9.0,9.0],"faces":{"east":{"uv":[5.8825,9.7575,6.1175,10.8675],"texture":"#0","tintindex":0},"south":{"uv":[6.1325,9.7575,6.3675,10.8675],"texture":"#0","tintindex":0},"north":{"uv":[5.5075,9.7575,5.7425,10.8675],"texture":"#0","tintindex":0},"west":{"uv":[6.3825,9.7575,6.6175,10.8675],"texture":"#0","tintindex":0},"up":{"uv":[7.9925,0.7425,7.7575,0.5075],"texture":"#0","tintindex":0},"down":{"uv":[8.2425,7.2575,8.0075,7.4925],"texture":"#0","tintindex":0}}},{"from":[6.8,-0.2,6.8],"to":[9.2,8.2,9.2],"faces":{"east":{"uv":[2.5075,10.0075,2.7425,10.9925],"texture":"#0","tintindex":0},"south":{"uv":[10.0075,2.6325,10.2425,3.6175],"texture":"#0","tintindex":0},"north":{"uv":[1.6325,10.0075,1.8675,10.9925],"texture":"#0","tintindex":0},"west":{"uv":[2.7575,10.0075,2.9925,10.9925],"texture":"#0","tintindex":0},"up":{"uv":[0.4925,11.2425,0.2575,11.0075],"texture":"#0","tintindex":0},"down":{"uv":[1.1175,11.0075,0.8825,11.2425],"texture":"#0","tintindex":0}}}],"textures":{"particle":"#0","0":"modelengine:31fc4faa-824f-4f28-a6ee-bc3b423947e5"}}