{"display":{"head":{},"firstperson_righthand":{},"thirdperson_lefthand":{},"firstperson_lefthand":{},"fixed":{},"ground":{},"thirdperson_righthand":{},"gui":{"rotation":[-150.0,-45.0,180.0]}},"elements":[{"from":[6.995,5.995,6.495],"to":[9.005,9.005,8.505],"rotation":{"origin":[8.0,8.0,7.5],"axis":"x","angle":-22.5},"faces":{"east":{"uv":[3.5075,9.0075,3.7425,9.3675],"texture":"#0","tintindex":0},"south":{"uv":[9.2575,3.6325,9.4925,3.9925],"texture":"#0","tintindex":0},"north":{"uv":[3.0075,8.3825,3.2425,8.7425],"texture":"#0","tintindex":0},"west":{"uv":[6.6325,9.2575,6.8675,9.6175],"texture":"#0","tintindex":0},"up":{"uv":[2.8675,11.2425,2.6325,11.0075],"texture":"#0","tintindex":0},"down":{"uv":[11.2425,2.6325,11.0075,2.8675],"texture":"#0","tintindex":0}}},{"from":[5.8,-0.2,6.8],"to":[10.2,9.2,11.2],"faces":{"east":{"uv":[6.7575,7.1325,7.2425,8.2425],"texture":"#0","tintindex":0},"south":{"uv":[7.2575,2.5075,7.7425,3.6175],"texture":"#0","tintindex":0},"north":{"uv":[6.2575,7.1325,6.7425,8.2425],"texture":"#0","tintindex":0},"west":{"uv":[2.7575,7.2575,3.2425,8.3675],"texture":"#0","tintindex":0},"up":{"uv":[10.4925,4.1175,10.0075,3.6325],"texture":"#0","tintindex":0},"down":{"uv":[10.4925,4.1325,10.0075,4.6175],"texture":"#0","tintindex":0}}},{"from":[10.0,8.0,11.0],"to":[6.0,0.0,7.0],"faces":{"east":{"uv":[8.2575,8.2575,8.7425,9.2425],"texture":"#0","tintindex":0},"south":{"uv":[2.5075,8.3825,2.9925,9.3675],"texture":"#0","tintindex":0},"north":{"uv":[8.2575,7.2575,8.7425,8.2425],"texture":"#0","tintindex":0},"west":{"uv":[0.0075,8.5075,0.4925,9.4925],"texture":"#0","tintindex":0},"up":{"uv":[4.9925,10.7425,4.5075,10.2575],"texture":"#0","tintindex":0},"down":{"uv":[7.1175,10.2575,6.6325,10.7425],"texture":"#0","tintindex":0}}},{"from":[6.0,0.0,7.0],"to":[10.0,8.0,11.0],"faces":{"east":{"uv":[5.5075,7.8825,5.9925,8.8675],"texture":"#0","tintindex":0},"south":{"uv":[3.2575,8.0075,3.7425,8.9925],"texture":"#0","tintindex":0},"north":{"uv":[2.0075,7.8825,2.4925,8.8675],"texture":"#0","tintindex":0},"west":{"uv":[8.0075,6.2575,8.4925,7.2425],"texture":"#0","tintindex":0},"up":{"uv":[10.6175,8.4925,10.1325,8.0075],"texture":"#0","tintindex":0},"down":{"uv":[10.6175,8.5075,10.1325,8.9925],"texture":"#0","tintindex":0}}},{"from":[6.997,-0.003,7.997],"to":[9.003,8.003,10.003],"faces":{"east":{"uv":[8.7575,9.8825,8.9925,10.8675],"texture":"#0","tintindex":0},"south":{"uv":[9.0075,9.8825,9.2425,10.8675],"texture":"#0","tintindex":0},"north":{"uv":[8.5075,9.8825,8.7425,10.8675],"texture":"#0","tintindex":0},"west":{"uv":[0.0075,10.0075,0.2425,10.9925],"texture":"#0","tintindex":0},"up":{"uv":[4.4925,8.7425,4.2575,8.5075],"texture":"#0","tintindex":0},"down":{"uv":[3.2425,8.7575,3.0075,8.9925],"texture":"#0","tintindex":0}}},{"from":[10.2,9.2,11.2],"to":[5.8,-0.2,6.8],"faces":{"east":{"uv":[1.0075,7.6325,1.4925,8.7425],"texture":"#0","tintindex":0},"south":{"uv":[1.5075,7.6325,1.9925,8.7425],"texture":"#0","tintindex":0},"north":{"uv":[7.2575,7.5075,7.7425,8.6175],"texture":"#0","tintindex":0},"west":{"uv":[4.5075,7.6325,4.9925,8.7425],"texture":"#0","tintindex":0},"up":{"uv":[10.7425,2.3675,10.2575,1.8825],"texture":"#0","tintindex":0},"down":{"uv":[10.7425,2.3825,10.2575,2.8675],"texture":"#0","tintindex":0}}}],"textures":{"particle":"#0","0":"modelengine:31fc4faa-824f-4f28-a6ee-bc3b423947e5"}}