{"display":{"head":{},"firstperson_righthand":{},"thirdperson_lefthand":{},"firstperson_lefthand":{},"fixed":{},"ground":{},"thirdperson_righthand":{},"gui":{"rotation":[-150.0,-45.0,180.0]}},"elements":[{"from":[7.0,1.0,7.0],"to":[9.0,9.0,9.0],"faces":{"east":{"uv":[2.875,7.0,3.125,8.0],"texture":"#0","tintindex":0},"south":{"uv":[3.125,7.0,3.375,8.0],"texture":"#0","tintindex":0},"north":{"uv":[5.75,6.875,6.0,7.875],"texture":"#0","tintindex":0},"west":{"uv":[3.375,7.0,3.625,8.0],"texture":"#0","tintindex":0},"up":{"uv":[1.5,8.875,1.25,8.625],"texture":"#0","tintindex":0},"down":{"uv":[8.875,2.875,8.625,3.125],"texture":"#0","tintindex":0}}},{"from":[6.8,0.8,6.8],"to":[9.2,8.2,9.2],"faces":{"east":{"uv":[7.875,0.0,8.125,0.875],"texture":"#0","tintindex":0},"south":{"uv":[7.875,0.875,8.125,1.75],"texture":"#0","tintindex":0},"north":{"uv":[7.75,7.5,8.0,8.375],"texture":"#0","tintindex":0},"west":{"uv":[7.875,1.75,8.125,2.625],"texture":"#0","tintindex":0},"up":{"uv":[8.5,8.875,8.25,8.625],"texture":"#0","tintindex":0},"down":{"uv":[8.75,8.625,8.5,8.875],"texture":"#0","tintindex":0}}}],"textures":{"particle":"#0","0":"modelengine:c225254b-95c1-4d4a-9bd9-dafb3328269c"}}