{"display":{"head":{},"firstperson_righthand":{},"thirdperson_lefthand":{},"firstperson_lefthand":{},"fixed":{},"ground":{},"thirdperson_righthand":{},"gui":{"rotation":[-150.0,-45.0,180.0]}},"elements":[{"from":[6.8,0.8,7.8],"to":[9.2,8.2,10.2],"faces":{"east":{"uv":[2.75,8.0,3.0,8.875],"texture":"#0","tintindex":0},"south":{"uv":[3.0,8.0,3.25,8.875],"texture":"#0","tintindex":0},"north":{"uv":[1.75,8.0,2.0,8.875],"texture":"#0","tintindex":0},"west":{"uv":[3.25,8.0,3.5,8.875],"texture":"#0","tintindex":0},"up":{"uv":[9.0,2.75,8.75,2.5],"texture":"#0","tintindex":0},"down":{"uv":[9.0,3.375,8.75,3.625],"texture":"#0","tintindex":0}}},{"from":[6.997,0.997,7.997],"to":[9.003,8.003,10.003],"faces":{"east":{"uv":[4.875,7.25,5.125,8.125],"texture":"#0","tintindex":0},"south":{"uv":[5.125,7.25,5.375,8.125],"texture":"#0","tintindex":0},"north":{"uv":[4.625,7.25,4.875,8.125],"texture":"#0","tintindex":0},"west":{"uv":[5.375,7.25,5.625,8.125],"texture":"#0","tintindex":0},"up":{"uv":[0.5,8.875,0.25,8.625],"texture":"#0","tintindex":0},"down":{"uv":[1.25,8.625,1.0,8.875],"texture":"#0","tintindex":0}}}],"textures":{"particle":"#0","0":"modelengine:c225254b-95c1-4d4a-9bd9-dafb3328269c"}}