{"display":{"head":{},"firstperson_righthand":{},"thirdperson_lefthand":{},"firstperson_lefthand":{},"fixed":{},"ground":{},"thirdperson_righthand":{},"gui":{"rotation":[-150.0,-45.0,180.0]}},"elements":[{"from":[7.7,7.7,2.4499998],"to":[8.3,8.3,5.05],"faces":{"east":{"uv":[8.125,8.5,8.75,8.625],"texture":"#0","tintindex":0},"south":{"uv":[6.125,8.5,6.25,8.625],"texture":"#0","tintindex":0},"north":{"uv":[8.125,8.375,8.25,8.5],"texture":"#0","tintindex":0},"west":{"uv":[8.625,2.75,9.25,2.875],"texture":"#0","tintindex":0},"up":{"uv":[2.875,8.0,2.75,7.375],"texture":"#0","tintindex":0},"down":{"uv":[6.125,8.375,6.0,9.0],"texture":"#0","tintindex":0}}},{"from":[7.8765,7.587286,-5.4985],"to":[8.1235,8.584286,-3.7943935],"rotation":{"origin":[8.0,7.7928934,-4.0],"axis":"x","angle":45.0},"faces":{"east":{"uv":[8.375,2.25,8.75,2.5],"texture":"#0","tintindex":0},"south":{"uv":[7.625,6.75,7.75,7.0],"texture":"#0","tintindex":0},"north":{"uv":[7.375,4.375,7.5,4.625],"texture":"#0","tintindex":0},"west":{"uv":[8.375,2.5,8.75,2.75],"texture":"#0","tintindex":0},"up":{"uv":[6.375,7.875,6.25,7.5],"texture":"#0","tintindex":0},"down":{"uv":[7.5,7.5,7.375,7.875],"texture":"#0","tintindex":0}}},{"from":[7.701,7.752472,17.751],"to":[8.299,8.174736,18.173264],"rotation":{"origin":[8.0,7.875736,18.05],"axis":"x","angle":45.0},"faces":{"east":{"uv":[8.0,4.375,8.125,4.5],"texture":"#0","tintindex":0},"south":{"uv":[8.0,4.5,8.125,4.625],"texture":"#0","tintindex":0},"north":{"uv":[7.375,7.875,7.5,8.0],"texture":"#0","tintindex":0},"west":{"uv":[8.0,4.625,8.125,4.75],"texture":"#0","tintindex":0},"up":{"uv":[6.25,8.5,6.125,8.375],"texture":"#0","tintindex":0},"down":{"uv":[7.375,8.375,7.25,8.5],"texture":"#0","tintindex":0}}},{"from":[7.875,7.5,-4.0],"to":[8.125,8.5,2.5],"faces":{"east":{"uv":[6.5,5.0,8.125,5.25],"texture":"#0","tintindex":0},"south":{"uv":[3.875,7.0,4.0,7.25],"texture":"#0","tintindex":0},"north":{"uv":[6.375,6.75,6.5,7.0],"texture":"#0","tintindex":0},"west":{"uv":[6.5,5.25,8.125,5.5],"texture":"#0","tintindex":0},"up":{"uv":[6.0,9.5,5.875,7.875],"texture":"#0","tintindex":0},"down":{"uv":[3.875,8.0,3.75,9.625],"texture":"#0","tintindex":0}}},{"from":[7.7,7.7,15.45],"to":[8.3,8.3,18.05],"faces":{"east":{"uv":[8.375,5.0,9.0,5.125],"texture":"#0","tintindex":0},"south":{"uv":[6.25,7.875,6.375,8.0],"texture":"#0","tintindex":0},"north":{"uv":[1.875,7.875,2.0,8.0],"texture":"#0","tintindex":0},"west":{"uv":[5.0,8.5,5.625,8.625],"texture":"#0","tintindex":0},"up":{"uv":[2.875,6.875,2.75,6.25],"texture":"#0","tintindex":0},"down":{"uv":[5.75,7.25,5.625,7.875],"texture":"#0","tintindex":0}}},{"from":[7.75,7.75,5.0],"to":[8.25,8.25,17.5],"faces":{"east":{"uv":[6.5,5.5,9.625,5.625],"texture":"#0","tintindex":0},"south":{"uv":[7.625,7.0,7.75,7.125],"texture":"#0","tintindex":0},"north":{"uv":[6.875,7.0,7.0,7.125],"texture":"#0","tintindex":0},"west":{"uv":[6.5,5.625,9.625,5.75],"texture":"#0","tintindex":0},"up":{"uv":[2.125,9.375,2.0,6.25],"texture":"#0","tintindex":0},"down":{"uv":[2.25,6.25,2.125,9.375],"texture":"#0","tintindex":0}}},{"from":[7.877,7.296339,-0.93673325],"to":[8.123,7.7923393,1.059267],"rotation":{"origin":[8.0,7.294339,2.311267],"axis":"x","angle":22.5},"faces":{"east":{"uv":[7.25,6.625,7.75,6.75],"texture":"#0","tintindex":0},"south":{"uv":[6.125,8.625,6.25,8.75],"texture":"#0","tintindex":0},"north":{"uv":[5.5,8.625,5.625,8.75],"texture":"#0","tintindex":0},"west":{"uv":[7.375,2.125,7.875,2.25],"texture":"#0","tintindex":0},"up":{"uv":[7.375,3.125,7.25,2.625],"texture":"#0","tintindex":0},"down":{"uv":[1.625,7.5,1.5,8.0],"texture":"#0","tintindex":0}}},{"from":[7.8785,8.5035,-4.4965],"to":[8.1215,8.9965,-0.5035],"faces":{"east":{"uv":[8.375,1.25,9.375,1.375],"texture":"#0","tintindex":0},"south":{"uv":[8.625,3.375,8.75,3.5],"texture":"#0","tintindex":0},"north":{"uv":[7.25,8.5,7.375,8.625],"texture":"#0","tintindex":0},"west":{"uv":[8.375,1.375,9.375,1.5],"texture":"#0","tintindex":0},"up":{"uv":[6.875,9.0,6.75,8.0],"texture":"#0","tintindex":0},"down":{"uv":[7.75,8.0,7.625,9.0],"texture":"#0","tintindex":0}}}],"textures":{"particle":"#0","0":"modelengine:c225254b-95c1-4d4a-9bd9-dafb3328269c"}}