{"display":{"head":{},"firstperson_righthand":{},"thirdperson_lefthand":{},"firstperson_lefthand":{},"fixed":{},"ground":{},"thirdperson_righthand":{},"gui":{"rotation":[-150.0,-45.0,180.0]}},"elements":[{"from":[7.75,1.7999992,6.75],"to":[10.25,9.299999,9.25],"faces":{"east":{"uv":[8.125,1.75,8.375,2.625],"texture":"#0","tintindex":0},"south":{"uv":[8.125,2.625,8.375,3.5],"texture":"#0","tintindex":0},"north":{"uv":[8.125,0.875,8.375,1.75],"texture":"#0","tintindex":0},"west":{"uv":[8.125,3.5,8.375,4.375],"texture":"#0","tintindex":0},"up":{"uv":[4.875,9.0,4.625,8.75],"texture":"#0","tintindex":0},"down":{"uv":[9.0,4.625,8.75,4.875],"texture":"#0","tintindex":0}}},{"from":[8.0,8.049999,6.0],"to":[11.0,10.049999,10.0],"faces":{"east":{"uv":[1.0,8.375,1.5,8.625],"texture":"#0","tintindex":0},"south":{"uv":[7.75,8.375,8.125,8.625],"texture":"#0","tintindex":0},"north":{"uv":[6.875,8.375,7.25,8.625],"texture":"#0","tintindex":0},"west":{"uv":[8.375,1.0,8.875,1.25],"texture":"#0","tintindex":0},"up":{"uv":[8.625,6.75,8.25,6.25],"texture":"#0","tintindex":0},"down":{"uv":[8.625,6.75,8.25,7.25],"texture":"#0","tintindex":0}}},{"from":[8.0,7.049999,8.0],"to":[14.0,12.049999,8.0],"faces":{"south":{"uv":[6.0075,4.3825,6.7425,4.9925],"texture":"#0","tintindex":0},"north":{"uv":[6.0075,3.7575,6.7425,4.3675],"texture":"#0","tintindex":0}}},{"from":[8.004,7.0915,8.754],"to":[10.996,8.0835,10.746],"rotation":{"origin":[9.5,7.5874996,9.75],"axis":"x","angle":45.0},"faces":{"east":{"uv":[8.875,0.75,9.125,0.875],"texture":"#0","tintindex":0},"south":{"uv":[8.75,8.5,9.125,8.625],"texture":"#0","tintindex":0},"north":{"uv":[8.75,8.375,9.125,8.5],"texture":"#0","tintindex":0},"west":{"uv":[8.875,0.875,9.125,1.0],"texture":"#0","tintindex":0},"up":{"uv":[8.875,2.25,8.5,2.0],"texture":"#0","tintindex":0},"down":{"uv":[5.0,8.5,4.625,8.75],"texture":"#0","tintindex":0}}},{"from":[8.0,2.0,7.0],"to":[10.0,9.0,9.0],"faces":{"east":{"uv":[7.375,2.625,7.625,3.5],"texture":"#0","tintindex":0},"south":{"uv":[7.375,3.5,7.625,4.375],"texture":"#0","tintindex":0},"north":{"uv":[2.5,7.375,2.75,8.25],"texture":"#0","tintindex":0},"west":{"uv":[1.0,7.5,1.25,8.375],"texture":"#0","tintindex":0},"up":{"uv":[8.875,6.5,8.625,6.25],"texture":"#0","tintindex":0},"down":{"uv":[8.875,6.5,8.625,6.75],"texture":"#0","tintindex":0}}},{"from":[8.004,7.0915,5.254],"to":[10.996,8.0835,7.246],"rotation":{"origin":[9.5,7.5874996,6.25],"axis":"x","angle":-45.0},"faces":{"east":{"uv":[8.875,0.5,9.125,0.625],"texture":"#0","tintindex":0},"south":{"uv":[8.75,8.25,9.125,8.375],"texture":"#0","tintindex":0},"north":{"uv":[8.75,8.125,9.125,8.25],"texture":"#0","tintindex":0},"west":{"uv":[8.875,0.625,9.125,0.75],"texture":"#0","tintindex":0},"up":{"uv":[8.875,1.75,8.5,1.5],"texture":"#0","tintindex":0},"down":{"uv":[8.875,1.75,8.5,2.0],"texture":"#0","tintindex":0}}}],"textures":{"particle":"#0","0":"modelengine:c225254b-95c1-4d4a-9bd9-dafb3328269c"}}