{"display":{"head":{},"firstperson_righthand":{},"thirdperson_lefthand":{},"firstperson_lefthand":{},"fixed":{},"ground":{},"thirdperson_righthand":{},"gui":{"rotation":[-150.0,-45.0,180.0]}},"elements":[{"from":[6.8,0.8,7.8],"to":[9.2,8.2,10.2],"faces":{"east":{"uv":[8.0,5.75,8.25,6.625],"texture":"#0","tintindex":0},"south":{"uv":[6.25,8.0,6.5,8.875],"texture":"#0","tintindex":0},"north":{"uv":[3.5,8.0,3.75,8.875],"texture":"#0","tintindex":0},"west":{"uv":[6.5,8.0,6.75,8.875],"texture":"#0","tintindex":0},"up":{"uv":[9.0,3.875,8.75,3.625],"texture":"#0","tintindex":0},"down":{"uv":[9.0,3.875,8.75,4.125],"texture":"#0","tintindex":0}}},{"from":[6.997,0.997,7.997],"to":[9.003,8.003,10.003],"faces":{"east":{"uv":[0.0,7.375,0.25,8.25],"texture":"#0","tintindex":0},"south":{"uv":[7.375,0.0,7.625,0.875],"texture":"#0","tintindex":0},"north":{"uv":[7.25,5.75,7.5,6.625],"texture":"#0","tintindex":0},"west":{"uv":[0.25,7.375,0.5,8.25],"texture":"#0","tintindex":0},"up":{"uv":[8.875,5.375,8.625,5.125],"texture":"#0","tintindex":0},"down":{"uv":[5.5,8.625,5.25,8.875],"texture":"#0","tintindex":0}}}],"textures":{"particle":"#0","0":"modelengine:c225254b-95c1-4d4a-9bd9-dafb3328269c"}}