{"parent":"nocsy_otter_icon","display":{"gui":{"rotation":[-168.17,25.76,177.99],"translation":[0.0,-1.25,0.0],"scale":[1.5,1.5,1.5]},"head":{"translation":[0.0,-1.0,-4.5],"scale":[2.5,2.5,2.5]},"fixed":{"translation":[0.0,-0.25,-1.75],"scale":[2.0,2.0,2.0]}},"elements":[{"from":[5.0,5.89546,6.75],"to":[11.0,11.89546,12.75],"rotation":{"origin":[8.0,-3.20454,15.75],"axis":"y","angle":0.0},"faces":{"north":{"uv":[0.0,0.0,3.0,3.0],"texture":"#2"},"east":{"uv":[0.0,3.5,3.0,6.5],"texture":"#2"},"south":{"uv":[3.5,0.0,6.5,3.0],"texture":"#2"},"west":{"uv":[3.5,3.5,6.5,6.5],"texture":"#2"},"up":{"uv":[3.0,10.0,0.0,7.0],"texture":"#2"},"down":{"uv":[10.0,0.0,7.0,3.0],"texture":"#2"}}},{"from":[4.975,8.09546,6.675],"to":[5.975,9.09546,6.675],"rotation":{"origin":[8.0,-3.20454,15.75],"axis":"y","angle":0.0},"faces":{"north":{"uv":[7.0,10.5,7.5,11.0],"texture":"#2"},"east":{"uv":[5.5,11.5,5.5,12.0],"texture":"#2"},"south":{"uv":[10.5,7.0,11.0,7.5],"texture":"#2"},"west":{"uv":[11.5,6.0,11.5,6.5],"texture":"#2"},"up":{"uv":[7.5,11.5,7.0,11.5],"texture":"#2"},"down":{"uv":[12.0,7.0,11.5,7.0],"texture":"#2"}}},{"from":[5.425,8.52046,6.575],"to":[5.825,8.92046,6.575],"rotation":{"origin":[6.1,8.59546,6.675],"axis":"y","angle":0.0},"faces":{"north":{"uv":[8.0,10.5,8.5,11.0],"texture":"#2"},"east":{"uv":[11.5,7.5,11.5,8.0],"texture":"#2"},"south":{"uv":[10.5,8.0,11.0,8.5],"texture":"#2"},"west":{"uv":[8.0,11.5,8.0,12.0],"texture":"#2"},"up":{"uv":[9.0,11.5,8.5,11.5],"texture":"#2"},"down":{"uv":[12.0,8.5,11.5,8.5],"texture":"#2"}}},{"from":[10.175,8.52046,6.575],"to":[10.575,8.92046,6.575],"rotation":{"origin":[9.9,8.59546,6.675],"axis":"y","angle":0.0},"faces":{"north":{"uv":[9.0,10.5,9.5,11.0],"texture":"#2"},"east":{"uv":[11.5,9.0,11.5,9.5],"texture":"#2"},"south":{"uv":[10.5,9.0,11.0,9.5],"texture":"#2"},"west":{"uv":[9.5,11.5,9.5,12.0],"texture":"#2"},"up":{"uv":[10.5,11.5,10.0,11.5],"texture":"#2"},"down":{"uv":[12.5,6.0,12.0,6.0],"texture":"#2"}}},{"from":[10.025,8.09546,6.675],"to":[11.025,9.09546,6.675],"rotation":{"origin":[8.0,-3.20454,15.75],"axis":"y","angle":0.0},"faces":{"north":{"uv":[10.0,10.5,10.5,11.0],"texture":"#2"},"east":{"uv":[7.0,12.0,7.0,12.5],"texture":"#2"},"south":{"uv":[11.0,10.0,11.5,10.5],"texture":"#2"},"west":{"uv":[7.5,12.0,7.5,12.5],"texture":"#2"},"up":{"uv":[12.5,6.5,12.0,6.5],"texture":"#2"},"down":{"uv":[12.5,7.5,12.0,7.5],"texture":"#2"}}},{"from":[11.025,8.09546,6.675],"to":[11.025,9.09546,7.175],"rotation":{"origin":[11.0,8.59546,7.175],"axis":"y","angle":0.0},"faces":{"north":{"uv":[8.5,12.0,8.5,12.5],"texture":"#2"},"east":{"uv":[11.0,11.0,11.5,11.5],"texture":"#2"},"south":{"uv":[9.0,12.0,9.0,12.5],"texture":"#2"},"west":{"uv":[3.5,11.5,4.0,12.0],"texture":"#2"},"up":{"uv":[12.0,9.5,12.0,9.0],"texture":"#2"},"down":{"uv":[10.0,12.0,10.0,12.5],"texture":"#2"}}},{"from":[4.975,8.09546,6.675],"to":[4.975,9.09546,7.175],"rotation":{"origin":[5.0,8.59546,7.175],"axis":"y","angle":0.0},"faces":{"north":{"uv":[12.0,10.0,12.0,10.5],"texture":"#2"},"east":{"uv":[4.5,11.5,5.0,12.0],"texture":"#2"},"south":{"uv":[10.5,12.0,10.5,12.5],"texture":"#2"},"west":{"uv":[11.5,5.0,12.0,5.5],"texture":"#2"},"up":{"uv":[11.0,12.5,11.0,12.0],"texture":"#2"},"down":{"uv":[12.0,11.0,12.0,11.5],"texture":"#2"}}},{"from":[-0.65767,4.06627,7.75],"to":[5.34233,10.06627,7.75],"rotation":{"origin":[2.24233,7.06627,7.75],"axis":"z","angle":22.5},"faces":{"north":{"uv":[3.5,7.0,6.5,10.0],"texture":"#2"},"east":{"uv":[11.5,12.0,11.5,15.0],"texture":"#2"},"south":{"uv":[7.0,3.5,10.0,6.5],"texture":"#2"},"west":{"uv":[12.0,12.0,12.0,15.0],"texture":"#2"},"up":{"uv":[15.0,8.0,12.0,8.0],"texture":"#2"},"down":{"uv":[6.5,12.5,3.5,12.5],"texture":"#2"}}},{"from":[10.65767,4.06627,7.75],"to":[16.65767,10.06627,7.75],"rotation":{"origin":[13.75767,7.06627,7.75],"axis":"z","angle":-22.5},"faces":{"north":{"uv":[7.0,7.0,10.0,10.0],"texture":"#2"},"east":{"uv":[8.0,12.5,8.0,15.5],"texture":"#2"},"south":{"uv":[0.0,10.5,3.0,13.5],"texture":"#2"},"west":{"uv":[12.5,8.5,12.5,11.5],"texture":"#2"},"up":{"uv":[15.5,5.0,12.5,5.0],"texture":"#2"},"down":{"uv":[15.5,5.5,12.5,5.5],"texture":"#2"}}},{"from":[6.0,5.89546,5.75],"to":[10.0,8.89546,6.75],"rotation":{"origin":[8.0,7.39546,6.25],"axis":"y","angle":0.0},"faces":{"north":{"uv":[10.5,0.0,12.5,1.5],"texture":"#2"},"east":{"uv":[10.5,5.0,11.0,6.5],"texture":"#2"},"south":{"uv":[10.5,2.0,12.5,3.5],"texture":"#2"},"west":{"uv":[6.0,10.5,6.5,12.0],"texture":"#2"},"up":{"uv":[5.5,11.0,3.5,10.5],"texture":"#2"},"down":{"uv":[12.5,4.0,10.5,4.5],"texture":"#2"}}}],"textures":{"particle":"d810e253-eeb2-4338-987c-0fc73c86e38c","2":"d810e253-eeb2-4338-987c-0fc73c86e38c"}}