{"textures":{"0":"modelengine:entity/252c0c45-8f5d-3cb6-8f7a-f9e4de102b21","particle":"#0"},"elements":[{"from":[1.0,21.333334,-3.333334],"to":[2.0,26.666668,3.6666665],"faces":{"east":{"uv":[0.0,0.0,5.75,2.25],"tintindex":0,"rotation":0,"texture":"#0"},"south":{"uv":[0.0,0.0,5.125,2.25],"tintindex":0,"rotation":0,"texture":"#0"},"north":{"uv":[10.5625,2.0,15.6875,4.25],"tintindex":0,"rotation":0,"texture":"#0"},"west":{"uv":[10.25,4.8125,16.0,7.0625],"tintindex":0,"rotation":0,"texture":"#0"},"up":{"uv":[14.03125,13.9375,15.84375,15.84375],"tintindex":0,"rotation":0,"texture":"#0"},"down":{"uv":[0.0,0.0,3.6875,4.09375],"tintindex":0,"rotation":0,"texture":"#0"}}},{"from":[2.0,20.333334,-3.333334],"to":[8.666667,21.0,3.333333],"faces":{"east":{"uv":[0.0,0.0,3.6875,4.09375],"tintindex":0,"rotation":270,"texture":"#0"},"south":{"uv":[0.0,0.0,5.125,2.25],"tintindex":0,"rotation":270,"texture":"#0"},"north":{"uv":[0.0,0.0,5.125,2.25],"tintindex":0,"rotation":90,"texture":"#0"},"west":{"uv":[14.03125,13.9375,15.84375,15.84375],"tintindex":0,"rotation":270,"texture":"#0"},"up":{"uv":[0.0,0.0,5.75,2.25],"tintindex":0,"rotation":270,"texture":"#0"},"down":{"uv":[4.71875,10.03125,9.5625,11.8125],"tintindex":0,"rotation":270,"texture":"#0"}}},{"from":[1.6666665,21.0,-3.666667],"to":[9.0,27.0,4.0],"faces":{"east":{"uv":[0.0,5.5625,1.5,7.0625],"tintindex":0,"rotation":0,"texture":"#0"},"south":{"uv":[4.5,3.9375,6.0625,5.4375],"tintindex":0,"rotation":0,"texture":"#0"},"north":{"uv":[1.75,14.0625,3.3125,15.5625],"tintindex":0,"rotation":0,"texture":"#0"},"west":{"uv":[1.5,5.5625,3.0,7.0625],"tintindex":0,"rotation":0,"texture":"#0"},"up":{"uv":[6.1875,3.0,4.625,1.5],"tintindex":0,"rotation":0,"texture":"#0"},"down":{"uv":[6.0625,5.4375,4.5,6.9375],"tintindex":0,"rotation":0,"texture":"#0"}}},{"from":[-0.666667,13.666667,-0.33333397],"to":[11.333334,22.333334,12.0],"faces":{"east":{"uv":[0.0,2.3125,2.3125,3.9375],"tintindex":0,"rotation":0,"texture":"#0"},"south":{"uv":[3.3125,16.0,7.125,12.84375],"tintindex":0,"rotation":0,"texture":"#0"},"north":{"uv":[0.0,3.9375,2.25,5.5625],"tintindex":0,"rotation":0,"texture":"#0"},"west":{"uv":[2.3125,2.3125,4.625,3.9375],"tintindex":0,"rotation":0,"texture":"#0"},"up":{"uv":[2.25,2.3125,0.0,0.0],"tintindex":0,"rotation":0,"texture":"#0"},"down":{"uv":[4.5,0.0,2.25,2.3125],"tintindex":0,"rotation":0,"texture":"#0"}}},{"from":[8.666667,21.333334,-3.333334],"to":[9.666667,26.666668,3.6666665],"faces":{"east":{"uv":[9.90625,10.15625,15.65625,12.40625],"tintindex":0,"rotation":0,"texture":"#0"},"south":{"uv":[0.0,0.0,5.125,2.25],"tintindex":0,"rotation":0,"texture":"#0"},"north":{"uv":[10.65625,1.9375,15.78125,4.1875],"tintindex":0,"rotation":0,"texture":"#0"},"west":{"uv":[0.0,0.0,5.75,2.25],"tintindex":0,"rotation":0,"texture":"#0"},"up":{"uv":[14.03125,13.9375,15.84375,15.84375],"tintindex":0,"rotation":0,"texture":"#0"},"down":{"uv":[0.0,0.0,3.6875,4.09375],"tintindex":0,"rotation":0,"texture":"#0"}}}],"display":{"head":{"rotation":[0.0,0.0,0.0]},"firstperson_righthand":{"rotation":[0.0,0.0,0.0]},"thirdperson_lefthand":{"rotation":[0.0,-0.0,-0.0]},"firstperson_lefthand":{"rotation":[0.0,-0.0,-0.0]},"fixed":{"rotation":[0.0,0.0,0.0]},"ground":{"rotation":[0.0,0.0,0.0]},"thirdperson_righthand":{"rotation":[0.0,0.0,0.0]},"gui":{"rotation":[-150.0,-45.0,180.0]}}}