{"textures":{"0":"modelengine:entity/252c0c45-8f5d-3cb6-8f7a-f9e4de102b21","particle":"#0"},"elements":[{"from":[-16.0,7.0,6.0],"to":[16.0,10.0,16.0],"faces":{"east":{"uv":[9.125,9.125,9.75,9.3125],"tintindex":0,"rotation":0,"texture":"#0"},"south":{"uv":[8.0,6.9375,9.9375,7.125],"tintindex":0,"rotation":0,"texture":"#0"},"north":{"uv":[8.0,6.75,9.9375,6.9375],"tintindex":0,"rotation":0,"texture":"#0"},"west":{"uv":[9.1875,7.8125,9.8125,8.0],"tintindex":0,"rotation":0,"texture":"#0"},"up":{"uv":[8.8125,7.8125,6.875,7.1875],"tintindex":0,"rotation":0,"texture":"#0"},"down":{"uv":[3.875,7.5625,1.9375,8.1875],"tintindex":0,"rotation":0,"texture":"#0"}}}],"display":{"head":{"rotation":[0.0,0.0,0.0]},"firstperson_righthand":{"rotation":[0.0,0.0,0.0]},"thirdperson_lefthand":{"rotation":[0.0,-0.0,-0.0]},"firstperson_lefthand":{"rotation":[0.0,-0.0,-0.0]},"fixed":{"rotation":[0.0,0.0,0.0]},"ground":{"rotation":[0.0,0.0,0.0]},"thirdperson_righthand":{"rotation":[0.0,0.0,0.0]},"gui":{"rotation":[-150.0,-45.0,180.0]}}}