{"textures":{"0":"modelengine:entity/252c0c45-8f5d-3cb6-8f7a-f9e4de102b21","particle":"#0"},"elements":[{"from":[-16.0,7.0,6.0],"to":[16.0,10.0,16.0],"faces":{"east":{"uv":[9.0,6.125,9.625,6.3125],"tintindex":0,"rotation":0,"texture":"#0"},"south":{"uv":[7.25,7.8125,9.1875,8.0],"tintindex":0,"rotation":0,"texture":"#0"},"north":{"uv":[5.3125,7.8125,7.25,8.0],"tintindex":0,"rotation":0,"texture":"#0"},"west":{"uv":[7.9375,9.0625,8.5625,9.25],"tintindex":0,"rotation":0,"texture":"#0"},"up":{"uv":[8.0,7.1875,6.0625,6.5625],"tintindex":0,"rotation":0,"texture":"#0"},"down":{"uv":[4.9375,6.9375,3.0,7.5625],"tintindex":0,"rotation":0,"texture":"#0"}}}],"display":{"head":{"rotation":[0.0,0.0,0.0]},"firstperson_righthand":{"rotation":[0.0,0.0,0.0]},"thirdperson_lefthand":{"rotation":[0.0,-0.0,-0.0]},"firstperson_lefthand":{"rotation":[0.0,-0.0,-0.0]},"fixed":{"rotation":[0.0,0.0,0.0]},"ground":{"rotation":[0.0,0.0,0.0]},"thirdperson_righthand":{"rotation":[0.0,0.0,0.0]},"gui":{"rotation":[-150.0,-45.0,180.0]}}}