{"textures":{"0":"modelengine:entity/252c0c45-8f5d-3cb6-8f7a-f9e4de102b21","particle":"#0"},"elements":[{"from":[9.5,10.5,-6.0],"to":[13.0,13.0,-4.5],"faces":{"east":{"uv":[4.25,8.3125,4.4375,9.1875],"tintindex":0,"rotation":0,"texture":"#0"},"south":{"uv":[4.4375,8.3125,4.625,9.1875],"tintindex":0,"rotation":0,"texture":"#0"},"north":{"uv":[7.78125,11.90625,8.65625,12.71875],"tintindex":0,"rotation":0,"texture":"#0"},"west":{"uv":[4.625,8.3125,4.8125,9.1875],"tintindex":0,"rotation":0,"texture":"#0"},"up":{"uv":[8.3125,9.75,8.125,9.5625],"tintindex":0,"rotation":0,"texture":"#0"},"down":{"uv":[8.5,9.5625,8.3125,9.75],"tintindex":0,"rotation":0,"texture":"#0"}}},{"from":[10.5,13.0,-6.0],"to":[12.0,20.0,-4.5],"faces":{"east":{"uv":[3.25,8.5625,3.4375,9.4375],"tintindex":0,"rotation":0,"texture":"#0"},"south":{"uv":[3.4375,8.5625,3.625,9.4375],"tintindex":0,"rotation":0,"texture":"#0"},"north":{"uv":[3.0625,8.5625,3.25,9.4375],"tintindex":0,"rotation":0,"texture":"#0"},"west":{"uv":[3.625,8.5625,3.8125,9.4375],"tintindex":0,"rotation":0,"texture":"#0"},"up":{"uv":[9.0,9.75,8.8125,9.5625],"tintindex":0,"rotation":0,"texture":"#0"},"down":{"uv":[9.625,9.5625,9.4375,9.75],"tintindex":0,"rotation":0,"texture":"#0"}}},{"from":[-5.0,10.5,-6.0],"to":[-1.5,13.0,-4.5],"faces":{"east":{"uv":[4.25,8.3125,4.4375,9.1875],"tintindex":0,"rotation":0,"texture":"#0"},"south":{"uv":[4.4375,8.3125,4.625,9.1875],"tintindex":0,"rotation":0,"texture":"#0"},"north":{"uv":[7.8125,11.875,8.65625,12.71875],"tintindex":0,"rotation":0,"texture":"#0"},"west":{"uv":[4.625,8.3125,4.8125,9.1875],"tintindex":0,"rotation":0,"texture":"#0"},"up":{"uv":[8.3125,9.75,8.125,9.5625],"tintindex":0,"rotation":0,"texture":"#0"},"down":{"uv":[8.5,9.5625,8.3125,9.75],"tintindex":0,"rotation":0,"texture":"#0"}}},{"from":[10.5,18.5,-4.5],"to":[12.0,20.0,2.0],"faces":{"east":{"uv":[4.9375,6.9375,5.75,7.125],"tintindex":0,"rotation":0,"texture":"#0"},"south":{"uv":[9.5625,7.3125,9.75,7.5],"tintindex":0,"rotation":0,"texture":"#0"},"north":{"uv":[9.5625,7.125,9.75,7.3125],"tintindex":0,"rotation":0,"texture":"#0"},"west":{"uv":[8.1875,6.125,9.0,6.3125],"tintindex":0,"rotation":0,"texture":"#0"},"up":{"uv":[8.875,9.0,8.6875,8.1875],"tintindex":0,"rotation":0,"texture":"#0"},"down":{"uv":[8.9375,3.0625,8.75,3.875],"tintindex":0,"rotation":0,"texture":"#0"}}},{"from":[-4.0,18.5,-4.5],"to":[-2.5,20.0,2.0],"faces":{"east":{"uv":[8.4375,4.125,9.25,4.3125],"tintindex":0,"rotation":0,"texture":"#0"},"south":{"uv":[7.9375,9.5625,8.125,9.75],"tintindex":0,"rotation":0,"texture":"#0"},"north":{"uv":[9.5625,7.5,9.75,7.6875],"tintindex":0,"rotation":0,"texture":"#0"},"west":{"uv":[8.4375,4.3125,9.25,4.5],"tintindex":0,"rotation":0,"texture":"#0"},"up":{"uv":[0.6875,9.6875,0.5,8.875],"tintindex":0,"rotation":0,"texture":"#0"},"down":{"uv":[0.875,8.875,0.6875,9.6875],"tintindex":0,"rotation":0,"texture":"#0"}}},{"from":[-4.0,13.0,-6.0],"to":[-2.5,20.0,-4.5],"faces":{"east":{"uv":[4.25,8.3125,4.4375,9.1875],"tintindex":0,"rotation":0,"texture":"#0"},"south":{"uv":[4.4375,8.3125,4.625,9.1875],"tintindex":0,"rotation":0,"texture":"#0"},"north":{"uv":[1.125,8.3125,1.3125,9.1875],"tintindex":0,"rotation":0,"texture":"#0"},"west":{"uv":[4.625,8.3125,4.8125,9.1875],"tintindex":0,"rotation":0,"texture":"#0"},"up":{"uv":[8.3125,9.75,8.125,9.5625],"tintindex":0,"rotation":0,"texture":"#0"},"down":{"uv":[8.5,9.5625,8.3125,9.75],"tintindex":0,"rotation":0,"texture":"#0"}}}],"display":{"head":{"rotation":[0.0,0.0,0.0]},"firstperson_righthand":{"rotation":[0.0,0.0,0.0]},"thirdperson_lefthand":{"rotation":[0.0,-0.0,-0.0]},"firstperson_lefthand":{"rotation":[0.0,-0.0,-0.0]},"fixed":{"rotation":[0.0,0.0,0.0]},"ground":{"rotation":[0.0,0.0,0.0]},"thirdperson_righthand":{"rotation":[0.0,0.0,0.0]},"gui":{"rotation":[-150.0,-45.0,180.0]}}}