{"textures":{"0":"modelengine:entity/252c0c45-8f5d-3cb6-8f7a-f9e4de102b21","particle":"#0"},"elements":[{"from":[-16.0,7.0,6.0],"to":[16.0,10.0,16.0],"faces":{"east":{"uv":[8.9375,3.625,9.5625,3.8125],"tintindex":0,"rotation":0,"texture":"#0"},"south":{"uv":[7.625,6.375,9.5625,6.5625],"tintindex":0,"rotation":0,"texture":"#0"},"north":{"uv":[7.625,1.0,9.5625,1.1875],"tintindex":0,"rotation":0,"texture":"#0"},"west":{"uv":[8.9375,5.3125,9.5625,5.5],"tintindex":0,"rotation":0,"texture":"#0"},"up":{"uv":[8.125,1.8125,6.1875,1.1875],"tintindex":0,"rotation":0,"texture":"#0"},"down":{"uv":[8.125,1.8125,6.1875,2.4375],"tintindex":0,"rotation":0,"texture":"#0"}}}],"display":{"head":{"rotation":[0.0,0.0,0.0]},"firstperson_righthand":{"rotation":[0.0,0.0,0.0]},"thirdperson_lefthand":{"rotation":[0.0,-0.0,-0.0]},"firstperson_lefthand":{"rotation":[0.0,-0.0,-0.0]},"fixed":{"rotation":[0.0,0.0,0.0]},"ground":{"rotation":[0.0,0.0,0.0]},"thirdperson_righthand":{"rotation":[0.0,0.0,0.0]},"gui":{"rotation":[-150.0,-45.0,180.0]}}}