{"display":{"head":{},"firstperson_righthand":{},"thirdperson_lefthand":{},"firstperson_lefthand":{},"fixed":{},"ground":{},"thirdperson_righthand":{},"gui":{"rotation":[-150.0,-45.0,180.0]}},"elements":[{"from":[4.25,7.25,5.9962497],"to":[7.25,9.25,5.9962497],"faces":{"south":{"uv":[10.0,12.0,11.5,13.0],"texture":"#0","tintindex":0},"north":{"uv":[12.0,9.0,13.5,10.0],"texture":"#0","tintindex":0}}},{"from":[-0.75,5.25,6.00125],"to":[7.25,7.25,10.001249],"faces":{"east":{"uv":[8.0,12.0,10.0,13.0],"texture":"#0","tintindex":0},"south":{"uv":[11.5,3.0,15.5,4.0],"texture":"#0","tintindex":0},"north":{"uv":[11.5,2.0,15.5,3.0],"texture":"#0","tintindex":0},"west":{"uv":[12.0,8.0,14.0,9.0],"texture":"#0","tintindex":0},"up":{"uv":[12.5,8.0,8.5,6.0],"texture":"#0","tintindex":0},"down":{"uv":[13.0,0.0,9.0,2.0],"texture":"#0","tintindex":0}}},{"from":[4.25,7.25,10.001249],"to":[7.25,9.25,10.001249],"faces":{"south":{"uv":[12.5,4.0,14.0,5.0],"texture":"#0","tintindex":0},"north":{"uv":[11.5,12.0,13.0,13.0],"texture":"#0","tintindex":0}}}],"textures":{"particle":"#0","0":"modelengine:64ce6eff-2eba-4fe5-b24b-4274730ea815"}}