{"display":{"head":{},"firstperson_righthand":{},"thirdperson_lefthand":{},"firstperson_lefthand":{},"fixed":{},"ground":{},"thirdperson_righthand":{},"gui":{"rotation":[-150.0,-45.0,180.0]}},"elements":[{"from":[0.0,8.0,6.0],"to":[8.0,12.0,10.0],"faces":{"east":{"uv":[7.5,10.0,9.5,12.0],"texture":"#0","tintindex":0},"south":{"uv":[4.0,8.0,8.0,10.0],"texture":"#0","tintindex":0},"north":{"uv":[0.0,8.0,4.0,10.0],"texture":"#0","tintindex":0},"west":{"uv":[9.5,10.0,11.5,12.0],"texture":"#0","tintindex":0},"up":{"uv":[12.0,10.0,8.0,8.0],"texture":"#0","tintindex":0},"down":{"uv":[12.5,4.0,8.5,6.0],"texture":"#0","tintindex":0}}}],"textures":{"particle":"#0","0":"modelengine:64ce6eff-2eba-4fe5-b24b-4274730ea815"}}