{"textures":{"0":"modelengine:entity/hv_zalthor","particle":"#0"},"elements":[{"from":[0.75,9.0,1.75],"to":[15.25,25.0,14.25],"faces":{"east":{"uv":[7.75,1.75,8.833334,3.0833335],"tintindex":0,"rotation":0,"texture":"#0"},"south":{"uv":[7.0833335,6.0833335,8.333334,7.416667],"tintindex":0,"rotation":0,"texture":"#0"},"north":{"uv":[2.8333335,6.8333335,4.0833335,8.166667],"tintindex":0,"rotation":0,"texture":"#0"},"west":{"uv":[0.5,7.916667,1.5833334,9.25],"tintindex":0,"rotation":0,"texture":"#0"},"up":{"uv":[9.0,4.166667,7.75,3.0833335],"tintindex":0,"rotation":0,"texture":"#0"},"down":{"uv":[2.8333335,7.916667,1.5833334,9.0],"tintindex":0,"rotation":0,"texture":"#0"}}}],"display":{"head":{"rotation":[0.0,0.0,0.0]},"firstperson_righthand":{"rotation":[0.0,0.0,0.0]},"thirdperson_lefthand":{"rotation":[0.0,-0.0,-0.0]},"firstperson_lefthand":{"rotation":[0.0,-0.0,-0.0]},"fixed":{"rotation":[0.0,0.0,0.0]},"ground":{"rotation":[0.0,0.0,0.0]},"thirdperson_righthand":{"rotation":[0.0,0.0,0.0]},"gui":{"rotation":[-150.0,-45.0,180.0]}}}