{"textures":{"0":"modelengine:entity/hv_zalthor","particle":"#0"},"elements":[{"from":[1.25,4.0,2.375],"to":[14.75,12.0,13.625],"faces":{"east":{"uv":[11.833334,7.8333335,12.75,8.5],"tintindex":0,"rotation":0,"texture":"#0"},"south":{"uv":[8.583334,10.583334,9.75,11.25],"tintindex":0,"rotation":0,"texture":"#0"},"north":{"uv":[5.666667,10.583334,6.8333335,11.25],"tintindex":0,"rotation":0,"texture":"#0"},"west":{"uv":[11.833334,8.5,12.75,9.166667],"tintindex":0,"rotation":0,"texture":"#0"},"up":{"uv":[6.0,10.25,4.8333335,9.333334],"tintindex":0,"rotation":0,"texture":"#0"},"down":{"uv":[7.166667,9.666667,6.0,10.583334],"tintindex":0,"rotation":0,"texture":"#0"}}}],"display":{"head":{"rotation":[0.0,0.0,0.0]},"firstperson_righthand":{"rotation":[0.0,0.0,0.0]},"thirdperson_lefthand":{"rotation":[0.0,-0.0,-0.0]},"firstperson_lefthand":{"rotation":[0.0,-0.0,-0.0]},"fixed":{"rotation":[0.0,0.0,0.0]},"ground":{"rotation":[0.0,0.0,0.0]},"thirdperson_righthand":{"rotation":[0.0,0.0,0.0]},"gui":{"rotation":[-150.0,-45.0,180.0]}}}