{"textures":{"0":"modelengine:entity/hv_zalthor","particle":"#0"},"elements":[{"from":[4.7270603,-5.477169,4.25],"to":[10.22706,9.522831,11.75],"faces":{"east":{"uv":[10.333334,7.5,11.0,8.75],"tintindex":0,"rotation":0,"texture":"#0"},"south":{"uv":[7.166667,11.416667,7.666667,12.666667],"tintindex":0,"rotation":0,"texture":"#0"},"north":{"uv":[9.083334,11.25,9.583334,12.5],"tintindex":0,"rotation":0,"texture":"#0"},"west":{"uv":[10.5,9.833334,11.166667,11.083334],"tintindex":0,"rotation":0,"texture":"#0"},"up":{"uv":[8.833334,13.666667,8.333334,13.0],"tintindex":0,"rotation":0,"texture":"#0"},"down":{"uv":[1.5833334,13.083334,1.0833334,13.75],"tintindex":0,"rotation":0,"texture":"#0"}}}],"display":{"head":{"rotation":[0.0,0.0,0.0]},"firstperson_righthand":{"rotation":[0.0,0.0,0.0]},"thirdperson_lefthand":{"rotation":[0.0,-0.0,-0.0]},"firstperson_lefthand":{"rotation":[0.0,-0.0,-0.0]},"fixed":{"rotation":[0.0,0.0,0.0]},"ground":{"rotation":[0.0,0.0,0.0]},"thirdperson_righthand":{"rotation":[0.0,0.0,0.0]},"gui":{"rotation":[-150.0,-45.0,180.0]}}}