{"textures":{"0":"modelengine:entity/hv_zalthor","particle":"#0"},"elements":[{"from":[6.1499996,2.25,6.3999996],"to":[9.85,7.75,9.6],"faces":{"east":{"uv":[13.75,0.5,14.0,1.0],"tintindex":0,"rotation":0,"texture":"#0"},"south":{"uv":[11.75,13.416667,12.083334,13.916667],"tintindex":0,"rotation":0,"texture":"#0"},"north":{"uv":[11.416667,13.416667,11.75,13.916667],"tintindex":0,"rotation":0,"texture":"#0"},"west":{"uv":[1.0,13.75,1.25,14.25],"tintindex":0,"rotation":0,"texture":"#0"},"up":{"uv":[4.25,14.166667,3.9166667,13.916667],"tintindex":0,"rotation":0,"texture":"#0"},"down":{"uv":[6.166667,13.916667,5.8333335,14.166667],"tintindex":0,"rotation":0,"texture":"#0"}}}],"display":{"head":{"rotation":[0.0,0.0,0.0]},"firstperson_righthand":{"rotation":[0.0,0.0,0.0]},"thirdperson_lefthand":{"rotation":[0.0,-0.0,-0.0]},"firstperson_lefthand":{"rotation":[0.0,-0.0,-0.0]},"fixed":{"rotation":[0.0,0.0,0.0]},"ground":{"rotation":[0.0,0.0,0.0]},"thirdperson_righthand":{"rotation":[0.0,0.0,0.0]},"gui":{"rotation":[-150.0,-45.0,180.0]}}}