{"textures":{"0":"modelengine:entity/hv_zalthor","particle":"#0"},"elements":[{"from":[3.8000002,-2.6875,5.1125],"to":[12.200001,-0.9875002,13.1625],"faces":{"east":{"uv":[12.833334,0.5,13.5,0.6666667],"tintindex":0,"rotation":0,"texture":"#0"},"south":{"uv":[13.75,8.833334,14.416667,9.0],"tintindex":0,"rotation":0,"texture":"#0"},"north":{"uv":[11.166667,7.3333335,11.833334,7.5],"tintindex":0,"rotation":0,"texture":"#0"},"west":{"uv":[13.75,10.583334,14.416667,10.75],"tintindex":0,"rotation":0,"texture":"#0"},"up":{"uv":[12.583334,13.083334,11.916667,12.416667],"tintindex":0,"rotation":0,"texture":"#0"},"down":{"uv":[4.666667,12.5,4.0,13.166667],"tintindex":0,"rotation":0,"texture":"#0"}}},{"from":[4.4000006,-1.4875002,5.3625],"to":[11.6,7.8125,12.5625],"faces":{"east":{"uv":[6.666667,12.666667,7.25,13.416667],"tintindex":0,"rotation":0,"texture":"#0"},"south":{"uv":[12.666667,9.833334,13.25,10.583334],"tintindex":0,"rotation":0,"texture":"#0"},"north":{"uv":[12.583334,12.416667,13.166667,13.166667],"tintindex":0,"rotation":0,"texture":"#0"},"west":{"uv":[12.75,7.5833335,13.333334,8.333334],"tintindex":0,"rotation":0,"texture":"#0"},"up":{"uv":[4.8333335,6.0833335,4.25,5.5],"tintindex":0,"rotation":0,"texture":"#0"},"down":{"uv":[8.25,5.5,7.666667,6.0833335],"tintindex":0,"rotation":0,"texture":"#0"}}},{"from":[3.75,3.3125,4.1625],"to":[12.25,11.7125,5.3625],"faces":{"east":{"uv":[4.0833335,6.8333335,4.166667,7.5],"tintindex":0,"rotation":0,"texture":"#0"},"south":{"uv":[12.0,6.25,12.75,6.916667],"tintindex":0,"rotation":0,"texture":"#0"},"north":{"uv":[11.916667,10.083334,12.666667,10.75],"tintindex":0,"rotation":0,"texture":"#0"},"west":{"uv":[4.166667,6.8333335,4.25,7.5],"tintindex":0,"rotation":0,"texture":"#0"},"up":{"uv":[7.0,6.166667,6.25,6.0833335],"tintindex":0,"rotation":0,"texture":"#0"},"down":{"uv":[7.0833335,4.75,6.3333335,4.8333335],"tintindex":0,"rotation":0,"texture":"#0"}}},{"from":[3.8000002,6.3125,5.1125],"to":[12.200001,8.012501,13.1625],"faces":{"east":{"uv":[13.75,10.916667,14.416667,11.083334],"tintindex":0,"rotation":0,"texture":"#0"},"south":{"uv":[13.75,11.166667,14.416667,11.333334],"tintindex":0,"rotation":0,"texture":"#0"},"north":{"uv":[13.75,10.75,14.416667,10.916667],"tintindex":0,"rotation":0,"texture":"#0"},"west":{"uv":[13.75,11.333334,14.416667,11.5],"tintindex":0,"rotation":0,"texture":"#0"},"up":{"uv":[9.5,13.166667,8.833334,12.5],"tintindex":0,"rotation":0,"texture":"#0"},"down":{"uv":[13.25,3.25,12.583334,3.9166667],"tintindex":0,"rotation":0,"texture":"#0"}}}],"display":{"head":{"rotation":[0.0,0.0,0.0]},"firstperson_righthand":{"rotation":[0.0,0.0,0.0]},"thirdperson_lefthand":{"rotation":[0.0,-0.0,-0.0]},"firstperson_lefthand":{"rotation":[0.0,-0.0,-0.0]},"fixed":{"rotation":[0.0,0.0,0.0]},"ground":{"rotation":[0.0,0.0,0.0]},"thirdperson_righthand":{"rotation":[0.0,0.0,0.0]},"gui":{"rotation":[-150.0,-45.0,180.0]}}}