{"textures":{"0":"modelengine:entity/hv_zalthor","particle":"#0"},"elements":[{"from":[7.25,1.625001,6.5],"to":[10.75,8.375,9.5],"faces":{"east":{"uv":[13.416667,13.166667,13.666667,13.75],"tintindex":0,"rotation":0,"texture":"#0"},"south":{"uv":[3.0,12.416667,3.3333335,13.0],"tintindex":0,"rotation":0,"texture":"#0"},"north":{"uv":[4.416667,10.333334,4.75,10.916667],"tintindex":0,"rotation":0,"texture":"#0"},"west":{"uv":[13.5,0.5,13.75,1.0833334],"tintindex":0,"rotation":0,"texture":"#0"},"up":{"uv":[3.5833335,14.166667,3.25,13.916667],"tintindex":0,"rotation":0,"texture":"#0"},"down":{"uv":[3.9166667,13.916667,3.5833335,14.166667],"tintindex":0,"rotation":0,"texture":"#0"}}}],"display":{"head":{"rotation":[0.0,0.0,0.0]},"firstperson_righthand":{"rotation":[0.0,0.0,0.0]},"thirdperson_lefthand":{"rotation":[0.0,-0.0,-0.0]},"firstperson_lefthand":{"rotation":[0.0,-0.0,-0.0]},"fixed":{"rotation":[0.0,0.0,0.0]},"ground":{"rotation":[0.0,0.0,0.0]},"thirdperson_righthand":{"rotation":[0.0,0.0,0.0]},"gui":{"rotation":[-150.0,-45.0,180.0]}}}