{"textures":{"0":"modelengine:entity/hv_zalthor","particle":"#0"},"elements":[{"from":[6.1499996,2.25,6.4],"to":[9.85,7.75,9.6],"faces":{"east":{"uv":[13.75,7.416667,14.0,7.916667],"tintindex":0,"rotation":0,"texture":"#0"},"south":{"uv":[13.083334,13.416667,13.416667,13.916667],"tintindex":0,"rotation":0,"texture":"#0"},"north":{"uv":[12.75,13.416667,13.083334,13.916667],"tintindex":0,"rotation":0,"texture":"#0"},"west":{"uv":[13.75,7.916667,14.0,8.416667],"tintindex":0,"rotation":0,"texture":"#0"},"up":{"uv":[7.166667,14.166667,6.8333335,13.916667],"tintindex":0,"rotation":0,"texture":"#0"},"down":{"uv":[14.25,9.75,13.916667,10.0],"tintindex":0,"rotation":0,"texture":"#0"}}}],"display":{"head":{"rotation":[0.0,0.0,0.0]},"firstperson_righthand":{"rotation":[0.0,0.0,0.0]},"thirdperson_lefthand":{"rotation":[0.0,-0.0,-0.0]},"firstperson_lefthand":{"rotation":[0.0,-0.0,-0.0]},"fixed":{"rotation":[0.0,0.0,0.0]},"ground":{"rotation":[0.0,0.0,0.0]},"thirdperson_righthand":{"rotation":[0.0,0.0,0.0]},"gui":{"rotation":[-150.0,-45.0,180.0]}}}