{"textures":{"0":"modelengine:entity/hv_zalthor","particle":"#0"},"elements":[{"from":[5.77294,-5.477169,4.25],"to":[11.27294,9.522831,11.75],"faces":{"east":{"uv":[2.25,10.333334,2.9166667,11.583334],"tintindex":0,"rotation":0,"texture":"#0"},"south":{"uv":[4.416667,11.25,4.916667,12.5],"tintindex":0,"rotation":0,"texture":"#0"},"north":{"uv":[7.8333335,10.666667,8.333334,11.916667],"tintindex":0,"rotation":0,"texture":"#0"},"west":{"uv":[2.9166667,10.333334,3.5833335,11.583334],"tintindex":0,"rotation":0,"texture":"#0"},"up":{"uv":[9.083334,10.583334,8.583334,9.916667],"tintindex":0,"rotation":0,"texture":"#0"},"down":{"uv":[8.333334,13.0,7.8333335,13.666667],"tintindex":0,"rotation":0,"texture":"#0"}}}],"display":{"head":{"rotation":[0.0,0.0,0.0]},"firstperson_righthand":{"rotation":[0.0,0.0,0.0]},"thirdperson_lefthand":{"rotation":[0.0,-0.0,-0.0]},"firstperson_lefthand":{"rotation":[0.0,-0.0,-0.0]},"fixed":{"rotation":[0.0,0.0,0.0]},"ground":{"rotation":[0.0,0.0,0.0]},"thirdperson_righthand":{"rotation":[0.0,0.0,0.0]},"gui":{"rotation":[-150.0,-45.0,180.0]}}}