{"textures":{"0":"modelengine:entity/hv_zalthor","particle":"#0"},"elements":[{"from":[6.1499996,2.25,6.4],"to":[9.85,7.75,9.6],"faces":{"east":{"uv":[5.0,13.583334,5.25,14.083334],"tintindex":0,"rotation":0,"texture":"#0"},"south":{"uv":[10.083334,13.416667,10.416667,13.916667],"tintindex":0,"rotation":0,"texture":"#0"},"north":{"uv":[6.8333335,13.416667,7.166667,13.916667],"tintindex":0,"rotation":0,"texture":"#0"},"west":{"uv":[5.25,13.583334,5.5,14.083334],"tintindex":0,"rotation":0,"texture":"#0"},"up":{"uv":[8.5,14.083334,8.166667,13.833334],"tintindex":0,"rotation":0,"texture":"#0"},"down":{"uv":[14.166667,9.0,13.833334,9.25],"tintindex":0,"rotation":0,"texture":"#0"}}}],"display":{"head":{"rotation":[0.0,0.0,0.0]},"firstperson_righthand":{"rotation":[0.0,0.0,0.0]},"thirdperson_lefthand":{"rotation":[0.0,-0.0,-0.0]},"firstperson_lefthand":{"rotation":[0.0,-0.0,-0.0]},"fixed":{"rotation":[0.0,0.0,0.0]},"ground":{"rotation":[0.0,0.0,0.0]},"thirdperson_righthand":{"rotation":[0.0,0.0,0.0]},"gui":{"rotation":[-150.0,-45.0,180.0]}}}