{"textures":{"0":"modelengine:entity/hv_zalthor","particle":"#0"},"elements":[{"from":[5.25,2.500001,6.5],"to":[8.75,8.5,9.5],"faces":{"east":{"uv":[4.666667,12.5,4.916667,13.0],"tintindex":0,"rotation":0,"texture":"#0"},"south":{"uv":[3.1666667,13.416667,3.5,13.916667],"tintindex":0,"rotation":0,"texture":"#0"},"north":{"uv":[2.8333335,13.416667,3.1666667,13.916667],"tintindex":0,"rotation":0,"texture":"#0"},"west":{"uv":[13.5,2.25,13.75,2.75],"tintindex":0,"rotation":0,"texture":"#0"},"up":{"uv":[8.333334,8.833334,8.0,8.583334],"tintindex":0,"rotation":0,"texture":"#0"},"down":{"uv":[2.5833335,10.083334,2.25,10.333334],"tintindex":0,"rotation":0,"texture":"#0"}}}],"display":{"head":{"rotation":[0.0,0.0,0.0]},"firstperson_righthand":{"rotation":[0.0,0.0,0.0]},"thirdperson_lefthand":{"rotation":[0.0,-0.0,-0.0]},"firstperson_lefthand":{"rotation":[0.0,-0.0,-0.0]},"fixed":{"rotation":[0.0,0.0,0.0]},"ground":{"rotation":[0.0,0.0,0.0]},"thirdperson_righthand":{"rotation":[0.0,0.0,0.0]},"gui":{"rotation":[-150.0,-45.0,180.0]}}}