{"textures":{"0":"modelengine:entity/hv_zalthor","particle":"#0"},"elements":[{"from":[8.02,9.92,-0.39999962],"to":[15.18,14.36,10.4],"faces":{"east":{"uv":[12.916667,2.9166667,13.833334,3.25],"tintindex":0,"rotation":0,"texture":"#0"},"south":{"uv":[13.25,9.416667,13.833334,9.75],"tintindex":0,"rotation":0,"texture":"#0"},"north":{"uv":[13.25,9.083334,13.833334,9.416667],"tintindex":0,"rotation":0,"texture":"#0"},"west":{"uv":[1.5833334,13.083334,2.5,13.416667],"tintindex":0,"rotation":0,"texture":"#0"},"up":{"uv":[5.5,13.0,4.916667,12.083334],"tintindex":0,"rotation":0,"texture":"#0"},"down":{"uv":[6.0833335,12.083334,5.5,13.0],"tintindex":0,"rotation":0,"texture":"#0"}},"rotation":{"origin":[11.6,11.96,5.0],"angle":-22.5,"axis":"x"}},{"from":[8.12,8.0,0.8000002],"to":[15.08,12.08,10.7],"faces":{"east":{"uv":[13.166667,1.0833334,14.0,1.4166667],"tintindex":0,"rotation":0,"texture":"#0"},"south":{"uv":[13.25,7.0833335,13.833334,7.416667],"tintindex":0,"rotation":0,"texture":"#0"},"north":{"uv":[13.25,6.75,13.833334,7.0833335],"tintindex":0,"rotation":0,"texture":"#0"},"west":{"uv":[13.166667,1.4166667,14.0,1.75],"tintindex":0,"rotation":0,"texture":"#0"},"up":{"uv":[11.916667,13.166667,11.333334,12.333334],"tintindex":0,"rotation":0,"texture":"#0"},"down":{"uv":[1.0833334,12.416667,0.5,13.25],"tintindex":0,"rotation":0,"texture":"#0"}}}],"display":{"head":{"rotation":[0.0,0.0,0.0]},"firstperson_righthand":{"rotation":[0.0,0.0,0.0]},"thirdperson_lefthand":{"rotation":[0.0,-0.0,-0.0]},"firstperson_lefthand":{"rotation":[0.0,-0.0,-0.0]},"fixed":{"rotation":[0.0,0.0,0.0]},"ground":{"rotation":[0.0,0.0,0.0]},"thirdperson_righthand":{"rotation":[0.0,0.0,0.0]},"gui":{"rotation":[-150.0,-45.0,180.0]}}}