{"textures":{"0":"modelengine:entity/hv_zalthor","particle":"#0"},"elements":[{"from":[5.25,2.625001,6.5],"to":[8.75,8.375,9.5],"faces":{"east":{"uv":[4.5,13.583334,4.75,14.083334],"tintindex":0,"rotation":0,"texture":"#0"},"south":{"uv":[6.5,13.416667,6.8333335,13.916667],"tintindex":0,"rotation":0,"texture":"#0"},"north":{"uv":[6.166667,13.416667,6.5,13.916667],"tintindex":0,"rotation":0,"texture":"#0"},"west":{"uv":[4.75,13.583334,5.0,14.083334],"tintindex":0,"rotation":0,"texture":"#0"},"up":{"uv":[2.5833335,14.083334,2.25,13.833334],"tintindex":0,"rotation":0,"texture":"#0"},"down":{"uv":[8.166667,13.833334,7.8333335,14.083334],"tintindex":0,"rotation":0,"texture":"#0"}}}],"display":{"head":{"rotation":[0.0,0.0,0.0]},"firstperson_righthand":{"rotation":[0.0,0.0,0.0]},"thirdperson_lefthand":{"rotation":[0.0,-0.0,-0.0]},"firstperson_lefthand":{"rotation":[0.0,-0.0,-0.0]},"fixed":{"rotation":[0.0,0.0,0.0]},"ground":{"rotation":[0.0,0.0,0.0]},"thirdperson_righthand":{"rotation":[0.0,0.0,0.0]},"gui":{"rotation":[-150.0,-45.0,180.0]}}}