{"textures":{"0":"modelengine:entity/hv_zalthor","particle":"#0"},"elements":[{"from":[3.7610598,1.2171097,3.0],"to":[12.76106,3.2171097,13.0],"faces":{"east":{"uv":[9.083334,5.3333335,9.916667,5.5],"tintindex":0,"rotation":0,"texture":"#0"},"south":{"uv":[13.5,2.0833335,14.25,2.25],"tintindex":0,"rotation":0,"texture":"#0"},"north":{"uv":[13.5,1.9166667,14.25,2.0833335],"tintindex":0,"rotation":0,"texture":"#0"},"west":{"uv":[7.166667,9.666667,8.0,9.833334],"tintindex":0,"rotation":0,"texture":"#0"},"up":{"uv":[4.3333335,12.166667,3.5833335,11.333334],"tintindex":0,"rotation":0,"texture":"#0"},"down":{"uv":[7.166667,11.416667,6.416667,12.25],"tintindex":0,"rotation":0,"texture":"#0"}}},{"from":[4.0110598,1.2671089,3.25],"to":[12.51106,10.767109,12.75],"faces":{"east":{"uv":[11.0,7.5,11.833334,8.333334],"tintindex":0,"rotation":0,"texture":"#0"},"south":{"uv":[4.916667,11.25,5.666667,12.083334],"tintindex":0,"rotation":0,"texture":"#0"},"north":{"uv":[11.166667,9.916667,11.916667,10.75],"tintindex":0,"rotation":0,"texture":"#0"},"west":{"uv":[11.0,8.333334,11.833334,9.166667],"tintindex":0,"rotation":0,"texture":"#0"},"up":{"uv":[6.416667,12.083334,5.666667,11.25],"tintindex":0,"rotation":0,"texture":"#0"},"down":{"uv":[9.083334,11.25,8.333334,12.083334],"tintindex":0,"rotation":0,"texture":"#0"}}},{"from":[3.7610598,8.81711,3.0],"to":[12.76106,10.81711,13.0],"faces":{"east":{"uv":[7.75,4.166667,8.583334,4.3333335],"tintindex":0,"rotation":0,"texture":"#0"},"south":{"uv":[12.666667,10.583334,13.416667,10.75],"tintindex":0,"rotation":0,"texture":"#0"},"north":{"uv":[9.75,10.916667,10.5,11.083334],"tintindex":0,"rotation":0,"texture":"#0"},"west":{"uv":[8.083334,1.0833334,8.916667,1.25],"tintindex":0,"rotation":0,"texture":"#0"},"up":{"uv":[12.083334,0.8333334,11.333334,0.0],"tintindex":0,"rotation":0,"texture":"#0"},"down":{"uv":[1.9166667,11.333334,1.1666667,12.166667],"tintindex":0,"rotation":0,"texture":"#0"}}}],"display":{"head":{"rotation":[0.0,0.0,0.0]},"firstperson_righthand":{"rotation":[0.0,0.0,0.0]},"thirdperson_lefthand":{"rotation":[0.0,-0.0,-0.0]},"firstperson_lefthand":{"rotation":[0.0,-0.0,-0.0]},"fixed":{"rotation":[0.0,0.0,0.0]},"ground":{"rotation":[0.0,0.0,0.0]},"thirdperson_righthand":{"rotation":[0.0,0.0,0.0]},"gui":{"rotation":[-150.0,-45.0,180.0]}}}