{"textures":{"0":"modelengine:entity/hv_zalthor","particle":"#0"},"elements":[{"from":[6.1499996,2.25,6.4000006],"to":[9.85,7.75,9.6],"faces":{"east":{"uv":[8.833334,13.5,9.083334,14.0],"tintindex":0,"rotation":0,"texture":"#0"},"south":{"uv":[3.8333335,13.416667,4.166667,13.916667],"tintindex":0,"rotation":0,"texture":"#0"},"north":{"uv":[3.5,13.416667,3.8333335,13.916667],"tintindex":0,"rotation":0,"texture":"#0"},"west":{"uv":[9.083334,13.5,9.333334,14.0],"tintindex":0,"rotation":0,"texture":"#0"},"up":{"uv":[6.0,10.5,5.666667,10.25],"tintindex":0,"rotation":0,"texture":"#0"},"down":{"uv":[11.166667,6.25,10.833334,6.5],"tintindex":0,"rotation":0,"texture":"#0"}}}],"display":{"head":{"rotation":[0.0,0.0,0.0]},"firstperson_righthand":{"rotation":[0.0,0.0,0.0]},"thirdperson_lefthand":{"rotation":[0.0,-0.0,-0.0]},"firstperson_lefthand":{"rotation":[0.0,-0.0,-0.0]},"fixed":{"rotation":[0.0,0.0,0.0]},"ground":{"rotation":[0.0,0.0,0.0]},"thirdperson_righthand":{"rotation":[0.0,0.0,0.0]},"gui":{"rotation":[-150.0,-45.0,180.0]}}}