{"textures":{"3":"modelengine:entity/hv_zalthor_stars","particle":"#3"},"elements":[{"from":[4.68629,5.25,16.0],"to":[11.31371,10.75,16.0],"faces":{"south":{"uv":[3.5,6.0,6.75,8.75],"tintindex":0,"rotation":0,"texture":"#3"},"north":{"uv":[0.0,6.0,3.25,8.75],"tintindex":0,"rotation":0,"texture":"#3"}},"rotation":{"origin":[8.0,5.5,8.0],"angle":45.0,"axis":"y"}},{"from":[4.68629,5.25,0.0],"to":[11.31371,10.75,0.0],"faces":{"south":{"uv":[3.5,3.0,6.75,5.75],"tintindex":0,"rotation":0,"texture":"#3"},"north":{"uv":[3.5,0.0,6.75,2.75],"tintindex":0,"rotation":0,"texture":"#3"}}},{"from":[0.0,5.25,4.68629],"to":[0.0,10.75,11.31371],"faces":{"east":{"uv":[7.0,6.0,10.25,8.75],"tintindex":0,"rotation":0,"texture":"#3"},"west":{"uv":[0.0,9.0,3.25,11.75],"tintindex":0,"rotation":0,"texture":"#3"}},"rotation":{"origin":[8.0,5.5,8.0],"angle":45.0,"axis":"y"}},{"from":[4.68629,5.25,16.0],"to":[11.31371,10.75,16.0],"faces":{"south":{"uv":[7.0,3.0,10.25,5.75],"tintindex":0,"rotation":0,"texture":"#3"},"north":{"uv":[7.0,0.0,10.25,2.75],"tintindex":0,"rotation":0,"texture":"#3"}}},{"from":[16.0,5.25,4.68629],"to":[16.0,10.75,11.31371],"faces":{"east":{"uv":[10.5,0.0,13.75,2.75],"tintindex":0,"rotation":0,"texture":"#3"},"west":{"uv":[10.5,3.0,13.75,5.75],"tintindex":0,"rotation":0,"texture":"#3"}},"rotation":{"origin":[8.0,5.5,8.0],"angle":45.0,"axis":"y"}},{"from":[0.0,5.25,4.68629],"to":[0.0,10.75,11.31371],"faces":{"east":{"uv":[3.5,9.0,6.75,11.75],"tintindex":0,"rotation":0,"texture":"#3"},"west":{"uv":[7.0,9.0,10.25,11.75],"tintindex":0,"rotation":0,"texture":"#3"}}},{"from":[4.68629,5.25,0.0],"to":[11.31371,10.75,0.0],"faces":{"south":{"uv":[0.0,3.0,3.25,5.75],"tintindex":0,"rotation":0,"texture":"#3"},"north":{"uv":[0.0,0.0,3.25,2.75],"tintindex":0,"rotation":0,"texture":"#3"}},"rotation":{"origin":[8.0,5.5,8.0],"angle":45.0,"axis":"y"}},{"from":[16.0,5.25,4.68629],"to":[16.0,10.75,11.31371],"faces":{"east":{"uv":[10.5,6.0,13.75,8.75],"tintindex":0,"rotation":0,"texture":"#3"},"west":{"uv":[10.5,9.0,13.75,11.75],"tintindex":0,"rotation":0,"texture":"#3"}}}],"display":{"head":{"rotation":[0.0,0.0,0.0]},"firstperson_righthand":{"rotation":[0.0,0.0,0.0]},"thirdperson_lefthand":{"rotation":[0.0,-0.0,-0.0]},"firstperson_lefthand":{"rotation":[0.0,-0.0,-0.0]},"fixed":{"rotation":[0.0,0.0,0.0]},"ground":{"rotation":[0.0,0.0,0.0]},"thirdperson_righthand":{"rotation":[0.0,0.0,0.0]},"gui":{"rotation":[-150.0,-45.0,180.0]}}}