{"textures":{"0":"modelengine:entity/magicduck","particle":"#0"},"elements":[{"from":[8.0,4.0,7.0],"to":[9.0,8.0,8.0],"faces":{"east":{"uv":[10.0,11.5,10.125,12.0],"tintindex":0,"rotation":0,"texture":"#0"},"south":{"uv":[10.375,11.5,10.5,12.0],"tintindex":0,"rotation":0,"texture":"#0"},"north":{"uv":[10.125,11.5,10.25,12.0],"tintindex":0,"rotation":0,"texture":"#0"},"west":{"uv":[10.25,11.5,10.375,12.0],"tintindex":0,"rotation":0,"texture":"#0"},"up":{"uv":[10.25,11.5,10.125,11.375],"tintindex":0,"rotation":0,"texture":"#0"},"down":{"uv":[10.375,11.375,10.25,11.5],"tintindex":0,"rotation":0,"texture":"#0"}}},{"from":[8.0,3.0,6.0],"to":[11.0,4.0,9.0],"faces":{"east":{"uv":[12.25,7.625,12.625,7.75],"tintindex":0,"rotation":0,"texture":"#0"},"south":{"uv":[13.375,7.625,13.75,7.75],"tintindex":0,"rotation":0,"texture":"#0"},"north":{"uv":[12.625,7.625,13.0,7.75],"tintindex":0,"rotation":0,"texture":"#0"},"west":{"uv":[13.0,7.625,13.375,7.75],"tintindex":0,"rotation":0,"texture":"#0"},"up":{"uv":[13.0,7.625,12.625,7.25],"tintindex":0,"rotation":0,"texture":"#0"},"down":{"uv":[13.375,7.25,13.0,7.625],"tintindex":0,"rotation":0,"texture":"#0"}}}],"display":{"head":{"rotation":[0.0,0.0,0.0]},"firstperson_righthand":{"rotation":[0.0,0.0,0.0]},"thirdperson_lefthand":{"rotation":[0.0,-0.0,-0.0]},"firstperson_lefthand":{"rotation":[0.0,-0.0,-0.0]},"fixed":{"rotation":[0.0,0.0,0.0]},"ground":{"rotation":[0.0,0.0,0.0]},"thirdperson_righthand":{"rotation":[0.0,0.0,0.0]},"gui":{"rotation":[-150.0,-45.0,180.0]}}}