{"textures":{"0":"modelengine:entity/magicduck","particle":"#0"},"elements":[{"from":[7.0,4.0,7.0],"to":[8.0,8.0,8.0],"faces":{"east":{"uv":[7.5,11.5,7.625,12.0],"tintindex":0,"rotation":0,"texture":"#0"},"south":{"uv":[7.875,11.5,8.0,12.0],"tintindex":0,"rotation":0,"texture":"#0"},"north":{"uv":[7.625,11.5,7.75,12.0],"tintindex":0,"rotation":0,"texture":"#0"},"west":{"uv":[7.75,11.5,7.875,12.0],"tintindex":0,"rotation":0,"texture":"#0"},"up":{"uv":[7.75,11.5,7.625,11.375],"tintindex":0,"rotation":0,"texture":"#0"},"down":{"uv":[7.875,11.375,7.75,11.5],"tintindex":0,"rotation":0,"texture":"#0"}}},{"from":[5.0,3.0,6.0],"to":[8.0,4.0,9.0],"faces":{"east":{"uv":[7.5,14.25,7.875,14.375],"tintindex":0,"rotation":0,"texture":"#0"},"south":{"uv":[8.625,14.25,9.0,14.375],"tintindex":0,"rotation":0,"texture":"#0"},"north":{"uv":[7.875,14.25,8.25,14.375],"tintindex":0,"rotation":0,"texture":"#0"},"west":{"uv":[8.25,14.25,8.625,14.375],"tintindex":0,"rotation":0,"texture":"#0"},"up":{"uv":[8.25,14.25,7.875,13.875],"tintindex":0,"rotation":0,"texture":"#0"},"down":{"uv":[8.625,13.875,8.25,14.25],"tintindex":0,"rotation":0,"texture":"#0"}}}],"display":{"head":{"rotation":[0.0,0.0,0.0]},"firstperson_righthand":{"rotation":[0.0,0.0,0.0]},"thirdperson_lefthand":{"rotation":[0.0,-0.0,-0.0]},"firstperson_lefthand":{"rotation":[0.0,-0.0,-0.0]},"fixed":{"rotation":[0.0,0.0,0.0]},"ground":{"rotation":[0.0,0.0,0.0]},"thirdperson_righthand":{"rotation":[0.0,0.0,0.0]},"gui":{"rotation":[-150.0,-45.0,180.0]}}}