{"textures":{"0":"modelengine:entity/c7a3a337-4131-3909-97a7-f3f28e807662","particle":"#0"},"elements":[{"from":[9.1,5.8,20.3],"to":[9.3,10.1,21.6],"faces":{"east":{"uv":[12.75,4.875,12.875,5.375],"tintindex":0,"rotation":0,"texture":"#0"},"west":{"uv":[12.875,4.875,13.0,5.375],"tintindex":0,"rotation":0,"texture":"#0"}}},{"from":[6.7,5.8,20.3],"to":[6.9,10.0,21.6],"faces":{"east":{"uv":[9.5,12.75,9.625,13.25],"tintindex":0,"rotation":0,"texture":"#0"},"west":{"uv":[9.625,12.75,9.75,13.25],"tintindex":0,"rotation":0,"texture":"#0"}}},{"from":[6.8,10.0,20.0],"to":[9.2,11.299999,22.0],"faces":{"east":{"uv":[4.0,10.0,4.25,10.125],"tintindex":0,"rotation":0,"texture":"#0"},"south":{"uv":[4.75,10.0,5.0,10.125],"tintindex":0,"rotation":0,"texture":"#0"},"north":{"uv":[4.25,10.0,4.5,10.125],"tintindex":0,"rotation":0,"texture":"#0"},"west":{"uv":[4.5,10.0,4.75,10.125],"tintindex":0,"rotation":0,"texture":"#0"},"up":{"uv":[4.5,10.0,4.25,9.75],"tintindex":0,"rotation":0,"texture":"#0"},"down":{"uv":[4.75,9.75,4.5,10.0],"tintindex":0,"rotation":0,"texture":"#0"}}}],"display":{"head":{"rotation":[0.0,0.0,0.0]},"firstperson_righthand":{"rotation":[0.0,0.0,0.0]},"thirdperson_lefthand":{"rotation":[0.0,-0.0,-0.0]},"firstperson_lefthand":{"rotation":[0.0,-0.0,-0.0]},"fixed":{"rotation":[0.0,0.0,0.0]},"ground":{"rotation":[0.0,0.0,0.0]},"thirdperson_righthand":{"rotation":[0.0,0.0,0.0]},"gui":{"rotation":[-150.0,-45.0,180.0]}}}