{"display":{"head":{},"firstperson_righthand":{},"thirdperson_lefthand":{},"firstperson_lefthand":{},"fixed":{},"ground":{},"thirdperson_righthand":{},"gui":{"rotation":[-150.0,-45.0,180.0]}},"elements":[{"from":[12.0,13.65,8.45],"to":[4.0,6.6499996,4.45],"faces":{"east":{"uv":[10.015,7.515,10.985,9.235],"texture":"#0","tintindex":0},"south":{"uv":[8.015,7.015,9.985,8.735],"texture":"#0","tintindex":0},"north":{"uv":[6.015,8.015,7.985,9.735],"texture":"#0","tintindex":0},"west":{"uv":[8.015,10.015,8.985,11.735],"texture":"#0","tintindex":0},"up":{"uv":[11.985,2.985,10.015,2.015],"texture":"#0","tintindex":0},"down":{"uv":[11.985,3.015,10.015,3.985],"texture":"#0","tintindex":0}}},{"from":[7.0,7.6499996,7.55],"to":[9.0,13.65,8.55],"faces":{"east":{"uv":[7.75,12.75,8.0,14.25],"texture":"#0","tintindex":0},"south":{"uv":[12.5,3.0,13.0,4.5],"texture":"#0","tintindex":0},"north":{"uv":[12.5,1.5,13.0,3.0],"texture":"#0","tintindex":0},"west":{"uv":[12.75,8.75,13.0,10.25],"texture":"#0","tintindex":0},"up":{"uv":[13.5,10.25,13.0,10.0],"texture":"#0","tintindex":0},"down":{"uv":[13.5,12.25,13.0,12.5],"texture":"#0","tintindex":0}}},{"from":[3.0,5.6499996,6.45],"to":[13.0,15.65,6.45],"faces":{"south":{"uv":[10.0,0.0,0.0,10.0],"texture":"#1","tintindex":0},"north":{"uv":[0.0,0.0,10.0,10.0],"texture":"#1","tintindex":0}}},{"from":[4.0,6.6499996,4.45],"to":[12.0,13.65,8.45],"faces":{"east":{"uv":[10.015,4.015,10.985,5.735],"texture":"#0","tintindex":0},"south":{"uv":[8.015,5.265,9.985,6.985],"texture":"#0","tintindex":0},"north":{"uv":[8.015,3.515,9.985,5.235],"texture":"#0","tintindex":0},"west":{"uv":[10.015,5.765,10.985,7.485],"texture":"#0","tintindex":0},"up":{"uv":[5.985,10.735,4.015,9.765],"texture":"#0","tintindex":0},"down":{"uv":[7.985,9.765,6.015,10.735],"texture":"#0","tintindex":0}}}],"textures":{"particle":"#0","0":"modelengine:9b908a07-aca9-41fe-9f4b-b55ad21012a1","1":"modelengine:65719a85-1ae9-4509-a038-e23036d3cbda"}}