{"display":{"head":{},"firstperson_righthand":{},"thirdperson_lefthand":{},"firstperson_lefthand":{},"fixed":{},"ground":{},"thirdperson_righthand":{},"gui":{"rotation":[-150.0,-45.0,180.0]}},"elements":[{"from":[7.0,7.8086586,7.13806],"to":[9.0,10.808659,9.138061],"rotation":{"origin":[8.0,7.8086586,8.638061],"axis":"x","angle":-22.5},"faces":{"east":{"uv":[6.265,12.765,6.735,13.485],"texture":"#0","tintindex":0},"south":{"uv":[6.765,12.765,7.235,13.485],"texture":"#0","tintindex":0},"north":{"uv":[12.515,4.515,12.985,5.235],"texture":"#0","tintindex":0},"west":{"uv":[7.265,12.765,7.735,13.485],"texture":"#0","tintindex":0},"up":{"uv":[11.485,9.235,11.015,8.765],"texture":"#0","tintindex":0},"down":{"uv":[11.985,7.515,11.515,7.985],"texture":"#0","tintindex":0}}},{"from":[4.0,8.0,2.0],"to":[12.0,17.0,10.0],"faces":{"east":{"uv":[4.015,2.265,5.985,4.485],"texture":"#0","tintindex":0},"south":{"uv":[0.015,4.515,1.985,6.735],"texture":"#0","tintindex":0},"north":{"uv":[4.015,0.015,5.985,2.235],"texture":"#0","tintindex":0},"west":{"uv":[2.015,4.515,3.985,6.735],"texture":"#0","tintindex":0},"up":{"uv":[7.985,7.985,6.015,6.015],"texture":"#0","tintindex":0},"down":{"uv":[5.985,6.515,4.015,8.485],"texture":"#0","tintindex":0}}},{"from":[12.0,17.0,10.0],"to":[4.0,8.0,2.0],"faces":{"east":{"uv":[2.015,0.015,3.985,2.235],"texture":"#0","tintindex":0},"south":{"uv":[0.015,2.265,1.985,4.485],"texture":"#0","tintindex":0},"north":{"uv":[0.015,0.015,1.985,2.235],"texture":"#0","tintindex":0},"west":{"uv":[2.015,2.265,3.985,4.485],"texture":"#0","tintindex":0},"up":{"uv":[5.985,6.485,4.015,4.515],"texture":"#0","tintindex":0},"down":{"uv":[7.985,0.015,6.015,1.985],"texture":"#0","tintindex":0}}},{"from":[5.0,12.0,2.25],"to":[11.0,14.0,2.25],"faces":{"south":{"uv":[16.0,14.0,10.0,16.0],"texture":"#1","tintindex":0},"north":{"uv":[10.0,14.0,16.0,16.0],"texture":"#1","tintindex":0}}},{"from":[3.9,9.9625,1.9],"to":[12.1,17.1625,10.1],"faces":{"east":{"uv":[2.015,6.765,3.985,8.485],"texture":"#0","tintindex":0},"south":{"uv":[8.015,0.015,9.985,1.735],"texture":"#0","tintindex":0},"north":{"uv":[0.015,6.765,1.985,8.485],"texture":"#0","tintindex":0},"west":{"uv":[8.015,1.765,9.985,3.485],"texture":"#0","tintindex":0},"up":{"uv":[7.985,3.985,6.015,2.015],"texture":"#0","tintindex":0},"down":{"uv":[7.985,4.015,6.015,5.985],"texture":"#0","tintindex":0}}}],"textures":{"particle":"#0","0":"modelengine:9b908a07-aca9-41fe-9f4b-b55ad21012a1","1":"modelengine:65719a85-1ae9-4509-a038-e23036d3cbda"}}