{"display":{"head":{},"firstperson_righthand":{},"thirdperson_lefthand":{},"firstperson_lefthand":{},"fixed":{},"ground":{},"thirdperson_righthand":{},"gui":{"rotation":[-150.0,-45.0,180.0]}},"elements":[{"from":[4.0,7.0,6.0],"to":[12.0,12.0,10.0],"faces":{"east":{"uv":[2.015,10.765,2.985,11.985],"texture":"#0","tintindex":0},"south":{"uv":[2.015,8.515,3.985,9.735],"texture":"#0","tintindex":0},"north":{"uv":[0.015,8.515,1.985,9.735],"texture":"#0","tintindex":0},"west":{"uv":[3.015,10.765,3.985,11.985],"texture":"#0","tintindex":0},"up":{"uv":[1.985,10.735,0.015,9.765],"texture":"#0","tintindex":0},"down":{"uv":[3.985,9.765,2.015,10.735],"texture":"#0","tintindex":0}}},{"from":[7.0,7.0,9.1],"to":[9.0,13.0,10.1],"faces":{"east":{"uv":[12.5,12.75,12.75,14.25],"texture":"#0","tintindex":0},"south":{"uv":[12.5,11.25,13.0,12.75],"texture":"#0","tintindex":0},"north":{"uv":[11.0,12.5,11.5,14.0],"texture":"#0","tintindex":0},"west":{"uv":[12.75,12.75,13.0,14.25],"texture":"#0","tintindex":0},"up":{"uv":[13.5,12.75,13.0,12.5],"texture":"#0","tintindex":0},"down":{"uv":[13.5,12.75,13.0,13.0],"texture":"#0","tintindex":0}}},{"from":[12.0,12.0,10.0],"to":[4.0,7.0,6.0],"faces":{"east":{"uv":[4.015,10.765,4.985,11.985],"texture":"#0","tintindex":0},"south":{"uv":[8.015,8.765,9.985,9.985],"texture":"#0","tintindex":0},"north":{"uv":[4.015,8.515,5.985,9.735],"texture":"#0","tintindex":0},"west":{"uv":[5.015,10.765,5.985,11.985],"texture":"#0","tintindex":0},"up":{"uv":[11.985,0.985,10.015,0.015],"texture":"#0","tintindex":0},"down":{"uv":[11.985,1.015,10.015,1.985],"texture":"#0","tintindex":0}}}],"textures":{"particle":"#0","0":"modelengine:9b908a07-aca9-41fe-9f4b-b55ad21012a1"}}