{"display":{"head":{},"firstperson_righthand":{},"thirdperson_lefthand":{},"firstperson_lefthand":{},"fixed":{},"ground":{},"thirdperson_righthand":{},"gui":{"rotation":[-150.0,-45.0,180.0]}},"elements":[{"from":[9.995,8.495,8.6449995],"to":[6.005,5.505,3.6550002],"faces":{"east":{"uv":[11.515,6.765,12.735,7.485],"texture":"#0","tintindex":0},"south":{"uv":[12.515,0.765,13.485,1.485],"texture":"#0","tintindex":0},"north":{"uv":[12.515,0.015,13.485,0.735],"texture":"#0","tintindex":0},"west":{"uv":[11.515,10.515,12.735,11.235],"texture":"#0","tintindex":0},"up":{"uv":[0.985,11.985,0.015,10.765],"texture":"#0","tintindex":0},"down":{"uv":[1.985,10.765,1.015,11.985],"texture":"#0","tintindex":0}}},{"from":[6.005,5.505,3.6550002],"to":[9.995,8.495,8.6449995],"faces":{"east":{"uv":[11.015,8.015,12.235,8.735],"texture":"#0","tintindex":0},"south":{"uv":[12.015,5.265,12.985,5.985],"texture":"#0","tintindex":0},"north":{"uv":[11.765,9.765,12.735,10.485],"texture":"#0","tintindex":0},"west":{"uv":[11.515,6.015,12.735,6.735],"texture":"#0","tintindex":0},"up":{"uv":[9.985,11.735,9.015,10.515],"texture":"#0","tintindex":0},"down":{"uv":[10.985,10.515,10.015,11.735],"texture":"#0","tintindex":0}}}],"textures":{"particle":"#0","0":"modelengine:9b908a07-aca9-41fe-9f4b-b55ad21012a1"}}