{"display":{"head":{},"firstperson_righthand":{},"thirdperson_lefthand":{},"firstperson_lefthand":{},"fixed":{},"ground":{},"thirdperson_righthand":{},"gui":{"rotation":[-150.0,-45.0,180.0]}},"elements":[{"from":[6.996,0.996,6.996],"to":[9.004,8.004,9.004],"faces":{"east":{"uv":[5.5,12.0,6.0,13.75],"texture":"#0","tintindex":0},"south":{"uv":[12.0,11.25,12.5,13.0],"texture":"#0","tintindex":0},"north":{"uv":[5.0,12.0,5.5,13.75],"texture":"#0","tintindex":0},"west":{"uv":[12.25,7.5,12.75,9.25],"texture":"#0","tintindex":0},"up":{"uv":[13.5,7.5,13.0,7.0],"texture":"#0","tintindex":0},"down":{"uv":[13.5,7.5,13.0,8.0],"texture":"#0","tintindex":0}}}],"textures":{"particle":"#0","0":"modelengine:9b908a07-aca9-41fe-9f4b-b55ad21012a1"}}