{"display":{"head":{},"firstperson_righthand":{},"thirdperson_lefthand":{},"firstperson_lefthand":{},"fixed":{},"ground":{},"thirdperson_righthand":{},"gui":{"rotation":[-150.0,-45.0,180.0]}},"elements":[{"from":[8.0,2.0,7.0],"to":[10.0,9.0,9.0],"faces":{"east":{"uv":[12.0,3.5,12.5,5.25],"texture":"#0","tintindex":0},"south":{"uv":[4.0,12.0,4.5,13.75],"texture":"#0","tintindex":0},"north":{"uv":[3.5,12.0,4.0,13.75],"texture":"#0","tintindex":0},"west":{"uv":[4.5,12.0,5.0,13.75],"texture":"#0","tintindex":0},"up":{"uv":[13.5,6.5,13.0,6.0],"texture":"#0","tintindex":0},"down":{"uv":[13.5,6.5,13.0,7.0],"texture":"#0","tintindex":0}}}],"textures":{"particle":"#0","0":"modelengine:9b908a07-aca9-41fe-9f4b-b55ad21012a1"}}