{"display":{"head":{},"firstperson_righthand":{},"thirdperson_lefthand":{},"firstperson_lefthand":{},"fixed":{},"ground":{},"thirdperson_righthand":{},"gui":{"rotation":[-150.0,-45.0,180.0]}},"elements":[{"from":[5.0,6.0750523,4.345351],"to":[11.0,7.0750523,11.595351],"rotation":{"origin":[8.0,-0.5,5.25],"axis":"x","angle":-22.5},"faces":{"east":{"uv":[7.0,2.5,8.75,2.75],"texture":"#0","tintindex":0},"south":{"uv":[7.25,6.75,8.75,7.0],"texture":"#0","tintindex":0},"north":{"uv":[7.25,6.5,8.75,6.75],"texture":"#0","tintindex":0},"west":{"uv":[7.0,2.75,8.75,3.0],"texture":"#0","tintindex":0},"up":{"uv":[5.5,1.75,4.0,0.0],"texture":"#0","tintindex":0},"down":{"uv":[5.5,1.75,4.0,3.5],"texture":"#0","tintindex":0}}}],"textures":{"particle":"#0","0":"modelengine:9eed3503-23fd-4f6f-b853-694bfa7100f9"}}