{"display":{"head":{},"firstperson_righthand":{},"thirdperson_lefthand":{},"firstperson_lefthand":{},"fixed":{},"ground":{},"thirdperson_righthand":{},"gui":{"rotation":[-150.0,-45.0,180.0]}},"elements":[{"from":[7.0,-3.5,7.0],"to":[9.0,8.5,9.0],"faces":{"east":{"uv":[3.5,5.5,4.0,8.5],"texture":"#0","tintindex":0},"south":{"uv":[5.5,4.5,6.0,7.5],"texture":"#0","tintindex":0},"north":{"uv":[3.0,5.5,3.5,8.5],"texture":"#0","tintindex":0},"west":{"uv":[6.0,0.0,6.5,3.0],"texture":"#0","tintindex":0},"up":{"uv":[4.5,8.5,4.0,8.0],"texture":"#0","tintindex":0},"down":{"uv":[5.0,8.0,4.5,8.5],"texture":"#0","tintindex":0}}}],"textures":{"particle":"#0","0":"modelengine:9eed3503-23fd-4f6f-b853-694bfa7100f9"}}