{"display":{"head":{},"firstperson_righthand":{},"thirdperson_lefthand":{},"firstperson_lefthand":{},"fixed":{},"ground":{},"thirdperson_righthand":{},"gui":{"rotation":[-150.0,-45.0,180.0]}},"elements":[{"from":[7.0,0.21297026,6.90969],"to":[9.4,4.7129703,9.30969],"faces":{"east":{"uv":[2.0,9.5,2.5,10.5],"texture":"#0","tintindex":0},"south":{"uv":[3.5,9.5,4.0,10.5],"texture":"#0","tintindex":0},"north":{"uv":[2.5,9.5,3.0,10.5],"texture":"#0","tintindex":0},"west":{"uv":[3.0,9.5,3.5,10.5],"texture":"#0","tintindex":0},"up":{"uv":[3.0,9.5,2.5,9.0],"texture":"#0","tintindex":0},"down":{"uv":[3.5,9.0,3.0,9.5],"texture":"#0","tintindex":0}}}],"textures":{"particle":"#0","0":"modelengine:5bf43dd0-d146-48d4-9b95-24cacb6e8b72"}}