{"display":{"head":{},"firstperson_righthand":{},"thirdperson_lefthand":{},"firstperson_lefthand":{},"fixed":{},"ground":{},"thirdperson_righthand":{},"gui":{"rotation":[-150.0,-45.0,180.0]}},"elements":[{"from":[4.0,8.0,-2.0],"to":[14.0,24.0,16.0],"faces":{"east":{"uv":[-5.25,0.5,-0.75,4.5],"texture":"#0","tintindex":0},"south":{"uv":[6.25,0.5,8.75,4.5],"texture":"#0","tintindex":0},"north":{"uv":[-0.75,0.5,1.75,4.5],"texture":"#0","tintindex":0},"west":{"uv":[1.75,0.5,6.25,4.5],"texture":"#0","tintindex":0},"up":{"uv":[1.75,0.5,-0.75,-4.0],"texture":"#0","tintindex":0},"down":{"uv":[4.25,-4.0,1.75,0.5],"texture":"#0","tintindex":0}}}],"textures":{"particle":"#0","0":"modelengine:5bf43dd0-d146-48d4-9b95-24cacb6e8b72"}}