{"display":{"head":{},"firstperson_righthand":{},"thirdperson_lefthand":{},"firstperson_lefthand":{},"fixed":{},"ground":{},"thirdperson_righthand":{},"gui":{"rotation":[-150.0,-45.0,180.0]}},"elements":[{"from":[7.0,4.0,6.6000004],"to":[9.4,8.7,9.0],"faces":{"east":{"uv":[4.0,9.5,4.5,10.5],"texture":"#0","tintindex":0},"south":{"uv":[5.5,9.5,6.0,10.5],"texture":"#0","tintindex":0},"north":{"uv":[4.5,9.5,5.0,10.5],"texture":"#0","tintindex":0},"west":{"uv":[5.0,9.5,5.5,10.5],"texture":"#0","tintindex":0},"up":{"uv":[5.0,9.5,4.5,9.0],"texture":"#0","tintindex":0},"down":{"uv":[5.5,9.0,5.0,9.5],"texture":"#0","tintindex":0}}}],"textures":{"particle":"#0","0":"modelengine:5bf43dd0-d146-48d4-9b95-24cacb6e8b72"}}