{"textures":{"0":"modelengine:entity/piggy","particle":"#0"},"elements":[{"from":[6.8999996,4.0,6.0],"to":[8.0,8.0,9.4],"faces":{"east":{"uv":[9.75,5.5,8.75,6.25],"tintindex":0,"rotation":270,"texture":"#0"},"south":{"uv":[9.5,6.25,10.5,6.5],"tintindex":0,"rotation":270,"texture":"#0"},"north":{"uv":[7.75,6.25,8.75,6.5],"tintindex":0,"rotation":90,"texture":"#0"},"west":{"uv":[8.75,6.25,7.75,5.5],"tintindex":0,"rotation":270,"texture":"#0"},"up":{"uv":[7.0,6.25,7.75,6.5],"tintindex":0,"rotation":270,"texture":"#0"},"down":{"uv":[8.75,6.25,9.5,6.5],"tintindex":0,"rotation":270,"texture":"#0"}}}],"display":{"head":{"rotation":[0.0,0.0,0.0]},"firstperson_righthand":{"rotation":[0.0,0.0,0.0]},"thirdperson_lefthand":{"rotation":[0.0,-0.0,-0.0]},"firstperson_lefthand":{"rotation":[0.0,-0.0,-0.0]},"fixed":{"rotation":[0.0,0.0,0.0]},"ground":{"rotation":[0.0,0.0,0.0]},"thirdperson_righthand":{"rotation":[0.0,0.0,0.0]},"gui":{"rotation":[-150.0,-45.0,180.0]}}}