{"display":{"head":{},"firstperson_righthand":{},"thirdperson_lefthand":{},"firstperson_lefthand":{},"fixed":{},"ground":{},"thirdperson_righthand":{},"gui":{"rotation":[-150.0,-45.0,180.0]}},"elements":[{"from":[7.5,7.7,6.0],"to":[11.5,8.799999,9.4],"faces":{"east":{"uv":[7.0,7.25,7.75,7.5],"texture":"#0","tintindex":0},"south":{"uv":[9.5,7.25,10.5,7.5],"texture":"#0","tintindex":0},"north":{"uv":[7.75,7.25,8.75,7.5],"texture":"#0","tintindex":0},"west":{"uv":[8.75,7.25,9.5,7.5],"texture":"#0","tintindex":0},"up":{"uv":[8.75,7.25,7.75,6.5],"texture":"#0","tintindex":0},"down":{"uv":[9.75,6.5,8.75,7.25],"texture":"#0","tintindex":0}}}],"textures":{"particle":"#0","0":"modelengine:5bf43dd0-d146-48d4-9b95-24cacb6e8b72"}}