{"textures":{"0":"modelengine:entity/777","particle":"#0"},"elements":[{"from":[9.0,9.0,13.0],"to":[10.0,10.0,14.0],"faces":{"east":{"uv":[1.5,6.875,1.625,7.0],"tintindex":0,"rotation":0,"texture":"#0"},"south":{"uv":[1.875,6.875,2.0,7.0],"tintindex":0,"rotation":0,"texture":"#0"},"north":{"uv":[1.625,6.875,1.75,7.0],"tintindex":0,"rotation":0,"texture":"#0"},"west":{"uv":[1.75,6.875,1.875,7.0],"tintindex":0,"rotation":0,"texture":"#0"},"up":{"uv":[1.75,6.875,1.625,6.75],"tintindex":0,"rotation":0,"texture":"#0"},"down":{"uv":[1.875,6.75,1.75,6.875],"tintindex":0,"rotation":0,"texture":"#0"}}},{"from":[6.0,8.0,12.0],"to":[10.0,9.0,13.0],"faces":{"east":{"uv":[5.5,2.875,5.625,3.0],"tintindex":0,"rotation":0,"texture":"#0"},"south":{"uv":[6.25,2.875,6.75,3.0],"tintindex":0,"rotation":0,"texture":"#0"},"north":{"uv":[5.625,2.875,6.125,3.0],"tintindex":0,"rotation":0,"texture":"#0"},"west":{"uv":[6.125,2.875,6.25,3.0],"tintindex":0,"rotation":0,"texture":"#0"},"up":{"uv":[6.125,2.875,5.625,2.75],"tintindex":0,"rotation":0,"texture":"#0"},"down":{"uv":[6.625,2.75,6.125,2.875],"tintindex":0,"rotation":0,"texture":"#0"}}},{"from":[9.0,9.0,16.0],"to":[10.0,10.0,17.0],"faces":{"east":{"uv":[5.0,1.625,5.125,1.75],"tintindex":0,"rotation":0,"texture":"#0"},"south":{"uv":[5.375,1.625,5.5,1.75],"tintindex":0,"rotation":0,"texture":"#0"},"north":{"uv":[5.125,1.625,5.25,1.75],"tintindex":0,"rotation":0,"texture":"#0"},"west":{"uv":[5.25,1.625,5.375,1.75],"tintindex":0,"rotation":0,"texture":"#0"},"up":{"uv":[5.25,1.625,5.125,1.5],"tintindex":0,"rotation":0,"texture":"#0"},"down":{"uv":[5.375,1.5,5.25,1.625],"tintindex":0,"rotation":0,"texture":"#0"}}},{"from":[9.0,8.0,13.0],"to":[10.0,9.0,14.0],"faces":{"east":{"uv":[5.0,0.125,5.125,0.25],"tintindex":0,"rotation":0,"texture":"#0"},"south":{"uv":[5.375,0.125,5.5,0.25],"tintindex":0,"rotation":0,"texture":"#0"},"north":{"uv":[5.125,0.125,5.25,0.25],"tintindex":0,"rotation":0,"texture":"#0"},"west":{"uv":[5.25,0.125,5.375,0.25],"tintindex":0,"rotation":0,"texture":"#0"},"up":{"uv":[5.25,0.125,5.125,0.0],"tintindex":0,"rotation":0,"texture":"#0"},"down":{"uv":[5.375,0.0,5.25,0.125],"tintindex":0,"rotation":0,"texture":"#0"}}},{"from":[6.0,8.0,17.0],"to":[10.0,9.0,18.0],"faces":{"east":{"uv":[6.5,6.75,6.625,6.875],"tintindex":0,"rotation":0,"texture":"#0"},"south":{"uv":[7.25,6.75,7.75,6.875],"tintindex":0,"rotation":0,"texture":"#0"},"north":{"uv":[6.625,6.75,7.125,6.875],"tintindex":0,"rotation":0,"texture":"#0"},"west":{"uv":[7.125,6.75,7.25,6.875],"tintindex":0,"rotation":0,"texture":"#0"},"up":{"uv":[7.125,6.75,6.625,6.625],"tintindex":0,"rotation":0,"texture":"#0"},"down":{"uv":[7.625,6.625,7.125,6.75],"tintindex":0,"rotation":0,"texture":"#0"}}},{"from":[6.0,8.0,16.0],"to":[7.0,9.0,17.0],"faces":{"east":{"uv":[5.0,0.875,5.125,1.0],"tintindex":0,"rotation":0,"texture":"#0"},"south":{"uv":[5.375,0.875,5.5,1.0],"tintindex":0,"rotation":0,"texture":"#0"},"north":{"uv":[5.125,0.875,5.25,1.0],"tintindex":0,"rotation":0,"texture":"#0"},"west":{"uv":[5.25,0.875,5.375,1.0],"tintindex":0,"rotation":0,"texture":"#0"},"up":{"uv":[5.25,0.875,5.125,0.75],"tintindex":0,"rotation":0,"texture":"#0"},"down":{"uv":[5.375,0.75,5.25,0.875],"tintindex":0,"rotation":0,"texture":"#0"}}},{"from":[6.0,9.0,12.0],"to":[7.0,10.0,13.0],"faces":{"east":{"uv":[5.0,1.375,5.125,1.5],"tintindex":0,"rotation":0,"texture":"#0"},"south":{"uv":[5.375,1.375,5.5,1.5],"tintindex":0,"rotation":0,"texture":"#0"},"north":{"uv":[5.125,1.375,5.25,1.5],"tintindex":0,"rotation":0,"texture":"#0"},"west":{"uv":[5.25,1.375,5.375,1.5],"tintindex":0,"rotation":0,"texture":"#0"},"up":{"uv":[5.25,1.375,5.125,1.25],"tintindex":0,"rotation":0,"texture":"#0"},"down":{"uv":[5.375,1.25,5.25,1.375],"tintindex":0,"rotation":0,"texture":"#0"}}},{"from":[6.0,8.0,13.0],"to":[7.0,9.0,14.0],"faces":{"east":{"uv":[5.0,0.375,5.125,0.5],"tintindex":0,"rotation":0,"texture":"#0"},"south":{"uv":[5.375,0.375,5.5,0.5],"tintindex":0,"rotation":0,"texture":"#0"},"north":{"uv":[5.125,0.375,5.25,0.5],"tintindex":0,"rotation":0,"texture":"#0"},"west":{"uv":[5.25,0.375,5.375,0.5],"tintindex":0,"rotation":0,"texture":"#0"},"up":{"uv":[5.25,0.375,5.125,0.25],"tintindex":0,"rotation":0,"texture":"#0"},"down":{"uv":[5.375,0.25,5.25,0.375],"tintindex":0,"rotation":0,"texture":"#0"}}},{"from":[6.0,9.0,17.0],"to":[7.0,10.0,18.0],"faces":{"east":{"uv":[5.0,1.125,5.125,1.25],"tintindex":0,"rotation":0,"texture":"#0"},"south":{"uv":[5.375,1.125,5.5,1.25],"tintindex":0,"rotation":0,"texture":"#0"},"north":{"uv":[5.125,1.125,5.25,1.25],"tintindex":0,"rotation":0,"texture":"#0"},"west":{"uv":[5.25,1.125,5.375,1.25],"tintindex":0,"rotation":0,"texture":"#0"},"up":{"uv":[5.25,1.125,5.125,1.0],"tintindex":0,"rotation":0,"texture":"#0"},"down":{"uv":[5.375,1.0,5.25,1.125],"tintindex":0,"rotation":0,"texture":"#0"}}},{"from":[9.0,8.0,16.0],"to":[10.0,9.0,17.0],"faces":{"east":{"uv":[5.0,0.625,5.125,0.75],"tintindex":0,"rotation":0,"texture":"#0"},"south":{"uv":[5.375,0.625,5.5,0.75],"tintindex":0,"rotation":0,"texture":"#0"},"north":{"uv":[5.125,0.625,5.25,0.75],"tintindex":0,"rotation":0,"texture":"#0"},"west":{"uv":[5.25,0.625,5.375,0.75],"tintindex":0,"rotation":0,"texture":"#0"},"up":{"uv":[5.25,0.625,5.125,0.5],"tintindex":0,"rotation":0,"texture":"#0"},"down":{"uv":[5.375,0.5,5.25,0.625],"tintindex":0,"rotation":0,"texture":"#0"}}}],"display":{"head":{"rotation":[0.0,0.0,0.0]},"firstperson_righthand":{"rotation":[0.0,0.0,0.0]},"thirdperson_lefthand":{"rotation":[0.0,-0.0,-0.0]},"firstperson_lefthand":{"rotation":[0.0,-0.0,-0.0]},"fixed":{"rotation":[0.0,0.0,0.0]},"ground":{"rotation":[0.0,0.0,0.0]},"thirdperson_righthand":{"rotation":[0.0,0.0,0.0]},"gui":{"rotation":[-150.0,-45.0,180.0]}}}