{"textures":{"0":"modelengine:entity/252c0c45-8f5d-3cb6-8f7a-f9e4de102b21","particle":"#0"},"elements":[{"from":[-0.5,-2.800003,6.0],"to":[17.5,-0.80000305,8.0],"faces":{"east":{"uv":[9.75,7.125,9.875,7.25],"tintindex":0,"rotation":0,"texture":"#0"},"south":{"uv":[8.5625,1.75,9.6875,1.875],"tintindex":0,"rotation":0,"texture":"#0"},"north":{"uv":[8.5625,1.625,9.6875,1.75],"tintindex":0,"rotation":0,"texture":"#0"},"west":{"uv":[9.75,7.25,9.875,7.375],"tintindex":0,"rotation":0,"texture":"#0"},"up":{"uv":[9.6875,2.0,8.5625,1.875],"tintindex":0,"rotation":0,"texture":"#0"},"down":{"uv":[9.6875,2.0,8.5625,2.125],"tintindex":0,"rotation":0,"texture":"#0"}}},{"from":[-2.5,17.199997,6.0],"to":[19.5,19.199997,8.0],"faces":{"east":{"uv":[7.9375,9.75,8.0625,9.875],"tintindex":0,"rotation":0,"texture":"#0"},"south":{"uv":[3.0,6.75,4.375,6.875],"tintindex":0,"rotation":0,"texture":"#0"},"north":{"uv":[4.625,3.75,6.0,3.875],"tintindex":0,"rotation":0,"texture":"#0"},"west":{"uv":[8.0625,9.75,8.1875,9.875],"tintindex":0,"rotation":0,"texture":"#0"},"up":{"uv":[9.5625,6.0,8.1875,5.875],"tintindex":0,"rotation":0,"texture":"#0"},"down":{"uv":[9.5625,6.0,8.1875,6.125],"tintindex":0,"rotation":0,"texture":"#0"}}},{"from":[17.5,-2.800003,6.0],"to":[19.5,17.199997,8.0],"faces":{"east":{"uv":[5.3125,8.5625,5.4375,9.8125],"tintindex":0,"rotation":0,"texture":"#0"},"south":{"uv":[5.4375,8.5625,5.5625,9.8125],"tintindex":0,"rotation":0,"texture":"#0"},"north":{"uv":[4.375,5.5625,4.5,6.8125],"tintindex":0,"rotation":0,"texture":"#0"},"west":{"uv":[5.5625,8.5625,5.6875,9.8125],"tintindex":0,"rotation":0,"texture":"#0"},"up":{"uv":[9.875,7.5,9.75,7.375],"tintindex":0,"rotation":0,"texture":"#0"},"down":{"uv":[9.875,7.5,9.75,7.625],"tintindex":0,"rotation":0,"texture":"#0"}}},{"from":[-2.5,-2.800003,6.0],"to":[-0.5,17.199997,8.0],"faces":{"east":{"uv":[5.8125,8.5625,5.9375,9.8125],"tintindex":0,"rotation":0,"texture":"#0"},"south":{"uv":[5.9375,8.5625,6.0625,9.8125],"tintindex":0,"rotation":0,"texture":"#0"},"north":{"uv":[5.6875,8.5625,5.8125,9.8125],"tintindex":0,"rotation":0,"texture":"#0"},"west":{"uv":[8.5625,8.1875,8.6875,9.4375],"tintindex":0,"rotation":0,"texture":"#0"},"up":{"uv":[8.3125,9.875,8.1875,9.75],"tintindex":0,"rotation":0,"texture":"#0"},"down":{"uv":[9.875,8.1875,9.75,8.3125],"tintindex":0,"rotation":0,"texture":"#0"}}}],"display":{"head":{"rotation":[0.0,0.0,0.0]},"firstperson_righthand":{"rotation":[0.0,0.0,0.0]},"thirdperson_lefthand":{"rotation":[0.0,-0.0,-0.0]},"firstperson_lefthand":{"rotation":[0.0,-0.0,-0.0]},"fixed":{"rotation":[0.0,0.0,0.0]},"ground":{"rotation":[0.0,0.0,0.0]},"thirdperson_righthand":{"rotation":[0.0,0.0,0.0]},"gui":{"rotation":[-150.0,-45.0,180.0]}}}