{"textures":{"0":"modelengine:entity/252c0c45-8f5d-3cb6-8f7a-f9e4de102b21","particle":"#0"},"elements":[{"from":[6.0,-9.0,-5.0],"to":[10.0,10.0,20.0],"faces":{"east":{"uv":[6.0625,0.0,7.625,1.1875],"tintindex":0,"rotation":0,"texture":"#0"},"south":{"uv":[2.3125,8.1875,2.5625,9.375],"tintindex":0,"rotation":0,"texture":"#0"},"north":{"uv":[4.125,5.5625,4.375,6.75],"tintindex":0,"rotation":0,"texture":"#0"},"west":{"uv":[6.0625,3.0,7.625,4.1875],"tintindex":0,"rotation":0,"texture":"#0"},"up":{"uv":[1.625,9.25,1.375,7.6875],"tintindex":0,"rotation":0,"texture":"#0"},"down":{"uv":[1.875,7.6875,1.625,9.25],"tintindex":0,"rotation":0,"texture":"#0"}}}],"display":{"head":{"rotation":[0.0,0.0,0.0]},"firstperson_righthand":{"rotation":[0.0,0.0,0.0]},"thirdperson_lefthand":{"rotation":[0.0,-0.0,-0.0]},"firstperson_lefthand":{"rotation":[0.0,-0.0,-0.0]},"fixed":{"rotation":[0.0,0.0,0.0]},"ground":{"rotation":[0.0,0.0,0.0]},"thirdperson_righthand":{"rotation":[0.0,0.0,0.0]},"gui":{"rotation":[-150.0,-45.0,180.0]}}}