{"textures":{"0":"modelengine:entity/252c0c45-8f5d-3cb6-8f7a-f9e4de102b21","particle":"#0"},"elements":[{"from":[6.0,-7.0,7.0],"to":[11.0,7.0,12.0],"faces":{"east":{"uv":[7.625,8.1875,7.9375,9.0625],"tintindex":0,"rotation":0,"texture":"#0"},"south":{"uv":[7.9375,8.1875,8.25,9.0625],"tintindex":0,"rotation":0,"texture":"#0"},"north":{"uv":[7.3125,8.1875,7.625,9.0625],"tintindex":0,"rotation":0,"texture":"#0"},"west":{"uv":[8.25,8.1875,8.5625,9.0625],"tintindex":0,"rotation":0,"texture":"#0"},"up":{"uv":[4.5625,9.6875,4.25,9.375],"tintindex":0,"rotation":0,"texture":"#0"},"down":{"uv":[4.875,9.375,4.5625,9.6875],"tintindex":0,"rotation":0,"texture":"#0"}}},{"from":[4.0,-10.0,2.0],"to":[13.0,-7.0,14.0],"faces":{"east":{"uv":[8.75,3.875,9.5,4.0625],"tintindex":0,"rotation":0,"texture":"#0"},"south":{"uv":[9.25,1.375,9.8125,1.5625],"tintindex":0,"rotation":0,"texture":"#0"},"north":{"uv":[4.25,9.1875,4.8125,9.375],"tintindex":0,"rotation":0,"texture":"#0"},"west":{"uv":[8.8125,7.125,9.5625,7.3125],"tintindex":0,"rotation":0,"texture":"#0"},"up":{"uv":[6.0,3.75,5.4375,3.0],"tintindex":0,"rotation":0,"texture":"#0"},"down":{"uv":[4.8125,7.5625,4.25,8.3125],"tintindex":0,"rotation":0,"texture":"#0"}}}],"display":{"head":{"rotation":[0.0,0.0,0.0]},"firstperson_righthand":{"rotation":[0.0,0.0,0.0]},"thirdperson_lefthand":{"rotation":[0.0,-0.0,-0.0]},"firstperson_lefthand":{"rotation":[0.0,-0.0,-0.0]},"fixed":{"rotation":[0.0,0.0,0.0]},"ground":{"rotation":[0.0,0.0,0.0]},"thirdperson_righthand":{"rotation":[0.0,0.0,0.0]},"gui":{"rotation":[-150.0,-45.0,180.0]}}}