{"textures":{"0":"modelengine:entity/252c0c45-8f5d-3cb6-8f7a-f9e4de102b21","particle":"#0"},"elements":[{"from":[3.0,6.0,3.0],"to":[13.0,8.0,8.0],"faces":{"east":{"uv":[12.09375,7.625,12.21875,7.75],"tintindex":0,"rotation":0,"texture":"#0"},"south":{"uv":[0.0,0.0,0.125,0.125],"tintindex":0,"rotation":0,"texture":"#0"},"north":{"uv":[12.9375,8.125,14.28125,9.34375],"tintindex":0,"rotation":0,"texture":"#0"},"west":{"uv":[2.9375,10.96875,3.0625,11.09375],"tintindex":0,"rotation":0,"texture":"#0"},"up":{"uv":[0.96875,10.9375,2.1875,12.3125],"tintindex":0,"rotation":0,"texture":"#0"},"down":{"uv":[0.0,0.0,0.125,0.125],"tintindex":0,"rotation":0,"texture":"#0"}}}],"display":{"head":{"rotation":[0.0,0.0,0.0]},"firstperson_righthand":{"rotation":[0.0,0.0,0.0]},"thirdperson_lefthand":{"rotation":[0.0,-0.0,-0.0]},"firstperson_lefthand":{"rotation":[0.0,-0.0,-0.0]},"fixed":{"rotation":[0.0,0.0,0.0]},"ground":{"rotation":[0.0,0.0,0.0]},"thirdperson_righthand":{"rotation":[0.0,0.0,0.0]},"gui":{"rotation":[-150.0,-45.0,180.0]}}}