{"providers":[{"type":"space","advances":{" ":4}},{"type":"bitmap","file":"betterhealthbar:default_layout/text/6/1.png","ascent":-8172,"height":11,"chars":["|¦̦│┃＇｜"]},{"type":"bitmap","file":"betterhealthbar:default_layout/text/6/2.png","ascent":-8172,"height":11,"chars":["'l·ļ˙˛̨′『・ㅣ"]},{"type":"bitmap","file":"betterhealthbar:default_layout/text/6/3.png","ascent":-8172,"height":11,"chars":["!,1:;`¡´¸ĺː̧̀́̇̊"]},{"type":"bitmap","file":"betterhealthbar:default_layout/text/6/4.png","ascent":-8172,"height":11,"chars":["‘’∶♩ㆍ！．１：｀ｌ"]},{"type":"bitmap","file":"betterhealthbar:default_layout/text/6/5.png","ascent":-8172,"height":11,"chars":["().[]ij¯¹ìíîĩĭįı","˚̂̄̆̏Ι‖₁₃ⅰ、。【〔〕（"]},{"type":"bitmap","file":"betterhealthbar:default_layout/text/6/6.png","ascent":-8172,"height":11,"chars":["），；［］ｉｊ"]},{"type":"bitmap","file":"betterhealthbar:default_layout/text/6/7.png","ascent":-8172,"height":11,"chars":["\"?It{}¨°²³¿ÌÍÎÏï","ĨĪīĬĮİĵľţſ̃̈̋̌ι₂","Ⅰ↑↓↕「」』】ㅏㅑㅓㅕ＂－？Ｉ"]},{"type":"bitmap","file":"betterhealthbar:default_layout/text/6/8.png","ascent":-8172,"height":11,"chars":["｛｝"]},{"type":"bitmap","file":"betterhealthbar:default_layout/text/6/9.png","ascent":-8172,"height":11,"chars":["-Jfs~­Ĵŀłśŝşšŧ˜˝","εз‐–“″⁴₄ℓ∫∮∼♭〃〜ぅ"]},{"type":"bitmap","file":"betterhealthbar:default_layout/text/6/10.png","ascent":-8172,"height":11,"chars":["くィトａｆｓｔ～"]},{"type":"bitmap","file":"betterhealthbar:default_layout/text/6/11.png","ascent":-8172,"height":11,"chars":["/5=cerz¢ª«¬º»×çè","éêëćĉċčēĕėęěŕŗřź","żžˇ˘δζξτгстэ”ⅴⅹ∂","≠≪≫⌒♪〈〉ょりミリㅐㅒㅿㆎ／","３５＜＝＞Ｊ＾＿ｃｅｈｋｒｖｘｙ"]},{"type":"bitmap","file":"betterhealthbar:default_layout/text/6/12.png","ascent":-8172,"height":11,"chars":["ｚ￠￢"]},{"type":"bitmap","file":"betterhealthbar:default_layout/text/6/13.png","ascent":-8172,"height":11,"chars":["$*+36<>FS^_abdgh","kvxy£§®±àáâãäå÷ý","ÿāăąĝğġģĥķĸŚŜŞŠť","ŷΓνοπρυГЗабвеоух","чьяё†‡‥ⁿÅⅱ∴┌┍┐┑└","┕┘┙├┝┤┥♂《》うぇぐとゥノ"]},{"type":"bitmap","file":"betterhealthbar:default_layout/text/6/14.png","ascent":-8172,"height":11,"chars":["メヵ＄＊＋８Ｓｂｄｇ￡"]},{"type":"bitmap","file":"betterhealthbar:default_layout/text/6/15.png","ascent":-8172,"height":11,"chars":["024789BELPnopquµ","¶ÈÉÊËÞßðñòóôõöøù","úûüþđĒĔĖĘĚħĳĹĻĽĿ","ŁńņňŋōŏőũūŭůűųΒΔ","ΕΖΞΡΣΤΦαβγκλμσЁБ","ВЕРСТУЧЬЭЯдийклн","прц∃∇∑∩∪≒≡≤≥┎┏┒┓","┖┗┚┛┞┟┠┡┢┣┦┧┨┩┪┫","ぁぃぉきさまもよらるァォカクソッ","ドヒョヮヶㄱㄴㅁㅂㅅㅇㅊㅋㅌㅔㅖ","ㅱㅸㆁ＃０２４６７９ＢＥＦＬＰＺ"]},{"type":"bitmap","file":"betterhealthbar:default_layout/text/6/16.png","ascent":-8172,"height":11,"chars":["ｎｏｐｑｕ"]},{"type":"bitmap","file":"betterhealthbar:default_layout/text/6/17.png","ascent":-8172,"height":11,"chars":["#ARZÀÁÂÃÄÅĀĂĄŉŔŖ","ŘŹŻŽΩηθφωФъΩ∏∧∨∬","∵♀♬しじっゅろゎイタヌフュラレ"]},{"type":"bitmap","file":"betterhealthbar:default_layout/text/6/18.png","ascent":-8172,"height":11,"chars":["ヲㄷㄹㅈㅎＣＲ"]},{"type":"bitmap","file":"betterhealthbar:default_layout/text/6/19.png","ascent":-8172,"height":11,"chars":["CDTw¤¼ÇÐĆĈĊČĎďĐŢ","ŤŦŵΑΗΘΚΛΝΟΠΥΧΨχψ","АДИЙКЛНОПХЦЪмыю※","™∀∠⊂⊃⊥■□▶▷♠♤あいえお","こそちぢどにはほゃをアウェオキギ","ケコシジスツテナネビピホマャヨロ","ワンㄲㄺㅆㅍㅬㆄㆆ니ＡＤＧＴＹｗ"]},{"type":"bitmap","file":"betterhealthbar:default_layout/text/6/20.png","ascent":-8172,"height":11,"chars":["&GKOVXY¥©½¾ÒÓÔÕÖ","ØÝæĜĞĠĢĲĶŌŎŐŶŸЖШ","Щжфшщ℉⅓⅛⅞ⅡⅩⅲ∈∋∝∞","⊆⊇▤▥▦▧▨▩◀◁♡♥ぎけざた","てなひゑんニヤㄻㄽㅃㅉㅧㅪㅮㅯㅰ","ㅲㅹㅺㅽ거겋겨깃깅너넌넛넝년녕닌","닛닝리멓밀밂빗심옇킹틱팀팃＆ＫＯ"]},{"type":"bitmap","file":"betterhealthbar:default_layout/text/6/21.png","ascent":-8172,"height":11,"chars":["Ｘ￥"]},{"type":"bitmap","file":"betterhealthbar:default_layout/text/6/22.png","ascent":-8172,"height":11,"chars":["텁텃텄텅텍텐텔템텝텟텡텨텼톈툉퉤","티틴틸팁팅퓜피픽핀필핌핍핏핑헐헒","혈횐횝훰훵휙휜휠휫흽힉힘힙힛힝％"]},{"type":"bitmap","file":"betterhealthbar:default_layout/text/6/23.png","ascent":-8172,"height":11,"chars":["＠ＨＮＱＵＶ＼ｍ"]},{"type":"bitmap","file":"betterhealthbar:default_layout/text/6/24.png","ascent":-8172,"height":11,"chars":["%@HNQUmÑÙÚÛÜĤĦŃŅ","ŇŊŨŪŬŮŰŲΜМЫЮ…℃⅔⅜","⅝Ⅴⅳⅵⅶ∽⋯①②③④⑤⑥⑦⑧⑨","⑩⑪⑫⑬⑭⑮ⓐⓑⓒⓓⓔⓕⓖⓗⓘⓙ","ⓚⓛⓜⓝⓞⓟⓠⓡⓢⓣⓤⓥⓦⓧⓨⓩ","▣▲△▼▽◆◇○●♣♧♨かげごす","ぞだつでぬねのびぴふぶぷへべぺみ","むめやゆれわゐエガグゲゴサズセゾ","ダチヂヅハブプヘベペムモユルヰヱ","ㄳㄵㄶㄸㄼㄾㅀㅄㅚㅝㅟㅢㅥㅦㅨㅭ","ㅳㅶㅷㆂㆃㆊ㉠㉡㉢㉣㉤㉥㉦㉧㉨㉩","㉪㉫㉬㉭㉮㉯㉰㉱㉲㉳㉴㉵㉶㉷㉸㉹","㉺㉻㏓㏛갊갠갤갯갱걘걜걱건걷걸걺","검겁것겄겅겆겉겐겔겟겡격겪견겯결","겸겹겻겼경곁곈곌곗기긱긴긷길긺김","깁깆깊깩깸깹깼꺽꺾껌껏껑껙껨꼇꾑"]},{"type":"bitmap","file":"betterhealthbar:default_layout/text/6/25.png","ascent":-8172,"height":11,"chars":["꿜끽낌낏낑낵낸낼냄냅냇냈냉넉넋널","넒넓넘넙넜넣넥넨넬넴넵넷넸넹녀녁","녈념녑녔녘녠닉닐닒님닙닢대댁댈댐","댑댓댔댕더덕덖덛덜덞덟덤덥덩덫덮","데덱델뎀뎁뎃뎄뎅뎌뎔뎠뎨디딕딘딛","딜딤딥딧딨딪때떤떼띈띕띠띤띳랑래","랙랜랠램랩랫랬랭량러럭런럴럼럽럿","렀렁렇레렉렌렐렘렙렛렝려력련렬렴","렵렷렸령례롄롑롓룀룅륄릭린릴림립","릿링매맥맬맴맵맷맸맹맺머멀멂멈멍","멕멤멥멧멨멩며멸몇몌묀묄뭣믹민믿","밈밉밋밌밍및밑배백밸뱀뱁뱄뱅뱉버","번벗베벡벧벨벰벱벳벴벵벼변볏볘뵉","붸비빅빈빌빎빔빕빙빚빛빼뻐뻑뻔뻗","뻘뻠뻣뻤뻥뻬뼈뼉뼘뼙뼛뼜뼝삐삑삔","삘삠삡삣삥색샘샙샛생섐섕서석섞섣"]},{"type":"bitmap","file":"betterhealthbar:default_layout/text/6/26.png","ascent":-8172,"height":11,"chars":["섯성섹셈셉셋셌셍셔셕셤셧셩솅쇤쇨","쉑쉥쉭쉼쉿슁식신싣십싯싱쌘썬썰썲","썽씐씔씬씰씻애액앤앨앰앱앳앴앵얘","얜얠얩어억언얹얻얼얽얾엄업없엇었","엉엊엌엎엑엔엘엠엡엣엥여역엮연열","엶엷염엽엾엿였영옅옆예옌옐옘옙옛","옜욀욋욍윔읜읠이익인일읽읾잃임입","잇있잉잊잎잰잴잽쟀쟨쟬저적절젊점","접젓정젖젠젤젭져졀졈졉졌졍죈쥑쥠","쥣지직짇짐집징짖짚째짹짼쨈쨋쨍쩌","쩍쩐쩔쩜쩟쩡쩨쩽쪄찌찍찐찔찜찡찧","채챈챌챕챗챘척천철첨첩첬체첸첼쳉","쳔쳤쳬쳰촁쵬쵱췰칙칟침칩칫칭캐캑","캠캡커컥컨컫컬컴컵컷컸컹케켁켐켕","켜켠켤켬켭켯켰켱켸쾰쿼퀀키킥킨킬","킴킵킷택탠탤탬탭탯탰탱터턱털턺텀"]},{"type":"bitmap","file":"betterhealthbar:default_layout/text/6/27.png","ascent":-8172,"height":11,"chars":["헤헥헨헬헴헵헷헹혀혁현혐협혓혔형","혜혠혤혭홰홱홴횃횅회획횔횟횡훠훤","훨훼훽휀휄휑휘휨휩휭희흰흴흼힁히"]},{"type":"bitmap","file":"betterhealthbar:default_layout/text/6/28.png","ascent":-8172,"height":11,"chars":["힌힐"]},{"type":"bitmap","file":"betterhealthbar:default_layout/text/6/29.png","ascent":-8172,"height":11,"chars":["\\œ₩℡ⅷⅸ√★☆☜☞〓がずせば","ぱぼぽザデバパボポヴㅻㅼㆅㆌ㎕㎘","㎡㎥㎧㎰㎲㎴㎵㎶㎷㎸㎹㎺㎻㎼㎽㎾","㎿㏃㏄㏏㏜가각갇감갑값갔갖같갚갛","개객갬갭갰갸갹걔겊게겜겝겠계곕괘","괜괠괩괬괭괴괵괸괼굄굅굇굉궈궉권","궐궜궝궤궷귀귁귄귈귐귑귓긔깍깎깜","깝깟깠깡깨깻깽꺅꺼껀껄껍껐께껜껫","껭껴껸껼꼈꼍꼐꽤꽥꽹꾀꾄꾈꾐꾕꿔","꿨꿩꿰꿱꿴꿸뀀뀁뀄뀌뀐뀔뀜뀝끼낀","낄낍난낫낭내냔냥네녜놨뇌뇐뇔뇜뇝","뇟눠눴눼뉘뉜뉠뉨뉩늬늰늴닥단닷당","댄던덧덴뎐뎡뎬돼됐되된될됨됩됫둬","뒀뒈뒝뒤뒨뒬뒵뒷뒹듸딩딸땀땁땃땄","땍땜땝땟땠땡떠떡떨떪떫떰떱떳떴떵","떻떽뗌뗍뗏뗐뗑뗘뗬뙈뙤뙨뛔뛰뛴뛸"]},{"type":"bitmap","file":"betterhealthbar:default_layout/text/6/30.png","ascent":-8172,"height":11,"chars":["뜀뜁뜅띄띌띔띨띰띱띵라락란랄람랍","랏랐랒랖랗랴략랸럇뢨뢰뢴뢸룁룃뤄","뤘뤠뤼뤽륀륌륏륑마만맨먀먹먼멉멋","멎메멘멜멱면몃몄명뫼묍묏묑뭐뭔뭘","뭡뭬뮈뮌뮐미바반밧밴뱃뱌뱐벅벋벌","벎범법벙벚벤벽별볍볐병볕볜봔봬뵀","뵈뵌뵐뵘뵙붜붤붰뷔뷕뷘뷜뷩빠빨빪","빰빱빴빻빽뺀뺌뺍뺏뺐뺑뺘뺨뼁뾔삯","산살삵삶삽샀샅새샌샐샜샨샬샵섀섄","섈섟선설섦섧섬섭섰섶세센셀션셜셥","셨셰셴셸쇄쇈쇌쇔쇗쇘쇠쇰쇱쇳숴쉈","쉐쉔쉘쉠쉬쉰쉴쉽시실싫싶쌀쌔쌕쌤","쌥쌨쌩써썩썸썹썼쎄쎈쐐쐤쐬쐰쐴쐼","쐽쒀쒔쒜쒸쒼씌씜씨씩씸씹씽아악안","앉않알앍앎앓암압앗았앙앝앞야약얀","얄얇얌얍얏양얕얗에왜왝왠왬왯왱외"]},{"type":"bitmap","file":"betterhealthbar:default_layout/text/6/31.png","ascent":-8172,"height":11,"chars":["왹왼욈욉워웍원월웜웝웠웡웨웩웬웰","웸웹웽위윅윈윌윕윗윙의읨읫자작잖","잗잠잡잣잤장잦재잭잼잿쟁쟉쟎쟘쟝","쟤전제젝젬젯젱젼졔좨좼좽죄죌죔죕","죗죙줘줬줴쥐쥔쥘쥡진질짊짓짙짜짠","짢짤짯짱쨉쨌쨔쨘쨩쩝쩠쪘쫴쬈쬐쬔","쬘쬠쬡쭤쭸쭹쮜찝찢차착참찹찼창찾","책챔챙챠챰챵처첫청첵쳄쳅쳇쳐최쵠","쵤쵭쵯춰췄췌췐취췬췸췹췻췽치친칠","칡카칼캔캘캣캤캥캬켄켈켑켓쾌쾡쾨","퀄퀑퀘퀭퀴퀵퀸퀼큄큅큇큉태턴테텬","톄퇘퇴퇸툇퉈퉜튀튁튄튈튐튑튕틔틘","틜틤틥패팩팬팰팸팹팻팼팽퍼퍽펀펄","펌펍펏펐펑페펙펜펠펨펩펫펭펴편펼","폄폅폈평폐폘폡폣푀푄풔풩퓌퓐퓔퓟","해핵핸핼햄햅햇했행허헉헌험헙헛헝"]},{"type":"bitmap","file":"betterhealthbar:default_layout/text/6/32.png","ascent":-8172,"height":11,"chars":["툰툴툼툽툿퉁튜튠튤튬튱트특튼튿틀","틂틈틉틋파팍팎판팔팖팜팝팟팠팡팥","퍄퍅포폭폰폴폼폽폿퐁퐈퐝표푠푤푭","푯푸푹푼푿풀풂품풉풋풍퓨퓬퓰퓸퓻","퓽프픈플픔픕픗하학한할핥함합핫항","햐향호혹혼홀홅홈홉홋홍홑화확환활","홧황효횬횰횹횻후훅훈훌훑훔훗훙휴","휵휸휼흄흇흉흐흑흔흖흗흘흙흠흡흣"]},{"type":"bitmap","file":"betterhealthbar:default_layout/text/6/33.png","ascent":-8172,"height":11,"chars":["흥흩Ｍ"]},{"type":"bitmap","file":"betterhealthbar:default_layout/text/6/34.png","ascent":-8172,"height":11,"chars":["굵굶굻굼굽굿궁궂규균귤그극근귿글","긁금급긋긍까깐깔깖깥깬깰꺄꺌꼬꼭","꼰꼲꼴꼼꼽꼿꽁꽂꽃꽈꽉꽐꽜꽝꾜꾸","꾹꾼꿀꿇꿈꿉꿋꿍꿎뀨끄끅끈끊끌끎","끓끔끕끗끙끝나낙낚낟날낡낢남납났","낮낯낱낳냐냑냘냠노녹논놀놂놈놉놋","농높놓놔놘놜뇨뇩뇬뇰뇹뇻뇽누눅눈","눋눌눔눕눗눙뉴뉵뉼늄늅늉느늑는늘","늙늚늠늡늣능늦늪다닦닫달닭닮닯닳","담답닸닺닻닿댜도독돈돋돌돎돐돔돕","돗동돛돝돠돤돨됴두둑둔둘둠둡둣둥","듀듄듈듐듕드득든듣들듦듬듭듯등따","딱딴땅땋땐땔뗀뗄또똑똔똘똥똬똴뚜","뚝뚠뚤뚫뚬뚱뜨뜩뜬뜯뜰뜸뜹뜻로록","론롤롬롭롯롱롸롼뢍료룐룔룝룟룡루","룩룬룰룸룹룻룽류륙륜률륨륩륫륭르"]},{"type":"bitmap","file":"betterhealthbar:default_layout/text/6/35.png","ascent":-8172,"height":11,"chars":["륵른를름릅릇릉릊릍릎막많맏말맑맒","맘맙맛망맞맡맣먁먈먕모목몫몬몰몲","몸몹못몽뫄뫈뫘뫙묘묜묠묩묫무묵묶","문묻물묽묾뭄뭅뭇뭉뭍뭏뮤뮨뮬뮴뮷","므믄믈믐믓박밖밗받발밝밞밟밤밥방","밭뱍뱝보복볶본볼봄봅봇봉봐봤뵤뵨","부북분붇불붉붊붐붑붓붕붙붚뷰뷴뷸","븀븃븅브븍븐블븜븝븟빡빤빳빵뺄뺙","뽀뽁뽄뽈뽐뽑뽕뾰뿅뿌뿍뿐뿔뿜뿟뿡","쀼쁑쁘쁜쁠쁨쁩사삭삳삼삿상샤샥샴","샷샹소속솎손솔솖솜솝솟송솥솨솩솬","솰솽쇼쇽숀숄숌숍숏숑수숙순숟술숨","숩숫숭숯숱숲슈슉슐슘슛슝스슥슨슬","슭슴습슷승싸싹싻싼쌈쌉쌌쌍쌓쌜썅","쎌쏀쏘쏙쏜쏟쏠쏢쏨쏩쏭쏴쏵쏸쐈쑈","쑤쑥쑨쑬쑴쑵쑹쓩쓰쓱쓴쓸쓺쓿씀씁"]},{"type":"bitmap","file":"betterhealthbar:default_layout/text/6/36.png","ascent":-8172,"height":11,"chars":["MWÆŒŴ—―‰№ⅢⅣⅥⅦⅧⅨ←","↔↖↗↘↙⇒⇔⊙⑴⑵⑶⑷⑸⑹⑺⑻","⑼⑽⑾⑿⒀⒁⒂⒜⒝⒞⒟⒠⒡⒢⒣⒤","⒥⒦⒧⒨⒩⒪⒫⒬⒭⒮⒯⒰⒱⒲⒳⒴","⒵─━┬┭┮┯┰┱┲┳┴┵┶┷┸","┹┺┻┼┽┾┿╀╁╂╃╄╅╆╇╈","╉╊╋▒◈◉◎◐◑☎☏ぜづゼㄿㅗ","ㅘㅙㅛㅜㅞㅠㅡㅩㅫㅴㅵㅾㆀㆇㆈㆉ","ㆋ㈀㈁㈂㈃㈄㈅㈆㈇㈈㈉㈊㈋㈌㈍㈎","㈏㈐㈑㈒㈓㈔㈕㈖㈗㈘㈙㈚㈛㈜㉿㎀","㎁㎂㎃㎄㎈㎉㎊㎋㎌㎍㎎㎏㎐㎑㎒㎓","㎔㎖㎗㎙㎚㎛㎜㎝㎞㎟㎠㎢㎣㎤㎦㎨","㎩㎪㎫㎬㎭㎮㎯㎱㎳㏀㏁㏂㏅㏆㏇㏈","㏉㏊㏐㏖㏘㏝간갈갉갓강갗갼걀걋걍","고곡곤곧골곪곬곯곰곱곳공곶과곽관","괄괆괌괍괏광교굔굘굡굣구국군굳굴"]},{"type":"bitmap","file":"betterhealthbar:default_layout/text/6/37.png","ascent":-8172,"height":11,"chars":["오옥온올옭옮옰옳옴옵옷옹옻와왁완","왈왐왑왓왔왕요욕욘욜욤욥욧용우욱","운울욹욺움웁웃웅유육윤율윰윱윳융","윷으윽은을읊음읍읏응읒읓읔읕읖읗","잔잘잚쟈쟌쟐조족존졸졺좀좁좃종좆","좇좋좌좍좔좝좟좡죠죡죤죵주죽준줄","줅줆줌줍줏중쥬쥰쥴쥼즈즉즌즐즘즙","즛증짝짧짬짭짰쨀쪼쪽쫀쫄쫌쫍쫏쫑","쫓쫘쫙쫠쫬쭁쭈쭉쭌쭐쭘쭙쭝쮸쯔쯤","쯧쯩찬찮찰찻챤챦챨초촉촌촐촘촙촛","총촤촨촬촹쵸춈추축춘출춤춥춧충츄","츈츌츔츙츠측츤츨츰츱츳층칵칸캄캅","캇캉캭컁코콕콘콜콤콥콧콩콰콱콴콸","쾀쾅쿄쿠쿡쿤쿨쿰쿱쿳쿵큐큔큘큠크","큭큰클큼큽킁타탁탄탈탉탐탑탓탔탕","탸턍토톡톤톨톰톱톳통톺톼퇀툐투툭"]},{"type":"bitmap","file":"betterhealthbar:default_layout/text/6/38.png","ascent":-8172,"height":11,"chars":["‾→Ｗ￣￦"]}]}