{"textures":{"0":"modelengine:entity/piggy","particle":"#0"},"elements":[{"from":[7.0,4.0,6.0],"to":[9.4,8.5,8.4],"faces":{"east":{"uv":[0.0,9.5,0.5,10.5],"tintindex":0,"rotation":0,"texture":"#0"},"south":{"uv":[1.5,9.5,2.0,10.5],"tintindex":0,"rotation":0,"texture":"#0"},"north":{"uv":[0.5,9.5,1.0,10.5],"tintindex":0,"rotation":0,"texture":"#0"},"west":{"uv":[1.0,9.5,1.5,10.5],"tintindex":0,"rotation":0,"texture":"#0"},"up":{"uv":[1.0,9.5,0.5,9.0],"tintindex":0,"rotation":0,"texture":"#0"},"down":{"uv":[1.5,9.0,1.0,9.5],"tintindex":0,"rotation":0,"texture":"#0"}}}],"display":{"head":{"rotation":[0.0,0.0,0.0]},"firstperson_righthand":{"rotation":[0.0,0.0,0.0]},"thirdperson_lefthand":{"rotation":[0.0,-0.0,-0.0]},"firstperson_lefthand":{"rotation":[0.0,-0.0,-0.0]},"fixed":{"rotation":[0.0,0.0,0.0]},"ground":{"rotation":[0.0,0.0,0.0]},"thirdperson_righthand":{"rotation":[0.0,0.0,0.0]},"gui":{"rotation":[-150.0,-45.0,180.0]}}}