{"textures":{"0":"modelengine:entity/piggy","particle":"#0"},"elements":[{"from":[7.0,0.21297026,6.90969],"to":[9.4,4.7129703,9.30969],"faces":{"east":{"uv":[2.0,9.6,2.6,10.725],"tintindex":0,"rotation":0,"texture":"#0"},"south":{"uv":[3.8,9.6,4.4,10.725],"tintindex":0,"rotation":0,"texture":"#0"},"north":{"uv":[2.6,9.6,3.2,10.725],"tintindex":0,"rotation":0,"texture":"#0"},"west":{"uv":[3.2,9.6,3.8,10.725],"tintindex":0,"rotation":0,"texture":"#0"},"up":{"uv":[3.2,9.6,2.6,9.0],"tintindex":0,"rotation":0,"texture":"#0"},"down":{"uv":[3.8,9.0,3.2,9.6],"tintindex":0,"rotation":0,"texture":"#0"}}}],"display":{"head":{"rotation":[0.0,0.0,0.0]},"firstperson_righthand":{"rotation":[0.0,0.0,0.0]},"thirdperson_lefthand":{"rotation":[0.0,-0.0,-0.0]},"firstperson_lefthand":{"rotation":[0.0,-0.0,-0.0]},"fixed":{"rotation":[0.0,0.0,0.0]},"ground":{"rotation":[0.0,0.0,0.0]},"thirdperson_righthand":{"rotation":[0.0,0.0,0.0]},"gui":{"rotation":[-150.0,-45.0,180.0]}}}