{"textures":{"0":"modelengine:entity/piggy","particle":"#0"},"elements":[{"from":[7.0,0.21297026,6.90969],"to":[9.4,4.7129703,9.30969],"faces":{"east":{"uv":[2.0,9.5,2.5,10.5],"tintindex":0,"rotation":0,"texture":"#0"},"south":{"uv":[3.5,9.5,4.0,10.5],"tintindex":0,"rotation":0,"texture":"#0"},"north":{"uv":[2.5,9.5,3.0,10.5],"tintindex":0,"rotation":0,"texture":"#0"},"west":{"uv":[3.0,9.5,3.5,10.5],"tintindex":0,"rotation":0,"texture":"#0"},"up":{"uv":[3.0,9.5,2.5,9.0],"tintindex":0,"rotation":0,"texture":"#0"},"down":{"uv":[3.5,9.0,3.0,9.5],"tintindex":0,"rotation":0,"texture":"#0"}}}],"display":{"head":{"rotation":[0.0,0.0,0.0]},"firstperson_righthand":{"rotation":[0.0,0.0,0.0]},"thirdperson_lefthand":{"rotation":[0.0,-0.0,-0.0]},"firstperson_lefthand":{"rotation":[0.0,-0.0,-0.0]},"fixed":{"rotation":[0.0,0.0,0.0]},"ground":{"rotation":[0.0,0.0,0.0]},"thirdperson_righthand":{"rotation":[0.0,0.0,0.0]},"gui":{"rotation":[-150.0,-45.0,180.0]}}}