{"textures":{"0":"modelengine:entity/piggy","particle":"#0"},"elements":[{"from":[4.0,8.0,-2.0],"to":[14.0,24.0,16.0],"faces":{"east":{"uv":[-5.25,0.5,-0.75,4.5],"tintindex":0,"rotation":0,"texture":"#0"},"south":{"uv":[6.25,0.5,8.75,4.5],"tintindex":0,"rotation":0,"texture":"#0"},"north":{"uv":[-0.75,0.5,1.75,4.5],"tintindex":0,"rotation":0,"texture":"#0"},"west":{"uv":[1.75,0.5,6.25,4.5],"tintindex":0,"rotation":0,"texture":"#0"},"up":{"uv":[1.75,0.5,-0.75,-4.0],"tintindex":0,"rotation":0,"texture":"#0"},"down":{"uv":[4.25,-4.0,1.75,0.5],"tintindex":0,"rotation":0,"texture":"#0"}}}],"display":{"head":{"rotation":[0.0,0.0,0.0]},"firstperson_righthand":{"rotation":[0.0,0.0,0.0]},"thirdperson_lefthand":{"rotation":[0.0,-0.0,-0.0]},"firstperson_lefthand":{"rotation":[0.0,-0.0,-0.0]},"fixed":{"rotation":[0.0,0.0,0.0]},"ground":{"rotation":[0.0,0.0,0.0]},"thirdperson_righthand":{"rotation":[0.0,0.0,0.0]},"gui":{"rotation":[-150.0,-45.0,180.0]}}}