{"textures":{"0":"modelengine:entity/piggy","particle":"#0"},"elements":[{"from":[6.8999996,4.0,6.0],"to":[8.0,8.0,9.4],"faces":{"east":{"uv":[9.85,5.5,8.85,6.35],"tintindex":0,"rotation":270,"texture":"#0"},"south":{"uv":[9.7,6.35,10.7,6.625],"tintindex":0,"rotation":270,"texture":"#0"},"north":{"uv":[7.85,6.35,8.85,6.625],"tintindex":0,"rotation":90,"texture":"#0"},"west":{"uv":[8.85,6.35,7.85,5.5],"tintindex":0,"rotation":270,"texture":"#0"},"up":{"uv":[7.0,6.35,7.85,6.625],"tintindex":0,"rotation":270,"texture":"#0"},"down":{"uv":[8.85,6.35,9.7,6.625],"tintindex":0,"rotation":270,"texture":"#0"}}}],"display":{"head":{"rotation":[0.0,0.0,0.0]},"firstperson_righthand":{"rotation":[0.0,0.0,0.0]},"thirdperson_lefthand":{"rotation":[0.0,-0.0,-0.0]},"firstperson_lefthand":{"rotation":[0.0,-0.0,-0.0]},"fixed":{"rotation":[0.0,0.0,0.0]},"ground":{"rotation":[0.0,0.0,0.0]},"thirdperson_righthand":{"rotation":[0.0,0.0,0.0]},"gui":{"rotation":[-150.0,-45.0,180.0]}}}