{"textures":{"0":"modelengine:entity/piggy","particle":"#0"},"elements":[{"from":[7.5,7.7,6.0],"to":[11.5,8.799999,9.4],"faces":{"east":{"uv":[7.0,7.35,7.85,7.625],"tintindex":0,"rotation":0,"texture":"#0"},"south":{"uv":[9.7,7.35,10.7,7.625],"tintindex":0,"rotation":0,"texture":"#0"},"north":{"uv":[7.85,7.35,8.85,7.625],"tintindex":0,"rotation":0,"texture":"#0"},"west":{"uv":[8.85,7.35,9.7,7.625],"tintindex":0,"rotation":0,"texture":"#0"},"up":{"uv":[8.85,7.35,7.85,6.5],"tintindex":0,"rotation":0,"texture":"#0"},"down":{"uv":[9.85,6.5,8.85,7.35],"tintindex":0,"rotation":0,"texture":"#0"}}}],"display":{"head":{"rotation":[0.0,0.0,0.0]},"firstperson_righthand":{"rotation":[0.0,0.0,0.0]},"thirdperson_lefthand":{"rotation":[0.0,-0.0,-0.0]},"firstperson_lefthand":{"rotation":[0.0,-0.0,-0.0]},"fixed":{"rotation":[0.0,0.0,0.0]},"ground":{"rotation":[0.0,0.0,0.0]},"thirdperson_righthand":{"rotation":[0.0,0.0,0.0]},"gui":{"rotation":[-150.0,-45.0,180.0]}}}