{"textures":{"0":"modelengine:entity/piggy","particle":"#0"},"elements":[{"from":[7.5,7.7,6.0],"to":[11.5,8.799999,9.4],"faces":{"east":{"uv":[7.0,7.25,7.75,7.5],"tintindex":0,"rotation":0,"texture":"#0"},"south":{"uv":[9.5,7.25,10.5,7.5],"tintindex":0,"rotation":0,"texture":"#0"},"north":{"uv":[7.75,7.25,8.75,7.5],"tintindex":0,"rotation":0,"texture":"#0"},"west":{"uv":[8.75,7.25,9.5,7.5],"tintindex":0,"rotation":0,"texture":"#0"},"up":{"uv":[8.75,7.25,7.75,6.5],"tintindex":0,"rotation":0,"texture":"#0"},"down":{"uv":[9.75,6.5,8.75,7.25],"tintindex":0,"rotation":0,"texture":"#0"}}}],"display":{"head":{"rotation":[0.0,0.0,0.0]},"firstperson_righthand":{"rotation":[0.0,0.0,0.0]},"thirdperson_lefthand":{"rotation":[0.0,-0.0,-0.0]},"firstperson_lefthand":{"rotation":[0.0,-0.0,-0.0]},"fixed":{"rotation":[0.0,0.0,0.0]},"ground":{"rotation":[0.0,0.0,0.0]},"thirdperson_righthand":{"rotation":[0.0,0.0,0.0]},"gui":{"rotation":[-150.0,-45.0,180.0]}}}