{"textures":{"0":"modelengine:entity/piggy","particle":"#0"},"elements":[{"from":[3.0,20.0,5.0],"to":[15.0,23.0,16.0],"faces":{"east":{"uv":[-3.5,0.5,-0.75,1.25],"tintindex":0,"rotation":0,"texture":"#0"},"south":{"uv":[5.0,0.5,8.0,1.25],"tintindex":0,"rotation":0,"texture":"#0"},"north":{"uv":[-0.75,0.5,2.25,1.25],"tintindex":0,"rotation":0,"texture":"#0"},"west":{"uv":[2.25,0.5,5.0,1.25],"tintindex":0,"rotation":0,"texture":"#0"},"up":{"uv":[2.25,0.5,-0.75,-2.25],"tintindex":0,"rotation":0,"texture":"#0"},"down":{"uv":[5.25,-2.25,2.25,0.5],"tintindex":0,"rotation":0,"texture":"#0"}}}],"display":{"head":{"rotation":[0.0,0.0,0.0]},"firstperson_righthand":{"rotation":[0.0,0.0,0.0]},"thirdperson_lefthand":{"rotation":[0.0,-0.0,-0.0]},"firstperson_lefthand":{"rotation":[0.0,-0.0,-0.0]},"fixed":{"rotation":[0.0,0.0,0.0]},"ground":{"rotation":[0.0,0.0,0.0]},"thirdperson_righthand":{"rotation":[0.0,0.0,0.0]},"gui":{"rotation":[-150.0,-45.0,180.0]}}}