{"textures":{"0":"modelengine:entity/piggy","particle":"#0"},"elements":[{"from":[9.0,7.5,-5.5],"to":[9.5,8.0,-5.0],"faces":{"east":{"uv":[9.0,8.25,9.25,8.5],"tintindex":0,"rotation":0,"texture":"#0"},"south":{"uv":[9.75,8.25,10.0,8.5],"tintindex":0,"rotation":0,"texture":"#0"},"north":{"uv":[9.25,8.25,9.5,8.5],"tintindex":0,"rotation":0,"texture":"#0"},"west":{"uv":[9.5,8.25,9.75,8.5],"tintindex":0,"rotation":0,"texture":"#0"},"up":{"uv":[9.5,8.25,9.25,8.0],"tintindex":0,"rotation":0,"texture":"#0"},"down":{"uv":[9.75,8.0,9.5,8.25],"tintindex":0,"rotation":0,"texture":"#0"}}},{"from":[8.0,7.5,0.5500002],"to":[11.5,11.0,4.05],"faces":{"east":{"uv":[0.0,7.25,1.75,9.0],"tintindex":0,"rotation":0,"texture":"#0"},"south":{"uv":[5.25,7.25,7.0,9.0],"tintindex":0,"rotation":0,"texture":"#0"},"north":{"uv":[1.75,7.25,3.5,9.0],"tintindex":0,"rotation":0,"texture":"#0"},"west":{"uv":[3.5,7.25,5.25,9.0],"tintindex":0,"rotation":0,"texture":"#0"},"up":{"uv":[3.5,7.25,1.75,5.5],"tintindex":0,"rotation":0,"texture":"#0"},"down":{"uv":[5.25,5.5,3.5,7.25],"tintindex":0,"rotation":0,"texture":"#0"}}},{"from":[9.0,7.0,-5.5],"to":[9.5,7.5,-5.0],"faces":{"east":{"uv":[8.5,9.25,8.75,9.5],"tintindex":0,"rotation":0,"texture":"#0"},"south":{"uv":[9.25,9.25,9.5,9.5],"tintindex":0,"rotation":0,"texture":"#0"},"north":{"uv":[8.75,9.25,9.0,9.5],"tintindex":0,"rotation":0,"texture":"#0"},"west":{"uv":[9.0,9.25,9.25,9.5],"tintindex":0,"rotation":0,"texture":"#0"},"up":{"uv":[9.0,9.25,8.75,9.0],"tintindex":0,"rotation":0,"texture":"#0"},"down":{"uv":[9.25,9.0,9.0,9.25],"tintindex":0,"rotation":0,"texture":"#0"}}},{"from":[9.5,8.0,-5.5],"to":[10.0,8.5,-5.0],"faces":{"east":{"uv":[9.0,7.75,9.25,8.0],"tintindex":0,"rotation":0,"texture":"#0"},"south":{"uv":[9.75,7.75,10.0,8.0],"tintindex":0,"rotation":0,"texture":"#0"},"north":{"uv":[9.25,7.75,9.5,8.0],"tintindex":0,"rotation":0,"texture":"#0"},"west":{"uv":[9.5,7.75,9.75,8.0],"tintindex":0,"rotation":0,"texture":"#0"},"up":{"uv":[9.5,7.75,9.25,7.5],"tintindex":0,"rotation":0,"texture":"#0"},"down":{"uv":[9.75,7.5,9.5,7.75],"tintindex":0,"rotation":0,"texture":"#0"}}},{"from":[8.75,8.2,4.0],"to":[10.75,9.5,4.7],"faces":{"east":{"uv":[6.0,9.35,6.35,10.0],"tintindex":0,"rotation":0,"texture":"#0"},"south":{"uv":[7.7,9.35,8.7,10.0],"tintindex":0,"rotation":0,"texture":"#0"},"north":{"uv":[6.35,9.35,7.35,10.0],"tintindex":0,"rotation":0,"texture":"#0"},"west":{"uv":[7.35,9.35,7.7,10.0],"tintindex":0,"rotation":0,"texture":"#0"},"up":{"uv":[7.35,9.35,6.35,9.0],"tintindex":0,"rotation":0,"texture":"#0"},"down":{"uv":[8.35,9.0,7.35,9.35],"tintindex":0,"rotation":0,"texture":"#0"}}},{"from":[9.5,7.0,-5.5],"to":[10.0,7.5,-5.0],"faces":{"east":{"uv":[9.0,8.75,9.25,9.0],"tintindex":0,"rotation":0,"texture":"#0"},"south":{"uv":[9.75,8.75,10.0,9.0],"tintindex":0,"rotation":0,"texture":"#0"},"north":{"uv":[9.25,8.75,9.5,9.0],"tintindex":0,"rotation":0,"texture":"#0"},"west":{"uv":[9.5,8.75,9.75,9.0],"tintindex":0,"rotation":0,"texture":"#0"},"up":{"uv":[9.5,8.75,9.25,8.5],"tintindex":0,"rotation":0,"texture":"#0"},"down":{"uv":[9.75,8.5,9.5,8.75],"tintindex":0,"rotation":0,"texture":"#0"}}},{"from":[7.0,5.0,-5.0],"to":[12.5,9.0,2.0],"faces":{"east":{"uv":[0.0,3.5,3.5,5.5],"tintindex":0,"rotation":0,"texture":"#0"},"south":{"uv":[9.75,3.5,12.5,5.5],"tintindex":0,"rotation":0,"texture":"#0"},"north":{"uv":[3.5,3.5,6.25,5.5],"tintindex":0,"rotation":0,"texture":"#0"},"west":{"uv":[6.25,3.5,9.75,5.5],"tintindex":0,"rotation":0,"texture":"#0"},"up":{"uv":[6.25,3.5,3.5,0.0],"tintindex":0,"rotation":0,"texture":"#0"},"down":{"uv":[9.0,0.0,6.25,3.5],"tintindex":0,"rotation":0,"texture":"#0"}}},{"from":[10.0,8.0,-5.5],"to":[10.5,8.5,-5.0],"faces":{"east":{"uv":[8.5,9.75,8.75,10.0],"tintindex":0,"rotation":0,"texture":"#0"},"south":{"uv":[9.25,9.75,9.5,10.0],"tintindex":0,"rotation":0,"texture":"#0"},"north":{"uv":[8.75,9.75,9.0,10.0],"tintindex":0,"rotation":0,"texture":"#0"},"west":{"uv":[9.0,9.75,9.25,10.0],"tintindex":0,"rotation":0,"texture":"#0"},"up":{"uv":[9.0,9.75,8.75,9.5],"tintindex":0,"rotation":0,"texture":"#0"},"down":{"uv":[9.25,9.5,9.0,9.75],"tintindex":0,"rotation":0,"texture":"#0"}}}],"display":{"head":{"rotation":[0.0,0.0,0.0]},"firstperson_righthand":{"rotation":[0.0,0.0,0.0]},"thirdperson_lefthand":{"rotation":[0.0,-0.0,-0.0]},"firstperson_lefthand":{"rotation":[0.0,-0.0,-0.0]},"fixed":{"rotation":[0.0,0.0,0.0]},"ground":{"rotation":[0.0,0.0,0.0]},"thirdperson_righthand":{"rotation":[0.0,0.0,0.0]},"gui":{"rotation":[-150.0,-45.0,180.0]}}}