{"display":{"head":{},"firstperson_righthand":{},"thirdperson_lefthand":{},"firstperson_lefthand":{},"fixed":{},"ground":{},"thirdperson_righthand":{},"gui":{"rotation":[-150.0,-45.0,180.0]}},"elements":[{"from":[6.0,11.0,7.0],"to":[11.0,16.0,10.0],"faces":{"east":{"uv":[5.25,2.5,6.0,3.75],"texture":"#0","tintindex":0},"south":{"uv":[5.25,1.25,6.5,2.5],"texture":"#0","tintindex":0},"north":{"uv":[5.25,0.0,6.5,1.25],"texture":"#0","tintindex":0},"west":{"uv":[5.25,3.75,6.0,5.0],"texture":"#0","tintindex":0},"up":{"uv":[6.5,5.75,5.25,5.0],"texture":"#0","tintindex":0},"down":{"uv":[6.5,5.75,5.25,6.5],"texture":"#0","tintindex":0}}}],"textures":{"particle":"#0","0":"modelengine:5a909b0d-05e4-44d8-bb3a-044a80e404a7"}}