{"display":{"head":{},"firstperson_righthand":{},"thirdperson_lefthand":{},"firstperson_lefthand":{},"fixed":{},"ground":{},"thirdperson_righthand":{},"gui":{"rotation":[-150.0,-45.0,180.0]}},"elements":[{"from":[4.75,7.75,4.0],"to":[12.25,14.25,11.5],"faces":{"east":{"uv":[3.5,4.5,5.25,6.0],"texture":"#0","tintindex":0},"south":{"uv":[0.0,5.0,1.75,6.5],"texture":"#0","tintindex":0},"north":{"uv":[3.5,3.0,5.25,4.5],"texture":"#0","tintindex":0},"west":{"uv":[1.75,5.0,3.5,6.5],"texture":"#0","tintindex":0},"up":{"uv":[3.5,1.75,1.75,0.0],"texture":"#0","tintindex":0},"down":{"uv":[3.5,1.75,1.75,3.5],"texture":"#0","tintindex":0}}},{"from":[5.0,8.0,4.25],"to":[12.0,14.0,11.25],"faces":{"east":{"uv":[3.5,0.0,5.25,1.5],"texture":"#0","tintindex":0},"south":{"uv":[3.5,1.5,5.25,3.0],"texture":"#0","tintindex":0},"north":{"uv":[0.0,3.5,1.75,5.0],"texture":"#0","tintindex":0},"west":{"uv":[1.75,3.5,3.5,5.0],"texture":"#0","tintindex":0},"up":{"uv":[1.75,1.75,0.0,0.0],"texture":"#0","tintindex":0},"down":{"uv":[1.75,1.75,0.0,3.5],"texture":"#0","tintindex":0}}}],"textures":{"particle":"#0","0":"modelengine:5a909b0d-05e4-44d8-bb3a-044a80e404a7"}}