{"textures":{"0":"modelengine:entity/rabbit","particle":"#0"},"elements":[{"from":[6.15,9.85,6.55],"to":[7.15,10.85,8.55],"faces":{"east":{"uv":[1.5,9.5,2.0,9.75],"tintindex":0,"rotation":0,"texture":"#0"},"south":{"uv":[7.25,9.5,7.5,9.75],"tintindex":0,"rotation":0,"texture":"#0"},"north":{"uv":[8.0,1.0,8.25,1.25],"tintindex":0,"rotation":0,"texture":"#0"},"west":{"uv":[9.5,2.0,10.0,2.25],"tintindex":0,"rotation":0,"texture":"#0"},"up":{"uv":[5.5,9.5,5.25,9.0],"tintindex":0,"rotation":0,"texture":"#0"},"down":{"uv":[3.25,9.25,3.0,9.75],"tintindex":0,"rotation":0,"texture":"#0"}}},{"from":[6.15,7.85,7.55],"to":[7.15,8.85,9.55],"faces":{"east":{"uv":[6.0,9.5,6.5,9.75],"tintindex":0,"rotation":0,"texture":"#0"},"south":{"uv":[8.0,9.5,8.25,9.75],"tintindex":0,"rotation":0,"texture":"#0"},"north":{"uv":[9.5,7.75,9.75,8.0],"tintindex":0,"rotation":0,"texture":"#0"},"west":{"uv":[6.5,9.5,7.0,9.75],"tintindex":0,"rotation":0,"texture":"#0"},"up":{"uv":[5.5,10.0,5.25,9.5],"tintindex":0,"rotation":0,"texture":"#0"},"down":{"uv":[7.25,9.5,7.0,10.0],"tintindex":0,"rotation":0,"texture":"#0"}}},{"from":[8.15,4.85,6.55],"to":[10.15,5.85,9.55],"faces":{"east":{"uv":[8.5,3.75,9.25,4.0],"tintindex":0,"rotation":0,"texture":"#0"},"south":{"uv":[1.0,9.5,1.5,9.75],"tintindex":0,"rotation":0,"texture":"#0"},"north":{"uv":[0.5,9.5,1.0,9.75],"tintindex":0,"rotation":0,"texture":"#0"},"west":{"uv":[8.75,2.0,9.5,2.25],"tintindex":0,"rotation":0,"texture":"#0"},"up":{"uv":[5.5,9.0,5.0,8.25],"tintindex":0,"rotation":0,"texture":"#0"},"down":{"uv":[8.75,5.5,8.25,6.25],"tintindex":0,"rotation":0,"texture":"#0"}}},{"from":[7.15,7.85,6.55],"to":[10.15,8.85,9.55],"faces":{"east":{"uv":[9.0,2.75,9.75,3.0],"tintindex":0,"rotation":0,"texture":"#0"},"south":{"uv":[9.0,3.0,9.75,3.25],"tintindex":0,"rotation":0,"texture":"#0"},"north":{"uv":[2.5,9.0,3.25,9.25],"tintindex":0,"rotation":0,"texture":"#0"},"west":{"uv":[9.0,3.25,9.75,3.5],"tintindex":0,"rotation":0,"texture":"#0"},"up":{"uv":[8.25,7.0,7.5,6.25],"tintindex":0,"rotation":0,"texture":"#0"},"down":{"uv":[1.75,7.75,1.0,8.5],"tintindex":0,"rotation":0,"texture":"#0"}}},{"from":[10.15,3.85,6.55],"to":[13.15,5.85,9.55],"faces":{"east":{"uv":[6.75,8.0,7.5,8.5],"tintindex":0,"rotation":0,"texture":"#0"},"south":{"uv":[8.25,1.0,9.0,1.5],"tintindex":0,"rotation":0,"texture":"#0"},"north":{"uv":[6.0,8.0,6.75,8.5],"tintindex":0,"rotation":0,"texture":"#0"},"west":{"uv":[8.25,1.5,9.0,2.0],"tintindex":0,"rotation":0,"texture":"#0"},"up":{"uv":[8.25,2.0,7.5,1.25],"tintindex":0,"rotation":0,"texture":"#0"},"down":{"uv":[8.25,5.5,7.5,6.25],"tintindex":0,"rotation":0,"texture":"#0"}}},{"from":[4.15,8.85,6.55],"to":[7.15,9.85,9.55],"faces":{"east":{"uv":[9.0,5.5,9.75,5.75],"tintindex":0,"rotation":0,"texture":"#0"},"south":{"uv":[9.0,5.75,9.75,6.0],"tintindex":0,"rotation":0,"texture":"#0"},"north":{"uv":[9.0,5.25,9.75,5.5],"tintindex":0,"rotation":0,"texture":"#0"},"west":{"uv":[6.0,9.0,6.75,9.25],"tintindex":0,"rotation":0,"texture":"#0"},"up":{"uv":[8.5,3.25,7.75,2.5],"tintindex":0,"rotation":0,"texture":"#0"},"down":{"uv":[8.5,3.25,7.75,4.0],"tintindex":0,"rotation":0,"texture":"#0"}}},{"from":[7.15,5.85,6.55],"to":[12.15,6.85,9.55],"faces":{"east":{"uv":[9.0,3.5,9.75,3.75],"tintindex":0,"rotation":0,"texture":"#0"},"south":{"uv":[0.0,8.5,1.25,8.75],"tintindex":0,"rotation":0,"texture":"#0"},"north":{"uv":[8.25,8.25,9.5,8.5],"tintindex":0,"rotation":0,"texture":"#0"},"west":{"uv":[9.0,5.0,9.75,5.25],"tintindex":0,"rotation":0,"texture":"#0"},"up":{"uv":[7.5,7.0,6.25,6.25],"tintindex":0,"rotation":0,"texture":"#0"},"down":{"uv":[2.0,6.5,0.75,7.25],"tintindex":0,"rotation":0,"texture":"#0"}}},{"from":[4.15,9.85,6.55],"to":[5.15,10.85,8.55],"faces":{"east":{"uv":[9.5,2.25,10.0,2.5],"tintindex":0,"rotation":0,"texture":"#0"},"south":{"uv":[7.75,9.5,8.0,9.75],"tintindex":0,"rotation":0,"texture":"#0"},"north":{"uv":[7.5,9.5,7.75,9.75],"tintindex":0,"rotation":0,"texture":"#0"},"west":{"uv":[2.5,9.5,3.0,9.75],"tintindex":0,"rotation":0,"texture":"#0"},"up":{"uv":[9.75,4.5,9.5,4.0],"tintindex":0,"rotation":0,"texture":"#0"},"down":{"uv":[9.75,4.5,9.5,5.0],"tintindex":0,"rotation":0,"texture":"#0"}}},{"from":[6.15,6.85,6.55],"to":[11.15,7.85,9.55],"faces":{"east":{"uv":[8.75,2.25,9.5,2.5],"tintindex":0,"rotation":0,"texture":"#0"},"south":{"uv":[8.25,8.0,9.5,8.25],"tintindex":0,"rotation":0,"texture":"#0"},"north":{"uv":[8.25,7.75,9.5,8.0],"tintindex":0,"rotation":0,"texture":"#0"},"west":{"uv":[9.0,1.75,9.75,2.0],"tintindex":0,"rotation":0,"texture":"#0"},"up":{"uv":[2.0,6.5,0.75,5.75],"tintindex":0,"rotation":0,"texture":"#0"},"down":{"uv":[7.5,5.5,6.25,6.25],"tintindex":0,"rotation":0,"texture":"#0"}}},{"from":[8.15,8.85,6.55],"to":[9.15,9.85,9.55],"faces":{"east":{"uv":[9.0,6.0,9.75,6.25],"tintindex":0,"rotation":0,"texture":"#0"},"south":{"uv":[8.25,9.5,8.5,9.75],"tintindex":0,"rotation":0,"texture":"#0"},"north":{"uv":[9.5,8.0,9.75,8.25],"tintindex":0,"rotation":0,"texture":"#0"},"west":{"uv":[9.0,6.25,9.75,6.5],"tintindex":0,"rotation":0,"texture":"#0"},"up":{"uv":[3.5,9.75,3.25,9.0],"tintindex":0,"rotation":0,"texture":"#0"},"down":{"uv":[5.25,9.0,5.0,9.75],"tintindex":0,"rotation":0,"texture":"#0"}}}],"display":{"head":{"rotation":[0.0,0.0,0.0]},"firstperson_righthand":{"rotation":[0.0,0.0,0.0]},"thirdperson_lefthand":{"rotation":[0.0,-0.0,-0.0]},"firstperson_lefthand":{"rotation":[0.0,-0.0,-0.0]},"fixed":{"rotation":[0.0,0.0,0.0]},"ground":{"rotation":[0.0,0.0,0.0]},"thirdperson_righthand":{"rotation":[0.0,0.0,0.0]},"gui":{"rotation":[-150.0,-45.0,180.0]}}}