{"textures":{"0":"modelengine:entity/rabbit","particle":"#0"},"elements":[{"from":[8.0,7.0,6.33333],"to":[10.0,9.0,7.33333],"faces":{"east":{"uv":[4.75,2.5,5.0,3.0],"tintindex":0,"rotation":0,"texture":"#0"},"south":{"uv":[1.5,8.75,2.0,9.25],"tintindex":0,"rotation":0,"texture":"#0"},"north":{"uv":[1.0,8.75,1.5,9.25],"tintindex":0,"rotation":0,"texture":"#0"},"west":{"uv":[6.25,4.0,6.5,4.5],"tintindex":0,"rotation":0,"texture":"#0"},"up":{"uv":[9.75,9.5,9.25,9.25],"tintindex":0,"rotation":0,"texture":"#0"},"down":{"uv":[0.5,9.5,0.0,9.75],"tintindex":0,"rotation":0,"texture":"#0"}}},{"from":[9.0,7.0,7.33333],"to":[11.0,9.0,10.33333],"faces":{"east":{"uv":[8.0,2.0,8.75,2.5],"tintindex":0,"rotation":0,"texture":"#0"},"south":{"uv":[8.75,0.5,9.25,1.0],"tintindex":0,"rotation":0,"texture":"#0"},"north":{"uv":[0.5,8.75,1.0,9.25],"tintindex":0,"rotation":0,"texture":"#0"},"west":{"uv":[2.75,8.0,3.5,8.5],"tintindex":0,"rotation":0,"texture":"#0"},"up":{"uv":[4.0,8.75,3.5,8.0],"tintindex":0,"rotation":0,"texture":"#0"},"down":{"uv":[6.0,8.0,5.5,8.75],"tintindex":0,"rotation":0,"texture":"#0"}}},{"from":[1.0,7.0,6.33333],"to":[3.0,9.0,10.33333],"faces":{"east":{"uv":[0.0,0.0,1.0,0.5],"tintindex":0,"rotation":0,"texture":"#0"},"south":{"uv":[0.0,0.0,0.5,0.5],"tintindex":0,"rotation":0,"texture":"#0"},"north":{"uv":[0.0,0.0,0.5,0.5],"tintindex":0,"rotation":0,"texture":"#0"},"west":{"uv":[0.0,0.0,1.0,0.5],"tintindex":0,"rotation":0,"texture":"#0"},"up":{"uv":[0.0,0.0,0.5,1.0],"tintindex":0,"rotation":0,"texture":"#0"},"down":{"uv":[0.0,0.0,0.5,1.0],"tintindex":0,"rotation":0,"texture":"#0"}}}],"display":{"head":{"rotation":[0.0,0.0,0.0]},"firstperson_righthand":{"rotation":[0.0,0.0,0.0]},"thirdperson_lefthand":{"rotation":[0.0,-0.0,-0.0]},"firstperson_lefthand":{"rotation":[0.0,-0.0,-0.0]},"fixed":{"rotation":[0.0,0.0,0.0]},"ground":{"rotation":[0.0,0.0,0.0]},"thirdperson_righthand":{"rotation":[0.0,0.0,0.0]},"gui":{"rotation":[-150.0,-45.0,180.0]}}}