{"textures":{"0":"modelengine:entity/skelen","particle":"#0"},"elements":[{"from":[8.037495,7.75,7.914022],"to":[8.287495,8.25,8.164022],"faces":{"east":{"uv":[10.5,9.25,10.5625,9.375],"tintindex":0,"rotation":0,"texture":"#0"},"south":{"uv":[9.5,10.5,9.5625,10.625],"tintindex":0,"rotation":0,"texture":"#0"},"north":{"uv":[9.25,10.5,9.3125,10.625],"tintindex":0,"rotation":0,"texture":"#0"},"west":{"uv":[10.5,9.5,10.5625,9.625],"tintindex":0,"rotation":0,"texture":"#0"},"up":{"uv":[10.8125,1.3125,10.75,1.25],"tintindex":0,"rotation":0,"texture":"#0"},"down":{"uv":[1.5625,10.75,1.5,10.8125],"tintindex":0,"rotation":0,"texture":"#0"}}},{"from":[7.425031,7.75,8.318933],"to":[7.675031,8.25,8.568933],"faces":{"east":{"uv":[10.5,7.25,10.5625,7.375],"tintindex":0,"rotation":0,"texture":"#0"},"south":{"uv":[7.5,10.5,7.5625,10.625],"tintindex":0,"rotation":0,"texture":"#0"},"north":{"uv":[7.25,10.5,7.3125,10.625],"tintindex":0,"rotation":0,"texture":"#0"},"west":{"uv":[10.5,7.5,10.5625,7.625],"tintindex":0,"rotation":0,"texture":"#0"},"up":{"uv":[10.8125,0.3125,10.75,0.25],"tintindex":0,"rotation":0,"texture":"#0"},"down":{"uv":[0.5625,10.75,0.5,10.8125],"tintindex":0,"rotation":0,"texture":"#0"}}},{"from":[8.037495,7.75,7.6140223],"to":[8.287495,8.25,7.8640223],"faces":{"east":{"uv":[10.5,8.25,10.5625,8.375],"tintindex":0,"rotation":0,"texture":"#0"},"south":{"uv":[8.5,10.5,8.5625,10.625],"tintindex":0,"rotation":0,"texture":"#0"},"north":{"uv":[8.25,10.5,8.3125,10.625],"tintindex":0,"rotation":0,"texture":"#0"},"west":{"uv":[10.5,8.5,10.5625,8.625],"tintindex":0,"rotation":0,"texture":"#0"},"up":{"uv":[10.8125,0.8125,10.75,0.75],"tintindex":0,"rotation":0,"texture":"#0"},"down":{"uv":[1.0625,10.75,1.0,10.8125],"tintindex":0,"rotation":0,"texture":"#0"}}}],"display":{"head":{"rotation":[-180.0,5.0,-180.0]},"firstperson_righthand":{"rotation":[-180.0,5.0,-180.0]},"thirdperson_lefthand":{"rotation":[-180.0,-5.0,180.0]},"firstperson_lefthand":{"rotation":[-180.0,-5.0,180.0]},"fixed":{"rotation":[-180.0,5.0,-180.0]},"ground":{"rotation":[-180.0,5.0,-180.0]},"thirdperson_righthand":{"rotation":[-180.0,5.0,-180.0]},"gui":{"rotation":[30.0,40.0,2.0759596E-15]}}}