{"textures":{"0":"modelengine:entity/skelen","particle":"#0"},"elements":[{"from":[8.125593,7.75,7.3692255],"to":[8.375593,8.25,7.6192255],"faces":{"east":{"uv":[10.5,7.75,10.5625,7.875],"tintindex":0,"rotation":0,"texture":"#0"},"south":{"uv":[8.0,10.5,8.0625,10.625],"tintindex":0,"rotation":0,"texture":"#0"},"north":{"uv":[7.75,10.5,7.8125,10.625],"tintindex":0,"rotation":0,"texture":"#0"},"west":{"uv":[10.5,8.0,10.5625,8.125],"tintindex":0,"rotation":0,"texture":"#0"},"up":{"uv":[10.8125,0.5625,10.75,0.5],"tintindex":0,"rotation":0,"texture":"#0"},"down":{"uv":[0.8125,10.75,0.75,10.8125],"tintindex":0,"rotation":0,"texture":"#0"}}}],"display":{"head":{"rotation":[-180.0,-15.0,-180.0]},"firstperson_righthand":{"rotation":[-180.0,-15.0,-180.0]},"thirdperson_lefthand":{"rotation":[-180.0,15.0,180.0]},"firstperson_lefthand":{"rotation":[-180.0,15.0,180.0]},"fixed":{"rotation":[-180.0,-15.0,-180.0]},"ground":{"rotation":[-180.0,-15.0,-180.0]},"thirdperson_righthand":{"rotation":[-180.0,-15.0,-180.0]},"gui":{"rotation":[30.0,60.0,3.1805547E-15]}}}