{"textures":{"0":"modelengine:entity/7ea333ed-fb2c-32be-b7c4-40e3f7fe1128","particle":"#0"},"elements":[{"from":[7.0,6.5,-2.5],"to":[8.5,7.0,0.0],"faces":{"east":{"uv":[12.0,2.125,12.625,2.25],"tintindex":0,"rotation":0,"texture":"#0"},"south":{"uv":[13.625,2.125,14.0,2.25],"tintindex":0,"rotation":0,"texture":"#0"},"north":{"uv":[12.625,2.125,13.0,2.25],"tintindex":0,"rotation":0,"texture":"#0"},"west":{"uv":[13.0,2.125,13.625,2.25],"tintindex":0,"rotation":0,"texture":"#0"},"up":{"uv":[13.0,2.125,12.625,1.5],"tintindex":0,"rotation":0,"texture":"#0"},"down":{"uv":[13.375,1.5,13.0,2.125],"tintindex":0,"rotation":0,"texture":"#0"}}},{"from":[6.0,7.5,-2.5],"to":[6.5,8.5,0.0],"faces":{"east":{"uv":[0.0,12.875,0.625,13.125],"tintindex":0,"rotation":0,"texture":"#0"},"south":{"uv":[1.375,12.875,1.5,13.125],"tintindex":0,"rotation":0,"texture":"#0"},"north":{"uv":[0.625,12.875,0.75,13.125],"tintindex":0,"rotation":0,"texture":"#0"},"west":{"uv":[0.75,12.875,1.375,13.125],"tintindex":0,"rotation":0,"texture":"#0"},"up":{"uv":[0.75,12.875,0.625,12.25],"tintindex":0,"rotation":0,"texture":"#0"},"down":{"uv":[0.875,12.25,0.75,12.875],"tintindex":0,"rotation":0,"texture":"#0"}}},{"from":[7.0,7.0,-3.0],"to":[9.0,7.5,1.0],"faces":{"east":{"uv":[5.0,10.0,6.0,10.125],"tintindex":0,"rotation":0,"texture":"#0"},"south":{"uv":[7.5,10.0,8.0,10.125],"tintindex":0,"rotation":0,"texture":"#0"},"north":{"uv":[6.0,10.0,6.5,10.125],"tintindex":0,"rotation":0,"texture":"#0"},"west":{"uv":[6.5,10.0,7.5,10.125],"tintindex":0,"rotation":0,"texture":"#0"},"up":{"uv":[6.5,10.0,6.0,9.0],"tintindex":0,"rotation":0,"texture":"#0"},"down":{"uv":[7.0,9.0,6.5,10.0],"tintindex":0,"rotation":0,"texture":"#0"}}},{"from":[9.5,7.5,-2.5],"to":[10.0,8.5,0.0],"faces":{"east":{"uv":[5.5,12.75,6.125,13.0],"tintindex":0,"rotation":0,"texture":"#0"},"south":{"uv":[6.875,12.75,7.0,13.0],"tintindex":0,"rotation":0,"texture":"#0"},"north":{"uv":[6.125,12.75,6.25,13.0],"tintindex":0,"rotation":0,"texture":"#0"},"west":{"uv":[6.25,12.75,6.875,13.0],"tintindex":0,"rotation":0,"texture":"#0"},"up":{"uv":[6.25,12.75,6.125,12.125],"tintindex":0,"rotation":0,"texture":"#0"},"down":{"uv":[6.375,12.125,6.25,12.75],"tintindex":0,"rotation":0,"texture":"#0"}}},{"from":[6.5,7.5,-2.5],"to":[7.0,9.0,0.5],"faces":{"east":{"uv":[3.75,11.875,4.5,12.25],"tintindex":0,"rotation":0,"texture":"#0"},"south":{"uv":[5.375,11.875,5.5,12.25],"tintindex":0,"rotation":0,"texture":"#0"},"north":{"uv":[4.5,11.875,4.625,12.25],"tintindex":0,"rotation":0,"texture":"#0"},"west":{"uv":[4.625,11.875,5.375,12.25],"tintindex":0,"rotation":0,"texture":"#0"},"up":{"uv":[4.625,11.875,4.5,11.125],"tintindex":0,"rotation":0,"texture":"#0"},"down":{"uv":[4.75,11.125,4.625,11.875],"tintindex":0,"rotation":0,"texture":"#0"}}},{"from":[7.5,10.0,-2.5],"to":[9.0,10.5,0.0],"faces":{"east":{"uv":[11.5,9.0,12.125,9.125],"tintindex":0,"rotation":0,"texture":"#0"},"south":{"uv":[13.125,9.0,13.5,9.125],"tintindex":0,"rotation":0,"texture":"#0"},"north":{"uv":[12.125,9.0,12.5,9.125],"tintindex":0,"rotation":0,"texture":"#0"},"west":{"uv":[12.5,9.0,13.125,9.125],"tintindex":0,"rotation":0,"texture":"#0"},"up":{"uv":[12.5,9.0,12.125,8.375],"tintindex":0,"rotation":0,"texture":"#0"},"down":{"uv":[12.875,8.375,12.5,9.0],"tintindex":0,"rotation":0,"texture":"#0"}}},{"from":[9.0,7.5,-2.5],"to":[9.5,9.0,0.5],"faces":{"east":{"uv":[2.0,11.875,2.75,12.25],"tintindex":0,"rotation":0,"texture":"#0"},"south":{"uv":[3.625,11.875,3.75,12.25],"tintindex":0,"rotation":0,"texture":"#0"},"north":{"uv":[2.75,11.875,2.875,12.25],"tintindex":0,"rotation":0,"texture":"#0"},"west":{"uv":[2.875,11.875,3.625,12.25],"tintindex":0,"rotation":0,"texture":"#0"},"up":{"uv":[2.875,11.875,2.75,11.125],"tintindex":0,"rotation":0,"texture":"#0"},"down":{"uv":[3.0,11.125,2.875,11.875],"tintindex":0,"rotation":0,"texture":"#0"}}},{"from":[7.5,8.0,-5.0],"to":[8.5,9.0,-4.0],"faces":{"east":{"uv":[12.5,11.25,12.75,11.5],"tintindex":0,"rotation":0,"texture":"#0"},"south":{"uv":[13.25,11.25,13.5,11.5],"tintindex":0,"rotation":0,"texture":"#0"},"north":{"uv":[12.75,11.25,13.0,11.5],"tintindex":0,"rotation":0,"texture":"#0"},"west":{"uv":[13.0,11.25,13.25,11.5],"tintindex":0,"rotation":0,"texture":"#0"},"up":{"uv":[13.0,11.25,12.75,11.0],"tintindex":0,"rotation":0,"texture":"#0"},"down":{"uv":[13.25,11.0,13.0,11.25],"tintindex":0,"rotation":0,"texture":"#0"}}},{"from":[7.0,9.5,-3.0],"to":[9.0,10.0,0.5],"faces":{"east":{"uv":[10.5,10.375,11.375,10.5],"tintindex":0,"rotation":0,"texture":"#0"},"south":{"uv":[12.75,10.375,13.25,10.5],"tintindex":0,"rotation":0,"texture":"#0"},"north":{"uv":[11.375,10.375,11.875,10.5],"tintindex":0,"rotation":0,"texture":"#0"},"west":{"uv":[11.875,10.375,12.75,10.5],"tintindex":0,"rotation":0,"texture":"#0"},"up":{"uv":[11.875,10.375,11.375,9.5],"tintindex":0,"rotation":0,"texture":"#0"},"down":{"uv":[12.375,9.5,11.875,10.375],"tintindex":0,"rotation":0,"texture":"#0"}}},{"from":[7.0,7.5,-4.0],"to":[9.0,9.5,1.0],"faces":{"east":{"uv":[5.5,11.125,6.5,11.375],"tintindex":0,"rotation":0,"texture":"#0"},"south":{"uv":[7.75,11.125,8.0,11.375],"tintindex":0,"rotation":0,"texture":"#0"},"north":{"uv":[6.5,11.125,6.75,11.375],"tintindex":0,"rotation":0,"texture":"#0"},"west":{"uv":[6.75,11.125,7.75,11.375],"tintindex":0,"rotation":0,"texture":"#0"},"up":{"uv":[6.75,11.125,6.5,10.125],"tintindex":0,"rotation":0,"texture":"#0"},"down":{"uv":[7.0,10.125,6.75,11.125],"tintindex":0,"rotation":0,"texture":"#0"}}}],"display":{"head":{"rotation":[0.0,0.0,0.0]},"firstperson_righthand":{"rotation":[0.0,0.0,0.0]},"thirdperson_lefthand":{"rotation":[0.0,-0.0,-0.0]},"firstperson_lefthand":{"rotation":[0.0,-0.0,-0.0]},"fixed":{"rotation":[0.0,0.0,0.0]},"ground":{"rotation":[0.0,0.0,0.0]},"thirdperson_righthand":{"rotation":[0.0,0.0,0.0]},"gui":{"rotation":[-150.0,-45.0,180.0]}}}