{"textures":{"0":"modelengine:entity/7ea333ed-fb2c-32be-b7c4-40e3f7fe1128","particle":"#0"},"elements":[{"from":[6.0,8.0,4.0],"to":[15.0,15.0,15.0],"faces":{"east":{"uv":[0.0,8.875,1.375,9.75],"tintindex":0,"rotation":0,"texture":"#0"},"south":{"uv":[3.875,8.875,5.0,9.75],"tintindex":0,"rotation":0,"texture":"#0"},"north":{"uv":[1.375,8.875,2.5,9.75],"tintindex":0,"rotation":0,"texture":"#0"},"west":{"uv":[2.5,8.875,3.875,9.75],"tintindex":0,"rotation":0,"texture":"#0"},"up":{"uv":[2.5,8.875,1.375,7.5],"tintindex":0,"rotation":0,"texture":"#0"},"down":{"uv":[3.625,7.5,2.5,8.875],"tintindex":0,"rotation":0,"texture":"#0"}}}],"display":{"head":{"rotation":[0.0,0.0,0.0]},"firstperson_righthand":{"rotation":[0.0,0.0,0.0]},"thirdperson_lefthand":{"rotation":[0.0,-0.0,-0.0]},"firstperson_lefthand":{"rotation":[0.0,-0.0,-0.0]},"fixed":{"rotation":[0.0,0.0,0.0]},"ground":{"rotation":[0.0,0.0,0.0]},"thirdperson_righthand":{"rotation":[0.0,0.0,0.0]},"gui":{"rotation":[-150.0,-45.0,180.0]}}}