{"textures":{"0":"modelengine:entity/7ea333ed-fb2c-32be-b7c4-40e3f7fe1128","particle":"#0"},"elements":[{"from":[8.0,3.0,5.0],"to":[9.0,8.0,12.0],"faces":{"east":{"uv":[8.0,11.625,8.875,12.25],"tintindex":0,"rotation":0,"texture":"#0"},"south":{"uv":[9.875,11.625,10.0,12.25],"tintindex":0,"rotation":0,"texture":"#0"},"north":{"uv":[8.875,11.625,9.0,12.25],"tintindex":0,"rotation":0,"texture":"#0"},"west":{"uv":[9.0,11.625,9.875,12.25],"tintindex":0,"rotation":0,"texture":"#0"},"up":{"uv":[9.0,11.625,8.875,10.75],"tintindex":0,"rotation":0,"texture":"#0"},"down":{"uv":[9.125,10.75,9.0,11.625],"tintindex":0,"rotation":0,"texture":"#0"}}}],"display":{"head":{"rotation":[-0.0,0.0,40.0]},"firstperson_righthand":{"rotation":[-0.0,0.0,40.0]},"thirdperson_lefthand":{"rotation":[-0.0,-0.0,-40.0]},"firstperson_lefthand":{"rotation":[-0.0,-0.0,-40.0]},"fixed":{"rotation":[-0.0,0.0,40.0]},"ground":{"rotation":[-0.0,0.0,40.0]},"thirdperson_righthand":{"rotation":[-0.0,0.0,40.0]},"gui":{"rotation":[-150.0,-45.0,-140.0]}}}