{"textures":{"0":"modelengine:entity/terry","particle":"#0"},"elements":[{"from":[7.3,4.0,7.0],"to":[8.8,8.0,9.0],"faces":{"east":{"uv":[3.5,7.25,4.0,8.25],"tintindex":0,"rotation":0,"texture":"#0"},"south":{"uv":[6.5,7.5,7.0,8.5],"tintindex":0,"rotation":0,"texture":"#0"},"north":{"uv":[3.0,7.25,3.5,8.25],"tintindex":0,"rotation":0,"texture":"#0"},"west":{"uv":[7.5,6.5,8.0,7.5],"tintindex":0,"rotation":0,"texture":"#0"},"up":{"uv":[3.25,9.25,2.75,8.75],"tintindex":0,"rotation":0,"texture":"#0"},"down":{"uv":[3.75,8.75,3.25,9.25],"tintindex":0,"rotation":0,"texture":"#0"}}}],"display":{"head":{"rotation":[0.0,0.0,0.0]},"firstperson_righthand":{"rotation":[0.0,0.0,0.0]},"thirdperson_lefthand":{"rotation":[0.0,-0.0,-0.0]},"firstperson_lefthand":{"rotation":[0.0,-0.0,-0.0]},"fixed":{"rotation":[0.0,0.0,0.0]},"ground":{"rotation":[0.0,0.0,0.0]},"thirdperson_righthand":{"rotation":[0.0,0.0,0.0]},"gui":{"rotation":[-150.0,-45.0,180.0]}}}