{"textures":{"0":"modelengine:entity/terry","particle":"#0"},"elements":[{"from":[7.4,4.0,7.0],"to":[8.9,8.0,9.0],"faces":{"east":{"uv":[7.5,7.5,8.0,8.5],"tintindex":0,"rotation":0,"texture":"#0"},"south":{"uv":[1.5,7.75,2.0,8.75],"tintindex":0,"rotation":0,"texture":"#0"},"north":{"uv":[7.0,7.5,7.5,8.5],"tintindex":0,"rotation":0,"texture":"#0"},"west":{"uv":[2.0,7.75,2.5,8.75],"tintindex":0,"rotation":0,"texture":"#0"},"up":{"uv":[8.0,9.25,7.5,8.75],"tintindex":0,"rotation":0,"texture":"#0"},"down":{"uv":[8.5,8.75,8.0,9.25],"tintindex":0,"rotation":0,"texture":"#0"}}}],"display":{"head":{"rotation":[0.0,0.0,0.0]},"firstperson_righthand":{"rotation":[0.0,0.0,0.0]},"thirdperson_lefthand":{"rotation":[0.0,-0.0,-0.0]},"firstperson_lefthand":{"rotation":[0.0,-0.0,-0.0]},"fixed":{"rotation":[0.0,0.0,0.0]},"ground":{"rotation":[0.0,0.0,0.0]},"thirdperson_righthand":{"rotation":[0.0,0.0,0.0]},"gui":{"rotation":[-150.0,-45.0,180.0]}}}