{"display":{"head":{},"firstperson_righthand":{},"thirdperson_lefthand":{},"firstperson_lefthand":{},"fixed":{},"ground":{},"thirdperson_righthand":{},"gui":{"rotation":[-150.0,-45.0,180.0]}},"elements":[{"from":[7.3,4.0,7.0],"to":[8.8,8.0,9.0],"faces":{"east":{"uv":[3.5,7.25,4.0,8.25],"texture":"#0","tintindex":0},"south":{"uv":[6.5,7.5,7.0,8.5],"texture":"#0","tintindex":0},"north":{"uv":[3.0,7.25,3.5,8.25],"texture":"#0","tintindex":0},"west":{"uv":[7.5,6.5,8.0,7.5],"texture":"#0","tintindex":0},"up":{"uv":[3.25,9.25,2.75,8.75],"texture":"#0","tintindex":0},"down":{"uv":[3.75,8.75,3.25,9.25],"texture":"#0","tintindex":0}}}],"textures":{"particle":"#0","0":"modelengine:0e46d993-7381-4a2a-8bdf-eb3525807e71"}}