{"display":{"head":{},"firstperson_righthand":{},"thirdperson_lefthand":{},"firstperson_lefthand":{},"fixed":{},"ground":{},"thirdperson_righthand":{},"gui":{"rotation":[-150.0,-45.0,180.0]}},"elements":[{"from":[8.5,21.0,-6.2],"to":[11.0,22.0,-1.1000004],"faces":{"east":{"uv":[8.5,4.25,9.75,4.5],"texture":"#0","tintindex":0},"south":{"uv":[9.0,7.25,9.625,7.5],"texture":"#0","tintindex":0},"north":{"uv":[9.0,7.0,9.625,7.25],"texture":"#0","tintindex":0},"west":{"uv":[7.5,8.5,8.75,8.75],"texture":"#0","tintindex":0},"up":{"uv":[0.625,8.5,0.0,7.25],"texture":"#0","tintindex":0},"down":{"uv":[1.375,7.25,0.75,8.5],"texture":"#0","tintindex":0}}},{"from":[9.0,22.0,-5.6000004],"to":[10.6,23.0,-2.3000002],"faces":{"east":{"uv":[9.0,4.5,9.875,4.75],"texture":"#0","tintindex":0},"south":{"uv":[9.25,2.0,9.625,2.25],"texture":"#0","tintindex":0},"north":{"uv":[9.25,1.75,9.625,2.0],"texture":"#0","tintindex":0},"west":{"uv":[9.0,4.75,9.875,5.0],"texture":"#0","tintindex":0},"up":{"uv":[7.375,9.375,7.0,8.5],"texture":"#0","tintindex":0},"down":{"uv":[8.875,7.25,8.5,8.125],"texture":"#0","tintindex":0}}},{"from":[7.0,19.0,-8.0],"to":[17.0,20.0,1.0],"faces":{"east":{"uv":[7.5,6.0,9.75,6.25],"texture":"#0","tintindex":0},"south":{"uv":[7.5,5.25,10.0,5.5],"texture":"#0","tintindex":0},"north":{"uv":[7.5,5.0,10.0,5.25],"texture":"#0","tintindex":0},"west":{"uv":[7.5,6.25,9.75,6.5],"texture":"#0","tintindex":0},"up":{"uv":[6.5,3.75,4.0,1.5],"texture":"#0","tintindex":0},"down":{"uv":[6.5,3.75,4.0,6.0],"texture":"#0","tintindex":0}}},{"from":[8.0,20.0,-7.0],"to":[16.0,21.0,0.0],"faces":{"east":{"uv":[8.5,3.0,10.25,3.25],"texture":"#0","tintindex":0},"south":{"uv":[8.0,1.25,10.0,1.5],"texture":"#0","tintindex":0},"north":{"uv":[8.0,1.0,10.0,1.25],"texture":"#0","tintindex":0},"west":{"uv":[8.5,3.25,10.25,3.5],"texture":"#0","tintindex":0},"up":{"uv":[2.0,7.25,0.0,5.5],"texture":"#0","tintindex":0},"down":{"uv":[4.0,5.5,2.0,7.25],"texture":"#0","tintindex":0}}},{"from":[11.8,21.0,-6.5],"to":[15.6,23.0,-1.0],"faces":{"east":{"uv":[1.5,7.25,2.875,7.75],"texture":"#0","tintindex":0},"south":{"uv":[0.0,8.5,1.0,9.0],"texture":"#0","tintindex":0},"north":{"uv":[3.0,8.25,4.0,8.75],"texture":"#0","tintindex":0},"west":{"uv":[7.5,4.5,8.875,5.0],"texture":"#0","tintindex":0},"up":{"uv":[7.5,5.875,6.5,4.5],"texture":"#0","tintindex":0},"down":{"uv":[7.5,6.0,6.5,7.375],"texture":"#0","tintindex":0}}},{"from":[12.5,23.0,-5.5],"to":[14.5,24.0,-1.6000004],"faces":{"east":{"uv":[9.0,0.75,10.0,1.0],"texture":"#0","tintindex":0},"south":{"uv":[9.25,1.5,9.75,1.75],"texture":"#0","tintindex":0},"north":{"uv":[0.5,9.25,1.0,9.5],"texture":"#0","tintindex":0},"west":{"uv":[9.0,4.0,10.0,4.25],"texture":"#0","tintindex":0},"up":{"uv":[9.0,1.0,8.5,0.0],"texture":"#0","tintindex":0},"down":{"uv":[1.5,8.5,1.0,9.5],"texture":"#0","tintindex":0}}}],"textures":{"particle":"#0","0":"modelengine:0e46d993-7381-4a2a-8bdf-eb3525807e71"}}