{"display":{"head":{},"firstperson_righthand":{},"thirdperson_lefthand":{},"firstperson_lefthand":{},"fixed":{},"ground":{},"thirdperson_righthand":{},"gui":{"rotation":[-150.0,-45.0,180.0]}},"elements":[{"from":[3.9,9.9625,1.9],"to":[12.1,17.1625,10.1],"faces":{"east":{"uv":[9.0075,0.0075,9.9925,0.8675],"texture":"#0","tintindex":0},"south":{"uv":[9.0075,0.8825,9.9925,1.7425],"texture":"#0","tintindex":0},"north":{"uv":[7.0075,8.8825,7.9925,9.7425],"texture":"#0","tintindex":0},"west":{"uv":[9.0075,1.7575,9.9925,2.6175],"texture":"#0","tintindex":0},"up":{"uv":[7.9925,7.9925,7.0075,7.0075],"texture":"#0","tintindex":0},"down":{"uv":[6.9925,7.5075,6.0075,8.4925],"texture":"#0","tintindex":0}}},{"from":[7.0,7.8086586,7.13806],"to":[9.0,10.808659,9.138061],"rotation":{"origin":[8.0,7.8086586,8.638061],"axis":"x","angle":-22.5},"faces":{"east":{"uv":[8.5075,10.1325,8.7425,10.4925],"texture":"#0","tintindex":0},"south":{"uv":[8.7575,10.1325,8.9925,10.4925],"texture":"#0","tintindex":0},"north":{"uv":[8.2575,10.1325,8.4925,10.4925],"texture":"#0","tintindex":0},"west":{"uv":[0.0075,10.2575,0.2425,10.6175],"texture":"#0","tintindex":0},"up":{"uv":[9.2425,10.4925,9.0075,10.2575],"texture":"#0","tintindex":0},"down":{"uv":[10.4925,9.0075,10.2575,9.2425],"texture":"#0","tintindex":0}}},{"from":[12.0,17.0,10.0],"to":[4.0,8.0,2.0],"faces":{"east":{"uv":[1.0075,4.5075,1.9925,5.6175],"texture":"#0","tintindex":0},"south":{"uv":[2.0075,4.5075,2.9925,5.6175],"texture":"#0","tintindex":0},"north":{"uv":[0.0075,4.5075,0.9925,5.6175],"texture":"#0","tintindex":0},"west":{"uv":[3.0075,4.5075,3.9925,5.6175],"texture":"#0","tintindex":0},"up":{"uv":[0.9925,8.7425,0.0075,7.7575],"texture":"#0","tintindex":0},"down":{"uv":[1.9925,7.7575,1.0075,8.7425],"texture":"#0","tintindex":0}}},{"from":[4.0,8.0,2.0],"to":[12.0,17.0,10.0],"faces":{"east":{"uv":[4.0075,1.1325,4.9925,2.2425],"texture":"#0","tintindex":0},"south":{"uv":[4.0075,2.2575,4.9925,3.3675],"texture":"#0","tintindex":0},"north":{"uv":[4.0075,0.0075,4.9925,1.1175],"texture":"#0","tintindex":0},"west":{"uv":[4.0075,3.3825,4.9925,4.4925],"texture":"#0","tintindex":0},"up":{"uv":[7.9925,5.9925,7.0075,5.0075],"texture":"#0","tintindex":0},"down":{"uv":[7.9925,6.0075,7.0075,6.9925],"texture":"#0","tintindex":0}}}],"textures":{"particle":"#0","0":"modelengine:25f84b76-fdd9-449b-abee-7558346cdef1"}}