{"display":{"head":{},"firstperson_righthand":{},"thirdperson_lefthand":{},"firstperson_lefthand":{},"fixed":{},"ground":{},"thirdperson_righthand":{},"gui":{"rotation":[-150.0,-45.0,180.0]}},"elements":[{"from":[6.005,5.505,3.6550002],"to":[9.995,8.495,8.6449995],"faces":{"east":{"uv":[10.0075,2.2575,10.6175,2.6175],"texture":"#0","tintindex":0},"south":{"uv":[10.0075,7.1325,10.4925,7.4925],"texture":"#0","tintindex":0},"north":{"uv":[10.0075,6.7575,10.4925,7.1175],"texture":"#0","tintindex":0},"west":{"uv":[2.6325,10.0075,3.2425,10.3675],"texture":"#0","tintindex":0},"up":{"uv":[0.4925,10.2425,0.0075,9.6325],"texture":"#0","tintindex":0},"down":{"uv":[0.9925,9.6325,0.5075,10.2425],"texture":"#0","tintindex":0}}},{"from":[9.995,8.495,8.6449995],"to":[6.005,5.505,3.6550002],"faces":{"east":{"uv":[10.0075,2.6325,10.6175,2.9925],"texture":"#0","tintindex":0},"south":{"uv":[10.0075,7.8825,10.4925,8.2425],"texture":"#0","tintindex":0},"north":{"uv":[10.0075,7.5075,10.4925,7.8675],"texture":"#0","tintindex":0},"west":{"uv":[10.0075,3.0075,10.6175,3.3675],"texture":"#0","tintindex":0},"up":{"uv":[1.4925,10.2425,1.0075,9.6325],"texture":"#0","tintindex":0},"down":{"uv":[1.9925,9.6325,1.5075,10.2425],"texture":"#0","tintindex":0}}}],"textures":{"particle":"#0","0":"modelengine:25f84b76-fdd9-449b-abee-7558346cdef1"}}