{"display":{"head":{},"firstperson_righthand":{},"thirdperson_lefthand":{},"firstperson_lefthand":{},"fixed":{},"ground":{},"thirdperson_righthand":{},"gui":{"rotation":[-150.0,-45.0,180.0]}},"elements":[{"from":[7.5,8.0,8.0],"to":[8.5,12.0,8.0],"faces":{"south":{"uv":[9.3825,10.5075,9.4925,10.9925],"texture":"#0","tintindex":0},"north":{"uv":[9.2575,10.5075,9.3675,10.9925],"texture":"#0","tintindex":0}}},{"from":[8.0,8.0,7.5],"to":[8.0,12.0,8.5],"faces":{"east":{"uv":[9.5075,10.5075,9.6175,10.9925],"texture":"#0","tintindex":0},"west":{"uv":[9.6325,10.5075,9.7425,10.9925],"texture":"#0","tintindex":0}}}],"textures":{"particle":"#0","0":"modelengine:f2f412f4-2573-4610-9b12-12ae4b7c3e43"}}