{"display":{"head":{},"firstperson_righthand":{},"thirdperson_lefthand":{},"firstperson_lefthand":{},"fixed":{},"ground":{},"thirdperson_righthand":{},"gui":{"rotation":[-150.0,-45.0,180.0]}},"elements":[{"from":[12.0,13.65,8.45],"to":[4.0,6.6499996,4.45],"faces":{"east":{"uv":[4.0075,8.0075,4.4925,8.8675],"texture":"#0","tintindex":0},"south":{"uv":[5.5075,0.0075,6.4925,0.8675],"texture":"#0","tintindex":0},"north":{"uv":[5.2575,5.3825,6.2425,6.2425],"texture":"#0","tintindex":0},"west":{"uv":[8.0075,6.0075,8.4925,6.8675],"texture":"#0","tintindex":0},"up":{"uv":[8.9925,1.4925,8.0075,1.0075],"texture":"#0","tintindex":0},"down":{"uv":[8.9925,1.5075,8.0075,1.9925],"texture":"#0","tintindex":0}}},{"from":[7.0,7.6499996,7.55],"to":[9.0,13.65,8.55],"faces":{"east":{"uv":[8.8825,9.7575,8.9925,10.4925],"texture":"#0","tintindex":0},"south":{"uv":[9.8825,3.8825,10.1175,4.6175],"texture":"#0","tintindex":0},"north":{"uv":[3.5075,9.8825,3.7425,10.6175],"texture":"#0","tintindex":0},"west":{"uv":[8.2575,9.8825,8.3675,10.6175],"texture":"#0","tintindex":0},"up":{"uv":[5.3675,0.4925,5.1325,0.3825],"texture":"#0","tintindex":0},"down":{"uv":[5.7425,4.3825,5.5075,4.4925],"texture":"#0","tintindex":0}}},{"from":[12.1,13.75,8.575001],"to":[3.9,6.5499997,4.375],"faces":{"east":{"uv":[4.5075,8.1325,4.9925,8.9925],"texture":"#0","tintindex":0},"south":{"uv":[1.0075,6.1325,1.9925,6.9925],"texture":"#0","tintindex":0},"north":{"uv":[0.0075,6.1325,0.9925,6.9925],"texture":"#0","tintindex":0},"west":{"uv":[5.0075,8.1325,5.4925,8.9925],"texture":"#0","tintindex":0},"up":{"uv":[8.9925,5.4925,8.0075,5.0075],"texture":"#0","tintindex":0},"down":{"uv":[8.9925,5.5075,8.0075,5.9925],"texture":"#0","tintindex":0}}},{"from":[3.87,6.5199995,4.345],"to":[12.13,13.78,8.6050005],"faces":{"east":{"uv":[1.0075,8.1325,1.4925,8.9925],"texture":"#0","tintindex":0},"south":{"uv":[3.7575,5.7575,4.7425,6.6175],"texture":"#0","tintindex":0},"north":{"uv":[2.7575,5.7575,3.7425,6.6175],"texture":"#0","tintindex":0},"west":{"uv":[1.5075,8.1325,1.9925,8.9925],"texture":"#0","tintindex":0},"up":{"uv":[2.9925,8.4925,2.0075,8.0075],"texture":"#0","tintindex":0},"down":{"uv":[8.9925,2.0075,8.0075,2.4925],"texture":"#0","tintindex":0}}},{"from":[4.0,6.6499996,4.45],"to":[12.0,13.65,8.45],"faces":{"east":{"uv":[0.0075,5.1325,0.4925,5.9925],"texture":"#0","tintindex":0},"south":{"uv":[5.2575,4.5075,6.2425,5.3675],"texture":"#0","tintindex":0},"north":{"uv":[2.7575,4.8825,3.7425,5.7425],"texture":"#0","tintindex":0},"west":{"uv":[6.5075,7.8825,6.9925,8.7425],"texture":"#0","tintindex":0},"up":{"uv":[1.9925,8.1175,1.0075,7.6325],"texture":"#0","tintindex":0},"down":{"uv":[5.4925,7.6325,4.5075,8.1175],"texture":"#0","tintindex":0}}},{"from":[3.7,10.349999,4.1749997],"to":[12.3,13.95,8.775001],"faces":{"east":{"uv":[6.7575,9.8825,7.2425,10.2425],"texture":"#0","tintindex":0},"south":{"uv":[8.5075,0.3825,9.4925,0.7425],"texture":"#0","tintindex":0},"north":{"uv":[8.5075,0.0075,9.4925,0.3675],"texture":"#0","tintindex":0},"west":{"uv":[9.8825,7.1325,10.3675,7.4925],"texture":"#0","tintindex":0},"up":{"uv":[8.9925,3.4925,8.0075,3.0075],"texture":"#0","tintindex":0},"down":{"uv":[8.9925,3.5075,8.0075,3.9925],"texture":"#0","tintindex":0}}}],"textures":{"particle":"#0","0":"modelengine:f2f412f4-2573-4610-9b12-12ae4b7c3e43"}}