{"display":{"head":{},"firstperson_righthand":{},"thirdperson_lefthand":{},"firstperson_lefthand":{},"fixed":{},"ground":{},"thirdperson_righthand":{},"gui":{"rotation":[-150.0,-45.0,180.0]}},"elements":[{"from":[9.995,8.495,8.6449995],"to":[6.005,5.505,3.6550002],"faces":{"east":{"uv":[8.3825,9.3825,8.9925,9.7425],"texture":"#0","tintindex":0},"south":{"uv":[5.7575,9.8825,6.2425,10.2425],"texture":"#0","tintindex":0},"north":{"uv":[9.8825,4.6325,10.3675,4.9925],"texture":"#0","tintindex":0},"west":{"uv":[9.3825,8.6325,9.9925,8.9925],"texture":"#0","tintindex":0},"up":{"uv":[9.3675,6.6175,8.8825,6.0075],"texture":"#0","tintindex":0},"down":{"uv":[9.3675,7.5075,8.8825,8.1175],"texture":"#0","tintindex":0}}},{"from":[6.005,5.505,3.6550002],"to":[9.995,8.495,8.6449995],"faces":{"east":{"uv":[9.3825,7.8825,9.9925,8.2425],"texture":"#0","tintindex":0},"south":{"uv":[9.8825,3.5075,10.3675,3.8675],"texture":"#0","tintindex":0},"north":{"uv":[7.5075,1.0075,7.9925,1.3675],"texture":"#0","tintindex":0},"west":{"uv":[9.3825,8.2575,9.9925,8.6175],"texture":"#0","tintindex":0},"up":{"uv":[7.8675,9.3675,7.3825,8.7575],"texture":"#0","tintindex":0},"down":{"uv":[8.3675,8.7575,7.8825,9.3675],"texture":"#0","tintindex":0}}}],"textures":{"particle":"#0","0":"modelengine:f2f412f4-2573-4610-9b12-12ae4b7c3e43"}}