{"display":{"head":{},"firstperson_righthand":{},"thirdperson_lefthand":{},"firstperson_lefthand":{},"fixed":{},"ground":{},"thirdperson_righthand":{},"gui":{"rotation":[-150.0,-45.0,180.0]}},"elements":[{"from":[7.0,1.0,7.0],"to":[9.0,9.0,9.0],"faces":{"east":{"uv":[6.2575,9.1325,6.4925,10.1175],"texture":"#0","tintindex":0},"south":{"uv":[2.0075,9.3825,2.2425,10.3675],"texture":"#0","tintindex":0},"north":{"uv":[1.7575,9.0075,1.9925,9.9925],"texture":"#0","tintindex":0},"west":{"uv":[9.3825,2.1325,9.6175,3.1175],"texture":"#0","tintindex":0},"up":{"uv":[6.2425,10.4925,6.0075,10.2575],"texture":"#0","tintindex":0},"down":{"uv":[6.9925,10.2575,6.7575,10.4925],"texture":"#0","tintindex":0}}}],"textures":{"particle":"#0","0":"modelengine:f2f412f4-2573-4610-9b12-12ae4b7c3e43"}}