{"display":{"head":{},"firstperson_righthand":{},"thirdperson_lefthand":{},"firstperson_lefthand":{},"fixed":{},"ground":{},"thirdperson_righthand":{},"gui":{"rotation":[-150.0,-45.0,180.0]}},"elements":[{"from":[8.0,8.0,7.5],"to":[8.0,12.0,8.5],"faces":{"east":{"uv":[0.6325,10.6325,0.7425,11.1175],"texture":"#0","tintindex":0},"west":{"uv":[0.8825,10.6325,0.9925,11.1175],"texture":"#0","tintindex":0}}},{"from":[7.5,8.0,8.0],"to":[8.5,12.0,8.0],"faces":{"south":{"uv":[10.5075,2.6325,10.6175,3.1175],"texture":"#0","tintindex":0},"north":{"uv":[10.5075,2.1325,10.6175,2.6175],"texture":"#0","tintindex":0}}}],"textures":{"particle":"#0","0":"modelengine:f2f412f4-2573-4610-9b12-12ae4b7c3e43"}}