{"display":{"head":{},"firstperson_righthand":{},"thirdperson_lefthand":{},"firstperson_lefthand":{},"fixed":{},"ground":{},"thirdperson_righthand":{},"gui":{"rotation":[-150.0,-45.0,180.0]}},"elements":[{"from":[6.997,0.997,7.997],"to":[9.003,8.003,10.003],"faces":{"east":{"uv":[6.5075,9.6325,6.7425,10.4925],"texture":"#0","tintindex":0},"south":{"uv":[9.6325,9.0075,9.8675,9.8675],"texture":"#0","tintindex":0},"north":{"uv":[9.6325,2.1325,9.8675,2.9925],"texture":"#0","tintindex":0},"west":{"uv":[9.7575,0.0075,9.9925,0.8675],"texture":"#0","tintindex":0},"up":{"uv":[9.2425,10.4925,9.0075,10.2575],"texture":"#0","tintindex":0},"down":{"uv":[10.1175,10.2575,9.8825,10.4925],"texture":"#0","tintindex":0}}}],"textures":{"particle":"#0","0":"modelengine:f2f412f4-2573-4610-9b12-12ae4b7c3e43"}}