{"display":{"head":{},"firstperson_righthand":{},"thirdperson_lefthand":{},"firstperson_lefthand":{},"fixed":{},"ground":{},"thirdperson_righthand":{},"gui":{"rotation":[-150.0,-45.0,180.0]}},"elements":[{"from":[0.75,9.0,1.75],"to":[15.25,25.0,14.25],"faces":{"east":{"uv":[7.75,1.75,8.833334,3.0833335],"texture":"#0","tintindex":0},"south":{"uv":[7.0833335,6.0833335,8.333334,7.416667],"texture":"#0","tintindex":0},"north":{"uv":[2.8333335,6.8333335,4.0833335,8.166667],"texture":"#0","tintindex":0},"west":{"uv":[0.5,7.916667,1.5833334,9.25],"texture":"#0","tintindex":0},"up":{"uv":[9.0,4.166667,7.75,3.0833335],"texture":"#0","tintindex":0},"down":{"uv":[2.8333335,7.916667,1.5833334,9.0],"texture":"#0","tintindex":0}}}],"textures":{"particle":"#0","0":"modelengine:6d1146bc-a30b-4c08-bb75-36bc9763488f"}}