{"textures":{"0":"modelengine:entity/hv_zalthor","particle":"#0"},"elements":[{"from":[-0.25,5.75,0.5],"to":[16.25,10.25,14.75],"faces":{"east":{"uv":[6.3333335,4.3333335,7.5,4.75],"tintindex":0,"rotation":0,"texture":"#0"},"south":{"uv":[9.5,0.75,10.916667,1.1666667],"tintindex":0,"rotation":0,"texture":"#0"},"north":{"uv":[8.083334,0.6666667,9.5,1.0833334],"tintindex":0,"rotation":0,"texture":"#0"},"west":{"uv":[2.8333335,8.166667,4.0,8.583334],"tintindex":0,"rotation":0,"texture":"#0"},"up":{"uv":[8.5,8.583334,7.0833335,7.416667],"tintindex":0,"rotation":0,"texture":"#0"},"down":{"uv":[5.5,7.5,4.0833335,8.666667],"tintindex":0,"rotation":0,"texture":"#0"}}}],"display":{"head":{"rotation":[0.0,0.0,0.0]},"firstperson_righthand":{"rotation":[0.0,0.0,0.0]},"thirdperson_lefthand":{"rotation":[0.0,-0.0,-0.0]},"firstperson_lefthand":{"rotation":[0.0,-0.0,-0.0]},"fixed":{"rotation":[0.0,0.0,0.0]},"ground":{"rotation":[0.0,0.0,0.0]},"thirdperson_righthand":{"rotation":[0.0,0.0,0.0]},"gui":{"rotation":[-150.0,-45.0,180.0]}}}