{"textures":{"0":"modelengine:entity/hv_zalthor","particle":"#0"},"elements":[{"from":[-0.25,5.75,0.25],"to":[16.25,10.25,14.5],"faces":{"east":{"uv":[12.25,10.75,13.416667,11.166667],"tintindex":0,"rotation":0,"texture":"#0"},"south":{"uv":[11.833334,5.8333335,13.25,6.25],"tintindex":0,"rotation":0,"texture":"#0"},"north":{"uv":[10.916667,0.8333334,12.333334,1.25],"tintindex":0,"rotation":0,"texture":"#0"},"west":{"uv":[12.333334,0.6666667,13.5,1.0833334],"tintindex":0,"rotation":0,"texture":"#0"},"up":{"uv":[6.916667,8.666667,5.5,7.5],"tintindex":0,"rotation":0,"texture":"#0"},"down":{"uv":[9.083334,4.3333335,7.666667,5.5],"tintindex":0,"rotation":0,"texture":"#0"}}}],"display":{"head":{"rotation":[0.0,0.0,0.0]},"firstperson_righthand":{"rotation":[0.0,0.0,0.0]},"thirdperson_lefthand":{"rotation":[0.0,-0.0,-0.0]},"firstperson_lefthand":{"rotation":[0.0,-0.0,-0.0]},"fixed":{"rotation":[0.0,0.0,0.0]},"ground":{"rotation":[0.0,0.0,0.0]},"thirdperson_righthand":{"rotation":[0.0,0.0,0.0]},"gui":{"rotation":[-150.0,-45.0,180.0]}}}