{"display":{"head":{},"firstperson_righthand":{},"thirdperson_lefthand":{},"firstperson_lefthand":{},"fixed":{},"ground":{},"thirdperson_righthand":{},"gui":{"rotation":[-150.0,-45.0,180.0]}},"elements":[{"from":[-0.25,-6.749999,7.75],"to":[16.25,8.25,8.0],"faces":{"east":{"uv":[9.5,13.75,9.583334,15.0],"texture":"#0","tintindex":0},"south":{"uv":[6.3333335,1.8333334,7.75,3.0833335],"texture":"#0","tintindex":0},"north":{"uv":[6.25,4.8333335,7.666667,6.0833335],"texture":"#0","tintindex":0},"west":{"uv":[9.583334,13.75,9.666667,15.0],"texture":"#0","tintindex":0},"up":{"uv":[15.083334,10.333334,13.666667,10.25],"texture":"#0","tintindex":0},"down":{"uv":[15.083334,10.333334,13.666667,10.416667],"texture":"#0","tintindex":0}}}],"textures":{"particle":"#0","0":"modelengine:6d1146bc-a30b-4c08-bb75-36bc9763488f"}}