{"display":{"head":{},"firstperson_righthand":{},"thirdperson_lefthand":{},"firstperson_lefthand":{},"fixed":{},"ground":{},"thirdperson_righthand":{},"gui":{"rotation":[-150.0,-45.0,180.0]}},"elements":[{"from":[-0.35000038,-7.75,7.75],"to":[16.35,8.25,8.25],"faces":{"east":{"uv":[5.75,13.583334,5.8333335,14.916667],"texture":"#0","tintindex":0},"south":{"uv":[0.0,5.3333335,1.4166667,6.666667],"texture":"#0","tintindex":0},"north":{"uv":[4.8333335,4.8333335,6.25,6.166667],"texture":"#0","tintindex":0},"west":{"uv":[8.666667,13.666667,8.75,15.0],"texture":"#0","tintindex":0},"up":{"uv":[10.333334,1.25,8.916667,1.1666667],"texture":"#0","tintindex":0},"down":{"uv":[14.833334,11.083334,13.416667,11.166667],"texture":"#0","tintindex":0}}}],"textures":{"particle":"#0","0":"modelengine:6d1146bc-a30b-4c08-bb75-36bc9763488f"}}