{"textures":{"0":"modelengine:entity/hv_zalthor","particle":"#0"},"elements":[{"from":[4.25,6.125,4.71875],"to":[11.75,21.125,12.21875],"faces":{"east":{"uv":[10.166667,4.0,10.833334,5.25],"tintindex":0,"rotation":0,"texture":"#0"},"south":{"uv":[10.166667,5.25,10.833334,6.5],"tintindex":0,"rotation":0,"texture":"#0"},"north":{"uv":[1.5833334,10.083334,2.25,11.333334],"tintindex":0,"rotation":0,"texture":"#0"},"west":{"uv":[0.5,10.25,1.1666667,11.5],"tintindex":0,"rotation":0,"texture":"#0"},"up":{"uv":[2.3333335,13.083334,1.6666667,12.416667],"tintindex":0,"rotation":0,"texture":"#0"},"down":{"uv":[3.0,12.416667,2.3333335,13.083334],"tintindex":0,"rotation":0,"texture":"#0"}}},{"from":[1.75,12.125,2.2187505],"to":[14.25,24.125,14.71875],"faces":{"east":{"uv":[0.5,9.25,1.5833334,10.25],"tintindex":0,"rotation":0,"texture":"#0"},"south":{"uv":[2.6666667,9.333334,3.75,10.333334],"tintindex":0,"rotation":0,"texture":"#0"},"north":{"uv":[9.083334,8.833334,10.166667,9.833334],"tintindex":0,"rotation":0,"texture":"#0"},"west":{"uv":[3.75,9.333334,4.8333335,10.333334],"tintindex":0,"rotation":0,"texture":"#0"},"up":{"uv":[8.0,9.666667,6.916667,8.583334],"tintindex":0,"rotation":0,"texture":"#0"},"down":{"uv":[9.916667,1.75,8.833334,2.8333335],"tintindex":0,"rotation":0,"texture":"#0"}}}],"display":{"head":{"rotation":[0.0,0.0,0.0]},"firstperson_righthand":{"rotation":[0.0,0.0,0.0]},"thirdperson_lefthand":{"rotation":[0.0,-0.0,-0.0]},"firstperson_lefthand":{"rotation":[0.0,-0.0,-0.0]},"fixed":{"rotation":[0.0,0.0,0.0]},"ground":{"rotation":[0.0,0.0,0.0]},"thirdperson_righthand":{"rotation":[0.0,0.0,0.0]},"gui":{"rotation":[-150.0,-45.0,180.0]}}}