{"textures":{"0":"modelengine:entity/hv_zalthor","particle":"#0"},"elements":[{"from":[7.25,2.5,6.5000005],"to":[10.75,8.5,9.5],"faces":{"east":{"uv":[5.5,13.583334,5.75,14.083334],"tintindex":0,"rotation":0,"texture":"#0"},"south":{"uv":[13.416667,10.583334,13.75,11.083334],"tintindex":0,"rotation":0,"texture":"#0"},"north":{"uv":[10.416667,13.416667,10.75,13.916667],"tintindex":0,"rotation":0,"texture":"#0"},"west":{"uv":[13.666667,9.75,13.916667,10.25],"tintindex":0,"rotation":0,"texture":"#0"},"up":{"uv":[14.166667,9.5,13.833334,9.25],"tintindex":0,"rotation":0,"texture":"#0"},"down":{"uv":[14.166667,9.5,13.833334,9.75],"tintindex":0,"rotation":0,"texture":"#0"}}}],"display":{"head":{"rotation":[0.0,0.0,0.0]},"firstperson_righthand":{"rotation":[0.0,0.0,0.0]},"thirdperson_lefthand":{"rotation":[0.0,-0.0,-0.0]},"firstperson_lefthand":{"rotation":[0.0,-0.0,-0.0]},"fixed":{"rotation":[0.0,0.0,0.0]},"ground":{"rotation":[0.0,0.0,0.0]},"thirdperson_righthand":{"rotation":[0.0,0.0,0.0]},"gui":{"rotation":[-150.0,-45.0,180.0]}}}