{"display":{"head":{},"firstperson_righthand":{},"thirdperson_lefthand":{},"firstperson_lefthand":{},"fixed":{},"ground":{},"thirdperson_righthand":{},"gui":{"rotation":[-150.0,-45.0,180.0]}},"elements":[{"from":[-10.800001,6.5,6.5],"to":[8.799999,9.5,9.5],"faces":{"east":{"uv":[13.416667,13.75,13.666667,14.0],"texture":"#0","tintindex":0},"south":{"uv":[12.583334,5.5,14.25,5.75],"texture":"#0","tintindex":0},"north":{"uv":[12.583334,5.25,14.25,5.5],"texture":"#0","tintindex":0},"west":{"uv":[4.25,13.916667,4.5,14.166667],"texture":"#0","tintindex":0},"up":{"uv":[14.416667,6.5,12.75,6.25],"texture":"#0","tintindex":0},"down":{"uv":[14.416667,6.5,12.75,6.75],"texture":"#0","tintindex":0}}}],"textures":{"particle":"#0","0":"modelengine:6d1146bc-a30b-4c08-bb75-36bc9763488f"}}