{"display":{"head":{},"firstperson_righthand":{},"thirdperson_lefthand":{},"firstperson_lefthand":{},"fixed":{},"ground":{},"thirdperson_righthand":{},"gui":{"rotation":[-150.0,-45.0,180.0]}},"elements":[{"from":[7.25,2.625001,6.5],"to":[10.75,8.375,9.5],"faces":{"east":{"uv":[1.25,13.75,1.5,14.25],"texture":"#0","tintindex":0},"south":{"uv":[12.416667,13.416667,12.75,13.916667],"texture":"#0","tintindex":0},"north":{"uv":[12.083334,13.416667,12.416667,13.916667],"texture":"#0","tintindex":0},"west":{"uv":[13.75,2.25,14.0,2.75],"texture":"#0","tintindex":0},"up":{"uv":[6.5,14.166667,6.166667,13.916667],"texture":"#0","tintindex":0},"down":{"uv":[6.8333335,13.916667,6.5,14.166667],"texture":"#0","tintindex":0}}}],"textures":{"particle":"#0","0":"modelengine:6d1146bc-a30b-4c08-bb75-36bc9763488f"}}