{"display":{"head":{},"firstperson_righthand":{},"thirdperson_lefthand":{},"firstperson_lefthand":{},"fixed":{},"ground":{},"thirdperson_righthand":{},"gui":{"rotation":[-150.0,-45.0,180.0]}},"elements":[{"from":[4.7270603,-5.477169,4.25],"to":[10.22706,9.522831,11.75],"faces":{"east":{"uv":[10.333334,7.5,11.0,8.75],"texture":"#0","tintindex":0},"south":{"uv":[7.166667,11.416667,7.666667,12.666667],"texture":"#0","tintindex":0},"north":{"uv":[9.083334,11.25,9.583334,12.5],"texture":"#0","tintindex":0},"west":{"uv":[10.5,9.833334,11.166667,11.083334],"texture":"#0","tintindex":0},"up":{"uv":[8.833334,13.666667,8.333334,13.0],"texture":"#0","tintindex":0},"down":{"uv":[1.5833334,13.083334,1.0833334,13.75],"texture":"#0","tintindex":0}}}],"textures":{"particle":"#0","0":"modelengine:6d1146bc-a30b-4c08-bb75-36bc9763488f"}}