{"textures":{"0":"modelengine:entity/hv_zalthor","particle":"#0"},"elements":[{"from":[7.25,2.625,6.5],"to":[10.75,8.375,9.5],"faces":{"east":{"uv":[1.25,13.75,1.5,14.25],"tintindex":0,"rotation":0,"texture":"#0"},"south":{"uv":[12.416667,13.416667,12.75,13.916667],"tintindex":0,"rotation":0,"texture":"#0"},"north":{"uv":[12.083334,13.416667,12.416667,13.916667],"tintindex":0,"rotation":0,"texture":"#0"},"west":{"uv":[13.75,2.25,14.0,2.75],"tintindex":0,"rotation":0,"texture":"#0"},"up":{"uv":[6.5,14.166667,6.166667,13.916667],"tintindex":0,"rotation":0,"texture":"#0"},"down":{"uv":[6.8333335,13.916667,6.5,14.166667],"tintindex":0,"rotation":0,"texture":"#0"}}}],"display":{"head":{"rotation":[0.0,0.0,0.0]},"firstperson_righthand":{"rotation":[0.0,0.0,0.0]},"thirdperson_lefthand":{"rotation":[0.0,-0.0,-0.0]},"firstperson_lefthand":{"rotation":[0.0,-0.0,-0.0]},"fixed":{"rotation":[0.0,0.0,0.0]},"ground":{"rotation":[0.0,0.0,0.0]},"thirdperson_righthand":{"rotation":[0.0,0.0,0.0]},"gui":{"rotation":[-150.0,-45.0,180.0]}}}