{"display":{"head":{},"firstperson_righthand":{},"thirdperson_lefthand":{},"firstperson_lefthand":{},"fixed":{},"ground":{},"thirdperson_righthand":{},"gui":{"rotation":[-150.0,-45.0,180.0]}},"elements":[{"from":[-0.34999847,-7.75,7.75],"to":[16.35,8.25,8.25],"faces":{"east":{"uv":[8.75,13.666667,8.833334,15.0],"texture":"#0","tintindex":0},"south":{"uv":[2.8333335,5.5,4.25,6.8333335],"texture":"#0","tintindex":0},"north":{"uv":[1.4166667,5.3333335,2.8333335,6.666667],"texture":"#0","tintindex":0},"west":{"uv":[1.5,13.75,1.5833334,15.083334],"texture":"#0","tintindex":0},"up":{"uv":[15.083334,10.5,13.666667,10.416667],"texture":"#0","tintindex":0},"down":{"uv":[15.083334,10.5,13.666667,10.583334],"texture":"#0","tintindex":0}}}],"textures":{"particle":"#0","0":"modelengine:6d1146bc-a30b-4c08-bb75-36bc9763488f"}}