{"display":{"head":{},"firstperson_righthand":{},"thirdperson_lefthand":{},"firstperson_lefthand":{},"fixed":{},"ground":{},"thirdperson_righthand":{},"gui":{"rotation":[-150.0,-45.0,180.0]}},"elements":[{"from":[7.25,1.625001,6.5],"to":[10.75,8.375,9.5],"faces":{"east":{"uv":[13.416667,13.166667,13.666667,13.75],"texture":"#0","tintindex":0},"south":{"uv":[3.0,12.416667,3.3333335,13.0],"texture":"#0","tintindex":0},"north":{"uv":[4.416667,10.333334,4.75,10.916667],"texture":"#0","tintindex":0},"west":{"uv":[13.5,0.5,13.75,1.0833334],"texture":"#0","tintindex":0},"up":{"uv":[3.5833335,14.166667,3.25,13.916667],"texture":"#0","tintindex":0},"down":{"uv":[3.9166667,13.916667,3.5833335,14.166667],"texture":"#0","tintindex":0}}}],"textures":{"particle":"#0","0":"modelengine:6d1146bc-a30b-4c08-bb75-36bc9763488f"}}