{"display":{"head":{},"firstperson_righthand":{},"thirdperson_lefthand":{},"firstperson_lefthand":{},"fixed":{},"ground":{},"thirdperson_righthand":{},"gui":{"rotation":[-150.0,-45.0,180.0]}},"elements":[{"from":[-0.34999847,-0.75,7.75],"to":[16.35,8.25,7.75],"faces":{"south":{"uv":[7.166667,9.916667,8.583334,10.666667],"texture":"#0","tintindex":0},"north":{"uv":[9.916667,1.75,11.333334,2.5],"texture":"#0","tintindex":0}}}],"textures":{"particle":"#0","0":"modelengine:6d1146bc-a30b-4c08-bb75-36bc9763488f"}}