{"display":{"head":{},"firstperson_righthand":{},"thirdperson_lefthand":{},"firstperson_lefthand":{},"fixed":{},"ground":{},"thirdperson_righthand":{},"gui":{"rotation":[-150.0,-45.0,180.0]}},"elements":[{"from":[-7.8,6.5,6.5],"to":[3.8000002,9.5,9.5],"faces":{"east":{"uv":[1.6666667,12.166667,1.9166667,12.416667],"texture":"#0","tintindex":0},"south":{"uv":[13.25,4.0,14.25,4.25],"texture":"#0","tintindex":0},"north":{"uv":[13.25,3.75,14.25,4.0],"texture":"#0","tintindex":0},"west":{"uv":[4.416667,13.166667,4.666667,13.416667],"texture":"#0","tintindex":0},"up":{"uv":[14.25,4.5,13.25,4.25],"texture":"#0","tintindex":0},"down":{"uv":[14.25,4.5,13.25,4.75],"texture":"#0","tintindex":0}}}],"textures":{"particle":"#0","0":"modelengine:6d1146bc-a30b-4c08-bb75-36bc9763488f"}}