{"textures":{"0":"modelengine:entity/hv_zalthor","particle":"#0"},"elements":[{"from":[-0.34999847,-7.75,7.75],"to":[16.35,8.25,8.25],"faces":{"east":{"uv":[8.75,13.666667,8.833334,15.0],"tintindex":0,"rotation":0,"texture":"#0"},"south":{"uv":[2.8333335,5.5,4.25,6.8333335],"tintindex":0,"rotation":0,"texture":"#0"},"north":{"uv":[1.4166667,5.3333335,2.8333335,6.666667],"tintindex":0,"rotation":0,"texture":"#0"},"west":{"uv":[1.5,13.75,1.5833334,15.083334],"tintindex":0,"rotation":0,"texture":"#0"},"up":{"uv":[15.083334,10.5,13.666667,10.416667],"tintindex":0,"rotation":0,"texture":"#0"},"down":{"uv":[15.083334,10.5,13.666667,10.583334],"tintindex":0,"rotation":0,"texture":"#0"}}}],"display":{"head":{"rotation":[0.0,0.0,0.0]},"firstperson_righthand":{"rotation":[0.0,0.0,0.0]},"thirdperson_lefthand":{"rotation":[0.0,-0.0,-0.0]},"firstperson_lefthand":{"rotation":[0.0,-0.0,-0.0]},"fixed":{"rotation":[0.0,0.0,0.0]},"ground":{"rotation":[0.0,0.0,0.0]},"thirdperson_righthand":{"rotation":[0.0,0.0,0.0]},"gui":{"rotation":[-150.0,-45.0,180.0]}}}