{"display":{"head":{},"firstperson_righthand":{},"thirdperson_lefthand":{},"firstperson_lefthand":{},"fixed":{},"ground":{},"thirdperson_righthand":{},"gui":{"rotation":[-150.0,-45.0,180.0]}},"elements":[{"from":[6.1499996,2.25,6.3999996],"to":[9.85,7.75,9.6],"faces":{"east":{"uv":[0.5,13.583334,0.75,14.083334],"texture":"#0","tintindex":0},"south":{"uv":[5.8333335,13.416667,6.166667,13.916667],"texture":"#0","tintindex":0},"north":{"uv":[4.166667,13.416667,4.5,13.916667],"texture":"#0","tintindex":0},"west":{"uv":[0.75,13.583334,1.0,14.083334],"texture":"#0","tintindex":0},"up":{"uv":[4.3333335,12.416667,4.0,12.166667],"texture":"#0","tintindex":0},"down":{"uv":[12.583334,11.166667,12.25,11.416667],"texture":"#0","tintindex":0}}}],"textures":{"particle":"#0","0":"modelengine:6d1146bc-a30b-4c08-bb75-36bc9763488f"}}