{"textures":{"0":"modelengine:entity/hv_zalthor","particle":"#0"},"elements":[{"from":[-0.25,-6.750001,7.75],"to":[16.25,8.25,8.0],"faces":{"east":{"uv":[9.833334,13.75,9.916667,15.0],"tintindex":0,"rotation":0,"texture":"#0"},"south":{"uv":[1.4166667,6.666667,2.8333335,7.916667],"tintindex":0,"rotation":0,"texture":"#0"},"north":{"uv":[6.666667,0.0,8.083334,1.25],"tintindex":0,"rotation":0,"texture":"#0"},"west":{"uv":[9.916667,13.75,10.0,15.0],"tintindex":0,"rotation":0,"texture":"#0"},"up":{"uv":[15.166667,8.75,13.75,8.666667],"tintindex":0,"rotation":0,"texture":"#0"},"down":{"uv":[15.166667,8.75,13.75,8.833334],"tintindex":0,"rotation":0,"texture":"#0"}}}],"display":{"head":{"rotation":[0.0,0.0,0.0]},"firstperson_righthand":{"rotation":[0.0,0.0,0.0]},"thirdperson_lefthand":{"rotation":[0.0,-0.0,-0.0]},"firstperson_lefthand":{"rotation":[0.0,-0.0,-0.0]},"fixed":{"rotation":[0.0,0.0,0.0]},"ground":{"rotation":[0.0,0.0,0.0]},"thirdperson_righthand":{"rotation":[0.0,0.0,0.0]},"gui":{"rotation":[-150.0,-45.0,180.0]}}}