{"textures":{"0":"modelengine:entity/hv_zalthor","particle":"#0"},"elements":[{"from":[3.7999997,6.3125,5.1125],"to":[12.2,8.012501,13.1625],"faces":{"east":{"uv":[13.833334,7.0833335,14.5,7.25],"tintindex":0,"rotation":0,"texture":"#0"},"south":{"uv":[7.166667,13.833334,7.8333335,14.0],"tintindex":0,"rotation":0,"texture":"#0"},"north":{"uv":[13.833334,6.916667,14.5,7.0833335],"tintindex":0,"rotation":0,"texture":"#0"},"west":{"uv":[13.833334,7.25,14.5,7.416667],"tintindex":0,"rotation":0,"texture":"#0"},"up":{"uv":[13.25,7.5833335,12.583334,6.916667],"tintindex":0,"rotation":0,"texture":"#0"},"down":{"uv":[13.25,9.166667,12.583334,9.833334],"tintindex":0,"rotation":0,"texture":"#0"}}},{"from":[4.3999996,-1.4875002,5.3625],"to":[11.599999,7.8125,12.5625],"faces":{"east":{"uv":[12.75,11.166667,13.333334,11.916667],"tintindex":0,"rotation":0,"texture":"#0"},"south":{"uv":[7.25,12.833334,7.8333335,13.583334],"tintindex":0,"rotation":0,"texture":"#0"},"north":{"uv":[12.75,8.333334,13.333334,9.083334],"tintindex":0,"rotation":0,"texture":"#0"},"west":{"uv":[9.5,12.833334,10.083334,13.583334],"tintindex":0,"rotation":0,"texture":"#0"},"up":{"uv":[13.5,2.3333335,12.916667,1.75],"tintindex":0,"rotation":0,"texture":"#0"},"down":{"uv":[13.5,2.3333335,12.916667,2.9166667],"tintindex":0,"rotation":0,"texture":"#0"}}},{"from":[3.75,3.3125,4.1625004],"to":[12.25,11.7125,5.3625],"faces":{"east":{"uv":[6.916667,7.5,7.0,8.166667],"tintindex":0,"rotation":0,"texture":"#0"},"south":{"uv":[12.166667,1.75,12.916667,2.4166667],"tintindex":0,"rotation":0,"texture":"#0"},"north":{"uv":[12.083334,0.0,12.833334,0.6666667],"tintindex":0,"rotation":0,"texture":"#0"},"west":{"uv":[7.0,7.5,7.0833335,8.166667],"tintindex":0,"rotation":0,"texture":"#0"},"up":{"uv":[7.416667,1.8333334,6.666667,1.75],"tintindex":0,"rotation":0,"texture":"#0"},"down":{"uv":[3.5833335,8.583334,2.8333335,8.666667],"tintindex":0,"rotation":0,"texture":"#0"}}},{"from":[3.7999997,-2.6875,5.1125],"to":[12.2,-0.9875002,13.1625],"faces":{"east":{"uv":[13.833334,2.9166667,14.5,3.0833335],"tintindex":0,"rotation":0,"texture":"#0"},"south":{"uv":[13.833334,3.0833335,14.5,3.25],"tintindex":0,"rotation":0,"texture":"#0"},"north":{"uv":[1.5833334,13.833334,2.25,14.0],"tintindex":0,"rotation":0,"texture":"#0"},"west":{"uv":[13.833334,6.75,14.5,6.916667],"tintindex":0,"rotation":0,"texture":"#0"},"up":{"uv":[13.25,4.5833335,12.583334,3.9166667],"tintindex":0,"rotation":0,"texture":"#0"},"down":{"uv":[13.25,4.5833335,12.583334,5.25],"tintindex":0,"rotation":0,"texture":"#0"}}}],"display":{"head":{"rotation":[0.0,0.0,0.0]},"firstperson_righthand":{"rotation":[0.0,0.0,0.0]},"thirdperson_lefthand":{"rotation":[0.0,-0.0,-0.0]},"firstperson_lefthand":{"rotation":[0.0,-0.0,-0.0]},"fixed":{"rotation":[0.0,0.0,0.0]},"ground":{"rotation":[0.0,0.0,0.0]},"thirdperson_righthand":{"rotation":[0.0,0.0,0.0]},"gui":{"rotation":[-150.0,-45.0,180.0]}}}