{"display":{"head":{},"firstperson_righthand":{},"thirdperson_lefthand":{},"firstperson_lefthand":{},"fixed":{},"ground":{},"thirdperson_righthand":{},"gui":{"rotation":[-150.0,-45.0,180.0]}},"elements":[{"from":[0.0,8.0,3.0],"to":[6.0,17.0,9.0],"faces":{"east":{"uv":[6.75,7.25,8.25,9.5],"texture":"#0","tintindex":0},"south":{"uv":[2.0,7.5,3.5,9.75],"texture":"#0","tintindex":0},"north":{"uv":[5.25,7.25,6.75,9.5],"texture":"#0","tintindex":0},"west":{"uv":[0.0,7.75,1.5,10.0],"texture":"#0","tintindex":0},"up":{"uv":[11.25,3.0,9.75,1.5],"texture":"#0","tintindex":0},"down":{"uv":[11.25,9.5,9.75,11.0],"texture":"#0","tintindex":0}}},{"from":[-1.0,8.0,4.0],"to":[7.0,17.0,8.0],"faces":{"east":{"uv":[0.0,10.0,1.0,12.25],"texture":"#0","tintindex":0},"south":{"uv":[2.0,0.0,4.0,2.25],"texture":"#0","tintindex":0},"north":{"uv":[0.0,0.0,2.0,2.25],"texture":"#0","tintindex":0},"west":{"uv":[8.0,10.5,9.0,12.75],"texture":"#0","tintindex":0},"up":{"uv":[12.75,7.0,10.75,6.0],"texture":"#0","tintindex":0},"down":{"uv":[12.75,7.0,10.75,8.0],"texture":"#0","tintindex":0}}},{"from":[1.0,17.0,4.0],"to":[5.0,18.0,6.0],"faces":{"east":{"uv":[3.0,10.75,3.5,11.0],"texture":"#0","tintindex":0},"south":{"uv":[12.0,11.0,13.0,11.25],"texture":"#0","tintindex":0},"north":{"uv":[5.5,12.0,6.5,12.25],"texture":"#0","tintindex":0},"west":{"uv":[9.0,10.75,9.5,11.0],"texture":"#0","tintindex":0},"up":{"uv":[10.75,3.5,9.75,3.0],"texture":"#0","tintindex":0},"down":{"uv":[3.0,12.0,2.0,12.5],"texture":"#0","tintindex":0}}},{"from":[0.0,17.0,5.0],"to":[6.0,18.0,8.0],"faces":{"east":{"uv":[9.0,5.25,9.75,5.5],"texture":"#0","tintindex":0},"south":{"uv":[3.0,12.0,4.5,12.25],"texture":"#0","tintindex":0},"north":{"uv":[11.25,10.75,12.75,11.0],"texture":"#0","tintindex":0},"west":{"uv":[9.0,10.5,9.75,10.75],"texture":"#0","tintindex":0},"up":{"uv":[12.75,2.25,11.25,1.5],"texture":"#0","tintindex":0},"down":{"uv":[3.5,11.25,2.0,12.0],"texture":"#0","tintindex":0}}},{"from":[1.0,8.0,2.0],"to":[5.0,17.0,8.0],"faces":{"east":{"uv":[6.75,1.75,8.25,4.0],"texture":"#0","tintindex":0},"south":{"uv":[9.75,7.25,10.75,9.5],"texture":"#0","tintindex":0},"north":{"uv":[9.75,5.0,10.75,7.25],"texture":"#0","tintindex":0},"west":{"uv":[3.75,7.25,5.25,9.5],"texture":"#0","tintindex":0},"up":{"uv":[12.25,1.5,11.25,0.0],"texture":"#0","tintindex":0},"down":{"uv":[2.0,11.25,1.0,12.75],"texture":"#0","tintindex":0}}}],"textures":{"particle":"#0","0":"modelengine:5bee2961-7dfa-4ae2-b0c3-ca8bfb116949"}}