{"textures":{"0":"modelengine:entity/dragon","particle":"#0"},"elements":[{"from":[-2.0439625,5.900005,1.9375062],"to":[2.556037,10.100004,6.137506],"faces":{"east":{"uv":[7.0,4.75,8.0,5.75],"tintindex":0,"rotation":0,"texture":"#0"},"south":{"uv":[10.0,4.75,11.0,5.75],"tintindex":0,"rotation":0,"texture":"#0"},"north":{"uv":[8.0,4.75,9.0,5.75],"tintindex":0,"rotation":0,"texture":"#0"},"west":{"uv":[9.0,4.75,10.0,5.75],"tintindex":0,"rotation":0,"texture":"#0"},"up":{"uv":[9.0,4.75,8.0,3.75],"tintindex":0,"rotation":0,"texture":"#0"},"down":{"uv":[10.0,3.75,9.0,4.75],"tintindex":0,"rotation":0,"texture":"#0"}}}],"display":{"head":{"rotation":[9.999998,-24.0,2.0441748E-6]},"firstperson_righthand":{"rotation":[9.999998,-24.0,2.0441748E-6]},"thirdperson_lefthand":{"rotation":[9.999998,24.0,-2.0441748E-6]},"firstperson_lefthand":{"rotation":[9.999998,24.0,-2.0441748E-6]},"fixed":{"rotation":[9.999998,-24.0,2.0441748E-6]},"ground":{"rotation":[9.999998,-24.0,2.0441748E-6]},"thirdperson_righthand":{"rotation":[9.999998,-24.0,2.0441748E-6]},"gui":{"rotation":[-159.74417,-20.398907,172.47244]}}}