{"textures":{"0":"modelengine:entity/dragon","particle":"#0"},"elements":[{"from":[6.5,7.1000013,3.8999972],"to":[8.5,8.900002,13.0999975],"faces":{"east":{"uv":[10.75,4.5,8.5,4.75],"tintindex":0,"rotation":0,"texture":"#0"},"south":{"uv":[11.25,4.5,10.75,4.75],"tintindex":0,"rotation":0,"texture":"#0"},"north":{"uv":[8.5,4.5,8.0,4.75],"tintindex":0,"rotation":0,"texture":"#0"},"west":{"uv":[8.0,4.5,5.75,4.75],"tintindex":0,"rotation":0,"texture":"#0"},"up":{"uv":[8.0,4.5,8.5,2.25],"tintindex":0,"rotation":0,"texture":"#0"},"down":{"uv":[8.5,2.25,9.0,4.5],"tintindex":0,"rotation":0,"texture":"#0"}}},{"from":[7.5,6.800001,2.8999972],"to":[9.5,9.200002,12.0999975],"faces":{"east":{"uv":[10.75,4.5,8.5,5.0],"tintindex":0,"rotation":0,"texture":"#0"},"south":{"uv":[11.25,4.5,10.75,5.0],"tintindex":0,"rotation":0,"texture":"#0"},"north":{"uv":[8.5,4.5,8.0,5.0],"tintindex":0,"rotation":0,"texture":"#0"},"west":{"uv":[8.0,4.5,5.75,5.0],"tintindex":0,"rotation":0,"texture":"#0"},"up":{"uv":[8.0,4.5,8.5,2.25],"tintindex":0,"rotation":0,"texture":"#0"},"down":{"uv":[8.5,2.25,9.0,4.5],"tintindex":0,"rotation":0,"texture":"#0"}}}],"display":{"head":{"rotation":[10.0,0.0,-0.0]},"firstperson_righthand":{"rotation":[10.0,0.0,-0.0]},"thirdperson_lefthand":{"rotation":[10.0,-0.0,0.0]},"firstperson_lefthand":{"rotation":[10.0,-0.0,0.0]},"fixed":{"rotation":[10.0,0.0,-0.0]},"ground":{"rotation":[10.0,0.0,-0.0]},"thirdperson_righthand":{"rotation":[10.0,0.0,-0.0]},"gui":{"rotation":[-164.00194,-44.13603,170.14893]}}}