{"display":{"head":{},"firstperson_righthand":{},"thirdperson_lefthand":{},"firstperson_lefthand":{},"fixed":{},"ground":{},"thirdperson_righthand":{},"gui":{"rotation":[-150.0,-45.0,180.0]}},"elements":[{"from":[5.0,5.0,5.0],"to":[11.0,11.0,11.0],"rotation":{"origin":[8.0,8.0,8.0],"axis":"x","angle":-22.5},"faces":{"east":{"uv":[0.0,4.5,1.5,6.0],"texture":"#0","tintindex":0},"south":{"uv":[4.5,4.5,6.0,6.0],"texture":"#0","tintindex":0},"north":{"uv":[1.5,4.5,3.0,6.0],"texture":"#0","tintindex":0},"west":{"uv":[3.0,4.5,4.5,6.0],"texture":"#0","tintindex":0},"up":{"uv":[3.0,4.5,1.5,3.0],"texture":"#0","tintindex":0},"down":{"uv":[4.5,3.0,3.0,4.5],"texture":"#0","tintindex":0}}},{"from":[7.0,10.657459,5.2779293],"to":[9.0,13.657459,7.2779293],"rotation":{"origin":[8.0,12.157459,6.2779293],"axis":"x","angle":-22.5},"faces":{"east":{"uv":[0.0,0.5,0.5,1.25],"texture":"#0","tintindex":0},"south":{"uv":[1.5,0.5,2.0,1.25],"texture":"#0","tintindex":0},"north":{"uv":[0.5,0.5,1.0,1.25],"texture":"#0","tintindex":0},"west":{"uv":[1.0,0.5,1.5,1.25],"texture":"#0","tintindex":0},"up":{"uv":[1.0,0.5,0.5,0.0],"texture":"#0","tintindex":0},"down":{"uv":[1.5,0.0,1.0,0.5],"texture":"#0","tintindex":0}}}],"textures":{"particle":"#0","0":"modelengine:77d284c8-c4d4-4311-b549-7b09f9d0266a"}}