{"display":{"head":{"rotation":[10.0,0.0,-0.0]},"firstperson_righthand":{"rotation":[10.0,0.0,-0.0]},"thirdperson_lefthand":{"rotation":[10.0,-0.0,0.0]},"firstperson_lefthand":{"rotation":[10.0,-0.0,0.0]},"fixed":{"rotation":[10.0,0.0,-0.0]},"ground":{"rotation":[10.0,0.0,-0.0]},"thirdperson_righthand":{"rotation":[10.0,0.0,-0.0]},"gui":{"rotation":[-164.00194,-44.13603,170.14893]}},"elements":[{"from":[6.5,6.5000052,3.649993],"to":[8.5,9.500005,13.849993],"faces":{"east":{"uv":[11.0,4.5,8.5,5.25],"texture":"#0","tintindex":0},"south":{"uv":[11.5,4.5,11.0,5.25],"texture":"#0","tintindex":0},"north":{"uv":[8.5,4.5,8.0,5.25],"texture":"#0","tintindex":0},"west":{"uv":[8.0,4.5,5.5,5.25],"texture":"#0","tintindex":0},"up":{"uv":[8.0,4.5,8.5,2.0],"texture":"#0","tintindex":0},"down":{"uv":[8.5,2.0,9.0,4.5],"texture":"#0","tintindex":0}}},{"from":[7.5,6.2000084,2.6500006],"to":[9.5,9.800008,11.85],"faces":{"east":{"uv":[10.5,4.25,8.25,5.0],"texture":"#0","tintindex":0},"south":{"uv":[11.0,4.25,10.5,5.0],"texture":"#0","tintindex":0},"north":{"uv":[8.25,4.25,7.75,5.0],"texture":"#0","tintindex":0},"west":{"uv":[7.75,4.25,5.5,5.0],"texture":"#0","tintindex":0},"up":{"uv":[7.75,4.25,8.25,2.0],"texture":"#0","tintindex":0},"down":{"uv":[8.25,2.0,8.75,4.25],"texture":"#0","tintindex":0}}}],"textures":{"particle":"#0","0":"modelengine:77d284c8-c4d4-4311-b549-7b09f9d0266a"}}