{"display":{"head":{"rotation":[10.0,0.0,-0.0]},"firstperson_righthand":{"rotation":[10.0,0.0,-0.0]},"thirdperson_lefthand":{"rotation":[10.0,-0.0,0.0]},"firstperson_lefthand":{"rotation":[10.0,-0.0,0.0]},"fixed":{"rotation":[10.0,0.0,-0.0]},"ground":{"rotation":[10.0,0.0,-0.0]},"thirdperson_righthand":{"rotation":[10.0,0.0,-0.0]},"gui":{"rotation":[-164.00194,-44.13603,170.14893]}},"elements":[{"from":[5.4,5.8499947,5.999996],"to":[10.6,10.149995,9.999996],"faces":{"east":{"uv":[6.0,6.25,7.0,7.25],"texture":"#0","tintindex":0},"south":{"uv":[9.25,6.25,10.5,7.25],"texture":"#0","tintindex":0},"north":{"uv":[7.0,6.25,8.25,7.25],"texture":"#0","tintindex":0},"west":{"uv":[8.25,6.25,9.25,7.25],"texture":"#0","tintindex":0},"up":{"uv":[8.25,6.25,7.0,5.25],"texture":"#0","tintindex":0},"down":{"uv":[9.5,5.25,8.25,6.25],"texture":"#0","tintindex":0}}}],"textures":{"particle":"#0","0":"modelengine:77d284c8-c4d4-4311-b549-7b09f9d0266a"}}