{"textures":{"0":"modelengine:entity/dragon","particle":"#0"},"elements":[{"from":[4.5,4.749999,4.750004],"to":[11.5,11.25,11.250004],"faces":{"east":{"uv":[0.0,1.5,1.5,3.0],"tintindex":0,"rotation":0,"texture":"#0"},"south":{"uv":[4.75,1.5,6.5,3.0],"tintindex":0,"rotation":0,"texture":"#0"},"north":{"uv":[1.5,1.5,3.25,3.0],"tintindex":0,"rotation":0,"texture":"#0"},"west":{"uv":[3.25,1.5,4.75,3.0],"tintindex":0,"rotation":0,"texture":"#0"},"up":{"uv":[3.25,1.5,1.5,0.0],"tintindex":0,"rotation":0,"texture":"#0"},"down":{"uv":[5.0,0.0,3.25,1.5],"tintindex":0,"rotation":0,"texture":"#0"}}}],"display":{"head":{"rotation":[-10.0,0.0,0.0]},"firstperson_righthand":{"rotation":[-10.0,0.0,0.0]},"thirdperson_lefthand":{"rotation":[-10.0,-0.0,-0.0]},"firstperson_lefthand":{"rotation":[-10.0,-0.0,-0.0]},"fixed":{"rotation":[-10.0,0.0,0.0]},"ground":{"rotation":[-10.0,0.0,0.0]},"thirdperson_righthand":{"rotation":[-10.0,0.0,0.0]},"gui":{"rotation":[-135.99806,-44.13603,-170.14893]}}}