{"textures":{"0":"modelengine:entity/dragon","particle":"#0"},"elements":[{"from":[6.9,6.8500013,6.750004],"to":[9.1,9.150001,9.250004],"faces":{"east":{"uv":[6.5,2.25,7.0,2.75],"tintindex":0,"rotation":0,"texture":"#0"},"south":{"uv":[8.0,2.25,8.5,2.75],"tintindex":0,"rotation":0,"texture":"#0"},"north":{"uv":[7.0,2.25,7.5,2.75],"tintindex":0,"rotation":0,"texture":"#0"},"west":{"uv":[7.5,2.25,8.0,2.75],"tintindex":0,"rotation":0,"texture":"#0"},"up":{"uv":[7.5,2.25,7.0,1.75],"tintindex":0,"rotation":0,"texture":"#0"},"down":{"uv":[8.0,1.75,7.5,2.25],"tintindex":0,"rotation":0,"texture":"#0"}}}],"display":{"head":{"rotation":[11.5,0.0,-0.0]},"firstperson_righthand":{"rotation":[11.5,0.0,-0.0]},"thirdperson_lefthand":{"rotation":[11.5,-0.0,0.0]},"firstperson_lefthand":{"rotation":[11.5,-0.0,0.0]},"fixed":{"rotation":[11.5,0.0,-0.0]},"ground":{"rotation":[11.5,0.0,-0.0]},"thirdperson_righthand":{"rotation":[11.5,0.0,-0.0]},"gui":{"rotation":[-166.05185,-43.861015,168.7249]}}}