{"textures":{"0":"modelengine:entity/dragon","particle":"#0"},"elements":[{"from":[5.2,5.5999937,5.500003],"to":[10.8,10.399994,10.500002],"faces":{"east":{"uv":[6.0,4.25,7.25,5.25],"tintindex":0,"rotation":0,"texture":"#0"},"south":{"uv":[9.75,4.25,11.0,5.25],"tintindex":0,"rotation":0,"texture":"#0"},"north":{"uv":[7.25,4.25,8.5,5.25],"tintindex":0,"rotation":0,"texture":"#0"},"west":{"uv":[8.5,4.25,9.75,5.25],"tintindex":0,"rotation":0,"texture":"#0"},"up":{"uv":[8.5,4.25,7.25,3.0],"tintindex":0,"rotation":0,"texture":"#0"},"down":{"uv":[9.75,3.0,8.5,4.25],"tintindex":0,"rotation":0,"texture":"#0"}}},{"from":[10.2,5.7999997,5.7],"to":[13.8,10.2,10.299999],"faces":{"east":{"uv":[7.0,4.5,8.0,5.5],"tintindex":0,"rotation":0,"texture":"#0"},"south":{"uv":[9.75,4.5,10.5,5.5],"tintindex":0,"rotation":0,"texture":"#0"},"north":{"uv":[8.0,4.5,8.75,5.5],"tintindex":0,"rotation":0,"texture":"#0"},"west":{"uv":[8.75,4.5,9.75,5.5],"tintindex":0,"rotation":0,"texture":"#0"},"up":{"uv":[8.75,4.5,8.0,3.5],"tintindex":0,"rotation":0,"texture":"#0"},"down":{"uv":[9.5,3.5,8.75,4.5],"tintindex":0,"rotation":0,"texture":"#0"}}},{"from":[2.1999998,5.7999997,5.7],"to":[5.8,10.2,10.299999],"faces":{"east":{"uv":[8.75,4.0,7.75,5.0],"tintindex":0,"rotation":0,"texture":"#0"},"south":{"uv":[9.5,4.0,8.75,5.0],"tintindex":0,"rotation":0,"texture":"#0"},"north":{"uv":[7.75,4.0,7.0,5.0],"tintindex":0,"rotation":0,"texture":"#0"},"west":{"uv":[7.0,4.0,6.0,5.0],"tintindex":0,"rotation":0,"texture":"#0"},"up":{"uv":[7.0,4.0,7.75,3.0],"tintindex":0,"rotation":0,"texture":"#0"},"down":{"uv":[7.75,3.0,8.5,4.0],"tintindex":0,"rotation":0,"texture":"#0"}}}],"display":{"head":{"rotation":[10.0,0.0,-0.0]},"firstperson_righthand":{"rotation":[10.0,0.0,-0.0]},"thirdperson_lefthand":{"rotation":[10.0,-0.0,0.0]},"firstperson_lefthand":{"rotation":[10.0,-0.0,0.0]},"fixed":{"rotation":[10.0,0.0,-0.0]},"ground":{"rotation":[10.0,0.0,-0.0]},"thirdperson_righthand":{"rotation":[10.0,0.0,-0.0]},"gui":{"rotation":[-164.00194,-44.13603,170.14893]}}}