{"textures":{"0":"modelengine:entity/dragon","particle":"#0"},"elements":[{"from":[6.4,6.349999,6.000003],"to":[9.6,9.649999,10.000003],"faces":{"east":{"uv":[10.0,8.25,11.0,9.0],"tintindex":0,"rotation":0,"texture":"#0"},"south":{"uv":[12.75,8.25,13.5,9.0],"tintindex":0,"rotation":0,"texture":"#0"},"north":{"uv":[11.0,8.25,11.75,9.0],"tintindex":0,"rotation":0,"texture":"#0"},"west":{"uv":[11.75,8.25,12.75,9.0],"tintindex":0,"rotation":0,"texture":"#0"},"up":{"uv":[11.75,8.25,11.0,7.25],"tintindex":0,"rotation":0,"texture":"#0"},"down":{"uv":[12.5,7.25,11.75,8.25],"tintindex":0,"rotation":0,"texture":"#0"}}}],"display":{"head":{"rotation":[-6.0,0.0,0.0]},"firstperson_righthand":{"rotation":[-6.0,0.0,0.0]},"thirdperson_lefthand":{"rotation":[-6.0,-0.0,-0.0]},"firstperson_lefthand":{"rotation":[-6.0,-0.0,-0.0]},"fixed":{"rotation":[-6.0,0.0,0.0]},"ground":{"rotation":[-6.0,0.0,0.0]},"thirdperson_righthand":{"rotation":[-6.0,0.0,0.0]},"gui":{"rotation":[-141.54547,-44.68698,-174.03262]}}}