{"textures":{"0":"modelengine:entity/dragon","particle":"#0"},"elements":[{"from":[5.5,6.0500007,5.9999995],"to":[10.5,9.950001,9.999999],"faces":{"east":{"uv":[0.0,9.5,1.0,10.25],"tintindex":0,"rotation":0,"texture":"#0"},"south":{"uv":[3.25,9.5,4.5,10.25],"tintindex":0,"rotation":0,"texture":"#0"},"north":{"uv":[1.0,9.5,2.25,10.25],"tintindex":0,"rotation":0,"texture":"#0"},"west":{"uv":[2.25,9.5,3.25,10.25],"tintindex":0,"rotation":0,"texture":"#0"},"up":{"uv":[2.25,9.5,1.0,8.5],"tintindex":0,"rotation":0,"texture":"#0"},"down":{"uv":[3.5,8.5,2.25,9.5],"tintindex":0,"rotation":0,"texture":"#0"}}}],"display":{"head":{"rotation":[-10.0,0.0,0.0]},"firstperson_righthand":{"rotation":[-10.0,0.0,0.0]},"thirdperson_lefthand":{"rotation":[-10.0,-0.0,-0.0]},"firstperson_lefthand":{"rotation":[-10.0,-0.0,-0.0]},"fixed":{"rotation":[-10.0,0.0,0.0]},"ground":{"rotation":[-10.0,0.0,0.0]},"thirdperson_righthand":{"rotation":[-10.0,0.0,0.0]},"gui":{"rotation":[-135.99806,-44.13603,-170.14893]}}}