{"display":{"head":{},"firstperson_righthand":{},"thirdperson_lefthand":{},"firstperson_lefthand":{},"fixed":{},"ground":{},"thirdperson_righthand":{},"gui":{"rotation":[-150.0,-45.0,180.0]}},"elements":[{"from":[5.4,6.1000004,6.0],"to":[10.6,9.9,10.0],"faces":{"east":{"uv":[5.5,8.25,6.5,9.0],"texture":"#0","tintindex":0},"south":{"uv":[8.75,8.25,10.0,9.0],"texture":"#0","tintindex":0},"north":{"uv":[6.5,8.25,7.75,9.0],"texture":"#0","tintindex":0},"west":{"uv":[7.75,8.25,8.75,9.0],"texture":"#0","tintindex":0},"up":{"uv":[7.75,8.25,6.5,7.25],"texture":"#0","tintindex":0},"down":{"uv":[9.0,7.25,7.75,8.25],"texture":"#0","tintindex":0}}}],"textures":{"particle":"#0","0":"modelengine:77d284c8-c4d4-4311-b549-7b09f9d0266a"}}