{"textures":{"0":"modelengine:entity/dragon","particle":"#0"},"elements":[{"from":[5.4,6.1000004,6.0],"to":[10.6,9.9,10.0],"faces":{"east":{"uv":[5.5,8.25,6.5,9.0],"tintindex":0,"rotation":0,"texture":"#0"},"south":{"uv":[8.75,8.25,10.0,9.0],"tintindex":0,"rotation":0,"texture":"#0"},"north":{"uv":[6.5,8.25,7.75,9.0],"tintindex":0,"rotation":0,"texture":"#0"},"west":{"uv":[7.75,8.25,8.75,9.0],"tintindex":0,"rotation":0,"texture":"#0"},"up":{"uv":[7.75,8.25,6.5,7.25],"tintindex":0,"rotation":0,"texture":"#0"},"down":{"uv":[9.0,7.25,7.75,8.25],"tintindex":0,"rotation":0,"texture":"#0"}}}],"display":{"head":{"rotation":[0.0,0.0,0.0]},"firstperson_righthand":{"rotation":[0.0,0.0,0.0]},"thirdperson_lefthand":{"rotation":[0.0,-0.0,-0.0]},"firstperson_lefthand":{"rotation":[0.0,-0.0,-0.0]},"fixed":{"rotation":[0.0,0.0,0.0]},"ground":{"rotation":[0.0,0.0,0.0]},"thirdperson_righthand":{"rotation":[0.0,0.0,0.0]},"gui":{"rotation":[-150.0,-45.0,180.0]}}}