{"display":{"head":{},"firstperson_righthand":{},"thirdperson_lefthand":{},"firstperson_lefthand":{},"fixed":{},"ground":{},"thirdperson_righthand":{},"gui":{"rotation":[-150.0,-45.0,180.0]}},"elements":[{"from":[5.5,5.6716404,6.15349],"to":[10.5,9.47164,10.15349],"rotation":{"origin":[8.0,8.17164,9.15349],"axis":"x","angle":22.5},"faces":{"east":{"uv":[6.75,1.0,7.75,1.75],"texture":"#0","tintindex":0},"south":{"uv":[10.0,1.0,11.25,1.75],"texture":"#0","tintindex":0},"north":{"uv":[7.75,1.0,9.0,1.75],"texture":"#0","tintindex":0},"west":{"uv":[9.0,1.0,10.0,1.75],"texture":"#0","tintindex":0},"up":{"uv":[9.0,1.0,7.75,0.0],"texture":"#0","tintindex":0},"down":{"uv":[10.25,0.0,9.0,1.0],"texture":"#0","tintindex":0}}}],"textures":{"particle":"#0","0":"modelengine:77d284c8-c4d4-4311-b549-7b09f9d0266a"}}