{"display":{"head":{"rotation":[10.0,0.0,-0.0]},"firstperson_righthand":{"rotation":[10.0,0.0,-0.0]},"thirdperson_lefthand":{"rotation":[10.0,-0.0,0.0]},"firstperson_lefthand":{"rotation":[10.0,-0.0,0.0]},"fixed":{"rotation":[10.0,0.0,-0.0]},"ground":{"rotation":[10.0,0.0,-0.0]},"thirdperson_righthand":{"rotation":[10.0,0.0,-0.0]},"gui":{"rotation":[-164.00194,-44.13603,170.14893]}},"elements":[{"from":[3.5514202,6.0000043,0.15217924],"to":[5.55142,10.000004,8.35218],"faces":{"east":{"uv":[6.0,4.5,8.0,5.5],"texture":"#0","tintindex":0},"south":{"uv":[10.5,4.5,11.0,5.5],"texture":"#0","tintindex":0},"north":{"uv":[8.0,4.5,8.5,5.5],"texture":"#0","tintindex":0},"west":{"uv":[8.5,4.5,10.5,5.5],"texture":"#0","tintindex":0},"up":{"uv":[8.5,4.5,8.0,2.5],"texture":"#0","tintindex":0},"down":{"uv":[9.0,2.5,8.5,4.5],"texture":"#0","tintindex":0}}}],"textures":{"particle":"#0","0":"modelengine:77d284c8-c4d4-4311-b549-7b09f9d0266a"}}