{"display":{"head":{},"firstperson_righthand":{},"thirdperson_lefthand":{},"firstperson_lefthand":{},"fixed":{},"ground":{},"thirdperson_righthand":{},"gui":{"rotation":[-150.0,-45.0,180.0]}},"elements":[{"from":[6.997,0.997,7.997],"to":[9.003,8.003,10.003],"faces":{"east":{"uv":[10.0,11.75,10.5,13.5],"texture":"#0","tintindex":0},"south":{"uv":[10.5,11.75,11.0,13.5],"texture":"#0","tintindex":0},"north":{"uv":[9.5,11.75,10.0,13.5],"texture":"#0","tintindex":0},"west":{"uv":[0.0,12.0,0.5,13.75],"texture":"#0","tintindex":0},"up":{"uv":[13.25,11.25,12.75,10.75],"texture":"#0","tintindex":0},"down":{"uv":[13.5,1.5,13.0,2.0],"texture":"#0","tintindex":0}}}],"textures":{"particle":"#0","0":"modelengine:575e8bc1-4ca5-443e-be44-288cfa4f0263"}}