{"display":{"head":{},"firstperson_righthand":{},"thirdperson_lefthand":{},"firstperson_lefthand":{},"fixed":{},"ground":{},"thirdperson_righthand":{},"gui":{"rotation":[-150.0,-45.0,180.0]}},"elements":[{"from":[7.0,1.0,7.0],"to":[9.0,9.0,9.0],"faces":{"east":{"uv":[6.5,10.75,7.0,12.75],"texture":"#0","tintindex":0},"south":{"uv":[7.0,10.75,7.5,12.75],"texture":"#0","tintindex":0},"north":{"uv":[6.0,10.75,6.5,12.75],"texture":"#0","tintindex":0},"west":{"uv":[7.5,10.75,8.0,12.75],"texture":"#0","tintindex":0},"up":{"uv":[13.5,2.5,13.0,2.0],"texture":"#0","tintindex":0},"down":{"uv":[13.5,2.5,13.0,3.0],"texture":"#0","tintindex":0}}}],"textures":{"particle":"#0","0":"modelengine:575e8bc1-4ca5-443e-be44-288cfa4f0263"}}