{"display":{"head":{},"firstperson_righthand":{},"thirdperson_lefthand":{},"firstperson_lefthand":{},"fixed":{},"ground":{},"thirdperson_righthand":{},"gui":{"rotation":[-150.0,-45.0,180.0]}},"elements":[{"from":[6.0,2.0,7.0],"to":[8.0,9.0,9.0],"faces":{"east":{"uv":[2.0,12.0,2.5,13.75],"texture":"#0","tintindex":0},"south":{"uv":[2.5,12.0,3.0,13.75],"texture":"#0","tintindex":0},"north":{"uv":[12.0,1.75,12.5,3.5],"texture":"#0","tintindex":0},"west":{"uv":[3.0,12.0,3.5,13.75],"texture":"#0","tintindex":0},"up":{"uv":[13.5,5.5,13.0,5.0],"texture":"#0","tintindex":0},"down":{"uv":[13.5,5.5,13.0,6.0],"texture":"#0","tintindex":0}}}],"textures":{"particle":"#0","0":"modelengine:575e8bc1-4ca5-443e-be44-288cfa4f0263"}}