{"display":{"head":{},"firstperson_righthand":{},"thirdperson_lefthand":{},"firstperson_lefthand":{},"fixed":{},"ground":{},"thirdperson_righthand":{},"gui":{"rotation":[-150.0,-45.0,180.0]}},"elements":[{"from":[19.0,6.0,3.0],"to":[20.0,7.0,4.0],"faces":{"east":{"uv":[1.25,12.25,1.5,12.5],"texture":"#0","tintindex":0},"south":{"uv":[12.25,1.25,12.5,1.5],"texture":"#0","tintindex":0},"north":{"uv":[12.25,1.0,12.5,1.25],"texture":"#0","tintindex":0},"west":{"uv":[1.5,12.25,1.75,12.5],"texture":"#0","tintindex":0},"up":{"uv":[12.5,1.75,12.25,1.5],"texture":"#0","tintindex":0},"down":{"uv":[2.0,12.25,1.75,12.5],"texture":"#0","tintindex":0}}},{"from":[17.0,8.0,7.0],"to":[18.0,9.0,8.0],"faces":{"east":{"uv":[2.0,12.25,2.25,12.5],"texture":"#0","tintindex":0},"south":{"uv":[12.25,2.0,12.5,2.25],"texture":"#0","tintindex":0},"north":{"uv":[12.25,1.75,12.5,2.0],"texture":"#0","tintindex":0},"west":{"uv":[2.25,12.25,2.5,12.5],"texture":"#0","tintindex":0},"up":{"uv":[12.5,2.5,12.25,2.25],"texture":"#0","tintindex":0},"down":{"uv":[2.75,12.25,2.5,12.5],"texture":"#0","tintindex":0}}},{"from":[18.0,7.0,5.0],"to":[20.0,9.0,8.0],"faces":{"east":{"uv":[2.5,7.25,3.25,7.75],"texture":"#0","tintindex":0},"south":{"uv":[9.25,1.25,9.75,1.75],"texture":"#0","tintindex":0},"north":{"uv":[9.25,0.0,9.75,0.5],"texture":"#0","tintindex":0},"west":{"uv":[7.25,3.0,8.0,3.5],"texture":"#0","tintindex":0},"up":{"uv":[3.75,8.0,3.25,7.25],"texture":"#0","tintindex":0},"down":{"uv":[4.25,7.25,3.75,8.0],"texture":"#0","tintindex":0}}},{"from":[17.0,6.0,3.0],"to":[18.0,7.0,4.0],"faces":{"east":{"uv":[0.5,12.25,0.75,12.5],"texture":"#0","tintindex":0},"south":{"uv":[12.25,0.5,12.5,0.75],"texture":"#0","tintindex":0},"north":{"uv":[12.25,0.25,12.5,0.5],"texture":"#0","tintindex":0},"west":{"uv":[0.75,12.25,1.0,12.5],"texture":"#0","tintindex":0},"up":{"uv":[12.5,1.0,12.25,0.75],"texture":"#0","tintindex":0},"down":{"uv":[1.25,12.25,1.0,12.5],"texture":"#0","tintindex":0}}},{"from":[17.0,7.0,6.0],"to":[18.0,8.0,7.0],"faces":{"east":{"uv":[12.0,11.75,12.25,12.0],"texture":"#0","tintindex":0},"south":{"uv":[12.0,12.0,12.25,12.25],"texture":"#0","tintindex":0},"north":{"uv":[11.75,12.0,12.0,12.25],"texture":"#0","tintindex":0},"west":{"uv":[0.0,12.25,0.25,12.5],"texture":"#0","tintindex":0},"up":{"uv":[12.5,0.25,12.25,0.0],"texture":"#0","tintindex":0},"down":{"uv":[0.5,12.25,0.25,12.5],"texture":"#0","tintindex":0}}},{"from":[17.0,9.0,6.0],"to":[18.0,11.0,9.0],"faces":{"east":{"uv":[7.0,1.5,7.75,2.0],"texture":"#0","tintindex":0},"south":{"uv":[11.25,2.75,11.5,3.25],"texture":"#0","tintindex":0},"north":{"uv":[2.75,11.25,3.0,11.75],"texture":"#0","tintindex":0},"west":{"uv":[7.0,5.25,7.75,5.75],"texture":"#0","tintindex":0},"up":{"uv":[6.0,11.0,5.75,10.25],"texture":"#0","tintindex":0},"down":{"uv":[6.75,10.25,6.5,11.0],"texture":"#0","tintindex":0}}},{"from":[17.0,6.0,4.0],"to":[20.0,8.0,6.0],"faces":{"east":{"uv":[2.0,9.25,2.5,9.75],"texture":"#0","tintindex":0},"south":{"uv":[7.25,7.25,8.0,7.75],"texture":"#0","tintindex":0},"north":{"uv":[7.25,6.75,8.0,7.25],"texture":"#0","tintindex":0},"west":{"uv":[9.25,3.5,9.75,4.0],"texture":"#0","tintindex":0},"up":{"uv":[0.75,8.0,0.0,7.5],"texture":"#0","tintindex":0},"down":{"uv":[8.25,0.0,7.5,0.5],"texture":"#0","tintindex":0}}},{"from":[18.0,9.0,6.0],"to":[19.0,10.0,7.0],"faces":{"east":{"uv":[12.0,10.25,12.25,10.5],"texture":"#0","tintindex":0},"south":{"uv":[10.5,12.0,10.75,12.25],"texture":"#0","tintindex":0},"north":{"uv":[10.25,12.0,10.5,12.25],"texture":"#0","tintindex":0},"west":{"uv":[12.0,10.5,12.25,10.75],"texture":"#0","tintindex":0},"up":{"uv":[11.0,12.25,10.75,12.0],"texture":"#0","tintindex":0},"down":{"uv":[12.25,10.75,12.0,11.0],"texture":"#0","tintindex":0}}},{"from":[18.0,9.0,7.0],"to":[19.0,11.0,9.0],"faces":{"east":{"uv":[9.0,8.25,9.5,8.75],"texture":"#0","tintindex":0},"south":{"uv":[3.25,11.25,3.5,11.75],"texture":"#0","tintindex":0},"north":{"uv":[3.0,11.25,3.25,11.75],"texture":"#0","tintindex":0},"west":{"uv":[9.0,9.0,9.5,9.5],"texture":"#0","tintindex":0},"up":{"uv":[3.75,11.75,3.5,11.25],"texture":"#0","tintindex":0},"down":{"uv":[4.0,11.25,3.75,11.75],"texture":"#0","tintindex":0}}},{"from":[19.0,9.0,6.0],"to":[20.0,10.0,7.0],"faces":{"east":{"uv":[12.0,11.0,12.25,11.25],"texture":"#0","tintindex":0},"south":{"uv":[11.25,12.0,11.5,12.25],"texture":"#0","tintindex":0},"north":{"uv":[11.0,12.0,11.25,12.25],"texture":"#0","tintindex":0},"west":{"uv":[12.0,11.25,12.25,11.5],"texture":"#0","tintindex":0},"up":{"uv":[11.75,12.25,11.5,12.0],"texture":"#0","tintindex":0},"down":{"uv":[12.25,11.5,12.0,11.75],"texture":"#0","tintindex":0}}}],"textures":{"particle":"#0","0":"modelengine:1ab42abf-f5d5-451b-9c32-193583d0cd5c"}}