{"display":{"head":{},"firstperson_righthand":{},"thirdperson_lefthand":{},"firstperson_lefthand":{},"fixed":{},"ground":{},"thirdperson_righthand":{},"gui":{"rotation":[-150.0,-45.0,180.0]}},"elements":[{"from":[20.0,6.0,3.0],"to":[21.0,7.0,4.0],"faces":{"east":{"uv":[5.0,12.25,5.25,12.5],"texture":"#0","tintindex":0},"south":{"uv":[12.25,5.0,12.5,5.25],"texture":"#0","tintindex":0},"north":{"uv":[12.25,4.75,12.5,5.0],"texture":"#0","tintindex":0},"west":{"uv":[5.25,12.25,5.5,12.5],"texture":"#0","tintindex":0},"up":{"uv":[12.5,5.5,12.25,5.25],"texture":"#0","tintindex":0},"down":{"uv":[5.75,12.25,5.5,12.5],"texture":"#0","tintindex":0}}},{"from":[18.0,7.0,6.0],"to":[19.0,8.0,7.0],"faces":{"east":{"uv":[3.5,12.25,3.75,12.5],"texture":"#0","tintindex":0},"south":{"uv":[12.25,3.5,12.5,3.75],"texture":"#0","tintindex":0},"north":{"uv":[12.25,3.25,12.5,3.5],"texture":"#0","tintindex":0},"west":{"uv":[3.75,12.25,4.0,12.5],"texture":"#0","tintindex":0},"up":{"uv":[12.5,4.0,12.25,3.75],"texture":"#0","tintindex":0},"down":{"uv":[4.25,12.25,4.0,12.5],"texture":"#0","tintindex":0}}},{"from":[20.0,9.0,6.0],"to":[21.0,10.0,7.0],"faces":{"east":{"uv":[5.75,12.25,6.0,12.5],"texture":"#0","tintindex":0},"south":{"uv":[12.25,5.75,12.5,6.0],"texture":"#0","tintindex":0},"north":{"uv":[12.25,5.5,12.5,5.75],"texture":"#0","tintindex":0},"west":{"uv":[6.0,12.25,6.25,12.5],"texture":"#0","tintindex":0},"up":{"uv":[12.5,6.25,12.25,6.0],"texture":"#0","tintindex":0},"down":{"uv":[6.5,12.25,6.25,12.5],"texture":"#0","tintindex":0}}},{"from":[20.0,9.0,7.0],"to":[21.0,11.0,9.0],"faces":{"east":{"uv":[0.0,9.5,0.5,10.0],"texture":"#0","tintindex":0},"south":{"uv":[4.0,11.25,4.25,11.75],"texture":"#0","tintindex":0},"north":{"uv":[11.25,3.75,11.5,4.25],"texture":"#0","tintindex":0},"west":{"uv":[1.5,9.5,2.0,10.0],"texture":"#0","tintindex":0},"up":{"uv":[4.5,11.75,4.25,11.25],"texture":"#0","tintindex":0},"down":{"uv":[4.75,11.25,4.5,11.75],"texture":"#0","tintindex":0}}},{"from":[18.0,6.0,3.0],"to":[19.0,7.0,4.0],"faces":{"east":{"uv":[4.25,12.25,4.5,12.5],"texture":"#0","tintindex":0},"south":{"uv":[12.25,4.25,12.5,4.5],"texture":"#0","tintindex":0},"north":{"uv":[12.25,4.0,12.5,4.25],"texture":"#0","tintindex":0},"west":{"uv":[4.5,12.25,4.75,12.5],"texture":"#0","tintindex":0},"up":{"uv":[12.5,4.75,12.25,4.5],"texture":"#0","tintindex":0},"down":{"uv":[5.0,12.25,4.75,12.5],"texture":"#0","tintindex":0}}},{"from":[21.0,8.0,7.0],"to":[22.0,9.0,8.0],"faces":{"east":{"uv":[2.75,12.25,3.0,12.5],"texture":"#0","tintindex":0},"south":{"uv":[12.25,2.75,12.5,3.0],"texture":"#0","tintindex":0},"north":{"uv":[12.25,2.5,12.5,2.75],"texture":"#0","tintindex":0},"west":{"uv":[3.0,12.25,3.25,12.5],"texture":"#0","tintindex":0},"up":{"uv":[12.5,3.25,12.25,3.0],"texture":"#0","tintindex":0},"down":{"uv":[3.5,12.25,3.25,12.5],"texture":"#0","tintindex":0}}},{"from":[19.0,9.0,6.0],"to":[20.0,10.0,7.0],"faces":{"east":{"uv":[6.5,12.25,6.75,12.5],"texture":"#0","tintindex":0},"south":{"uv":[12.25,6.5,12.5,6.75],"texture":"#0","tintindex":0},"north":{"uv":[12.25,6.25,12.5,6.5],"texture":"#0","tintindex":0},"west":{"uv":[6.75,12.25,7.0,12.5],"texture":"#0","tintindex":0},"up":{"uv":[12.5,7.0,12.25,6.75],"texture":"#0","tintindex":0},"down":{"uv":[7.25,12.25,7.0,12.5],"texture":"#0","tintindex":0}}},{"from":[18.0,6.0,4.0],"to":[21.0,8.0,6.0],"faces":{"east":{"uv":[4.0,9.25,4.5,9.75],"texture":"#0","tintindex":0},"south":{"uv":[7.5,2.5,8.25,3.0],"texture":"#0","tintindex":0},"north":{"uv":[7.5,2.0,8.25,2.5],"texture":"#0","tintindex":0},"west":{"uv":[4.5,9.25,5.0,9.75],"texture":"#0","tintindex":0},"up":{"uv":[5.0,8.0,4.25,7.5],"texture":"#0","tintindex":0},"down":{"uv":[5.75,7.5,5.0,8.0],"texture":"#0","tintindex":0}}},{"from":[21.0,9.0,6.0],"to":[22.0,11.0,9.0],"faces":{"east":{"uv":[7.75,1.25,8.5,1.75],"texture":"#0","tintindex":0},"south":{"uv":[11.25,4.75,11.5,5.25],"texture":"#0","tintindex":0},"north":{"uv":[4.75,11.25,5.0,11.75],"texture":"#0","tintindex":0},"west":{"uv":[2.5,7.75,3.25,8.25],"texture":"#0","tintindex":0},"up":{"uv":[7.75,11.0,7.5,10.25],"texture":"#0","tintindex":0},"down":{"uv":[8.0,10.25,7.75,11.0],"texture":"#0","tintindex":0}}},{"from":[19.0,7.0,5.0],"to":[21.0,9.0,8.0],"faces":{"east":{"uv":[5.75,7.5,6.5,8.0],"texture":"#0","tintindex":0},"south":{"uv":[5.5,9.25,6.0,9.75],"texture":"#0","tintindex":0},"north":{"uv":[5.0,9.25,5.5,9.75],"texture":"#0","tintindex":0},"west":{"uv":[7.5,5.75,8.25,6.25],"texture":"#0","tintindex":0},"up":{"uv":[7.0,8.25,6.5,7.5],"texture":"#0","tintindex":0},"down":{"uv":[8.25,0.5,7.75,1.25],"texture":"#0","tintindex":0}}}],"textures":{"particle":"#0","0":"modelengine:1ab42abf-f5d5-451b-9c32-193583d0cd5c"}}