{"display":{"head":{"rotation":[27.5,0.0,-0.0]},"firstperson_righthand":{"rotation":[27.5,0.0,-0.0]},"thirdperson_lefthand":{"rotation":[27.5,-0.0,0.0]},"firstperson_lefthand":{"rotation":[27.5,-0.0,0.0]},"fixed":{"rotation":[27.5,0.0,-0.0]},"ground":{"rotation":[27.5,0.0,-0.0]},"thirdperson_righthand":{"rotation":[27.5,0.0,-0.0]},"gui":{"rotation":[173.63976,-38.84468,155.21494]}},"elements":[{"from":[5.0,3.5114737,8.772888],"to":[8.0,4.5114737,11.772888],"faces":{"east":{"uv":[3.5,11.5,4.25,11.75],"texture":"#0","tintindex":0},"south":{"uv":[9.5,11.75,10.25,12.0],"texture":"#0","tintindex":0},"north":{"uv":[10.5,3.25,11.25,3.5],"texture":"#0","tintindex":0},"west":{"uv":[13.25,12.75,14.0,13.0],"texture":"#0","tintindex":0},"up":{"uv":[8.5,4.25,7.75,3.5],"texture":"#0","tintindex":0},"down":{"uv":[9.25,3.5,8.5,4.25],"texture":"#0","tintindex":0}}}],"textures":{"particle":"#0","0":"modelengine:45f9acd2-66b0-4a0d-bac2-c81c1325b99a"}}