{"providers":[{"type":"bitmap","file":"betterhealthbar:default_layout/image/1/empty_empty.png","ascent":-8192,"height":4,"chars":["򰀀"]},{"type":"bitmap","file":"betterhealthbar:default_layout/image/2/first_first_1.png","ascent":-8192,"height":4,"chars":["򰀁"]},{"type":"bitmap","file":"betterhealthbar:default_layout/image/2/first_first_2.png","ascent":-8192,"height":4,"chars":["򰀂"]},{"type":"bitmap","file":"betterhealthbar:default_layout/image/2/first_first_3.png","ascent":-8192,"height":4,"chars":["򰀃"]},{"type":"bitmap","file":"betterhealthbar:default_layout/image/2/first_first_4.png","ascent":-8192,"height":4,"chars":["򰀄"]},{"type":"bitmap","file":"betterhealthbar:default_layout/image/2/first_first_5.png","ascent":-8192,"height":4,"chars":["򰀅"]},{"type":"bitmap","file":"betterhealthbar:default_layout/image/2/first_first_6.png","ascent":-8192,"height":4,"chars":["򰀆"]},{"type":"bitmap","file":"betterhealthbar:default_layout/image/2/first_first_7.png","ascent":-8192,"height":4,"chars":["򰀇"]},{"type":"bitmap","file":"betterhealthbar:default_layout/image/2/first_first_8.png","ascent":-8192,"height":4,"chars":["򰀈"]},{"type":"bitmap","file":"betterhealthbar:default_layout/image/2/first_first_9.png","ascent":-8192,"height":4,"chars":["򰀉"]},{"type":"bitmap","file":"betterhealthbar:default_layout/image/2/first_first_10.png","ascent":-8192,"height":4,"chars":["򰀊"]},{"type":"bitmap","file":"betterhealthbar:default_layout/image/2/first_first_11.png","ascent":-8192,"height":4,"chars":["򰀋"]},{"type":"bitmap","file":"betterhealthbar:default_layout/image/2/first_first_12.png","ascent":-8192,"height":4,"chars":["򰀌"]},{"type":"bitmap","file":"betterhealthbar:default_layout/image/2/first_first_13.png","ascent":-8192,"height":4,"chars":["򰀍"]},{"type":"bitmap","file":"betterhealthbar:default_layout/image/2/first_first_14.png","ascent":-8192,"height":4,"chars":["򰀎"]},{"type":"bitmap","file":"betterhealthbar:default_layout/image/2/first_first_15.png","ascent":-8192,"height":4,"chars":["򰀏"]},{"type":"bitmap","file":"betterhealthbar:default_layout/image/2/first_first_16.png","ascent":-8192,"height":4,"chars":["򰀐"]},{"type":"bitmap","file":"betterhealthbar:default_layout/image/2/first_first_17.png","ascent":-8192,"height":4,"chars":["򰀑"]},{"type":"bitmap","file":"betterhealthbar:default_layout/image/2/first_first_18.png","ascent":-8192,"height":4,"chars":["򰀒"]},{"type":"bitmap","file":"betterhealthbar:default_layout/image/2/first_first_19.png","ascent":-8192,"height":4,"chars":["򰀓"]},{"type":"bitmap","file":"betterhealthbar:default_layout/image/2/first_first_20.png","ascent":-8192,"height":4,"chars":["򰀔"]},{"type":"bitmap","file":"betterhealthbar:default_layout/image/2/first_first_21.png","ascent":-8192,"height":4,"chars":["򰀕"]},{"type":"bitmap","file":"betterhealthbar:default_layout/image/2/first_first_22.png","ascent":-8192,"height":4,"chars":["򰀖"]},{"type":"bitmap","file":"betterhealthbar:default_layout/image/2/first_first_23.png","ascent":-8192,"height":4,"chars":["򰀗"]},{"type":"bitmap","file":"betterhealthbar:default_layout/image/2/first_first_24.png","ascent":-8192,"height":4,"chars":["򰀘"]},{"type":"bitmap","file":"betterhealthbar:default_layout/image/2/first_first_25.png","ascent":-8192,"height":4,"chars":["򰀙"]},{"type":"bitmap","file":"betterhealthbar:default_layout/image/3/red_red_1.png","ascent":-8192,"height":4,"chars":["򰀚"]},{"type":"bitmap","file":"betterhealthbar:default_layout/image/3/red_red_2.png","ascent":-8192,"height":4,"chars":["򰀛"]},{"type":"bitmap","file":"betterhealthbar:default_layout/image/3/red_red_3.png","ascent":-8192,"height":4,"chars":["򰀜"]},{"type":"bitmap","file":"betterhealthbar:default_layout/image/3/red_red_4.png","ascent":-8192,"height":4,"chars":["򰀝"]},{"type":"bitmap","file":"betterhealthbar:default_layout/image/3/red_red_5.png","ascent":-8192,"height":4,"chars":["򰀞"]},{"type":"bitmap","file":"betterhealthbar:default_layout/image/3/red_red_6.png","ascent":-8192,"height":4,"chars":["򰀟"]},{"type":"bitmap","file":"betterhealthbar:default_layout/image/3/red_red_7.png","ascent":-8192,"height":4,"chars":["򰀠"]},{"type":"bitmap","file":"betterhealthbar:default_layout/image/3/red_red_8.png","ascent":-8192,"height":4,"chars":["򰀡"]},{"type":"bitmap","file":"betterhealthbar:default_layout/image/3/red_red_9.png","ascent":-8192,"height":4,"chars":["򰀢"]},{"type":"bitmap","file":"betterhealthbar:default_layout/image/3/red_red_10.png","ascent":-8192,"height":4,"chars":["򰀣"]},{"type":"bitmap","file":"betterhealthbar:default_layout/image/3/red_red_11.png","ascent":-8192,"height":4,"chars":["򰀤"]},{"type":"bitmap","file":"betterhealthbar:default_layout/image/3/red_red_12.png","ascent":-8192,"height":4,"chars":["򰀥"]},{"type":"bitmap","file":"betterhealthbar:default_layout/image/3/red_red_13.png","ascent":-8192,"height":4,"chars":["򰀦"]},{"type":"bitmap","file":"betterhealthbar:default_layout/image/3/red_red_14.png","ascent":-8192,"height":4,"chars":["򰀧"]},{"type":"bitmap","file":"betterhealthbar:default_layout/image/3/red_red_15.png","ascent":-8192,"height":4,"chars":["򰀨"]},{"type":"bitmap","file":"betterhealthbar:default_layout/image/3/red_red_16.png","ascent":-8192,"height":4,"chars":["򰀩"]},{"type":"bitmap","file":"betterhealthbar:default_layout/image/3/red_red_17.png","ascent":-8192,"height":4,"chars":["򰀪"]},{"type":"bitmap","file":"betterhealthbar:default_layout/image/3/red_red_18.png","ascent":-8192,"height":4,"chars":["򰀫"]},{"type":"bitmap","file":"betterhealthbar:default_layout/image/3/red_red_19.png","ascent":-8192,"height":4,"chars":["򰀬"]},{"type":"bitmap","file":"betterhealthbar:default_layout/image/3/red_red_20.png","ascent":-8192,"height":4,"chars":["򰀭"]},{"type":"bitmap","file":"betterhealthbar:default_layout/image/3/red_red_21.png","ascent":-8192,"height":4,"chars":["򰀮"]},{"type":"bitmap","file":"betterhealthbar:default_layout/image/3/red_red_22.png","ascent":-8192,"height":4,"chars":["򰀯"]},{"type":"bitmap","file":"betterhealthbar:default_layout/image/3/red_red_23.png","ascent":-8192,"height":4,"chars":["򰀰"]},{"type":"bitmap","file":"betterhealthbar:default_layout/image/3/red_red_24.png","ascent":-8192,"height":4,"chars":["򰀱"]},{"type":"bitmap","file":"betterhealthbar:default_layout/image/3/red_red_25.png","ascent":-8192,"height":4,"chars":["򰀲"]},{"type":"bitmap","file":"betterhealthbar:default_layout/image/4/yellow_yellow_1.png","ascent":-8192,"height":4,"chars":["򰀳"]},{"type":"bitmap","file":"betterhealthbar:default_layout/image/4/yellow_yellow_2.png","ascent":-8192,"height":4,"chars":["򰀴"]},{"type":"bitmap","file":"betterhealthbar:default_layout/image/4/yellow_yellow_3.png","ascent":-8192,"height":4,"chars":["򰀵"]},{"type":"bitmap","file":"betterhealthbar:default_layout/image/4/yellow_yellow_4.png","ascent":-8192,"height":4,"chars":["򰀶"]},{"type":"bitmap","file":"betterhealthbar:default_layout/image/4/yellow_yellow_5.png","ascent":-8192,"height":4,"chars":["򰀷"]},{"type":"bitmap","file":"betterhealthbar:default_layout/image/4/yellow_yellow_6.png","ascent":-8192,"height":4,"chars":["򰀸"]},{"type":"bitmap","file":"betterhealthbar:default_layout/image/4/yellow_yellow_7.png","ascent":-8192,"height":4,"chars":["򰀹"]},{"type":"bitmap","file":"betterhealthbar:default_layout/image/4/yellow_yellow_8.png","ascent":-8192,"height":4,"chars":["򰀺"]},{"type":"bitmap","file":"betterhealthbar:default_layout/image/4/yellow_yellow_9.png","ascent":-8192,"height":4,"chars":["򰀻"]},{"type":"bitmap","file":"betterhealthbar:default_layout/image/4/yellow_yellow_10.png","ascent":-8192,"height":4,"chars":["򰀼"]},{"type":"bitmap","file":"betterhealthbar:default_layout/image/4/yellow_yellow_11.png","ascent":-8192,"height":4,"chars":["򰀽"]},{"type":"bitmap","file":"betterhealthbar:default_layout/image/4/yellow_yellow_12.png","ascent":-8192,"height":4,"chars":["򰀾"]},{"type":"bitmap","file":"betterhealthbar:default_layout/image/4/yellow_yellow_13.png","ascent":-8192,"height":4,"chars":["򰀿"]},{"type":"bitmap","file":"betterhealthbar:default_layout/image/4/yellow_yellow_14.png","ascent":-8192,"height":4,"chars":["򰁀"]},{"type":"bitmap","file":"betterhealthbar:default_layout/image/4/yellow_yellow_15.png","ascent":-8192,"height":4,"chars":["򰁁"]},{"type":"bitmap","file":"betterhealthbar:default_layout/image/4/yellow_yellow_16.png","ascent":-8192,"height":4,"chars":["򰁂"]},{"type":"bitmap","file":"betterhealthbar:default_layout/image/4/yellow_yellow_17.png","ascent":-8192,"height":4,"chars":["򰁃"]},{"type":"bitmap","file":"betterhealthbar:default_layout/image/4/yellow_yellow_18.png","ascent":-8192,"height":4,"chars":["򰁄"]},{"type":"bitmap","file":"betterhealthbar:default_layout/image/4/yellow_yellow_19.png","ascent":-8192,"height":4,"chars":["򰁅"]},{"type":"bitmap","file":"betterhealthbar:default_layout/image/4/yellow_yellow_20.png","ascent":-8192,"height":4,"chars":["򰁆"]},{"type":"bitmap","file":"betterhealthbar:default_layout/image/4/yellow_yellow_21.png","ascent":-8192,"height":4,"chars":["򰁇"]},{"type":"bitmap","file":"betterhealthbar:default_layout/image/4/yellow_yellow_22.png","ascent":-8192,"height":4,"chars":["򰁈"]},{"type":"bitmap","file":"betterhealthbar:default_layout/image/4/yellow_yellow_23.png","ascent":-8192,"height":4,"chars":["򰁉"]},{"type":"bitmap","file":"betterhealthbar:default_layout/image/4/yellow_yellow_24.png","ascent":-8192,"height":4,"chars":["򰁊"]},{"type":"bitmap","file":"betterhealthbar:default_layout/image/4/yellow_yellow_25.png","ascent":-8192,"height":4,"chars":["򰁋"]},{"type":"bitmap","file":"betterhealthbar:default_layout/image/5/green_green_1.png","ascent":-8192,"height":4,"chars":["򰁌"]},{"type":"bitmap","file":"betterhealthbar:default_layout/image/5/green_green_2.png","ascent":-8192,"height":4,"chars":["򰁍"]},{"type":"bitmap","file":"betterhealthbar:default_layout/image/5/green_green_3.png","ascent":-8192,"height":4,"chars":["򰁎"]},{"type":"bitmap","file":"betterhealthbar:default_layout/image/5/green_green_4.png","ascent":-8192,"height":4,"chars":["򰁏"]},{"type":"bitmap","file":"betterhealthbar:default_layout/image/5/green_green_5.png","ascent":-8192,"height":4,"chars":["򰁐"]},{"type":"bitmap","file":"betterhealthbar:default_layout/image/5/green_green_6.png","ascent":-8192,"height":4,"chars":["򰁑"]},{"type":"bitmap","file":"betterhealthbar:default_layout/image/5/green_green_7.png","ascent":-8192,"height":4,"chars":["򰁒"]},{"type":"bitmap","file":"betterhealthbar:default_layout/image/5/green_green_8.png","ascent":-8192,"height":4,"chars":["򰁓"]},{"type":"bitmap","file":"betterhealthbar:default_layout/image/5/green_green_9.png","ascent":-8192,"height":4,"chars":["򰁔"]},{"type":"bitmap","file":"betterhealthbar:default_layout/image/5/green_green_10.png","ascent":-8192,"height":4,"chars":["򰁕"]},{"type":"bitmap","file":"betterhealthbar:default_layout/image/5/green_green_11.png","ascent":-8192,"height":4,"chars":["򰁖"]},{"type":"bitmap","file":"betterhealthbar:default_layout/image/5/green_green_12.png","ascent":-8192,"height":4,"chars":["򰁗"]},{"type":"bitmap","file":"betterhealthbar:default_layout/image/5/green_green_13.png","ascent":-8192,"height":4,"chars":["򰁘"]},{"type":"bitmap","file":"betterhealthbar:default_layout/image/5/green_green_14.png","ascent":-8192,"height":4,"chars":["򰁙"]},{"type":"bitmap","file":"betterhealthbar:default_layout/image/5/green_green_15.png","ascent":-8192,"height":4,"chars":["򰁚"]},{"type":"bitmap","file":"betterhealthbar:default_layout/image/5/green_green_16.png","ascent":-8192,"height":4,"chars":["򰁛"]},{"type":"bitmap","file":"betterhealthbar:default_layout/image/5/green_green_17.png","ascent":-8192,"height":4,"chars":["򰁜"]},{"type":"bitmap","file":"betterhealthbar:default_layout/image/5/green_green_18.png","ascent":-8192,"height":4,"chars":["򰁝"]},{"type":"bitmap","file":"betterhealthbar:default_layout/image/5/green_green_19.png","ascent":-8192,"height":4,"chars":["򰁞"]},{"type":"bitmap","file":"betterhealthbar:default_layout/image/5/green_green_20.png","ascent":-8192,"height":4,"chars":["򰁟"]},{"type":"bitmap","file":"betterhealthbar:default_layout/image/5/green_green_21.png","ascent":-8192,"height":4,"chars":["򰁠"]},{"type":"bitmap","file":"betterhealthbar:default_layout/image/5/green_green_22.png","ascent":-8192,"height":4,"chars":["򰁡"]},{"type":"bitmap","file":"betterhealthbar:default_layout/image/5/green_green_23.png","ascent":-8192,"height":4,"chars":["򰁢"]},{"type":"bitmap","file":"betterhealthbar:default_layout/image/5/green_green_24.png","ascent":-8192,"height":4,"chars":["򰁣"]},{"type":"bitmap","file":"betterhealthbar:default_layout/image/5/green_green_25.png","ascent":-8192,"height":4,"chars":["򰁤"]}]}