{"display":{"head":{},"firstperson_righthand":{},"thirdperson_lefthand":{},"firstperson_lefthand":{},"fixed":{},"ground":{},"thirdperson_righthand":{},"gui":{"rotation":[-150.0,-45.0,180.0]}},"elements":[{"from":[7.0,7.8086586,7.13806],"to":[9.0,10.808659,9.138061],"rotation":{"origin":[8.0,7.8086586,8.638061],"axis":"x","angle":-22.5},"faces":{"east":{"uv":[8.5,1.375,8.75,1.75],"texture":"#0","tintindex":0},"south":{"uv":[8.5,1.75,8.75,2.125],"texture":"#0","tintindex":0},"north":{"uv":[7.75,4.625,8.0,5.0],"texture":"#0","tintindex":0},"west":{"uv":[8.5,2.125,8.75,2.5],"texture":"#0","tintindex":0},"up":{"uv":[3.125,8.75,2.875,8.5],"texture":"#0","tintindex":0},"down":{"uv":[3.375,8.5,3.125,8.75],"texture":"#0","tintindex":0}}},{"from":[3.9,9.9625,2.9],"to":[12.1,17.1625,11.1],"faces":{"east":{"uv":[4.5,1.875,5.5,2.75],"texture":"#0","tintindex":0},"south":{"uv":[5.0,2.75,6.0,3.625],"texture":"#0","tintindex":0},"north":{"uv":[4.5,1.0,5.5,1.875],"texture":"#0","tintindex":0},"west":{"uv":[5.0,3.625,6.0,4.5],"texture":"#0","tintindex":0},"up":{"uv":[4.5,1.0,3.5,0.0],"texture":"#0","tintindex":0},"down":{"uv":[4.5,1.0,3.5,2.0],"texture":"#0","tintindex":0}}},{"from":[3.77,8.8325,2.77],"to":[12.23,17.2925,11.23],"faces":{"east":{"uv":[0.0,4.125,1.0,5.125],"texture":"#0","tintindex":0},"south":{"uv":[2.0,4.375,3.0,5.375],"texture":"#0","tintindex":0},"north":{"uv":[4.0,4.0,5.0,5.0],"texture":"#0","tintindex":0},"west":{"uv":[3.0,4.375,4.0,5.375],"texture":"#0","tintindex":0},"up":{"uv":[5.5,1.0,4.5,0.0],"texture":"#0","tintindex":0},"down":{"uv":[2.0,4.5,1.0,5.5],"texture":"#0","tintindex":0}}},{"from":[12.0,17.0,11.0],"to":[4.0,8.0,3.0],"faces":{"east":{"uv":[2.5,2.25,3.5,3.375],"texture":"#0","tintindex":0},"south":{"uv":[0.0,3.0,1.0,4.125],"texture":"#0","tintindex":0},"north":{"uv":[2.5,1.125,3.5,2.25],"texture":"#0","tintindex":0},"west":{"uv":[1.0,3.375,2.0,4.5],"texture":"#0","tintindex":0},"up":{"uv":[4.5,3.0,3.5,2.0],"texture":"#0","tintindex":0},"down":{"uv":[5.0,3.0,4.0,4.0],"texture":"#0","tintindex":0}}},{"from":[4.0,8.0,3.0],"to":[12.0,17.0,11.0],"faces":{"east":{"uv":[1.5,1.125,2.5,2.25],"texture":"#0","tintindex":0},"south":{"uv":[1.5,2.25,2.5,3.375],"texture":"#0","tintindex":0},"north":{"uv":[1.5,0.0,2.5,1.125],"texture":"#0","tintindex":0},"west":{"uv":[2.5,0.0,3.5,1.125],"texture":"#0","tintindex":0},"up":{"uv":[3.0,4.375,2.0,3.375],"texture":"#0","tintindex":0},"down":{"uv":[4.0,3.375,3.0,4.375],"texture":"#0","tintindex":0}}}],"textures":{"particle":"#0","0":"modelengine:401766c6-aa13-4972-af0f-ef8c1df36be1"}}