{"display":{"head":{},"firstperson_righthand":{},"thirdperson_lefthand":{},"firstperson_lefthand":{},"fixed":{},"ground":{},"thirdperson_righthand":{},"gui":{"rotation":[-150.0,-45.0,180.0]}},"elements":[{"from":[4.0,7.0,6.0],"to":[12.0,12.0,10.0],"faces":{"east":{"uv":[2.125,7.0,2.625,7.625],"texture":"#0","tintindex":0},"south":{"uv":[5.5,0.625,6.5,1.25],"texture":"#0","tintindex":0},"north":{"uv":[5.5,0.0,6.5,0.625],"texture":"#0","tintindex":0},"west":{"uv":[7.0,5.875,7.5,6.5],"texture":"#0","tintindex":0},"up":{"uv":[7.0,5.625,6.0,5.125],"texture":"#0","tintindex":0},"down":{"uv":[7.0,5.625,6.0,6.125],"texture":"#0","tintindex":0}}},{"from":[3.88,8.580001,5.88],"to":[12.12,11.820001,10.12],"faces":{"east":{"uv":[8.375,2.875,8.875,3.25],"texture":"#0","tintindex":0},"south":{"uv":[7.0,5.5,8.0,5.875],"texture":"#0","tintindex":0},"north":{"uv":[7.0,5.125,8.0,5.5],"texture":"#0","tintindex":0},"west":{"uv":[8.375,3.25,8.875,3.625],"texture":"#0","tintindex":0},"up":{"uv":[7.5,2.0,6.5,1.5],"texture":"#0","tintindex":0},"down":{"uv":[7.5,2.0,6.5,2.5],"texture":"#0","tintindex":0}}},{"from":[7.0,7.0,9.1],"to":[9.0,13.0,10.1],"faces":{"east":{"uv":[2.625,8.5,2.75,9.25],"texture":"#0","tintindex":0},"south":{"uv":[1.0,8.375,1.25,9.125],"texture":"#0","tintindex":0},"north":{"uv":[0.625,8.375,0.875,9.125],"texture":"#0","tintindex":0},"west":{"uv":[2.75,8.5,2.875,9.25],"texture":"#0","tintindex":0},"up":{"uv":[5.5,6.875,5.25,6.75],"texture":"#0","tintindex":0},"down":{"uv":[5.75,6.75,5.5,6.875],"texture":"#0","tintindex":0}}},{"from":[12.65,10.800001,10.15],"to":[3.35,7.5000005,5.85],"rotation":{"origin":[8.0,9.150002,8.0],"axis":"z","angle":-22.5},"faces":{"east":{"uv":[8.5,0.375,9.0,0.75],"texture":"#0","tintindex":0},"south":{"uv":[7.0,2.5,8.125,2.875],"texture":"#0","tintindex":0},"north":{"uv":[1.0,7.0,2.125,7.375],"texture":"#0","tintindex":0},"west":{"uv":[8.5,0.75,9.0,1.125],"texture":"#0","tintindex":0},"up":{"uv":[7.125,4.625,6.0,4.125],"texture":"#0","tintindex":0},"down":{"uv":[7.125,4.625,6.0,5.125],"texture":"#0","tintindex":0}}},{"from":[12.0,12.0,10.0],"to":[4.0,7.0,6.0],"faces":{"east":{"uv":[7.125,4.125,7.625,4.75],"texture":"#0","tintindex":0},"south":{"uv":[5.5,1.25,6.5,1.875],"texture":"#0","tintindex":0},"north":{"uv":[1.0,5.5,2.0,6.125],"texture":"#0","tintindex":0},"west":{"uv":[5.0,7.25,5.5,7.875],"texture":"#0","tintindex":0},"up":{"uv":[3.0,6.75,2.0,6.25],"texture":"#0","tintindex":0},"down":{"uv":[4.0,6.25,3.0,6.75],"texture":"#0","tintindex":0}}},{"from":[3.35,7.5000005,5.85],"to":[12.65,10.800001,10.15],"rotation":{"origin":[8.0,9.150002,8.0],"axis":"z","angle":-22.5},"faces":{"east":{"uv":[8.375,3.625,8.875,4.0],"texture":"#0","tintindex":0},"south":{"uv":[6.125,6.875,7.25,7.25],"texture":"#0","tintindex":0},"north":{"uv":[5.0,6.875,6.125,7.25],"texture":"#0","tintindex":0},"west":{"uv":[8.5,0.0,9.0,0.375],"texture":"#0","tintindex":0},"up":{"uv":[7.125,3.625,6.0,3.125],"texture":"#0","tintindex":0},"down":{"uv":[7.125,3.625,6.0,4.125],"texture":"#0","tintindex":0}}}],"textures":{"particle":"#0","0":"modelengine:401766c6-aa13-4972-af0f-ef8c1df36be1"}}