{"display":{"head":{},"firstperson_righthand":{},"thirdperson_lefthand":{},"firstperson_lefthand":{},"fixed":{},"ground":{},"thirdperson_righthand":{},"gui":{"rotation":[-150.0,-45.0,180.0]}},"elements":[{"from":[5.75,7.0,6.0],"to":[9.75,9.0,10.0],"faces":{"east":{"uv":[5.5,2.5,6.0,2.75],"texture":"#0","tintindex":0},"south":{"uv":[8.375,4.0,8.875,4.25],"texture":"#0","tintindex":0},"north":{"uv":[4.5,2.75,5.0,3.0],"texture":"#0","tintindex":0},"west":{"uv":[8.5,1.125,9.0,1.375],"texture":"#0","tintindex":0},"up":{"uv":[4.5,7.875,4.0,7.375],"texture":"#0","tintindex":0},"down":{"uv":[5.0,7.375,4.5,7.875],"texture":"#0","tintindex":0}}},{"from":[4.75,2.0,2.0],"to":[5.75,14.0,14.0],"faces":{"east":{"uv":[0.0,0.0,1.5,1.5],"texture":"#0","tintindex":0},"south":{"uv":[2.125,8.5,2.25,10.0],"texture":"#0","tintindex":0},"north":{"uv":[2.0,8.5,2.125,10.0],"texture":"#0","tintindex":0},"west":{"uv":[0.0,1.5,1.5,3.0],"texture":"#0","tintindex":0},"up":{"uv":[2.375,10.0,2.25,8.5],"texture":"#0","tintindex":0},"down":{"uv":[2.5,8.5,2.375,10.0],"texture":"#0","tintindex":0}}}],"textures":{"particle":"#0","0":"modelengine:401766c6-aa13-4972-af0f-ef8c1df36be1"}}