{"display":{"head":{},"firstperson_righthand":{},"thirdperson_lefthand":{},"firstperson_lefthand":{},"fixed":{},"ground":{},"thirdperson_righthand":{},"gui":{"rotation":[-150.0,-45.0,180.0]}},"elements":[{"from":[6.0,2.0,7.0],"to":[8.0,9.0,9.0],"faces":{"east":{"uv":[7.625,3.75,7.875,4.625],"texture":"#0","tintindex":0},"south":{"uv":[7.75,0.75,8.0,1.625],"texture":"#0","tintindex":0},"north":{"uv":[3.5,7.625,3.75,8.5],"texture":"#0","tintindex":0},"west":{"uv":[7.75,1.625,8.0,2.5],"texture":"#0","tintindex":0},"up":{"uv":[8.75,6.75,8.5,6.5],"texture":"#0","tintindex":0},"down":{"uv":[8.75,6.75,8.5,7.0],"texture":"#0","tintindex":0}}},{"from":[5.75,1.7999992,6.75],"to":[8.25,9.299999,9.25],"faces":{"east":{"uv":[8.25,5.125,8.5,6.0],"texture":"#0","tintindex":0},"south":{"uv":[8.25,6.0,8.5,6.875],"texture":"#0","tintindex":0},"north":{"uv":[8.25,4.25,8.5,5.125],"texture":"#0","tintindex":0},"west":{"uv":[6.5,8.25,6.75,9.125],"texture":"#0","tintindex":0},"up":{"uv":[9.0,1.875,8.75,1.625],"texture":"#0","tintindex":0},"down":{"uv":[9.0,1.875,8.75,2.125],"texture":"#0","tintindex":0}}}],"textures":{"particle":"#0","0":"modelengine:401766c6-aa13-4972-af0f-ef8c1df36be1"}}