{"display":{"head":{},"firstperson_righthand":{},"thirdperson_lefthand":{},"firstperson_lefthand":{},"fixed":{},"ground":{},"thirdperson_righthand":{},"gui":{"rotation":[-150.0,-45.0,180.0]}},"elements":[{"from":[6.8,0.8,7.8],"to":[9.2,8.2,10.2],"faces":{"east":{"uv":[8.0,7.25,8.25,8.125],"texture":"#0","tintindex":0},"south":{"uv":[8.125,2.5,8.375,3.375],"texture":"#0","tintindex":0},"north":{"uv":[8.0,6.375,8.25,7.25],"texture":"#0","tintindex":0},"west":{"uv":[8.125,3.375,8.375,4.25],"texture":"#0","tintindex":0},"up":{"uv":[0.5,9.0,0.25,8.75],"texture":"#0","tintindex":0},"down":{"uv":[1.5,8.75,1.25,9.0],"texture":"#0","tintindex":0}}},{"from":[6.997,0.997,7.997],"to":[9.003,8.003,10.003],"faces":{"east":{"uv":[2.0,7.625,2.25,8.5],"texture":"#0","tintindex":0},"south":{"uv":[2.25,7.625,2.5,8.5],"texture":"#0","tintindex":0},"north":{"uv":[7.5,6.875,7.75,7.75],"texture":"#0","tintindex":0},"west":{"uv":[2.5,7.625,2.75,8.5],"texture":"#0","tintindex":0},"up":{"uv":[8.75,4.75,8.5,4.5],"texture":"#0","tintindex":0},"down":{"uv":[8.75,4.75,8.5,5.0],"texture":"#0","tintindex":0}}}],"textures":{"particle":"#0","0":"modelengine:401766c6-aa13-4972-af0f-ef8c1df36be1"}}