{"version":"R4.0.8","cache":{"LEATHER_HORSE_ARMOR":{"cachedId":{"mouse:bone5":11,"mouse:bone10":14,"mouse:bone3":3,"mouse:bone7":10,"mouse:bone":5,"mouse:bone8":9,"mouse:bone9":15,"mouse:bone12":12,"mouse:bone15":7,"mouse:bone15/1":8,"mouse:bone2":13,"mouse:bone13":2,"mouse:bone11":1,"mouse:bone4":6,"mouse:bone14":4,"mouse:bone17":16,"mouse:bone16":17,"duck:bone10":19,"duck:bone6":20,"duck:bone9":21,"duck:bone3":22,"duck:bone7":23,"duck:bone5":24,"duck:bone8":25,"duck:bone4":26,"duck2:bone10":29,"duck2:bone15":30,"duck2:bone":31,"duck2:bone6":32,"duck2:bone9":33,"duck2:bone3":34,"duck2:bone7":35,"duck2:bone12":36,"duck2:bone2":37,"duck2:bone13":38,"duck2:bone16":39,"duck2:bone11":40,"duck2:bone5":41,"duck2:bone4":42,"duck2:bone14":43,"robot:hand":27,"robot:leg":18,"robot:head":28,"godsword:group":44,"duck333:bone4":46,"duck333:bone16":45,"duck333:bone15":47,"duck333:bone12":48,"duck333:bone23":49,"duck333:bone11":50,"duck333:bone8":51,"duck333:bone18":52,"duck333:bone10":53,"duck333:bone13":54,"duck333:bone22":55,"piggy:rightear":56,"piggy:frontleftfoot":57,"piggy:backleftfoot":58,"piggy:trunk":59,"piggy:frontrightfoot":60,"piggy:backrightfoot":61,"piggy:leftear":62},"unused":[],"nextId":63}}}