{"textures":{"0":"modelengine:entity/duck44","particle":"#0"},"elements":[{"from":[6.0,4.0,7.0],"to":[7.0,8.0,8.0],"faces":{"east":{"uv":[2.75,13.0,3.0,14.0],"tintindex":0,"rotation":0,"texture":"#0"},"south":{"uv":[13.0,2.75,13.25,3.75],"tintindex":0,"rotation":0,"texture":"#0"},"north":{"uv":[10.75,11.25,11.0,12.25],"tintindex":0,"rotation":0,"texture":"#0"},"west":{"uv":[3.0,13.0,3.25,14.0],"tintindex":0,"rotation":0,"texture":"#0"},"up":{"uv":[4.75,7.25,4.5,7.0],"tintindex":0,"rotation":0,"texture":"#0"},"down":{"uv":[9.25,4.25,9.0,4.5],"tintindex":0,"rotation":0,"texture":"#0"}}}],"display":{"head":{"rotation":[0.0,0.0,0.0]},"firstperson_righthand":{"rotation":[0.0,0.0,0.0]},"thirdperson_lefthand":{"rotation":[0.0,-0.0,-0.0]},"firstperson_lefthand":{"rotation":[0.0,-0.0,-0.0]},"fixed":{"rotation":[0.0,0.0,0.0]},"ground":{"rotation":[0.0,0.0,0.0]},"thirdperson_righthand":{"rotation":[0.0,0.0,0.0]},"gui":{"rotation":[-150.0,-45.0,180.0]}}}