{"textures":{"0":"modelengine:entity/duck44","particle":"#0"},"elements":[{"from":[3.16214,6.5767403,7.0],"to":[7.16214,7.5767403,8.0],"faces":{"east":{"uv":[3.75,15.75,3.5,16.0],"tintindex":0,"rotation":0,"texture":"#0"},"south":{"uv":[8.75,15.5,9.75,15.0],"tintindex":0,"rotation":0,"texture":"#0"},"north":{"uv":[11.5,15.25,13.75,16.0],"tintindex":0,"rotation":0,"texture":"#0"},"west":{"uv":[0.0,0.0,0.5,1.75],"tintindex":0,"rotation":0,"texture":"#0"},"up":{"uv":[8.75,15.5,13.5,16.0],"tintindex":0,"rotation":0,"texture":"#0"},"down":{"uv":[11.25,11.5,12.5,7.5],"tintindex":0,"rotation":0,"texture":"#0"}}},{"from":[2.16214,6.5767403,7.0],"to":[3.16214,11.57674,8.0],"faces":{"east":{"uv":[8.75,15.5,13.5,16.0],"tintindex":0,"rotation":90,"texture":"#0"},"south":{"uv":[8.75,15.5,9.75,15.0],"tintindex":0,"rotation":90,"texture":"#0"},"north":{"uv":[11.5,15.25,13.75,16.0],"tintindex":0,"rotation":270,"texture":"#0"},"west":{"uv":[3.75,15.5,9.25,16.0],"tintindex":0,"rotation":90,"texture":"#0"},"up":{"uv":[0.0,0.0,0.5,1.75],"tintindex":0,"rotation":90,"texture":"#0"},"down":{"uv":[3.75,15.75,3.5,16.0],"tintindex":0,"rotation":90,"texture":"#0"}}},{"from":[3.16214,10.57674,7.0],"to":[7.16214,11.57674,8.0],"faces":{"east":{"uv":[3.75,15.75,3.5,16.0],"tintindex":0,"rotation":0,"texture":"#0"},"south":{"uv":[8.75,15.5,9.75,15.0],"tintindex":0,"rotation":0,"texture":"#0"},"north":{"uv":[11.5,15.25,13.75,16.0],"tintindex":0,"rotation":0,"texture":"#0"},"west":{"uv":[0.0,0.0,0.5,1.75],"tintindex":0,"rotation":0,"texture":"#0"},"up":{"uv":[0.0,15.25,3.0,16.0],"tintindex":0,"rotation":0,"texture":"#0"},"down":{"uv":[8.75,15.5,13.5,16.0],"tintindex":0,"rotation":0,"texture":"#0"}}},{"from":[7.16214,6.5767403,7.0],"to":[8.16214,11.57674,8.0],"faces":{"east":{"uv":[8.75,15.5,13.5,16.0],"tintindex":0,"rotation":90,"texture":"#0"},"south":{"uv":[8.75,15.5,9.75,15.0],"tintindex":0,"rotation":90,"texture":"#0"},"north":{"uv":[11.5,15.25,13.75,16.0],"tintindex":0,"rotation":270,"texture":"#0"},"west":{"uv":[1.25,15.5,6.0,16.0],"tintindex":0,"rotation":90,"texture":"#0"},"up":{"uv":[0.0,0.0,0.5,1.75],"tintindex":0,"rotation":90,"texture":"#0"},"down":{"uv":[3.75,15.75,3.5,16.0],"tintindex":0,"rotation":90,"texture":"#0"}}}],"display":{"head":{"rotation":[0.0,0.0,0.0]},"firstperson_righthand":{"rotation":[0.0,0.0,0.0]},"thirdperson_lefthand":{"rotation":[0.0,-0.0,-0.0]},"firstperson_lefthand":{"rotation":[0.0,-0.0,-0.0]},"fixed":{"rotation":[0.0,0.0,0.0]},"ground":{"rotation":[0.0,0.0,0.0]},"thirdperson_righthand":{"rotation":[0.0,0.0,0.0]},"gui":{"rotation":[-150.0,-45.0,180.0]}}}