{"textures":{"0":"modelengine:entity/duck44","particle":"#0"},"elements":[{"from":[7.0,3.0,8.0],"to":[8.0,7.0,9.0],"faces":{"east":{"uv":[3.5,13.0,3.75,14.0],"tintindex":0,"rotation":0,"texture":"#0"},"south":{"uv":[3.75,13.0,4.0,14.0],"tintindex":0,"rotation":0,"texture":"#0"},"north":{"uv":[3.25,13.0,3.5,14.0],"tintindex":0,"rotation":0,"texture":"#0"},"west":{"uv":[13.0,3.75,13.25,4.75],"tintindex":0,"rotation":0,"texture":"#0"},"up":{"uv":[2.25,9.75,2.0,9.5],"tintindex":0,"rotation":0,"texture":"#0"},"down":{"uv":[4.5,9.75,4.25,10.0],"tintindex":0,"rotation":0,"texture":"#0"}}}],"display":{"head":{"rotation":[0.0,0.0,0.0]},"firstperson_righthand":{"rotation":[0.0,0.0,0.0]},"thirdperson_lefthand":{"rotation":[0.0,-0.0,-0.0]},"firstperson_lefthand":{"rotation":[0.0,-0.0,-0.0]},"fixed":{"rotation":[0.0,0.0,0.0]},"ground":{"rotation":[0.0,0.0,0.0]},"thirdperson_righthand":{"rotation":[0.0,0.0,0.0]},"gui":{"rotation":[-150.0,-45.0,180.0]}}}