{"textures":{"0":"modelengine:entity/777","particle":"#0"},"elements":[{"from":[7.0,8.0,1.0],"to":[9.0,9.0,12.0],"faces":{"east":{"uv":[0.0,5.875,1.375,6.0],"tintindex":0,"rotation":0,"texture":"#0"},"south":{"uv":[3.0,5.875,3.25,6.0],"tintindex":0,"rotation":0,"texture":"#0"},"north":{"uv":[1.375,5.875,1.625,6.0],"tintindex":0,"rotation":0,"texture":"#0"},"west":{"uv":[1.625,5.875,3.0,6.0],"tintindex":0,"rotation":0,"texture":"#0"},"up":{"uv":[1.625,5.875,1.375,4.5],"tintindex":0,"rotation":0,"texture":"#0"},"down":{"uv":[1.875,4.5,1.625,5.875],"tintindex":0,"rotation":0,"texture":"#0"}}}],"display":{"head":{"rotation":[-82.5,0.0,0.0]},"firstperson_righthand":{"rotation":[-82.5,0.0,0.0]},"thirdperson_lefthand":{"rotation":[-82.5,-0.0,-0.0]},"firstperson_lefthand":{"rotation":[-82.5,-0.0,-0.0]},"fixed":{"rotation":[-82.5,0.0,0.0]},"ground":{"rotation":[-82.5,0.0,0.0]},"thirdperson_righthand":{"rotation":[-82.5,0.0,0.0]},"gui":{"rotation":[-65.318474,-5.295706,-135.24614]}}}