{"display":{"head":{},"firstperson_righthand":{},"thirdperson_lefthand":{},"firstperson_lefthand":{},"fixed":{},"ground":{},"thirdperson_righthand":{},"gui":{"rotation":[-150.0,-45.0,180.0]}},"elements":[{"from":[6.89,1.7900006,6.39],"to":[10.11,8.009999,9.61],"faces":{"east":{"uv":[9.3675,2.1325,9.0075,2.8675],"texture":"#0","tintindex":0},"south":{"uv":[9.3675,1.3825,9.0075,2.1175],"texture":"#0","tintindex":0},"north":{"uv":[1.3675,9.0075,1.0075,9.7425],"texture":"#0","tintindex":0},"west":{"uv":[1.7425,9.0075,1.3825,9.7425],"texture":"#0","tintindex":0},"up":{"uv":[5.1325,0.3675,5.4925,0.0075],"texture":"#0","tintindex":0},"down":{"uv":[9.8825,7.5075,10.2425,7.8675],"texture":"#0","tintindex":0}}},{"from":[10.1,7.899999,9.6],"to":[6.9,1.7000002,6.4],"faces":{"east":{"uv":[5.8675,9.1325,5.5075,9.8675],"texture":"#0","tintindex":0},"south":{"uv":[9.3675,5.1325,9.0075,5.8675],"texture":"#0","tintindex":0},"north":{"uv":[5.1175,9.0075,4.7575,9.7425],"texture":"#0","tintindex":0},"west":{"uv":[5.4925,9.0075,5.1325,9.7425],"texture":"#0","tintindex":0},"up":{"uv":[10.0075,8.9925,10.3675,8.6325],"texture":"#0","tintindex":0},"down":{"uv":[10.1325,1.7575,10.4925,2.1175],"texture":"#0","tintindex":0}}}],"textures":{"particle":"#0","0":"modelengine:f2f412f4-2573-4610-9b12-12ae4b7c3e43"}}