{"display":{"head":{},"firstperson_righthand":{},"thirdperson_lefthand":{},"firstperson_lefthand":{},"fixed":{},"ground":{},"thirdperson_righthand":{},"gui":{"rotation":[-150.0,-45.0,180.0]}},"elements":[{"from":[7.0,1.0,7.0],"to":[9.0,9.0,9.0],"faces":{"east":{"uv":[2.5075,9.3825,2.7425,10.3675],"texture":"#0","tintindex":0},"south":{"uv":[2.7575,9.3825,2.9925,10.3675],"texture":"#0","tintindex":0},"north":{"uv":[2.2575,9.3825,2.4925,10.3675],"texture":"#0","tintindex":0},"west":{"uv":[3.0075,9.3825,3.2425,10.3675],"texture":"#0","tintindex":0},"up":{"uv":[7.2425,10.4925,7.0075,10.2575],"texture":"#0","tintindex":0},"down":{"uv":[10.4925,7.5075,10.2575,7.7425],"texture":"#0","tintindex":0}}}],"textures":{"particle":"#0","0":"modelengine:f2f412f4-2573-4610-9b12-12ae4b7c3e43"}}