{"display":{"head":{},"firstperson_righthand":{},"thirdperson_lefthand":{},"firstperson_lefthand":{},"fixed":{},"ground":{},"thirdperson_righthand":{},"gui":{"rotation":[-150.0,-45.0,180.0]}},"elements":[{"from":[8.0,2.0,7.0],"to":[10.0,9.0,9.0],"faces":{"east":{"uv":[9.7575,0.8825,9.9925,1.7425],"texture":"#0","tintindex":0},"south":{"uv":[1.1325,9.7575,1.3675,10.6175],"texture":"#0","tintindex":0},"north":{"uv":[0.8825,9.7575,1.1175,10.6175],"texture":"#0","tintindex":0},"west":{"uv":[1.3825,9.7575,1.6175,10.6175],"texture":"#0","tintindex":0},"up":{"uv":[10.6175,0.8675,10.3825,0.6325],"texture":"#0","tintindex":0},"down":{"uv":[10.6175,0.8825,10.3825,1.1175],"texture":"#0","tintindex":0}}}],"textures":{"particle":"#0","0":"modelengine:f2f412f4-2573-4610-9b12-12ae4b7c3e43"}}