{"display":{"head":{},"firstperson_righthand":{},"thirdperson_lefthand":{},"firstperson_lefthand":{},"fixed":{},"ground":{},"thirdperson_righthand":{},"gui":{"rotation":[-150.0,-45.0,180.0]}},"elements":[{"from":[6.16767,8.251,6.751],"to":[19.16567,9.249,7.749],"faces":{"east":{"uv":[10.666668,12.625,10.708335,12.666668],"texture":"#0","tintindex":0},"south":{"uv":[12.083335,11.541668,12.625,11.5],"texture":"#0","tintindex":0},"north":{"uv":[12.083335,11.458335,12.625,11.5],"texture":"#0","tintindex":0},"west":{"uv":[11.25,12.583335,11.291668,12.625],"texture":"#0","tintindex":0},"up":{"uv":[12.083335,11.5,12.625,11.541668],"texture":"#0","tintindex":0},"down":{"uv":[12.625,11.458335,12.083335,11.5],"texture":"#0","tintindex":0}}},{"from":[11.16667,6.5,6.5],"to":[12.16667,9.5,9.5],"faces":{"east":{"uv":[12.166668,12.25,12.291668,12.375],"texture":"#0","tintindex":0},"south":{"uv":[12.25,12.458335,12.291668,12.583335],"texture":"#0","tintindex":0},"north":{"uv":[12.5,11.041668,12.541668,11.166668],"texture":"#0","tintindex":0},"west":{"uv":[12.041668,12.25,12.166668,12.375],"texture":"#0","tintindex":0},"up":{"uv":[12.5,11.166668,12.541668,11.291668],"texture":"#0","tintindex":0},"down":{"uv":[11.291668,12.625,11.333335,12.5],"texture":"#0","tintindex":0}}},{"from":[6.16767,6.751,6.751],"to":[19.16567,7.749,7.749],"faces":{"east":{"uv":[10.666668,12.625,10.708335,12.666668],"texture":"#0","tintindex":0},"south":{"uv":[12.083335,11.541668,12.625,11.5],"texture":"#0","tintindex":0},"north":{"uv":[12.083335,11.458335,12.625,11.5],"texture":"#0","tintindex":0},"west":{"uv":[11.25,12.583335,11.291668,12.625],"texture":"#0","tintindex":0},"up":{"uv":[12.083335,11.5,12.625,11.541668],"texture":"#0","tintindex":0},"down":{"uv":[12.625,11.458335,12.083335,11.5],"texture":"#0","tintindex":0}}},{"from":[6.16767,8.251,8.251],"to":[19.16567,9.249,9.249],"faces":{"east":{"uv":[10.666668,12.625,10.708335,12.666668],"texture":"#0","tintindex":0},"south":{"uv":[12.083335,11.541668,12.625,11.5],"texture":"#0","tintindex":0},"north":{"uv":[12.083335,11.458335,12.625,11.5],"texture":"#0","tintindex":0},"west":{"uv":[11.25,12.583335,11.291668,12.625],"texture":"#0","tintindex":0},"up":{"uv":[12.083335,11.5,12.625,11.541668],"texture":"#0","tintindex":0},"down":{"uv":[12.625,11.458335,12.083335,11.5],"texture":"#0","tintindex":0}}},{"from":[12.16667,6.0,6.0],"to":[16.16667,10.0,10.0],"faces":{"east":{"uv":[11.916668,11.333335,12.083335,11.5],"texture":"#0","tintindex":0},"south":{"uv":[12.083335,11.333335,11.916668,11.166668],"texture":"#0","tintindex":0},"north":{"uv":[11.916668,11.166668,12.083335,11.333335],"texture":"#0","tintindex":0},"west":{"uv":[11.916668,11.0,12.083335,11.166668],"texture":"#0","tintindex":0},"up":{"uv":[12.083335,11.166668,11.916668,11.333335],"texture":"#0","tintindex":0},"down":{"uv":[12.083335,11.166668,11.916668,11.333335],"texture":"#0","tintindex":0}}},{"from":[6.16767,6.751,8.251],"to":[19.16567,7.749,9.249],"faces":{"east":{"uv":[10.666668,12.625,10.708335,12.666668],"texture":"#0","tintindex":0},"south":{"uv":[12.083335,11.541668,12.625,11.5],"texture":"#0","tintindex":0},"north":{"uv":[12.083335,11.458335,12.625,11.5],"texture":"#0","tintindex":0},"west":{"uv":[11.25,12.583335,11.291668,12.625],"texture":"#0","tintindex":0},"up":{"uv":[12.083335,11.5,12.625,11.541668],"texture":"#0","tintindex":0},"down":{"uv":[12.625,11.458335,12.083335,11.5],"texture":"#0","tintindex":0}}}],"textures":{"particle":"#0","0":"modelengine:50377e4e-e5d7-4d52-9264-62c64b9595cc"}}