{"display":{"head":{},"firstperson_righthand":{},"thirdperson_lefthand":{},"firstperson_lefthand":{},"fixed":{},"ground":{},"thirdperson_righthand":{},"gui":{"rotation":[-150.0,-45.0,180.0]}},"elements":[{"from":[6.4985,3.7010305,3.3423898],"to":[9.5015,7.861491,5.0674596],"faces":{"east":{"uv":[3.375,13.25,3.5,13.625],"texture":"#0","tintindex":0},"south":{"uv":[2.25,12.125,2.5,12.5],"texture":"#0","tintindex":0},"north":{"uv":[4.125,10.0625,4.375,10.4375],"texture":"#0","tintindex":0},"west":{"uv":[3.5,13.25,3.625,13.625],"texture":"#0","tintindex":0},"up":{"uv":[5.75,13.6875,5.5,13.5625],"texture":"#0","tintindex":0},"down":{"uv":[5.875,8.0,5.625,8.125],"texture":"#0","tintindex":0}}},{"from":[6.5,3.6841602,0.9096098],"to":[9.5,7.884161,6.45961],"rotation":{"origin":[8.75,8.731781,7.17441],"axis":"x","angle":-45.0},"faces":{"east":{"uv":[2.5,8.75,2.9375,9.125],"texture":"#0","tintindex":0},"south":{"uv":[4.125,12.0,4.375,12.375],"texture":"#0","tintindex":0},"north":{"uv":[3.3125,12.125,3.5625,12.5],"texture":"#0","tintindex":0},"west":{"uv":[2.5625,8.0,3.0,8.375],"texture":"#0","tintindex":0},"up":{"uv":[2.9375,12.0625,2.6875,11.625],"texture":"#0","tintindex":0},"down":{"uv":[1.75,11.6875,1.5,12.125],"texture":"#0","tintindex":0}}},{"from":[6.49925,4.8914905,3.3010998],"to":[9.500751,9.392991,7.8026],"rotation":{"origin":[8.75,8.731781,7.17441],"axis":"x","angle":-22.5},"faces":{"east":{"uv":[2.6875,10.75,3.0625,11.125],"texture":"#0","tintindex":0},"south":{"uv":[3.875,12.0,4.125,12.375],"texture":"#0","tintindex":0},"north":{"uv":[4.0,8.875,4.25,9.25],"texture":"#0","tintindex":0},"west":{"uv":[2.875,9.125,3.25,9.5],"texture":"#0","tintindex":0},"up":{"uv":[2.875,12.4375,2.625,12.0625],"texture":"#0","tintindex":0},"down":{"uv":[4.3125,10.75,4.0625,11.125],"texture":"#0","tintindex":0}}},{"from":[7.18641,2.2210608,3.6869097],"to":[12.06141,5.4085608,8.749411],"rotation":{"origin":[7.25,8.731781,7.17441],"axis":"z","angle":22.5},"faces":{"east":{"uv":[2.25,11.625,2.6875,11.875],"texture":"#0","tintindex":0},"south":{"uv":[3.625,10.75,4.0625,11.0],"texture":"#0","tintindex":0},"north":{"uv":[1.8125,11.625,2.25,11.875],"texture":"#0","tintindex":0},"west":{"uv":[3.625,11.0,4.0625,11.25],"texture":"#0","tintindex":0},"up":{"uv":[2.1875,10.625,1.75,10.1875],"texture":"#0","tintindex":0},"down":{"uv":[2.625,10.1875,2.1875,10.625],"texture":"#0","tintindex":0}}},{"from":[3.93859,2.2210608,3.6869097],"to":[8.81359,5.4085608,8.749411],"rotation":{"origin":[8.75,8.731781,7.17441],"axis":"z","angle":-22.5},"faces":{"east":{"uv":[3.5625,9.0625,4.0,9.3125],"texture":"#0","tintindex":0},"south":{"uv":[3.5625,9.3125,4.0,9.5625],"texture":"#0","tintindex":0},"north":{"uv":[0.375,11.5625,0.8125,11.8125],"texture":"#0","tintindex":0},"west":{"uv":[3.625,8.0,4.0625,8.25],"texture":"#0","tintindex":0},"up":{"uv":[2.5,9.1875,2.0625,8.75],"texture":"#0","tintindex":0},"down":{"uv":[2.5625,8.0,2.125,8.4375],"texture":"#0","tintindex":0}}},{"from":[5.81359,4.0960608,4.4369097],"to":[9.56359,8.78356,7.4369097],"rotation":{"origin":[8.75,8.731781,7.17441],"axis":"z","angle":-22.5},"faces":{"east":{"uv":[0.75,12.125,1.0,12.5],"texture":"#0","tintindex":0},"south":{"uv":[3.3125,11.125,3.625,11.5],"texture":"#0","tintindex":0},"north":{"uv":[3.3125,10.75,3.625,11.125],"texture":"#0","tintindex":0},"west":{"uv":[1.375,12.125,1.625,12.5],"texture":"#0","tintindex":0},"up":{"uv":[5.125,9.25,4.8125,9.0],"texture":"#0","tintindex":0},"down":{"uv":[1.5625,12.8125,1.25,13.0625],"texture":"#0","tintindex":0}}},{"from":[6.55059,4.6700907,4.4369097],"to":[10.3005905,9.35759,7.4369097],"rotation":{"origin":[8.75,8.731781,7.17441],"axis":"z","angle":22.5},"faces":{"east":{"uv":[4.0625,11.125,4.3125,11.5],"texture":"#0","tintindex":0},"south":{"uv":[1.5,11.3125,1.8125,11.6875],"texture":"#0","tintindex":0},"north":{"uv":[2.9375,8.75,3.25,9.125],"texture":"#0","tintindex":0},"west":{"uv":[4.125,8.0,4.375,8.375],"texture":"#0","tintindex":0},"up":{"uv":[0.625,13.0625,0.3125,12.8125],"texture":"#0","tintindex":0},"down":{"uv":[0.9375,12.8125,0.625,13.0625],"texture":"#0","tintindex":0}}}],"textures":{"particle":"#0","0":"modelengine:50377e4e-e5d7-4d52-9264-62c64b9595cc"}}