{"display":{"head":{},"firstperson_righthand":{},"thirdperson_lefthand":{},"firstperson_lefthand":{},"fixed":{},"ground":{},"thirdperson_righthand":{},"gui":{"rotation":[-150.0,-45.0,180.0]}},"elements":[{"from":[4.56426,14.842239,2.74748],"to":[6.28926,16.567242,10.50998],"rotation":{"origin":[8.0,10.317871,7.07423],"axis":"y","angle":45.0},"faces":{"east":{"uv":[4.8125,11.375,5.375,11.5],"texture":"#0","tintindex":0},"south":{"uv":[1.25,12.375,1.375,12.5],"texture":"#0","tintindex":0},"north":{"uv":[4.25,9.125,4.375,9.25],"texture":"#0","tintindex":0},"west":{"uv":[4.875,8.0,5.4375,8.125],"texture":"#0","tintindex":0},"up":{"uv":[2.875,13.3125,2.75,12.75],"texture":"#0","tintindex":0},"down":{"uv":[3.8125,12.75,3.6875,13.3125],"texture":"#0","tintindex":0}}},{"from":[4.34863,14.626621,2.5318499],"to":[12.542379,16.782871,10.7256],"rotation":{"origin":[8.0,10.317871,7.07423],"axis":"y","angle":45.0},"faces":{"east":{"uv":[3.0,8.1875,3.625,8.375],"texture":"#0","tintindex":0},"south":{"uv":[3.3125,9.75,3.9375,9.9375],"texture":"#0","tintindex":0},"north":{"uv":[3.0,8.0,3.625,8.1875],"texture":"#0","tintindex":0},"west":{"uv":[3.3125,9.9375,3.9375,10.125],"texture":"#0","tintindex":0},"up":{"uv":[0.625,8.625,0.0,8.0],"texture":"#0","tintindex":0},"down":{"uv":[0.625,8.625,0.0,9.25],"texture":"#0","tintindex":0}}},{"from":[4.11013,6.3994007,3.05319],"to":[11.88988,14.179152,3.07043],"rotation":{"origin":[8.0,10.317871,7.07423],"axis":"x","angle":-22.5},"faces":{"south":{"uv":[8.0,4.0,12.0,8.0],"texture":"#0","tintindex":0},"north":{"uv":[8.0,0.0,12.0,4.0],"texture":"#0","tintindex":0}}},{"from":[4.9812503,-0.572619,7.6122403],"to":[11.02048,6.3291097,7.6139703],"rotation":{"origin":[8.0,10.317871,7.07423],"axis":"x","angle":-45.0},"faces":{"south":{"uv":[1.625,8.9375,2.0625,9.4375],"texture":"#0","tintindex":0},"north":{"uv":[1.625,8.4375,2.0625,8.9375],"texture":"#0","tintindex":0}}},{"from":[6.28926,14.842239,2.74748],"to":[10.60176,16.567242,4.47248],"rotation":{"origin":[8.0,10.317871,7.07423],"axis":"y","angle":45.0},"faces":{"east":{"uv":[4.5,9.8125,4.625,9.9375],"texture":"#0","tintindex":0},"south":{"uv":[3.625,13.3125,3.9375,13.4375],"texture":"#0","tintindex":0},"north":{"uv":[2.25,11.5,2.5625,11.625],"texture":"#0","tintindex":0},"west":{"uv":[5.1875,8.5,5.3125,8.625],"texture":"#0","tintindex":0},"up":{"uv":[4.25,13.4375,3.9375,13.3125],"texture":"#0","tintindex":0},"down":{"uv":[5.625,13.0,5.3125,13.125],"texture":"#0","tintindex":0}}},{"from":[10.60176,14.842239,2.74748],"to":[12.326759,16.567242,10.50998],"rotation":{"origin":[8.0,10.317871,7.07423],"axis":"y","angle":45.0},"faces":{"east":{"uv":[4.8125,10.375,5.375,10.5],"texture":"#0","tintindex":0},"south":{"uv":[2.9375,11.625,3.0625,11.75],"texture":"#0","tintindex":0},"north":{"uv":[2.5625,11.0,2.6875,11.125],"texture":"#0","tintindex":0},"west":{"uv":[4.8125,11.25,5.375,11.375],"texture":"#0","tintindex":0},"up":{"uv":[4.3125,13.25,4.1875,12.6875],"texture":"#0","tintindex":0},"down":{"uv":[2.75,12.75,2.625,13.3125],"texture":"#0","tintindex":0}}},{"from":[6.28926,14.842239,8.78498],"to":[10.60176,16.567242,10.50998],"rotation":{"origin":[8.0,10.317871,7.07423],"axis":"y","angle":45.0},"faces":{"east":{"uv":[4.5,13.6875,4.625,13.8125],"texture":"#0","tintindex":0},"south":{"uv":[5.3125,13.25,5.625,13.375],"texture":"#0","tintindex":0},"north":{"uv":[5.3125,13.125,5.625,13.25],"texture":"#0","tintindex":0},"west":{"uv":[5.5625,13.6875,5.6875,13.8125],"texture":"#0","tintindex":0},"up":{"uv":[5.6875,9.125,5.375,9.0],"texture":"#0","tintindex":0},"down":{"uv":[5.6875,9.125,5.375,9.25],"texture":"#0","tintindex":0}}},{"from":[4.55,6.839281,3.06181],"to":[11.45,13.739281,9.09931],"rotation":{"origin":[8.0,10.317871,7.07423],"axis":"x","angle":-22.5},"faces":{"east":{"uv":[0.375,9.5,0.8125,10.0],"texture":"#0","tintindex":0},"south":{"uv":[1.125,9.0,1.625,9.5],"texture":"#0","tintindex":0},"north":{"uv":[0.625,9.0,1.125,9.5],"texture":"#0","tintindex":0},"west":{"uv":[0.8125,9.5,1.25,10.0],"texture":"#0","tintindex":0},"up":{"uv":[1.75,9.9375,1.25,9.5],"texture":"#0","tintindex":0},"down":{"uv":[2.125,8.0,1.625,8.4375],"texture":"#0","tintindex":0}}}],"textures":{"particle":"#0","0":"modelengine:50377e4e-e5d7-4d52-9264-62c64b9595cc"}}