{"display":{"head":{},"firstperson_righthand":{},"thirdperson_lefthand":{},"firstperson_lefthand":{},"fixed":{},"ground":{},"thirdperson_righthand":{},"gui":{"rotation":[-150.0,-45.0,180.0]}},"elements":[{"from":[-0.21401787,6.3634496,7.3333335],"to":[3.7859826,7.696783,8.666667],"faces":{"east":{"uv":[7.125,1.0,7.375,1.25],"texture":"#2","tintindex":0},"south":{"uv":[1.5,7.0,3.0,7.25],"texture":"#2","tintindex":0},"north":{"uv":[0.0,7.0,1.5,7.25],"texture":"#2","tintindex":0},"west":{"uv":[7.125,1.25,7.375,1.5],"texture":"#2","tintindex":0},"up":{"uv":[4.5,7.25,3.0,7.0],"texture":"#2","tintindex":0},"down":{"uv":[6.0,7.0,4.5,7.25],"texture":"#2","tintindex":0}}},{"from":[16.785984,5.696783,6.6666665],"to":[29.785986,8.36345,9.333333],"faces":{"east":{"uv":[7.0,4.5,7.5,5.0],"texture":"#2","tintindex":0},"south":{"uv":[2.25,0.5,7.125,1.0],"texture":"#2","tintindex":0},"north":{"uv":[7.125,0.0,2.25,0.5],"texture":"#2","tintindex":0},"west":{"uv":[7.0,5.0,7.5,5.5],"texture":"#2","tintindex":0},"up":{"uv":[7.125,1.5,2.25,1.0],"texture":"#2","tintindex":0},"down":{"uv":[7.125,1.5,2.25,2.0],"texture":"#2","tintindex":0}}},{"from":[3.7859826,5.696783,6.6666665],"to":[16.785984,8.36345,9.333333],"faces":{"east":{"uv":[7.0,5.5,7.5,6.0],"texture":"#2","tintindex":0},"south":{"uv":[2.25,2.5,7.125,3.0],"texture":"#2","tintindex":0},"north":{"uv":[7.125,2.0,2.25,2.5],"texture":"#2","tintindex":0},"west":{"uv":[6.0,7.0,6.5,7.5],"texture":"#2","tintindex":0},"up":{"uv":[7.125,3.5,2.25,3.0],"texture":"#2","tintindex":0},"down":{"uv":[7.125,3.5,2.25,4.0],"texture":"#2","tintindex":0}}},{"from":[6.7856493,1.0294495,1.9993334],"to":[6.786316,13.030784,14.000667],"rotation":{"origin":[6.7859826,7.0301166,8.0],"axis":"x","angle":22.5},"faces":{"east":{"uv":[0.0,0.0,2.25,2.25],"texture":"#2","tintindex":0},"west":{"uv":[2.25,0.0,0.0,2.25],"texture":"#2","tintindex":0}}},{"from":[3.7856493,1.0294495,1.9993334],"to":[3.786316,13.030784,14.000667],"rotation":{"origin":[3.7859826,7.0301166,8.0],"axis":"x","angle":-22.5},"faces":{"east":{"uv":[0.0,0.0,2.25,2.25],"texture":"#2","tintindex":0},"west":{"uv":[2.25,0.0,0.0,2.25],"texture":"#2","tintindex":0}}}],"textures":{"particle":"#2","2":"modelengine:da056483-9974-438d-ad3f-343d11183431"}}