{"display":{"head":{},"firstperson_righthand":{},"thirdperson_lefthand":{},"firstperson_lefthand":{},"fixed":{},"ground":{},"thirdperson_righthand":{},"gui":{"rotation":[-150.0,-45.0,180.0]}},"elements":[{"from":[7.25,2.0,7.25],"to":[8.75,3.5,8.75],"faces":{"east":{"uv":[5.8125,9.125,5.9375,9.25],"texture":"#0","tintindex":0},"south":{"uv":[5.8125,9.5,5.9375,9.625],"texture":"#0","tintindex":0},"north":{"uv":[0.75,13.8125,0.875,13.9375],"texture":"#0","tintindex":0},"west":{"uv":[5.8125,9.625,5.9375,9.75],"texture":"#0","tintindex":0},"up":{"uv":[5.9375,9.875,5.8125,9.75],"texture":"#0","tintindex":0},"down":{"uv":[2.4375,13.8125,2.3125,13.9375],"texture":"#0","tintindex":0}}},{"from":[6.875,3.5,6.875],"to":[9.125,10.25,9.125],"faces":{"east":{"uv":[0.5625,11.8125,0.75,12.375],"texture":"#0","tintindex":0},"south":{"uv":[1.0,11.8125,1.1875,12.375],"texture":"#0","tintindex":0},"north":{"uv":[0.375,11.8125,0.5625,12.375],"texture":"#0","tintindex":0},"west":{"uv":[1.1875,11.8125,1.375,12.375],"texture":"#0","tintindex":0},"up":{"uv":[5.625,13.0,5.4375,12.8125],"texture":"#0","tintindex":0},"down":{"uv":[5.625,13.375,5.4375,13.5625],"texture":"#0","tintindex":0}}}],"textures":{"particle":"#0","0":"modelengine:50377e4e-e5d7-4d52-9264-62c64b9595cc"}}