{"display":{"head":{},"firstperson_righthand":{},"thirdperson_lefthand":{},"firstperson_lefthand":{},"fixed":{},"ground":{},"thirdperson_righthand":{},"gui":{"rotation":[-150.0,-45.0,180.0]}},"elements":[{"from":[6.21293,6.1372604,6.3342996],"to":[9.962931,9.13726,9.3343],"rotation":{"origin":[9.400431,6.8872604,7.8342996],"axis":"z","angle":-22.5},"faces":{"east":{"uv":[2.0,13.0,2.25,13.25],"texture":"#0","tintindex":0},"south":{"uv":[3.875,12.6875,4.1875,12.9375],"texture":"#0","tintindex":0},"north":{"uv":[4.6875,11.0,5.0,11.25],"texture":"#0","tintindex":0},"west":{"uv":[5.0,10.5,5.25,10.75],"texture":"#0","tintindex":0},"up":{"uv":[2.0625,13.0,1.75,12.75],"texture":"#0","tintindex":0},"down":{"uv":[4.9375,12.75,4.625,13.0],"texture":"#0","tintindex":0}}}],"textures":{"particle":"#0","0":"modelengine:50377e4e-e5d7-4d52-9264-62c64b9595cc"}}