{"display":{"head":{},"firstperson_righthand":{},"thirdperson_lefthand":{},"firstperson_lefthand":{},"fixed":{},"ground":{},"thirdperson_righthand":{},"gui":{"rotation":[-150.0,-45.0,180.0]}},"elements":[{"from":[7.50484,-1.0514698,6.875],"to":[8.25484,1.1985302,9.125],"rotation":{"origin":[8.18231,0.8389807,8.0],"axis":"z","angle":45.0},"faces":{"east":{"uv":[5.4375,12.625,5.625,12.8125],"texture":"#0","tintindex":0},"south":{"uv":[2.25,11.3125,2.3125,11.5],"texture":"#0","tintindex":0},"north":{"uv":[3.25,9.25,3.3125,9.4375],"texture":"#0","tintindex":0},"west":{"uv":[4.75,13.4375,4.9375,13.625],"texture":"#0","tintindex":0},"up":{"uv":[3.5625,9.25,3.5,9.0625],"texture":"#0","tintindex":0},"down":{"uv":[1.8125,11.6875,1.75,11.875],"texture":"#0","tintindex":0}}},{"from":[7.41882,0.9119005,6.875],"to":[8.168819,2.41191,9.125],"rotation":{"origin":[8.18231,0.8389807,8.0],"axis":"z","angle":22.5},"faces":{"east":{"uv":[5.6875,9.3125,5.875,9.4375],"texture":"#0","tintindex":0},"south":{"uv":[0.75,12.0,0.8125,12.125],"texture":"#0","tintindex":0},"north":{"uv":[1.6875,10.5,1.75,10.625],"texture":"#0","tintindex":0},"west":{"uv":[5.6875,9.875,5.875,10.0],"texture":"#0","tintindex":0},"up":{"uv":[1.75,10.5,1.6875,10.3125],"texture":"#0","tintindex":0},"down":{"uv":[2.3125,11.125,2.25,11.3125],"texture":"#0","tintindex":0}}},{"from":[6.8749995,2.0,7.25],"to":[8.375,5.75,8.75],"faces":{"east":{"uv":[1.5,12.5,1.625,12.8125],"texture":"#0","tintindex":0},"south":{"uv":[2.9375,13.3125,3.0625,13.625],"texture":"#0","tintindex":0},"north":{"uv":[1.375,11.8125,1.5,12.125],"texture":"#0","tintindex":0},"west":{"uv":[5.375,10.125,5.5,10.4375],"texture":"#0","tintindex":0},"up":{"uv":[0.625,13.9375,0.5,13.8125],"texture":"#0","tintindex":0},"down":{"uv":[0.75,13.8125,0.625,13.9375],"texture":"#0","tintindex":0}}},{"from":[7.625,0.5,6.125],"to":[8.375,2.0,6.875],"rotation":{"origin":[8.375,0.875,6.5],"axis":"x","angle":22.5},"faces":{"east":{"uv":[0.3125,12.0625,0.375,12.1875],"texture":"#0","tintindex":0},"south":{"uv":[2.875,12.0625,2.9375,12.1875],"texture":"#0","tintindex":0},"north":{"uv":[3.625,12.0,3.6875,12.125],"texture":"#0","tintindex":0},"west":{"uv":[4.1875,8.5625,4.25,8.6875],"texture":"#0","tintindex":0},"up":{"uv":[2.875,9.1875,2.8125,9.125],"texture":"#0","tintindex":0},"down":{"uv":[3.3125,9.4375,3.25,9.5],"texture":"#0","tintindex":0}}},{"from":[6.4999995,5.75,6.5],"to":[9.5,8.0,9.5],"faces":{"east":{"uv":[2.0625,13.25,2.3125,13.4375],"texture":"#0","tintindex":0},"south":{"uv":[2.3125,13.25,2.5625,13.4375],"texture":"#0","tintindex":0},"north":{"uv":[1.8125,13.25,2.0625,13.4375],"texture":"#0","tintindex":0},"west":{"uv":[5.25,10.5,5.5,10.6875],"texture":"#0","tintindex":0},"up":{"uv":[1.1875,13.25,0.9375,13.0],"texture":"#0","tintindex":0},"down":{"uv":[2.0,13.0,1.75,13.25],"texture":"#0","tintindex":0}}}],"textures":{"particle":"#0","0":"modelengine:50377e4e-e5d7-4d52-9264-62c64b9595cc"}}