{"display":{"head":{},"firstperson_righthand":{},"thirdperson_lefthand":{},"firstperson_lefthand":{},"fixed":{},"ground":{},"thirdperson_righthand":{},"gui":{"rotation":[-150.0,-45.0,180.0]}},"elements":[{"from":[6.77067,2.9341998,8.11205],"to":[9.39567,4.8092,10.73705],"rotation":{"origin":[8.08317,3.8716998,9.38705],"axis":"y","angle":45.0},"faces":{"east":{"uv":[1.1875,13.3125,1.4375,13.5],"texture":"#0","tintindex":0},"south":{"uv":[5.5,10.875,5.6875,11.0625],"texture":"#0","tintindex":0},"north":{"uv":[5.5,10.6875,5.6875,10.875],"texture":"#0","tintindex":0},"west":{"uv":[5.3125,9.75,5.5625,9.9375],"texture":"#0","tintindex":0},"up":{"uv":[2.75,13.5625,2.5625,13.3125],"texture":"#0","tintindex":0},"down":{"uv":[2.9375,13.3125,2.75,13.5625],"texture":"#0","tintindex":0}}},{"from":[6.58317,-0.8158102,9.04955],"to":[8.45817,-0.0658102,10.92455],"rotation":{"origin":[8.08317,-1.8470497,9.38705],"axis":"y","angle":45.0},"faces":{"east":{"uv":[4.3125,11.4375,4.5,11.5],"texture":"#0","tintindex":0},"south":{"uv":[5.375,9.6875,5.5,9.75],"texture":"#0","tintindex":0},"north":{"uv":[5.3125,9.9375,5.4375,10.0],"texture":"#0","tintindex":0},"west":{"uv":[3.125,12.75,3.3125,12.8125],"texture":"#0","tintindex":0},"up":{"uv":[4.375,13.875,4.25,13.6875],"texture":"#0","tintindex":0},"down":{"uv":[4.5,13.6875,4.375,13.875],"texture":"#0","tintindex":0}}},{"from":[6.58317,0.6841898,9.04955],"to":[8.45817,2.1841898,10.92455],"rotation":{"origin":[8.08317,-1.8470497,9.38705],"axis":"y","angle":45.0},"faces":{"east":{"uv":[5.6875,10.6875,5.875,10.8125],"texture":"#0","tintindex":0},"south":{"uv":[5.875,8.75,6.0,8.875],"texture":"#0","tintindex":0},"north":{"uv":[5.875,8.625,6.0,8.75],"texture":"#0","tintindex":0},"west":{"uv":[5.6875,10.8125,5.875,10.9375],"texture":"#0","tintindex":0},"up":{"uv":[5.8125,11.125,5.6875,10.9375],"texture":"#0","tintindex":0},"down":{"uv":[3.375,13.6875,3.25,13.875],"texture":"#0","tintindex":0}}},{"from":[7.33317,-10.5658,8.67455],"to":[8.83317,-1.5657997,10.17455],"rotation":{"origin":[8.08317,-1.8470497,9.38705],"axis":"y","angle":45.0},"faces":{"east":{"uv":[4.3125,10.6875,4.4375,11.4375],"texture":"#0","tintindex":0},"south":{"uv":[2.875,12.3125,3.0,13.0625],"texture":"#0","tintindex":0},"north":{"uv":[2.125,12.25,2.25,13.0],"texture":"#0","tintindex":0},"west":{"uv":[3.0,12.3125,3.125,13.0625],"texture":"#0","tintindex":0},"up":{"uv":[6.0,8.5,5.875,8.375],"texture":"#0","tintindex":0},"down":{"uv":[6.0,8.5,5.875,8.625],"texture":"#0","tintindex":0}}},{"from":[6.01001,4.7746296,7.3986797],"to":[10.13501,7.7746296,11.52367],"rotation":{"origin":[8.07251,6.2746296,9.46118],"axis":"y","angle":-45.0},"faces":{"east":{"uv":[4.8125,10.125,5.125,10.375],"texture":"#0","tintindex":0},"south":{"uv":[4.25,11.75,4.625,12.0],"texture":"#0","tintindex":0},"north":{"uv":[4.125,11.5,4.5,11.75],"texture":"#0","tintindex":0},"west":{"uv":[3.125,12.8125,3.4375,13.0625],"texture":"#0","tintindex":0},"up":{"uv":[3.6875,11.8125,3.3125,11.5],"texture":"#0","tintindex":0},"down":{"uv":[0.375,11.5625,0.0,11.875],"texture":"#0","tintindex":0}}},{"from":[6.95817,-1.5657997,8.29955],"to":[9.20817,2.9341998,10.54955],"rotation":{"origin":[8.08317,-1.8470497,9.38705],"axis":"y","angle":45.0},"faces":{"east":{"uv":[0.0,12.9375,0.1875,13.3125],"texture":"#0","tintindex":0},"south":{"uv":[3.8125,12.9375,4.0,13.3125],"texture":"#0","tintindex":0},"north":{"uv":[4.875,11.875,5.0625,12.25],"texture":"#0","tintindex":0},"west":{"uv":[4.0,12.9375,4.1875,13.3125],"texture":"#0","tintindex":0},"up":{"uv":[5.6875,11.25,5.5,11.0625],"texture":"#0","tintindex":0},"down":{"uv":[4.6875,13.5,4.5,13.6875],"texture":"#0","tintindex":0}}}],"textures":{"particle":"#0","0":"modelengine:50377e4e-e5d7-4d52-9264-62c64b9595cc"}}