{"display":{"head":{},"firstperson_righthand":{},"thirdperson_lefthand":{},"firstperson_lefthand":{},"fixed":{},"ground":{},"thirdperson_righthand":{},"gui":{"rotation":[-150.0,-45.0,180.0]}},"elements":[{"from":[7.25,2.0,7.25],"to":[8.75,3.5,8.75],"faces":{"east":{"uv":[5.75,13.4375,5.875,13.5625],"texture":"#0","tintindex":0},"south":{"uv":[5.75,13.5625,5.875,13.6875],"texture":"#0","tintindex":0},"north":{"uv":[5.4375,13.75,5.5625,13.875],"texture":"#0","tintindex":0},"west":{"uv":[5.6875,13.75,5.8125,13.875],"texture":"#0","tintindex":0},"up":{"uv":[0.125,13.9375,0.0,13.8125],"texture":"#0","tintindex":0},"down":{"uv":[0.5,13.8125,0.375,13.9375],"texture":"#0","tintindex":0}}},{"from":[6.8749995,3.5,6.875],"to":[9.125,10.25,9.125],"faces":{"east":{"uv":[2.9375,11.75,3.125,12.3125],"texture":"#0","tintindex":0},"south":{"uv":[3.125,11.75,3.3125,12.3125],"texture":"#0","tintindex":0},"north":{"uv":[0.8125,11.5625,1.0,12.125],"texture":"#0","tintindex":0},"west":{"uv":[3.6875,11.75,3.875,12.3125],"texture":"#0","tintindex":0},"up":{"uv":[5.625,12.1875,5.4375,12.0],"texture":"#0","tintindex":0},"down":{"uv":[5.625,12.4375,5.4375,12.625],"texture":"#0","tintindex":0}}}],"textures":{"particle":"#0","0":"modelengine:50377e4e-e5d7-4d52-9264-62c64b9595cc"}}