{"display":{"head":{},"firstperson_righthand":{},"thirdperson_lefthand":{},"firstperson_lefthand":{},"fixed":{},"ground":{},"thirdperson_righthand":{},"gui":{"rotation":[-150.0,-45.0,180.0]}},"elements":[{"from":[7.5,6.5,7.5],"to":[8.5,9.5,8.5],"faces":{"east":{"uv":[7.75,9.75,8.0,10.5],"texture":"#0","tintindex":0},"south":{"uv":[7.0,9.75,7.25,10.5],"texture":"#0","tintindex":0},"north":{"uv":[7.5,9.75,7.75,10.5],"texture":"#0","tintindex":0},"west":{"uv":[7.25,9.75,7.5,10.5],"texture":"#0","tintindex":0},"up":{"uv":[10.75,3.25,10.5,3.0],"texture":"#0","rotation":180,"tintindex":0},"down":{"uv":[10.75,3.25,10.5,3.5],"texture":"#0","rotation":180,"tintindex":0}}}],"textures":{"particle":"#0","0":"modelengine:9546e109-d703-4f3b-a55f-ac4cc63580b1"}}