{"display":{"head":{},"firstperson_righthand":{},"thirdperson_lefthand":{},"firstperson_lefthand":{},"fixed":{},"ground":{},"thirdperson_righthand":{},"gui":{"rotation":[-150.0,-45.0,180.0]}},"elements":[{"from":[7.125,6.75,7.0],"to":[8.875,9.25,9.0],"faces":{"east":{"uv":[5.5,8.0,6.0,8.625],"texture":"#0","tintindex":0},"south":{"uv":[6.5,9.0,6.9375,9.625],"texture":"#0","tintindex":0},"north":{"uv":[9.0,6.25,9.4375,6.875],"texture":"#0","tintindex":0},"west":{"uv":[6.0,8.0,6.5,8.625],"texture":"#0","tintindex":0},"up":{"uv":[3.4375,10.25,3.0,9.75],"texture":"#0","tintindex":0},"down":{"uv":[10.1875,3.0,9.75,3.5],"texture":"#0","tintindex":0}}}],"textures":{"particle":"#0","0":"modelengine:9546e109-d703-4f3b-a55f-ac4cc63580b1"}}