{"display":{"head":{},"firstperson_righthand":{},"thirdperson_lefthand":{},"firstperson_lefthand":{},"fixed":{},"ground":{},"thirdperson_righthand":{},"gui":{"rotation":[-150.0,-45.0,180.0]}},"elements":[{"from":[7.2706003,6.3467197,7.6],"to":[8.2706,9.34672,8.4],"rotation":{"origin":[8.2706,7.3467197,7.5],"axis":"z","angle":-22.5},"faces":{"east":{"uv":[9.75,9.75,10.0,10.5],"texture":"#0","tintindex":0},"south":{"uv":[8.0,9.75,8.25,10.5],"texture":"#0","tintindex":0},"north":{"uv":[9.75,9.0,10.0,9.75],"texture":"#0","tintindex":0},"west":{"uv":[8.25,9.75,8.5,10.5],"texture":"#0","tintindex":0},"up":{"uv":[10.75,3.75,10.5,3.5],"texture":"#0","rotation":180,"tintindex":0},"down":{"uv":[10.75,3.75,10.5,4.0],"texture":"#0","rotation":180,"tintindex":0}}}],"textures":{"particle":"#0","0":"modelengine:9546e109-d703-4f3b-a55f-ac4cc63580b1"}}