{"display":{"head":{},"firstperson_righthand":{},"thirdperson_lefthand":{},"firstperson_lefthand":{},"fixed":{},"ground":{},"thirdperson_righthand":{},"gui":{"rotation":[-150.0,-45.0,180.0]}},"elements":[{"from":[7.1,7.5,6.5],"to":[8.9,8.5,9.5],"faces":{"east":{"uv":[9.75,4.0,10.5,4.25],"texture":"#0","tintindex":0},"south":{"uv":[10.25,2.5,10.6875,2.75],"texture":"#0","tintindex":0},"north":{"uv":[10.25,2.25,10.6875,2.5],"texture":"#0","tintindex":0},"west":{"uv":[9.75,4.25,10.5,4.5],"texture":"#0","tintindex":0},"up":{"uv":[8.4375,3.0,8.0,2.25],"texture":"#0","tintindex":0},"down":{"uv":[8.4375,3.0,8.0,3.75],"texture":"#0","tintindex":0}}}],"textures":{"particle":"#0","0":"modelengine:9546e109-d703-4f3b-a55f-ac4cc63580b1"}}