{"sources":[{"type":"single","resource":"block/dark_oak_planks"},{"type":"single","resource":"item/chainmail_boots"},{"type":"single","resource":"item/chainmail_chestplate"},{"type":"single","resource":"item/chainmail_helmet"},{"type":"single","resource":"item/chainmail_leggings"},{"type":"single","resource":"item/diamond_horse_armor"},{"type":"single","resource":"item/elytra"},{"type":"single","resource":"item/netherite_axe"},{"type":"single","resource":"item/netherite_hoe"},{"type":"single","resource":"item/netherite_pickaxe"},{"type":"single","resource":"item/netherite_shovel"},{"type":"single","resource":"item/netherite_sword"},{"type":"single","resource":"nexo:f1350fc4-2b93-4f02-88a5-41372441b9b5"},{"type":"single","resource":"nexo:f1350fc4-2b93-4f02-88a5-41372441b9b5"},{"type":"single","resource":"nexo:ab40c7ff-a4a1-4bc5-a376-5e5c8b198ccd"},{"type":"single","resource":"nexo:ab40c7ff-a4a1-4bc5-a376-5e5c8b198ccd"},{"type":"single","resource":"nexo:651ead4c-edc6-4c77-b1d7-c2c8fb87cc95"},{"type":"single","resource":"nexo:651ead4c-edc6-4c77-b1d7-c2c8fb87cc95"},{"type":"single","resource":"nexo:de7df7f5-5a9d-4eb7-b129-8a01abf2de18"},{"type":"single","resource":"nexo:ec99f9a8-3c5b-4475-b461-1817e80b6678"},{"type":"single","resource":"nexo:ec99f9a8-3c5b-4475-b461-1817e80b6678"},{"type":"single","resource":"nexo:d23bfaf7-31b8-4075-b7f5-9e70d07ffe86"},{"type":"single","resource":"nexo:d23bfaf7-31b8-4075-b7f5-9e70d07ffe86"},{"type":"single","resource":"nexo:1ec0ab28-ae47-466a-890d-11fd6039f067"},{"type":"single","resource":"nexo:1ec0ab28-ae47-466a-890d-11fd6039f067"},{"type":"single","resource":"nexo:99893a78-3273-4ab6-873a-03d589bab373"},{"type":"single","resource":"nexo:99893a78-3273-4ab6-873a-03d589bab373"},{"type":"single","resource":"nexo:33c9b09e-d094-4034-bdfa-5c14c0a7faef"},{"type":"single","resource":"nexo:31e0b9c0-ad74-414f-8801-c981567f8598"},{"type":"single","resource":"nexo:5b03aae8-5b83-4e5d-aa97-ce76820e3597"},{"type":"single","resource":"nexo:5da83777-4f1f-4e5f-9188-b164b2557fa0"},{"type":"single","resource":"nexo:981d553f-1664-4499-919e-df349c04e4b3"},{"type":"single","resource":"nexo:981d553f-1664-4499-919e-df349c04e4b3"},{"type":"single","resource":"nexo:58acb7fd-e251-441c-88c9-c0dcb6e807f5"},{"type":"single","resource":"nexo:58acb7fd-e251-441c-88c9-c0dcb6e807f5"},{"type":"single","resource":"nexo:e72efd80-1672-46b2-89e5-66821812ccbb"},{"type":"single","resource":"nexo:b5862efb-9f06-468d-a858-3dc9e56ba2e8"},{"type":"single","resource":"nexo:5fc52e28-ba05-4e54-b224-9663c854c249"},{"type":"single","resource":"nexo:5fc52e28-ba05-4e54-b224-9663c854c249"},{"type":"single","resource":"nexo:71cacc84-19aa-40fa-9690-f1fdec608e66"},{"type":"single","resource":"nexo:71cacc84-19aa-40fa-9690-f1fdec608e66"},{"type":"single","resource":"nexo:71cacc84-19aa-40fa-9690-f1fdec608e66"},{"type":"single","resource":"nexo:b38a7547-732d-458f-9b60-fe95b27c46b0"},{"type":"single","resource":"nexo:4ebfa069-5f9a-4a34-b1a8-e58870e7c19f"},{"type":"single","resource":"nexo:52a90872-24cf-49c4-94d5-62387d98dc29"},{"type":"single","resource":"nexo:5597bba6-2522-4708-bb55-d2f68e59bd21"},{"type":"single","resource":"nexo:e0b17496-156d-40cd-bf97-1d4aef927552"},{"type":"single","resource":"nexo:2241efed-dc33-4fce-9e4b-59160ec1286c"},{"type":"single","resource":"nexo:b565fe3e-cf46-4bb4-b6cc-3bef36cb2891"},{"type":"single","resource":"nexo:b565fe3e-cf46-4bb4-b6cc-3bef36cb2891"},{"type":"single","resource":"nexo:9e5ad739-5520-4f34-af26-22928d189c30"},{"type":"single","resource":"nexo:db9eede3-c9b2-4c8a-9d6b-13cb7ea5a23a"},{"type":"single","resource":"nexo:64a47e5d-8074-4e77-ae56-96110a4d2d12"},{"type":"single","resource":"nexo:c78cbd82-67a7-418a-a482-a85c19ca82bc"},{"type":"single","resource":"nexo:c78cbd82-67a7-418a-a482-a85c19ca82bc"},{"type":"single","resource":"nexo:2207bc2b-927e-4cd4-8e25-00439805ea7d"},{"type":"single","resource":"nexo:2207bc2b-927e-4cd4-8e25-00439805ea7d"},{"type":"single","resource":"nexo:42cd3715-ccf5-457d-b9bf-16f537eb6d57"},{"type":"single","resource":"nexo:42cd3715-ccf5-457d-b9bf-16f537eb6d57"},{"type":"single","resource":"nexo:a07b8187-bc43-42e3-88e4-b8983f8754ea"},{"type":"single","resource":"nexo:48534319-acdd-4ac5-9ce9-4b25dae5b935"},{"type":"single","resource":"nexo:ab41fafa-231d-4dd8-9cb5-38650ffeb953"},{"type":"single","resource":"nexo:ab41fafa-231d-4dd8-9cb5-38650ffeb953"},{"type":"single","resource":"nexo:9325484f-d7eb-4fde-b81e-041c9cfec5f9"},{"type":"single","resource":"nexo:c43c0c76-8b05-4358-ab36-a9c7ea50cfe1"},{"type":"single","resource":"nexo:f45d4a1b-09f8-438c-811f-87ed83a10e4c"},{"type":"single","resource":"nexo:f45d4a1b-09f8-438c-811f-87ed83a10e4c"},{"type":"single","resource":"item/paper"},{"type":"single","resource":"item/trident"},{"type":"single","resource":"item/wolf_armor"},{"type":"single","resource":"116acf20-2c73-4efc-abae-70c47fe5b96b"},{"type":"single","resource":"116acf20-2c73-4efc-abae-70c47fe5b96b"},{"type":"single","resource":"e08e46db-e42c-42fd-8b8a-9f2826646beb"},{"type":"single","resource":"e08e46db-e42c-42fd-8b8a-9f2826646beb"},{"type":"single","resource":"0504be78-4eed-474e-b246-d43a83628c64"},{"type":"single","resource":"0504be78-4eed-474e-b246-d43a83628c64"},{"type":"single","resource":"1d51db31-ad3b-47eb-a9c7-03aa1bac9a99"},{"type":"single","resource":"1d51db31-ad3b-47eb-a9c7-03aa1bac9a99"},{"type":"single","resource":"024b0117-c331-4f22-8fcb-a49a1419b368"},{"type":"single","resource":"024b0117-c331-4f22-8fcb-a49a1419b368"},{"type":"single","resource":"da606264-c439-43b3-bcb1-ac49dfb1772e"},{"type":"single","resource":"da606264-c439-43b3-bcb1-ac49dfb1772e"},{"type":"single","resource":"e871fa51-f796-4b1e-9a80-2e32f1c88236"},{"type":"single","resource":"e871fa51-f796-4b1e-9a80-2e32f1c88236"}]}