{
	"format_version": "1.8.0",
	"animations": {
		"attack": {
			"animation_length": 4.25,
			"bones": {
				"HAND": {
					"rotation": {
						"0.0": [0, 0, 0],
						"0.25": [-10, 0, 0],
						"0.5": [-20, 0, 0],
						"0.75": [-30, 0, 0],
						"1.0": [-40, 0, 0],
						"1.25": [-50, 0, 0],
						"1.5": [-60, 0, 0],
						"1.75": [-70, 0, 0],
						"2.0": [-80, 0, 0],
						"2.25": [-90, 0, 0],
						"2.5": [-70, 0, 0],
						"2.75": [-60, 0, 0],
						"3.0": [-50, 0, 0],
						"3.25": [-40, 0, 0],
						"3.5": [-30, 0, 0],
						"3.75": [-20, 0, 0],
						"4.0": [-10, 0, 0],
						"4.25": [0, 0, 0]
					}
				}
			}
		}
	}
}