{"textures":{"0":"modelengine:entity/robot","particle":"#0"},"elements":[{"from":[3.0,13.0,2.0],"to":[13.0,23.0,13.0],"faces":{"east":{"uv":[0.0,0.0,3.6666667,3.3333335],"tintindex":0,"rotation":0,"texture":"#0"},"south":{"uv":[7.0,0.0,10.333334,3.3333335],"tintindex":0,"rotation":0,"texture":"#0"},"north":{"uv":[0.0,6.666667,3.3333335,10.0],"tintindex":0,"rotation":0,"texture":"#0"},"west":{"uv":[0.0,3.3333335,3.6666667,6.666667],"tintindex":0,"rotation":0,"texture":"#0"},"up":{"uv":[7.0,3.6666667,3.6666667,0.0],"tintindex":0,"rotation":0,"texture":"#0"},"down":{"uv":[7.0,3.6666667,3.6666667,7.3333335],"tintindex":0,"rotation":0,"texture":"#0"}}},{"from":[3.0,3.0,7.0],"to":[13.0,13.0,10.0],"faces":{"east":{"uv":[3.3333335,7.3333335,4.3333335,10.666667],"tintindex":0,"rotation":0,"texture":"#0"},"south":{"uv":[7.0,6.666667,10.333334,10.0],"tintindex":0,"rotation":0,"texture":"#0"},"north":{"uv":[7.0,3.3333335,10.333334,6.666667],"tintindex":0,"rotation":0,"texture":"#0"},"west":{"uv":[4.3333335,7.3333335,5.3333335,10.666667],"tintindex":0,"rotation":0,"texture":"#0"},"up":{"uv":[3.3333335,11.0,0.0,10.0],"tintindex":0,"rotation":0,"texture":"#0"},"down":{"uv":[8.666667,10.0,5.3333335,11.0],"tintindex":0,"rotation":0,"texture":"#0"}}}],"display":{"head":{"rotation":[0.0,0.0,0.0]},"firstperson_righthand":{"rotation":[0.0,0.0,0.0]},"thirdperson_lefthand":{"rotation":[0.0,-0.0,-0.0]},"firstperson_lefthand":{"rotation":[0.0,-0.0,-0.0]},"fixed":{"rotation":[0.0,0.0,0.0]},"ground":{"rotation":[0.0,0.0,0.0]},"thirdperson_righthand":{"rotation":[0.0,0.0,0.0]},"gui":{"rotation":[-150.0,-45.0,180.0]}}}