{"textures":{"0":"modelengine:entity/robot","particle":"#0"},"elements":[{"from":[10.0,6.5,5.0],"to":[13.0,9.5,11.0],"faces":{"east":{"uv":[8.666667,10.0,10.666667,11.0],"tintindex":0,"rotation":0,"texture":"#0"},"south":{"uv":[3.3333335,10.666667,4.3333335,11.666667],"tintindex":0,"rotation":0,"texture":"#0"},"north":{"uv":[10.333334,9.0,11.333334,10.0],"tintindex":0,"rotation":0,"texture":"#0"},"west":{"uv":[10.333334,0.0,12.333334,1.0],"tintindex":0,"rotation":0,"texture":"#0"},"up":{"uv":[6.3333335,9.333334,5.3333335,7.3333335],"tintindex":0,"rotation":0,"texture":"#0"},"down":{"uv":[11.333334,1.0,10.333334,3.0],"tintindex":0,"rotation":0,"texture":"#0"}}},{"from":[3.0,6.5,5.0],"to":[6.0,9.5,11.0],"faces":{"east":{"uv":[10.333334,3.0,12.333334,4.0],"tintindex":0,"rotation":0,"texture":"#0"},"south":{"uv":[10.666667,10.0,11.666667,11.0],"tintindex":0,"rotation":0,"texture":"#0"},"north":{"uv":[4.3333335,10.666667,5.3333335,11.666667],"tintindex":0,"rotation":0,"texture":"#0"},"west":{"uv":[10.333334,4.0,12.333334,5.0],"tintindex":0,"rotation":0,"texture":"#0"},"up":{"uv":[11.333334,7.0,10.333334,5.0],"tintindex":0,"rotation":0,"texture":"#0"},"down":{"uv":[11.333334,7.0,10.333334,9.0],"tintindex":0,"rotation":0,"texture":"#0"}}}],"display":{"head":{"rotation":[0.0,0.0,0.0]},"firstperson_righthand":{"rotation":[0.0,0.0,0.0]},"thirdperson_lefthand":{"rotation":[0.0,-0.0,-0.0]},"firstperson_lefthand":{"rotation":[0.0,-0.0,-0.0]},"fixed":{"rotation":[0.0,0.0,0.0]},"ground":{"rotation":[0.0,0.0,0.0]},"thirdperson_righthand":{"rotation":[0.0,0.0,0.0]},"gui":{"rotation":[-150.0,-45.0,180.0]}}}