{"display":{"head":{"rotation":[-0.0,20.0,-0.0]},"firstperson_righthand":{"rotation":[-0.0,20.0,-0.0]},"thirdperson_lefthand":{"rotation":[-0.0,-20.0,0.0]},"firstperson_lefthand":{"rotation":[-0.0,-20.0,0.0]},"fixed":{"rotation":[-0.0,20.0,-0.0]},"ground":{"rotation":[-0.0,20.0,-0.0]},"thirdperson_righthand":{"rotation":[-0.0,20.0,-0.0]},"gui":{"rotation":[-150.0,-65.0,180.0]}},"elements":[{"from":[8.054511,7.75,7.5572295],"to":[8.304511,8.25,7.8072295],"faces":{"east":{"uv":[10.5,6.25,10.5625,6.375],"texture":"#0","tintindex":0},"south":{"uv":[6.5,10.5,6.5625,10.625],"texture":"#0","tintindex":0},"north":{"uv":[6.25,10.5,6.3125,10.625],"texture":"#0","tintindex":0},"west":{"uv":[10.5,6.5,10.5625,6.625],"texture":"#0","tintindex":0},"up":{"uv":[10.5625,10.5625,10.5,10.5],"texture":"#0","tintindex":0},"down":{"uv":[0.0625,10.75,0.0,10.8125],"texture":"#0","tintindex":0}}}],"textures":{"particle":"#0","0":"modelengine:9546e109-d703-4f3b-a55f-ac4cc63580b1"}}