{"display":{"head":{"rotation":[5.0,0.0,-0.0]},"firstperson_righthand":{"rotation":[5.0,0.0,-0.0]},"thirdperson_lefthand":{"rotation":[5.0,-0.0,0.0]},"firstperson_lefthand":{"rotation":[5.0,-0.0,0.0]},"fixed":{"rotation":[5.0,0.0,-0.0]},"ground":{"rotation":[5.0,0.0,-0.0]},"thirdperson_righthand":{"rotation":[5.0,0.0,-0.0]},"gui":{"rotation":[-157.05322,-44.782387,175.01894]}},"elements":[{"from":[7.5,11.999997,5.0000005],"to":[8.5,14.999997,6.100001],"faces":{"east":{"uv":[0.5,0.5,0.75,1.25],"texture":"#0","tintindex":0},"south":{"uv":[1.25,0.5,1.5,1.25],"texture":"#0","tintindex":0},"north":{"uv":[0.75,0.5,1.0,1.25],"texture":"#0","tintindex":0},"west":{"uv":[1.0,0.5,1.25,1.25],"texture":"#0","tintindex":0},"up":{"uv":[1.0,0.5,0.75,0.25],"texture":"#0","tintindex":0},"down":{"uv":[1.25,0.25,1.0,0.5],"texture":"#0","tintindex":0}}}],"textures":{"particle":"#0","0":"modelengine:77d284c8-c4d4-4311-b549-7b09f9d0266a"}}