{"display":{"head":{},"firstperson_righthand":{},"thirdperson_lefthand":{},"firstperson_lefthand":{},"fixed":{},"ground":{},"thirdperson_righthand":{},"gui":{"rotation":[-150.0,-45.0,180.0]}},"elements":[{"from":[7.0,1.0,7.0],"to":[9.0,9.0,9.0],"faces":{"east":{"uv":[11.0,6.0,11.5,8.0],"texture":"#0","tintindex":0},"south":{"uv":[11.0,10.5,11.5,12.5],"texture":"#0","tintindex":0},"north":{"uv":[11.0,4.0,11.5,6.0],"texture":"#0","tintindex":0},"west":{"uv":[11.5,4.0,12.0,6.0],"texture":"#0","tintindex":0},"up":{"uv":[13.5,3.5,13.0,3.0],"texture":"#0","tintindex":0},"down":{"uv":[13.5,3.5,13.0,4.0],"texture":"#0","tintindex":0}}}],"textures":{"particle":"#0","0":"modelengine:575e8bc1-4ca5-443e-be44-288cfa4f0263"}}