{"display":{"head":{},"firstperson_righthand":{},"thirdperson_lefthand":{},"firstperson_lefthand":{},"fixed":{},"ground":{},"thirdperson_righthand":{},"gui":{"rotation":[-150.0,-45.0,180.0]}},"elements":[{"from":[6.997,0.997,7.997],"to":[9.003,8.003,10.003],"faces":{"east":{"uv":[0.5,12.0,1.0,13.75],"texture":"#0","tintindex":0},"south":{"uv":[1.0,12.0,1.5,13.75],"texture":"#0","tintindex":0},"north":{"uv":[12.0,0.0,12.5,1.75],"texture":"#0","tintindex":0},"west":{"uv":[1.5,12.0,2.0,13.75],"texture":"#0","tintindex":0},"up":{"uv":[13.5,4.5,13.0,4.0],"texture":"#0","tintindex":0},"down":{"uv":[13.5,4.5,13.0,5.0],"texture":"#0","tintindex":0}}}],"textures":{"particle":"#0","0":"modelengine:575e8bc1-4ca5-443e-be44-288cfa4f0263"}}