{"textures":{"0":"modelengine:entity/duck44","particle":"#0"},"elements":[{"from":[9.7,9.0,8.0],"to":[11.0,10.3,9.0],"faces":{"east":{"uv":[14.75,11.75,15.0,12.0],"tintindex":0,"rotation":0,"texture":"#0"},"south":{"uv":[12.0,14.75,12.25,15.0],"tintindex":0,"rotation":0,"texture":"#0"},"north":{"uv":[11.75,14.75,12.0,15.0],"tintindex":0,"rotation":0,"texture":"#0"},"west":{"uv":[12.25,14.75,12.5,15.0],"tintindex":0,"rotation":0,"texture":"#0"},"up":{"uv":[12.75,15.0,12.5,14.75],"tintindex":0,"rotation":0,"texture":"#0"},"down":{"uv":[15.0,12.5,14.75,12.75],"tintindex":0,"rotation":0,"texture":"#0"}},"rotation":{"origin":[9.8,9.0,8.0],"angle":-45.0,"axis":"z"}},{"from":[7.0,8.0,8.0],"to":[9.0,10.0,9.0],"faces":{"east":{"uv":[14.75,1.75,15.0,2.25],"tintindex":0,"rotation":0,"texture":"#0"},"south":{"uv":[5.0,13.5,5.5,14.0],"tintindex":0,"rotation":0,"texture":"#0"},"north":{"uv":[13.5,4.75,14.0,5.25],"tintindex":0,"rotation":0,"texture":"#0"},"west":{"uv":[2.0,14.75,2.25,15.25],"tintindex":0,"rotation":0,"texture":"#0"},"up":{"uv":[2.75,15.0,2.25,14.75],"tintindex":0,"rotation":0,"texture":"#0"},"down":{"uv":[15.25,2.5,14.75,2.75],"tintindex":0,"rotation":0,"texture":"#0"}},"rotation":{"origin":[8.0,8.0,8.0],"angle":-45.0,"axis":"z"}},{"from":[10.9,8.1,8.0],"to":[12.9,10.1,9.0],"faces":{"east":{"uv":[0.5,14.75,0.75,15.25],"tintindex":0,"rotation":0,"texture":"#0"},"south":{"uv":[4.5,13.5,5.0,14.0],"tintindex":0,"rotation":0,"texture":"#0"},"north":{"uv":[4.0,13.5,4.5,14.0],"tintindex":0,"rotation":0,"texture":"#0"},"west":{"uv":[0.75,14.75,1.0,15.25],"tintindex":0,"rotation":0,"texture":"#0"},"up":{"uv":[15.25,1.5,14.75,1.25],"tintindex":0,"rotation":0,"texture":"#0"},"down":{"uv":[15.25,1.5,14.75,1.75],"tintindex":0,"rotation":0,"texture":"#0"}},"rotation":{"origin":[11.9,8.1,8.0],"angle":-45.0,"axis":"z"}}],"display":{"head":{"rotation":[0.0,0.0,0.0]},"firstperson_righthand":{"rotation":[0.0,0.0,0.0]},"thirdperson_lefthand":{"rotation":[0.0,-0.0,-0.0]},"firstperson_lefthand":{"rotation":[0.0,-0.0,-0.0]},"fixed":{"rotation":[0.0,0.0,0.0]},"ground":{"rotation":[0.0,0.0,0.0]},"thirdperson_righthand":{"rotation":[0.0,0.0,0.0]},"gui":{"rotation":[-150.0,-45.0,180.0]}}}