{"display":{"head":{},"firstperson_righthand":{},"thirdperson_lefthand":{},"firstperson_lefthand":{},"fixed":{},"ground":{},"thirdperson_righthand":{},"gui":{"rotation":[-150.0,-45.0,180.0]}},"elements":[{"from":[7.0,0.0,5.0],"to":[8.0,8.0,11.0],"faces":{"east":{"uv":[6.25,2.0,7.75,4.0],"texture":"#0","tintindex":0},"south":{"uv":[0.25,9.0,0.5,11.0],"texture":"#0","tintindex":0},"north":{"uv":[0.0,9.0,0.25,11.0],"texture":"#0","tintindex":0},"west":{"uv":[6.75,0.0,8.25,2.0],"texture":"#0","tintindex":0},"up":{"uv":[1.25,10.5,1.0,9.0],"texture":"#0","tintindex":0},"down":{"uv":[1.5,9.0,1.25,10.5],"texture":"#0","tintindex":0}}},{"from":[7.0,-1.0,5.0],"to":[8.0,0.0,10.0],"faces":{"east":{"uv":[4.5,2.75,5.75,3.0],"texture":"#0","tintindex":0},"south":{"uv":[6.0,2.0,6.25,2.25],"texture":"#0","tintindex":0},"north":{"uv":[5.75,2.75,6.0,3.0],"texture":"#0","tintindex":0},"west":{"uv":[8.25,1.75,9.5,2.0],"texture":"#0","tintindex":0},"up":{"uv":[3.25,10.25,3.0,9.0],"texture":"#0","tintindex":0},"down":{"uv":[3.5,9.0,3.25,10.25],"texture":"#0","tintindex":0}}}],"textures":{"particle":"#0","0":"modelengine:82d4e033-dbe9-404b-bad1-ede2f499eeb0"}}