{"display":{"head":{},"firstperson_righthand":{},"thirdperson_lefthand":{},"firstperson_lefthand":{},"fixed":{},"ground":{},"thirdperson_righthand":{},"gui":{"rotation":[-150.0,-45.0,180.0]}},"elements":[{"from":[6.5,7.0,3.0],"to":[9.5,8.0,8.0],"faces":{"east":{"uv":[8.5,9.0,9.75,9.25],"texture":"#0","tintindex":0},"south":{"uv":[9.25,4.75,10.0,5.0],"texture":"#0","tintindex":0},"north":{"uv":[9.25,4.5,10.0,4.75],"texture":"#0","tintindex":0},"west":{"uv":[9.0,8.75,10.25,9.0],"texture":"#0","tintindex":0},"up":{"uv":[4.25,10.0,3.5,8.75],"texture":"#0","tintindex":0},"down":{"uv":[5.0,8.75,4.25,10.0],"texture":"#0","tintindex":0}}}],"textures":{"particle":"#0","0":"modelengine:82d4e033-dbe9-404b-bad1-ede2f499eeb0"}}