{
	"format_version": "1.8.0",
	"animations": {
		"animation": {
			"loop": true,
			"animation_length": 2.5833,
			"bones": {
				"bone3": {
					"rotation": {
						"0.375": [0, 0, 7.5],
						"0.4167": [0, 0, 12.5],
						"0.4583": [0, 0, 17.5],
						"0.5": [0, 0, 27.5],
						"0.5417": [0, 0, 32.5],
						"0.5833": [0, 0, 37.5],
						"0.625": [0, 0, 42.5],
						"0.6667": [0, 0, 35],
						"0.7083": [0, 0, 27.5],
						"0.75": [0, 0, 20],
						"0.7917": [0, 0, 15],
						"0.8333": [0, 0, 10],
						"0.875": [0, 0, 2.5]
					},
					"position": {
						"0.3333": [0, 0, 0],
						"0.375": [0, 1, 0],
						"0.4167": [0, 2, 0],
						"0.4583": [0, 4, 0],
						"0.5": [0, 5, 0],
						"0.5417": [0, 6, 0],
						"0.5833": [0, 7, 0],
						"0.625": [0, 8, 0],
						"0.6667": [0, 9, 0],
						"0.7083": [0, 8, 0],
						"0.9167": [0, 6, 0]
					}
				},
				"bone4": {
					"rotation": {
						"0.0": [0, 0, 0],
						"0.375": [0, 0, -12.5],
						"0.4167": [0, 0, -20],
						"0.4583": [0, 0, -27.5],
						"0.5": [0, 0, -32.5],
						"0.5417": [0, 0, -40],
						"0.5833": [0, 0, -47.5],
						"0.625": [0, 0, -50],
						"0.6667": [0, 0, -50],
						"0.7083": [0, 0, -47.5],
						"0.75": [0, 0, -40],
						"0.7917": [0, 0, -32.5],
						"0.8333": [0, 0, -27.5],
						"0.875": [0, 0, -20],
						"0.9167": [0, 0, -12.5],
						"0.9583": [0, 0, 0]
					},
					"position": {
						"0.375": [0, 0, 0],
						"0.4167": [0, 1, 0],
						"0.4583": [0, 2, 0],
						"0.5": [0, 4, 0],
						"0.5417": [0, 4, 0],
						"0.5833": [0, 5, 0],
						"0.625": [0, 6, 0],
						"0.6667": [0, 7, 0],
						"0.7083": [0, 6, 0]
					}
				},
				"bone5": {
					"position": {
						"0.375": [0, 0, 0],
						"0.4167": [0, 1, 0],
						"0.4583": [0, 2, 0],
						"0.5": [0, 3, 0],
						"0.5417": [0, 4, 0],
						"0.5833": [0, 5, 0],
						"0.625": [0, 6, 0],
						"0.7083": [0, 5, 0]
					}
				},
				"bone6": {
					"position": {
						"0.0": [0, 0, 0],
						"0.375": [0, 1, 0],
						"0.4167": [0, 2, 0],
						"0.4583": [0, 3, 0],
						"0.5": [0, 4, 0],
						"0.5417": [0, 5, 0],
						"0.5833": [0, 6, 0],
						"0.625": [0, 7, 0],
						"0.7083": [0, 6, 0]
					}
				},
				"bone7": {
					"rotation": {
						"0.0": [0, 0, 0],
						"0.0833": [0, 0, 10],
						"0.1667": [0, 0, 20],
						"0.25": [0, 0, 27.5],
						"0.3333": [0, 0, 35],
						"0.4167": [0, 0, 27.5],
						"0.5": [0, 0, 20],
						"0.5833": [0, 0, 10]
					},
					"position": {
						"0.3333": [0, 0, 0],
						"0.375": [0, 1, 0],
						"0.4167": [0, 2, 0],
						"0.4583": [0, 3, 0],
						"0.5": [0, 4, 0],
						"0.5417": [0, 5, 0],
						"0.5833": [0, 6, 0],
						"0.625": [0, 7, 0],
						"0.7083": [0, 6, 0]
					}
				},
				"bone9": {
					"rotation": {
						"0.0": [0, 0, -7.5],
						"0.0833": [0, 0, -15],
						"0.1667": [0, 0, -25],
						"0.25": [0, 0, -35],
						"0.3333": [0, 0, -37.5],
						"0.4167": [0, 0, -35],
						"0.5": [0, 0, -25],
						"0.5833": [0, 0, -15],
						"0.6667": [0, 0, -7.5]
					},
					"position": {
						"0.0": [0, 0, 0],
						"0.375": [0, 1, 0],
						"0.4167": [0, 2, 0],
						"0.4583": [0, 3, 0],
						"0.5": [0, 4, 0],
						"0.5417": [0, 5, 0],
						"0.5833": [0, 6, 0],
						"0.625": [0, 7, 0],
						"0.7083": [0, 6, 0]
					}
				},
				"bone10": {
					"position": {
						"0.375": [0, 0, 0],
						"0.4167": [0, 1, 0],
						"0.4583": [0, 2, 0],
						"0.5": [0, 3, 0],
						"0.5417": [0, 4, 0],
						"0.5833": [0, 5, 0],
						"0.625": [0, 6, 0],
						"0.7083": [0, 5, 0],
						"2.5833": [0, 5, 0]
					}
				},
				"bone2": {
					"rotation": {
						"0.0": [0, 0, 0],
						"0.0417": [-12.5, 0, 0],
						"0.0833": [-25, 0, 0],
						"0.125": [-32.5, 0, 0],
						"0.1667": [-42.5, 0, 0],
						"0.2083": [-55, 0, 0],
						"0.25": [-70, 0, 0],
						"0.2917": [-85, 0, 0],
						"0.3333": [-97.5, 0, 0],
						"0.375": [-107.5, 0, 0],
						"0.4167": [-122.5, 0, 0],
						"0.4583": [-140, 0, 0],
						"0.5": [-155, 0, 0],
						"0.5417": [-170, 0, 0],
						"0.5833": [-177.5, 0, 0],
						"0.625": [0, 0, 0],
						"0.6667": [-12.5, 0, 0],
						"0.7083": [-25, 0, 0],
						"0.75": [-32.5, 0, 0],
						"0.7917": [-42.5, 0, 0],
						"0.8333": [-55, 0, 0],
						"0.875": [-70, 0, 0],
						"0.9167": [-85, 0, 0],
						"0.9583": [-97.5, 0, 0],
						"1.0": [-107.5, 0, 0],
						"1.0417": [-122.5, 0, 0],
						"1.0833": [-140, 0, 0],
						"1.125": [-155, 0, 0],
						"1.1667": [-170, 0, 0],
						"1.2083": [-177.5, 0, 0],
						"1.25": [0, 0, 0],
						"1.2917": [-12.5, 0, 0],
						"1.3333": [-25, 0, 0],
						"1.375": [-32.5, 0, 0],
						"1.4167": [-42.5, 0, 0],
						"1.4583": [-55, 0, 0],
						"1.5": [-70, 0, 0],
						"1.5417": [-85, 0, 0],
						"1.5833": [-97.5, 0, 0],
						"1.625": [-107.5, 0, 0],
						"1.6667": [-122.5, 0, 0],
						"1.7083": [-140, 0, 0],
						"1.75": [-155, 0, 0],
						"1.7917": [-170, 0, 0],
						"1.8333": [-177.5, 0, 0],
						"1.875": [0, 0, 0],
						"1.9167": [-12.5, 0, 0],
						"1.9583": [-25, 0, 0],
						"2.0": [-32.5, 0, 0],
						"2.0417": [-42.5, 0, 0],
						"2.0833": [-55, 0, 0],
						"2.125": [-70, 0, 0]
					},
					"position": {
						"0.2917": [0, 1, 0],
						"0.375": [0, 2, 0],
						"0.4583": [0, 4, 0],
						"0.5417": [0, 5, 0],
						"0.625": [0, 6, 0]
					}
				},
				"bone": {
					"rotation": [0, 0, 0],
					"position": {
						"0.2917": [0, 0, 0],
						"0.625": [0, 6, 0],
						"0.7083": [0, 6, 0],
						"0.75": [0, 6, 0],
						"0.7917": [0, 6, 0]
					}
				},
				"bone13": {
					"position": {
						"0.375": [0, 0, 0],
						"0.4167": [0, 1, 0],
						"0.4583": [0, 2, 0],
						"0.5": [0, 3, 0],
						"0.5417": [0, 4, 0],
						"0.5833": [0, 6, 0],
						"0.7083": [0, 5, 0]
					}
				},
				"bone15": {
					"rotation": {
						"0.0": [0, 0, 0],
						"0.0417": [-20, 0, 0],
						"0.0833": [-35, 0, 0],
						"0.125": [-47.5, 0, 0],
						"0.1667": [-60, 0, 0],
						"0.2083": [-75, 0, 0],
						"0.25": [-92.5, 0, 0],
						"0.2917": [-107.5, 0, 0],
						"0.3333": [-127.5, 0, 0],
						"0.375": [-145, 0, 0],
						"0.4167": [-162.5, 0, 0],
						"0.4583": [-182.5, 0, 0],
						"0.5": [-162.5, 0, 0],
						"0.5417": [0, 0, 0],
						"0.5833": [-20, 0, 0],
						"0.625": [-35, 0, 0],
						"0.6667": [-47.5, 0, 0],
						"0.7083": [-60, 0, 0],
						"0.75": [-75, 0, 0],
						"0.7917": [-92.5, 0, 0],
						"0.8333": [-107.5, 0, 0],
						"0.875": [-127.5, 0, 0],
						"0.9167": [-145, 0, 0],
						"0.9583": [-162.5, 0, 0],
						"1.0": [-182.5, 0, 0],
						"1.0417": [-162.5, 0, 0],
						"1.0833": [0, 0, 0],
						"1.125": [-20, 0, 0],
						"1.1667": [-35, 0, 0],
						"1.2083": [-47.5, 0, 0],
						"1.25": [-60, 0, 0],
						"1.2917": [-75, 0, 0],
						"1.3333": [-92.5, 0, 0],
						"1.375": [-107.5, 0, 0],
						"1.4167": [-127.5, 0, 0],
						"1.4583": [-145, 0, 0],
						"1.5": [-162.5, 0, 0],
						"1.5417": [-182.5, 0, 0],
						"1.5833": [-162.5, 0, 0],
						"1.625": [0, 0, 0],
						"1.6667": [-20, 0, 0],
						"1.7083": [-35, 0, 0],
						"1.75": [-47.5, 0, 0],
						"1.7917": [-60, 0, 0],
						"1.8333": [-75, 0, 0],
						"1.875": [-92.5, 0, 0],
						"1.9167": [-107.5, 0, 0],
						"1.9583": [-127.5, 0, 0],
						"2.0": [-145, 0, 0],
						"2.0417": [-162.5, 0, 0],
						"2.0833": [-182.5, 0, 0],
						"2.125": [-162.5, 0, 0]
					},
					"position": {
						"0.2917": [0, 0, 0],
						"0.375": [0, 1, 0],
						"0.4583": [0, 3, 0],
						"0.5417": [0, 5, 0],
						"0.625": [0, 6, 0],
						"0.7083": [0, 6, 0],
						"1.25": [0, 6, 0]
					}
				}
			}
		}
	}
}