{"textures":{"0":"modelengine:entity/a81cb428-6947-3fda-8842-d1846e6d9813","particle":"#0"},"elements":[{"from":[6.0,19.0,12.0],"to":[13.0,20.0,22.0],"faces":{"east":{"uv":[5.0,8.25,6.25,8.375],"tintindex":0,"rotation":0,"texture":"#0"},"south":{"uv":[8.375,8.25,9.25,8.375],"tintindex":0,"rotation":0,"texture":"#0"},"north":{"uv":[6.25,8.25,7.125,8.375],"tintindex":0,"rotation":0,"texture":"#0"},"west":{"uv":[7.125,8.25,8.375,8.375],"tintindex":0,"rotation":0,"texture":"#0"},"up":{"uv":[7.125,8.25,6.25,7.0],"tintindex":0,"rotation":0,"texture":"#0"},"down":{"uv":[8.0,7.0,7.125,8.25],"tintindex":0,"rotation":0,"texture":"#0"}}},{"from":[6.0,20.0,12.0],"to":[13.0,24.0,19.0],"faces":{"east":{"uv":[8.5,9.25,9.375,9.75],"tintindex":0,"rotation":0,"texture":"#0"},"south":{"uv":[11.125,9.25,12.0,9.75],"tintindex":0,"rotation":0,"texture":"#0"},"north":{"uv":[9.375,9.25,10.25,9.75],"tintindex":0,"rotation":0,"texture":"#0"},"west":{"uv":[10.25,9.25,11.125,9.75],"tintindex":0,"rotation":0,"texture":"#0"},"up":{"uv":[10.25,9.25,9.375,8.375],"tintindex":0,"rotation":0,"texture":"#0"},"down":{"uv":[11.125,8.375,10.25,9.25],"tintindex":0,"rotation":0,"texture":"#0"}}}],"display":{"head":{"rotation":[0.0,0.0,0.0]},"firstperson_righthand":{"rotation":[0.0,0.0,0.0]},"thirdperson_lefthand":{"rotation":[0.0,-0.0,-0.0]},"firstperson_lefthand":{"rotation":[0.0,-0.0,-0.0]},"fixed":{"rotation":[0.0,0.0,0.0]},"ground":{"rotation":[0.0,0.0,0.0]},"thirdperson_righthand":{"rotation":[0.0,0.0,0.0]},"gui":{"rotation":[-150.0,-45.0,180.0]}}}