{"textures":{"0":"modelengine:entity/duck2","particle":"#0"},"elements":[{"from":[8.0,4.0,11.0],"to":[9.0,9.0,18.0],"faces":{"east":{"uv":[0.0,10.125,0.875,10.75],"tintindex":0,"rotation":0,"texture":"#0"},"south":{"uv":[1.875,10.125,2.0,10.75],"tintindex":0,"rotation":0,"texture":"#0"},"north":{"uv":[0.875,10.125,1.0,10.75],"tintindex":0,"rotation":0,"texture":"#0"},"west":{"uv":[1.0,10.125,1.875,10.75],"tintindex":0,"rotation":0,"texture":"#0"},"up":{"uv":[1.0,10.125,0.875,9.25],"tintindex":0,"rotation":0,"texture":"#0"},"down":{"uv":[1.125,9.25,1.0,10.125],"tintindex":0,"rotation":0,"texture":"#0"}}}],"display":{"head":{"rotation":[0.0,0.0,0.0]},"firstperson_righthand":{"rotation":[0.0,0.0,0.0]},"thirdperson_lefthand":{"rotation":[0.0,-0.0,-0.0]},"firstperson_lefthand":{"rotation":[0.0,-0.0,-0.0]},"fixed":{"rotation":[0.0,0.0,0.0]},"ground":{"rotation":[0.0,0.0,0.0]},"thirdperson_righthand":{"rotation":[0.0,0.0,0.0]},"gui":{"rotation":[-150.0,-45.0,180.0]}}}