{"textures":{"0":"modelengine:entity/texture","particle":"#0"},"elements":[{"from":[-0.5,5.0,20.0],"to":[3.5,6.5,21.5],"faces":{"east":{"uv":[9.25,1.875,9.625,2.25],"tintindex":0,"rotation":0,"texture":"#0"},"south":{"uv":[11.0,1.875,12.0,2.25],"tintindex":0,"rotation":0,"texture":"#0"},"north":{"uv":[9.625,1.875,10.625,2.25],"tintindex":0,"rotation":0,"texture":"#0"},"west":{"uv":[10.625,1.875,11.0,2.25],"tintindex":0,"rotation":0,"texture":"#0"},"up":{"uv":[10.625,1.875,9.625,1.5],"tintindex":0,"rotation":0,"texture":"#0"},"down":{"uv":[11.625,1.5,10.625,1.875],"tintindex":0,"rotation":0,"texture":"#0"}}},{"from":[-1.5,5.0,7.5],"to":[4.5,6.5,20.0],"faces":{"east":{"uv":[0.0,3.125,3.125,3.5],"tintindex":0,"rotation":0,"texture":"#0"},"south":{"uv":[7.75,3.125,9.25,3.5],"tintindex":0,"rotation":0,"texture":"#0"},"north":{"uv":[3.125,3.125,4.625,3.5],"tintindex":0,"rotation":0,"texture":"#0"},"west":{"uv":[4.625,3.125,7.75,3.5],"tintindex":0,"rotation":0,"texture":"#0"},"up":{"uv":[4.625,3.125,3.125,0.0],"tintindex":0,"rotation":0,"texture":"#0"},"down":{"uv":[6.125,0.0,4.625,3.125],"tintindex":0,"rotation":0,"texture":"#0"}}},{"from":[-0.5,5.0,6.0],"to":[3.5,6.5,7.5],"faces":{"east":{"uv":[2.0,9.625,2.375,10.0],"tintindex":0,"rotation":0,"texture":"#0"},"south":{"uv":[3.75,9.625,4.75,10.0],"tintindex":0,"rotation":0,"texture":"#0"},"north":{"uv":[2.375,9.625,3.375,10.0],"tintindex":0,"rotation":0,"texture":"#0"},"west":{"uv":[3.375,9.625,3.75,10.0],"tintindex":0,"rotation":0,"texture":"#0"},"up":{"uv":[3.375,9.625,2.375,9.25],"tintindex":0,"rotation":0,"texture":"#0"},"down":{"uv":[4.375,9.25,3.375,9.625],"tintindex":0,"rotation":0,"texture":"#0"}}}],"display":{"head":{"rotation":[0.0,0.0,0.0]},"firstperson_righthand":{"rotation":[0.0,0.0,0.0]},"thirdperson_lefthand":{"rotation":[0.0,-0.0,-0.0]},"firstperson_lefthand":{"rotation":[0.0,-0.0,-0.0]},"fixed":{"rotation":[0.0,0.0,0.0]},"ground":{"rotation":[0.0,0.0,0.0]},"thirdperson_righthand":{"rotation":[0.0,0.0,0.0]},"gui":{"rotation":[-150.0,-45.0,180.0]}}}