{"textures":{"0":"modelengine:entity/texture","particle":"#0"},"elements":[{"from":[15.0,7.0,6.0],"to":[17.0,10.0,9.0],"faces":{"east":{"uv":[9.25,6.875,9.625,7.25],"tintindex":0,"rotation":0,"texture":"#0"},"south":{"uv":[10.25,6.875,10.5,7.25],"tintindex":0,"rotation":0,"texture":"#0"},"north":{"uv":[9.625,6.875,9.875,7.25],"tintindex":0,"rotation":0,"texture":"#0"},"west":{"uv":[9.875,6.875,10.25,7.25],"tintindex":0,"rotation":0,"texture":"#0"},"up":{"uv":[9.875,6.875,9.625,6.5],"tintindex":0,"rotation":0,"texture":"#0"},"down":{"uv":[10.125,6.5,9.875,6.875],"tintindex":0,"rotation":0,"texture":"#0"}},"rotation":{"origin":[16.0,9.0,9.0],"angle":-45.0,"axis":"x"}},{"from":[7.0,7.0,6.0],"to":[9.0,10.0,9.0],"faces":{"east":{"uv":[9.75,10.125,10.125,10.5],"tintindex":0,"rotation":0,"texture":"#0"},"south":{"uv":[10.75,10.125,11.0,10.5],"tintindex":0,"rotation":0,"texture":"#0"},"north":{"uv":[10.125,10.125,10.375,10.5],"tintindex":0,"rotation":0,"texture":"#0"},"west":{"uv":[10.375,10.125,10.75,10.5],"tintindex":0,"rotation":0,"texture":"#0"},"up":{"uv":[10.375,10.125,10.125,9.75],"tintindex":0,"rotation":0,"texture":"#0"},"down":{"uv":[10.625,9.75,10.375,10.125],"tintindex":0,"rotation":0,"texture":"#0"}},"rotation":{"origin":[8.0,9.0,9.0],"angle":-45.0,"axis":"x"}}],"display":{"head":{"rotation":[0.0,0.0,0.0]},"firstperson_righthand":{"rotation":[0.0,0.0,0.0]},"thirdperson_lefthand":{"rotation":[0.0,-0.0,-0.0]},"firstperson_lefthand":{"rotation":[0.0,-0.0,-0.0]},"fixed":{"rotation":[0.0,0.0,0.0]},"ground":{"rotation":[0.0,0.0,0.0]},"thirdperson_righthand":{"rotation":[0.0,0.0,0.0]},"gui":{"rotation":[-150.0,-45.0,180.0]}}}