{"textures":{"0":"modelengine:entity/a81cb428-6947-3fda-8842-d1846e6d9813","particle":"#0"},"elements":[{"from":[-10.0,0.0,16.0],"to":[-8.0,3.0,19.0],"faces":{"east":{"uv":[8.5,10.125,8.875,10.5],"tintindex":0,"rotation":0,"texture":"#0"},"south":{"uv":[9.5,10.125,9.75,10.5],"tintindex":0,"rotation":0,"texture":"#0"},"north":{"uv":[8.875,10.125,9.125,10.5],"tintindex":0,"rotation":0,"texture":"#0"},"west":{"uv":[9.125,10.125,9.5,10.5],"tintindex":0,"rotation":0,"texture":"#0"},"up":{"uv":[9.125,10.125,8.875,9.75],"tintindex":0,"rotation":0,"texture":"#0"},"down":{"uv":[9.375,9.75,9.125,10.125],"tintindex":0,"rotation":0,"texture":"#0"}},"rotation":{"origin":[-9.0,2.0,19.0],"angle":-45.0,"axis":"x"}},{"from":[-2.0,0.0,16.0],"to":[0.0,3.0,19.0],"faces":{"east":{"uv":[9.25,7.625,9.625,8.0],"tintindex":0,"rotation":0,"texture":"#0"},"south":{"uv":[10.25,7.625,10.5,8.0],"tintindex":0,"rotation":0,"texture":"#0"},"north":{"uv":[9.625,7.625,9.875,8.0],"tintindex":0,"rotation":0,"texture":"#0"},"west":{"uv":[9.875,7.625,10.25,8.0],"tintindex":0,"rotation":0,"texture":"#0"},"up":{"uv":[9.875,7.625,9.625,7.25],"tintindex":0,"rotation":0,"texture":"#0"},"down":{"uv":[10.125,7.25,9.875,7.625],"tintindex":0,"rotation":0,"texture":"#0"}},"rotation":{"origin":[-1.0,2.0,19.0],"angle":-45.0,"axis":"x"}}],"display":{"head":{"rotation":[0.0,0.0,0.0]},"firstperson_righthand":{"rotation":[0.0,0.0,0.0]},"thirdperson_lefthand":{"rotation":[0.0,-0.0,-0.0]},"firstperson_lefthand":{"rotation":[0.0,-0.0,-0.0]},"fixed":{"rotation":[0.0,0.0,0.0]},"ground":{"rotation":[0.0,0.0,0.0]},"thirdperson_righthand":{"rotation":[0.0,0.0,0.0]},"gui":{"rotation":[-150.0,-45.0,180.0]}}}