{"textures":{"0":"modelengine:entity/texture","particle":"#0"},"elements":[{"from":[7.0,2.0,8.0],"to":[8.0,6.0,9.0],"faces":{"east":{"uv":[4.25,10.125,4.375,10.625],"tintindex":0,"rotation":0,"texture":"#0"},"south":{"uv":[4.625,10.125,4.75,10.625],"tintindex":0,"rotation":0,"texture":"#0"},"north":{"uv":[4.375,10.125,4.5,10.625],"tintindex":0,"rotation":0,"texture":"#0"},"west":{"uv":[4.5,10.125,4.625,10.625],"tintindex":0,"rotation":0,"texture":"#0"},"up":{"uv":[4.5,10.125,4.375,10.0],"tintindex":0,"rotation":0,"texture":"#0"},"down":{"uv":[4.625,10.0,4.5,10.125],"tintindex":0,"rotation":0,"texture":"#0"}}},{"from":[6.0,1.0,8.0],"to":[9.0,2.0,11.0],"faces":{"east":{"uv":[9.25,6.375,9.625,6.5],"tintindex":0,"rotation":0,"texture":"#0"},"south":{"uv":[10.375,6.375,10.75,6.5],"tintindex":0,"rotation":0,"texture":"#0"},"north":{"uv":[9.625,6.375,10.0,6.5],"tintindex":0,"rotation":0,"texture":"#0"},"west":{"uv":[10.0,6.375,10.375,6.5],"tintindex":0,"rotation":0,"texture":"#0"},"up":{"uv":[10.0,6.375,9.625,6.0],"tintindex":0,"rotation":0,"texture":"#0"},"down":{"uv":[10.375,6.0,10.0,6.375],"tintindex":0,"rotation":0,"texture":"#0"}}}],"display":{"head":{"rotation":[0.0,0.0,0.0]},"firstperson_righthand":{"rotation":[0.0,0.0,0.0]},"thirdperson_lefthand":{"rotation":[0.0,-0.0,-0.0]},"firstperson_lefthand":{"rotation":[0.0,-0.0,-0.0]},"fixed":{"rotation":[0.0,0.0,0.0]},"ground":{"rotation":[0.0,0.0,0.0]},"thirdperson_righthand":{"rotation":[0.0,0.0,0.0]},"gui":{"rotation":[-150.0,-45.0,180.0]}}}