{"textures":{"0":"modelengine:entity/a81cb428-6947-3fda-8842-d1846e6d9813","particle":"#0"},"elements":[{"from":[8.0,3.0,5.0],"to":[9.0,8.0,12.0],"faces":{"east":{"uv":[9.25,0.875,10.125,1.5],"tintindex":0,"rotation":0,"texture":"#0"},"south":{"uv":[11.125,0.875,11.25,1.5],"tintindex":0,"rotation":0,"texture":"#0"},"north":{"uv":[10.125,0.875,10.25,1.5],"tintindex":0,"rotation":0,"texture":"#0"},"west":{"uv":[10.25,0.875,11.125,1.5],"tintindex":0,"rotation":0,"texture":"#0"},"up":{"uv":[10.25,0.875,10.125,0.0],"tintindex":0,"rotation":0,"texture":"#0"},"down":{"uv":[10.375,0.0,10.25,0.875],"tintindex":0,"rotation":0,"texture":"#0"}}}],"display":{"head":{"rotation":[0.0,0.0,0.0]},"firstperson_righthand":{"rotation":[0.0,0.0,0.0]},"thirdperson_lefthand":{"rotation":[0.0,-0.0,-0.0]},"firstperson_lefthand":{"rotation":[0.0,-0.0,-0.0]},"fixed":{"rotation":[0.0,0.0,0.0]},"ground":{"rotation":[0.0,0.0,0.0]},"thirdperson_righthand":{"rotation":[0.0,0.0,0.0]},"gui":{"rotation":[-150.0,-45.0,180.0]}}}