{"textures":{"0":"modelengine:entity/duck2","particle":"#0"},"elements":[{"from":[6.0,4.0,7.0],"to":[7.0,8.0,8.0],"faces":{"east":{"uv":[3.25,10.375,3.375,10.875],"tintindex":0,"rotation":0,"texture":"#0"},"south":{"uv":[3.625,10.375,3.75,10.875],"tintindex":0,"rotation":0,"texture":"#0"},"north":{"uv":[3.375,10.375,3.5,10.875],"tintindex":0,"rotation":0,"texture":"#0"},"west":{"uv":[3.5,10.375,3.625,10.875],"tintindex":0,"rotation":0,"texture":"#0"},"up":{"uv":[3.5,10.375,3.375,10.25],"tintindex":0,"rotation":0,"texture":"#0"},"down":{"uv":[3.625,10.25,3.5,10.375],"tintindex":0,"rotation":0,"texture":"#0"}}},{"from":[5.0,3.0,7.0],"to":[8.0,4.0,10.0],"faces":{"east":{"uv":[9.25,5.875,9.625,6.0],"tintindex":0,"rotation":0,"texture":"#0"},"south":{"uv":[10.375,5.875,10.75,6.0],"tintindex":0,"rotation":0,"texture":"#0"},"north":{"uv":[9.625,5.875,10.0,6.0],"tintindex":0,"rotation":0,"texture":"#0"},"west":{"uv":[10.0,5.875,10.375,6.0],"tintindex":0,"rotation":0,"texture":"#0"},"up":{"uv":[10.0,5.875,9.625,5.5],"tintindex":0,"rotation":0,"texture":"#0"},"down":{"uv":[10.375,5.5,10.0,5.875],"tintindex":0,"rotation":0,"texture":"#0"}}}],"display":{"head":{"rotation":[0.0,0.0,0.0]},"firstperson_righthand":{"rotation":[0.0,0.0,0.0]},"thirdperson_lefthand":{"rotation":[0.0,-0.0,-0.0]},"firstperson_lefthand":{"rotation":[0.0,-0.0,-0.0]},"fixed":{"rotation":[0.0,0.0,0.0]},"ground":{"rotation":[0.0,0.0,0.0]},"thirdperson_righthand":{"rotation":[0.0,0.0,0.0]},"gui":{"rotation":[-150.0,-45.0,180.0]}}}