{"textures":{"0":"modelengine:entity/a81cb428-6947-3fda-8842-d1846e6d9813","particle":"#0"},"elements":[{"from":[-1.0,5.0,3.0],"to":[8.0,12.0,14.0],"faces":{"east":{"uv":[0.0,8.375,1.375,9.25],"tintindex":0,"rotation":0,"texture":"#0"},"south":{"uv":[3.875,8.375,5.0,9.25],"tintindex":0,"rotation":0,"texture":"#0"},"north":{"uv":[1.375,8.375,2.5,9.25],"tintindex":0,"rotation":0,"texture":"#0"},"west":{"uv":[2.5,8.375,3.875,9.25],"tintindex":0,"rotation":0,"texture":"#0"},"up":{"uv":[2.5,8.375,1.375,7.0],"tintindex":0,"rotation":0,"texture":"#0"},"down":{"uv":[3.625,7.0,2.5,8.375],"tintindex":0,"rotation":0,"texture":"#0"}}}],"display":{"head":{"rotation":[0.0,0.0,0.0]},"firstperson_righthand":{"rotation":[0.0,0.0,0.0]},"thirdperson_lefthand":{"rotation":[0.0,-0.0,-0.0]},"firstperson_lefthand":{"rotation":[0.0,-0.0,-0.0]},"fixed":{"rotation":[0.0,0.0,0.0]},"ground":{"rotation":[0.0,0.0,0.0]},"thirdperson_righthand":{"rotation":[0.0,0.0,0.0]},"gui":{"rotation":[-150.0,-45.0,180.0]}}}