{"parent":"infinitecrops:ccb4e46f-b88e-4e9e-82aa-cbf36c2ed954","display":{"thirdperson_righthand":{"rotation":[0.0,-180.0,0.0],"translation":[0.0,2.75,0.75],"scale":[0.4,0.4,0.4]},"thirdperson_lefthand":{"translation":[0.0,2.75,0.75],"scale":[0.4,0.4,0.4]},"firstperson_righthand":{"rotation":[0.0,140.0,0.0],"translation":[3.5,2.5,0.0],"scale":[0.4,0.4,0.4]},"firstperson_lefthand":{"rotation":[0.0,-44.0,0.0],"translation":[-1.0,4.25,2.75],"scale":[0.4,0.4,0.4]},"ground":{"translation":[0.0,2.0,0.0],"scale":[0.5,0.5,0.5]}},"textures":{"particle":"infinitecrops:db733f68-c717-4848-a32a-a0c266810712","1":"infinitecrops:6864e8f6-9b72-49e8-9cd1-7f338117f40b","2":"infinitecrops:db733f68-c717-4848-a32a-a0c266810712","3":"infinitecrops:b4f423ee-3df1-49e2-9bfe-e6e825d9b47d","4":"infinitecrops:afac1fcf-46a0-421e-98e0-965591449919"}}