{"parent":"infinitecrops:ccb4e46f-b88e-4e9e-82aa-cbf36c2ed954","display":{"thirdperson_righthand":{"rotation":[0.0,-180.0,0.0],"translation":[0.0,2.75,0.75],"scale":[0.4,0.4,0.4]},"thirdperson_lefthand":{"translation":[0.0,2.75,0.75],"scale":[0.4,0.4,0.4]},"firstperson_righthand":{"rotation":[0.0,140.0,0.0],"translation":[3.5,2.5,0.0],"scale":[0.4,0.4,0.4]},"firstperson_lefthand":{"rotation":[0.0,-44.0,0.0],"translation":[-1.0,4.25,2.75],"scale":[0.4,0.4,0.4]},"ground":{"translation":[0.0,2.0,0.0],"scale":[0.5,0.5,0.5]}},"textures":{"particle":"infinitecrops:96f8c4ba-d354-47fc-b44a-cd493bef07cf","1":"infinitecrops:6864e8f6-9b72-49e8-9cd1-7f338117f40b","2":"infinitecrops:96f8c4ba-d354-47fc-b44a-cd493bef07cf","3":"infinitecrops:d17b49e8-0d32-4023-b7ec-0da3ebbf54ea"}}