{"display":{"thirdperson_righthand":{"scale":[0.4,0.4,0.4]},"thirdperson_lefthand":{"scale":[0.4,0.4,0.4]},"firstperson_righthand":{"rotation":[0.0,122.0,0.0],"translation":[2.5,1.75,0.0],"scale":[0.4,0.4,0.4]},"firstperson_lefthand":{"rotation":[0.0,133.0,0.0],"translation":[2.5,1.75,0.0],"scale":[0.4,0.4,0.4]},"ground":{"translation":[0.0,2.0,0.0],"scale":[0.4,0.4,0.4]},"gui":{"rotation":[-164.59,21.02,171.52],"translation":[0.0,-2.75,0.0],"scale":[0.51211,0.50469,0.6]},"fixed":{"rotation":[-90.0,0.0,0.0],"translation":[0.0,0.25,-14.0],"scale":[2.0,2.0,2.0]}},"elements":[{"from":[4.7,22.0,5.2],"to":[10.4,32.0,10.6],"faces":{"north":{"uv":[3.25,0.0,4.75,3.5],"texture":"#2"},"east":{"uv":[3.25,0.0,4.75,3.5],"texture":"#2"},"south":{"uv":[3.25,0.0,4.75,3.5],"texture":"#2"},"west":{"uv":[3.25,0.0,4.75,3.5],"texture":"#2"},"up":{"uv":[5.25,0.0,6.75,1.75],"texture":"#2"},"down":{"uv":[3.25,0.0,4.75,3.5],"texture":"#2"}}},{"from":[-4.0,0.0,-3.0],"to":[2.0,26.0,3.0],"faces":{"north":{"uv":[0.025,0.025,1.975,9.975],"texture":"#2"},"east":{"uv":[0.025,0.025,1.975,9.975],"texture":"#2"},"south":{"uv":[0.025,0.025,1.975,9.975],"texture":"#2"},"west":{"uv":[0.025,0.025,1.975,9.975],"texture":"#2"},"up":{"uv":[0.025,0.025,1.975,1.95],"texture":"#2"},"down":{"uv":[0.025,0.025,1.975,1.95],"texture":"#2"}}},{"from":[14.0,0.0,-3.0],"to":[20.0,26.0,3.0],"faces":{"north":{"uv":[0.025,0.025,1.975,9.975],"texture":"#2"},"east":{"uv":[0.025,0.025,1.975,9.975],"texture":"#2"},"south":{"uv":[0.025,0.025,1.975,9.975],"texture":"#2"},"west":{"uv":[0.025,0.025,1.975,9.975],"texture":"#2"},"up":{"uv":[0.025,0.025,1.975,1.95],"texture":"#2"},"down":{"uv":[0.025,0.025,1.975,1.95],"texture":"#2"}}},{"from":[14.0,0.0,13.0],"to":[20.0,26.0,19.0],"faces":{"north":{"uv":[0.025,0.025,1.975,9.975],"texture":"#2"},"east":{"uv":[0.025,0.025,1.975,9.975],"texture":"#2"},"south":{"uv":[0.025,0.025,1.975,9.975],"texture":"#2"},"west":{"uv":[0.025,0.025,1.975,9.975],"texture":"#2"},"up":{"uv":[0.025,0.025,1.975,1.95],"texture":"#2"},"down":{"uv":[0.025,0.025,1.975,1.95],"texture":"#2"}}},{"from":[-4.0,0.0,13.0],"to":[2.0,26.0,19.0],"faces":{"north":{"uv":[0.025,0.025,1.975,9.975],"texture":"#2"},"east":{"uv":[0.025,0.025,1.975,9.975],"texture":"#2"},"south":{"uv":[0.025,0.025,1.975,9.975],"texture":"#2"},"west":{"uv":[0.025,0.025,1.975,9.975],"texture":"#2"},"up":{"uv":[0.025,0.025,1.975,1.95],"texture":"#2"},"down":{"uv":[0.025,0.025,1.975,1.95],"texture":"#2"}}},{"from":[0.0,3.0,0.0],"to":[15.0,22.0,16.0],"faces":{"north":{"uv":[3.25,0.0,8.75,6.0],"texture":"#2"},"east":{"uv":[3.25,0.0,8.75,6.0],"texture":"#2"},"south":{"uv":[3.25,0.0,8.75,6.0],"texture":"#2"},"west":{"uv":[3.25,0.0,8.75,6.0],"texture":"#2"},"up":{"uv":[3.25,0.0,8.75,6.0],"texture":"#2"},"down":{"uv":[3.25,0.0,8.75,6.0],"texture":"#2"}}}],"textures":{"particle":"infinitecrops:1301ac57-3882-4f79-af75-4d22c7ae7bdd","2":"infinitecrops:1301ac57-3882-4f79-af75-4d22c7ae7bdd"},"gui_light":"front"}