{"display":{"thirdperson_righthand":{"rotation":[90.0,0.0,0.0],"translation":[0.75,17.5,1.5],"scale":[0.3,0.3,1.0]},"thirdperson_lefthand":{"rotation":[90.0,0.0,0.0],"translation":[-0.25,19.5,0.75],"scale":[0.3,0.3,1.0]},"firstperson_righthand":{"rotation":[30.0,-20.0,0.0],"translation":[12.0,8.25,-14.0],"scale":[0.3,0.3,1.0]},"firstperson_lefthand":{"rotation":[0.0,-30.0,0.0],"translation":[10.75,1.5,-13.75],"scale":[0.3,0.3,1.0]},"ground":{"translation":[-1.5,-1.5,2.5],"scale":[0.3,0.3,0.5]},"gui":{"rotation":[90.0,-45.0,0.0],"translation":[-0.5,-1.25,0.0],"scale":[0.4,0.4,0.4]},"head":{"translation":[1.25,4.5,11.5]},"fixed":{"rotation":[-90.0,-120.0,0.0],"translation":[-1.5,0.5,-3.75],"scale":[0.5,0.5,0.5]}},"elements":[{"from":[4.0,14.0,-7.0],"to":[9.0,15.0,-6.0],"rotation":{"origin":[4.0,14.0,-7.0],"axis":"y","angle":0.0},"faces":{"north":{"uv":[6.25,2.0,7.5,2.25],"texture":"#0"},"east":{"uv":[7.5,11.5,7.75,11.75],"texture":"#0"},"south":{"uv":[6.25,2.25,7.5,2.5],"texture":"#0"},"west":{"uv":[11.5,7.5,11.75,7.75],"texture":"#0"},"up":{"uv":[7.5,2.75,6.25,2.5],"texture":"#0"},"down":{"uv":[7.75,1.0,6.5,1.25],"texture":"#0"}}},{"from":[2.0,13.0,-7.0],"to":[4.0,14.0,-6.0],"rotation":{"origin":[2.0,13.0,-7.0],"axis":"y","angle":0.0},"faces":{"north":{"uv":[4.0,2.75,4.5,3.0],"texture":"#0"},"east":{"uv":[7.75,11.5,8.0,11.75],"texture":"#0"},"south":{"uv":[0.25,11.0,0.75,11.25],"texture":"#0"},"west":{"uv":[11.5,7.75,11.75,8.0],"texture":"#0"},"up":{"uv":[11.5,4.25,11.0,4.0],"texture":"#0"},"down":{"uv":[11.5,4.25,11.0,4.5],"texture":"#0"}}},{"from":[1.0,12.0,-7.0],"to":[2.0,13.0,-6.0],"rotation":{"origin":[1.0,12.0,-7.0],"axis":"y","angle":0.0},"faces":{"north":{"uv":[8.0,11.5,8.25,11.75],"texture":"#0"},"east":{"uv":[11.5,8.0,11.75,8.25],"texture":"#0"},"south":{"uv":[8.25,11.5,8.5,11.75],"texture":"#0"},"west":{"uv":[11.5,8.25,11.75,8.5],"texture":"#0"},"up":{"uv":[8.75,11.75,8.5,11.5],"texture":"#0"},"down":{"uv":[11.75,8.5,11.5,8.75],"texture":"#0"}}},{"from":[9.0,13.0,-7.0],"to":[11.0,14.0,-6.0],"rotation":{"origin":[9.0,13.0,-7.0],"axis":"y","angle":0.0},"faces":{"north":{"uv":[11.0,5.25,11.5,5.5],"texture":"#0"},"east":{"uv":[8.75,11.5,9.0,11.75],"texture":"#0"},"south":{"uv":[5.5,11.0,6.0,11.25],"texture":"#0"},"west":{"uv":[11.5,8.75,11.75,9.0],"texture":"#0"},"up":{"uv":[7.5,11.25,7.0,11.0],"texture":"#0"},"down":{"uv":[8.0,11.0,7.5,11.25],"texture":"#0"}}},{"from":[11.0,12.0,-7.0],"to":[12.0,13.0,-6.0],"rotation":{"origin":[11.0,12.0,-7.0],"axis":"y","angle":0.0},"faces":{"north":{"uv":[9.0,11.5,9.25,11.75],"texture":"#0"},"east":{"uv":[11.5,9.0,11.75,9.25],"texture":"#0"},"south":{"uv":[11.5,9.25,11.75,9.5],"texture":"#0"},"west":{"uv":[9.5,11.5,9.75,11.75],"texture":"#0"},"up":{"uv":[11.75,10.0,11.5,9.75],"texture":"#0"},"down":{"uv":[11.75,10.0,11.5,10.25],"texture":"#0"}}},{"from":[13.0,5.0,-7.0],"to":[14.0,10.0,-6.0],"rotation":{"origin":[13.0,5.0,-7.0],"axis":"y","angle":0.0},"faces":{"north":{"uv":[0.75,6.5,1.0,7.75],"texture":"#0"},"east":{"uv":[3.0,6.5,3.25,7.75],"texture":"#0"},"south":{"uv":[3.25,6.5,3.5,7.75],"texture":"#0"},"west":{"uv":[3.5,6.5,3.75,7.75],"texture":"#0"},"up":{"uv":[11.75,10.5,11.5,10.25],"texture":"#0"},"down":{"uv":[11.75,10.5,11.5,10.75],"texture":"#0"}}},{"from":[12.0,10.0,-7.0],"to":[13.0,12.0,-6.0],"rotation":{"origin":[12.0,10.0,-7.0],"axis":"y","angle":0.0},"faces":{"north":{"uv":[5.0,11.0,5.25,11.5],"texture":"#0"},"east":{"uv":[6.0,11.0,6.25,11.5],"texture":"#0"},"south":{"uv":[8.75,11.0,9.0,11.5],"texture":"#0"},"west":{"uv":[9.0,11.0,9.25,11.5],"texture":"#0"},"up":{"uv":[11.75,11.0,11.5,10.75],"texture":"#0"},"down":{"uv":[11.25,11.5,11.0,11.75],"texture":"#0"}}},{"from":[-1.0,5.0,-7.0],"to":[0.0,10.0,-6.0],"rotation":{"origin":[-1.0,5.0,-7.0],"axis":"y","angle":0.0},"faces":{"north":{"uv":[3.75,6.5,4.0,7.75],"texture":"#0"},"east":{"uv":[4.0,6.5,4.25,7.75],"texture":"#0"},"south":{"uv":[4.75,6.5,5.0,7.75],"texture":"#0"},"west":{"uv":[6.5,6.0,6.75,7.25],"texture":"#0"},"up":{"uv":[11.75,11.25,11.5,11.0],"texture":"#0"},"down":{"uv":[11.5,11.5,11.25,11.75],"texture":"#0"}}},{"from":[0.0,10.0,-7.0],"to":[1.0,12.0,-6.0],"rotation":{"origin":[0.0,10.0,-7.0],"axis":"y","angle":0.0},"faces":{"north":{"uv":[11.0,9.25,11.25,9.75],"texture":"#0"},"east":{"uv":[9.5,11.0,9.75,11.5],"texture":"#0"},"south":{"uv":[11.0,10.5,11.25,11.0],"texture":"#0"},"west":{"uv":[11.0,11.0,11.25,11.5],"texture":"#0"},"up":{"uv":[11.75,11.5,11.5,11.25],"texture":"#0"},"down":{"uv":[11.75,11.5,11.5,11.75],"texture":"#0"}}},{"from":[12.0,3.0,-7.0],"to":[13.0,5.0,-6.0],"rotation":{"origin":[12.0,3.0,-7.0],"axis":"y","angle":0.0},"faces":{"north":{"uv":[0.25,11.25,0.5,11.75],"texture":"#0"},"east":{"uv":[11.25,0.25,11.5,0.75],"texture":"#0"},"south":{"uv":[0.5,11.25,0.75,11.75],"texture":"#0"},"west":{"uv":[11.25,0.75,11.5,1.25],"texture":"#0"},"up":{"uv":[0.25,12.0,0.0,11.75],"texture":"#0"},"down":{"uv":[12.0,0.0,11.75,0.25],"texture":"#0"}}},{"from":[0.0,3.0,-7.0],"to":[1.0,5.0,-6.0],"rotation":{"origin":[0.0,3.0,-7.0],"axis":"y","angle":0.0},"faces":{"north":{"uv":[11.25,1.25,11.5,1.75],"texture":"#0"},"east":{"uv":[2.5,11.25,2.75,11.75],"texture":"#0"},"south":{"uv":[2.75,11.25,3.0,11.75],"texture":"#0"},"west":{"uv":[11.25,2.75,11.5,3.25],"texture":"#0"},"up":{"uv":[0.5,12.0,0.25,11.75],"texture":"#0"},"down":{"uv":[12.0,0.25,11.75,0.5],"texture":"#0"}}},{"from":[11.0,2.0,-7.0],"to":[12.0,3.0,-6.0],"rotation":{"origin":[11.0,2.0,-7.0],"axis":"y","angle":0.0},"faces":{"north":{"uv":[0.5,11.75,0.75,12.0],"texture":"#0"},"east":{"uv":[11.75,0.5,12.0,0.75],"texture":"#0"},"south":{"uv":[11.75,0.75,12.0,1.0],"texture":"#0"},"west":{"uv":[1.0,11.75,1.25,12.0],"texture":"#0"},"up":{"uv":[1.5,12.0,1.25,11.75],"texture":"#0"},"down":{"uv":[1.75,11.75,1.5,12.0],"texture":"#0"}}},{"from":[1.0,2.0,-7.0],"to":[2.0,3.0,-6.0],"rotation":{"origin":[1.0,2.0,-7.0],"axis":"y","angle":0.0},"faces":{"north":{"uv":[1.75,11.75,2.0,12.0],"texture":"#0"},"east":{"uv":[11.75,1.75,12.0,2.0],"texture":"#0"},"south":{"uv":[2.0,11.75,2.25,12.0],"texture":"#0"},"west":{"uv":[2.25,11.75,2.5,12.0],"texture":"#0"},"up":{"uv":[12.0,2.5,11.75,2.25],"texture":"#0"},"down":{"uv":[2.75,11.75,2.5,12.0],"texture":"#0"}}},{"from":[9.0,1.0,-7.0],"to":[11.0,2.0,-6.0],"rotation":{"origin":[9.0,1.0,-7.0],"axis":"y","angle":0.0},"faces":{"north":{"uv":[11.0,9.75,11.5,10.0],"texture":"#0"},"east":{"uv":[11.75,2.5,12.0,2.75],"texture":"#0"},"south":{"uv":[11.25,1.75,11.75,2.0],"texture":"#0"},"west":{"uv":[2.75,11.75,3.0,12.0],"texture":"#0"},"up":{"uv":[3.75,11.5,3.25,11.25],"texture":"#0"},"down":{"uv":[11.75,3.25,11.25,3.5],"texture":"#0"}}},{"from":[2.0,1.0,-7.0],"to":[4.0,2.0,-6.0],"rotation":{"origin":[2.0,1.0,-7.0],"axis":"y","angle":0.0},"faces":{"north":{"uv":[11.25,3.5,11.75,3.75],"texture":"#0"},"east":{"uv":[11.75,2.75,12.0,3.0],"texture":"#0"},"south":{"uv":[11.25,5.0,11.75,5.25],"texture":"#0"},"west":{"uv":[11.75,3.0,12.0,3.25],"texture":"#0"},"up":{"uv":[5.75,11.5,5.25,11.25],"texture":"#0"},"down":{"uv":[11.75,5.5,11.25,5.75],"texture":"#0"}}},{"from":[4.0,0.0,-7.0],"to":[9.0,1.0,-6.0],"rotation":{"origin":[4.0,0.0,-7.0],"axis":"y","angle":0.0},"faces":{"north":{"uv":[6.5,1.25,7.75,1.5],"texture":"#0"},"east":{"uv":[11.75,3.25,12.0,3.5],"texture":"#0"},"south":{"uv":[6.5,1.5,7.75,1.75],"texture":"#0"},"west":{"uv":[11.75,3.5,12.0,3.75],"texture":"#0"},"up":{"uv":[7.75,2.0,6.5,1.75],"texture":"#0"},"down":{"uv":[7.75,3.5,6.5,3.75],"texture":"#0"}}},{"from":[4.0,0.0,-2.0],"to":[9.0,1.0,-1.0],"rotation":{"origin":[4.0,0.0,-2.0],"axis":"y","angle":0.0},"faces":{"north":{"uv":[6.75,2.75,8.0,3.0],"texture":"#0"},"east":{"uv":[3.75,11.75,4.0,12.0],"texture":"#0"},"south":{"uv":[6.75,3.0,8.0,3.25],"texture":"#0"},"west":{"uv":[11.75,3.75,12.0,4.0],"texture":"#0"},"up":{"uv":[8.0,3.5,6.75,3.25],"texture":"#0"},"down":{"uv":[8.0,5.25,6.75,5.5],"texture":"#0"}}},{"from":[4.0,14.0,-2.0],"to":[9.0,15.0,-1.0],"rotation":{"origin":[4.0,14.0,-2.0],"axis":"y","angle":0.0},"faces":{"north":{"uv":[6.75,6.0,8.0,6.25],"texture":"#0"},"east":{"uv":[11.75,4.0,12.0,4.25],"texture":"#0"},"south":{"uv":[6.75,6.25,8.0,6.5],"texture":"#0"},"west":{"uv":[11.75,4.25,12.0,4.5],"texture":"#0"},"up":{"uv":[8.0,6.75,6.75,6.5],"texture":"#0"},"down":{"uv":[8.0,6.75,6.75,7.0],"texture":"#0"}}},{"from":[2.0,13.0,-2.0],"to":[4.0,14.0,-1.0],"rotation":{"origin":[2.0,13.0,-2.0],"axis":"y","angle":0.0},"faces":{"north":{"uv":[11.25,5.75,11.75,6.0],"texture":"#0"},"east":{"uv":[4.5,11.75,4.75,12.0],"texture":"#0"},"south":{"uv":[11.25,6.0,11.75,6.25],"texture":"#0"},"west":{"uv":[4.75,11.75,5.0,12.0],"texture":"#0"},"up":{"uv":[11.75,6.5,11.25,6.25],"texture":"#0"},"down":{"uv":[11.75,6.5,11.25,6.75],"texture":"#0"}}},{"from":[1.0,12.0,-2.0],"to":[2.0,13.0,-1.0],"rotation":{"origin":[1.0,12.0,-2.0],"axis":"y","angle":0.0},"faces":{"north":{"uv":[5.0,11.75,5.25,12.0],"texture":"#0"},"east":{"uv":[11.75,5.0,12.0,5.25],"texture":"#0"},"south":{"uv":[5.25,11.75,5.5,12.0],"texture":"#0"},"west":{"uv":[5.5,11.75,5.75,12.0],"texture":"#0"},"up":{"uv":[12.0,5.75,11.75,5.5],"texture":"#0"},"down":{"uv":[6.0,11.75,5.75,12.0],"texture":"#0"}}},{"from":[9.0,13.0,-2.0],"to":[11.0,14.0,-1.0],"rotation":{"origin":[9.0,13.0,-2.0],"axis":"y","angle":0.0},"faces":{"north":{"uv":[6.75,11.25,7.25,11.5],"texture":"#0"},"east":{"uv":[11.75,5.75,12.0,6.0],"texture":"#0"},"south":{"uv":[11.25,6.75,11.75,7.0],"texture":"#0"},"west":{"uv":[6.0,11.75,6.25,12.0],"texture":"#0"},"up":{"uv":[7.75,11.5,7.25,11.25],"texture":"#0"},"down":{"uv":[8.25,11.25,7.75,11.5],"texture":"#0"}}},{"from":[11.0,12.0,-2.0],"to":[12.0,13.0,-1.0],"rotation":{"origin":[11.0,12.0,-2.0],"axis":"y","angle":0.0},"faces":{"north":{"uv":[11.75,6.0,12.0,6.25],"texture":"#0"},"east":{"uv":[6.25,11.75,6.5,12.0],"texture":"#0"},"south":{"uv":[11.75,6.25,12.0,6.5],"texture":"#0"},"west":{"uv":[6.5,11.75,6.75,12.0],"texture":"#0"},"up":{"uv":[12.0,6.75,11.75,6.5],"texture":"#0"},"down":{"uv":[7.0,11.75,6.75,12.0],"texture":"#0"}}},{"from":[13.0,5.0,-2.0],"to":[14.0,10.0,-1.0],"rotation":{"origin":[13.0,5.0,-2.0],"axis":"y","angle":0.0},"faces":{"north":{"uv":[5.0,6.75,5.25,8.0],"texture":"#0"},"east":{"uv":[1.5,7.0,1.75,8.25],"texture":"#0"},"south":{"uv":[1.75,7.0,2.0,8.25],"texture":"#0"},"west":{"uv":[2.0,7.0,2.25,8.25],"texture":"#0"},"up":{"uv":[12.0,7.0,11.75,6.75],"texture":"#0"},"down":{"uv":[7.25,11.75,7.0,12.0],"texture":"#0"}}},{"from":[12.0,10.0,-2.0],"to":[13.0,12.0,-1.0],"rotation":{"origin":[12.0,10.0,-2.0],"axis":"y","angle":0.0},"faces":{"north":{"uv":[3.75,11.25,4.0,11.75],"texture":"#0"},"east":{"uv":[4.5,11.25,4.75,11.75],"texture":"#0"},"south":{"uv":[5.75,11.25,6.0,11.75],"texture":"#0"},"west":{"uv":[11.25,8.25,11.5,8.75],"texture":"#0"},"up":{"uv":[12.0,7.25,11.75,7.0],"texture":"#0"},"down":{"uv":[7.5,11.75,7.25,12.0],"texture":"#0"}}},{"from":[-1.0,5.0,-2.0],"to":[0.0,10.0,-1.0],"rotation":{"origin":[-1.0,5.0,-2.0],"axis":"y","angle":0.0},"faces":{"north":{"uv":[2.25,7.0,2.5,8.25],"texture":"#0"},"east":{"uv":[2.5,7.0,2.75,8.25],"texture":"#0"},"south":{"uv":[2.75,7.0,3.0,8.25],"texture":"#0"},"west":{"uv":[7.0,3.75,7.25,5.0],"texture":"#0"},"up":{"uv":[12.0,7.5,11.75,7.25],"texture":"#0"},"down":{"uv":[7.75,11.75,7.5,12.0],"texture":"#0"}}},{"from":[0.0,10.0,-2.0],"to":[1.0,12.0,-1.0],"rotation":{"origin":[0.0,10.0,-2.0],"axis":"y","angle":0.0},"faces":{"north":{"uv":[11.25,9.0,11.5,9.5],"texture":"#0"},"east":{"uv":[9.25,11.25,9.5,11.75],"texture":"#0"},"south":{"uv":[9.75,11.25,10.0,11.75],"texture":"#0"},"west":{"uv":[10.0,11.25,10.25,11.75],"texture":"#0"},"up":{"uv":[12.0,7.75,11.75,7.5],"texture":"#0"},"down":{"uv":[8.0,11.75,7.75,12.0],"texture":"#0"}}},{"from":[12.0,3.0,-2.0],"to":[13.0,5.0,-1.0],"rotation":{"origin":[12.0,3.0,-2.0],"axis":"y","angle":0.0},"faces":{"north":{"uv":[10.25,11.25,10.5,11.75],"texture":"#0"},"east":{"uv":[10.5,11.25,10.75,11.75],"texture":"#0"},"south":{"uv":[11.25,10.5,11.5,11.0],"texture":"#0"},"west":{"uv":[10.75,11.25,11.0,11.75],"texture":"#0"},"up":{"uv":[12.0,8.0,11.75,7.75],"texture":"#0"},"down":{"uv":[8.25,11.75,8.0,12.0],"texture":"#0"}}},{"from":[0.0,3.0,-2.0],"to":[1.0,5.0,-1.0],"rotation":{"origin":[0.0,3.0,-2.0],"axis":"y","angle":0.0},"faces":{"north":{"uv":[11.25,11.0,11.5,11.5],"texture":"#0"},"east":{"uv":[11.5,0.0,11.75,0.5],"texture":"#0"},"south":{"uv":[11.5,0.5,11.75,1.0],"texture":"#0"},"west":{"uv":[0.75,11.5,1.0,12.0],"texture":"#0"},"up":{"uv":[12.0,8.25,11.75,8.0],"texture":"#0"},"down":{"uv":[8.5,11.75,8.25,12.0],"texture":"#0"}}},{"from":[11.0,2.0,-2.0],"to":[12.0,3.0,-1.0],"rotation":{"origin":[11.0,2.0,-2.0],"axis":"y","angle":0.0},"faces":{"north":{"uv":[11.75,8.25,12.0,8.5],"texture":"#0"},"east":{"uv":[8.5,11.75,8.75,12.0],"texture":"#0"},"south":{"uv":[11.75,8.5,12.0,8.75],"texture":"#0"},"west":{"uv":[8.75,11.75,9.0,12.0],"texture":"#0"},"up":{"uv":[12.0,9.0,11.75,8.75],"texture":"#0"},"down":{"uv":[9.25,11.75,9.0,12.0],"texture":"#0"}}},{"from":[1.0,2.0,-2.0],"to":[2.0,3.0,-1.0],"rotation":{"origin":[1.0,2.0,-2.0],"axis":"y","angle":0.0},"faces":{"north":{"uv":[11.75,9.0,12.0,9.25],"texture":"#0"},"east":{"uv":[9.25,11.75,9.5,12.0],"texture":"#0"},"south":{"uv":[11.75,9.25,12.0,9.5],"texture":"#0"},"west":{"uv":[9.5,11.75,9.75,12.0],"texture":"#0"},"up":{"uv":[12.0,9.75,11.75,9.5],"texture":"#0"},"down":{"uv":[10.0,11.75,9.75,12.0],"texture":"#0"}}},{"from":[9.0,1.0,-2.0],"to":[11.0,2.0,-1.0],"rotation":{"origin":[9.0,1.0,-2.0],"axis":"y","angle":0.0},"faces":{"north":{"uv":[11.25,9.5,11.75,9.75],"texture":"#0"},"east":{"uv":[11.75,9.75,12.0,10.0],"texture":"#0"},"south":{"uv":[1.0,11.5,1.5,11.75],"texture":"#0"},"west":{"uv":[10.0,11.75,10.25,12.0],"texture":"#0"},"up":{"uv":[12.0,1.25,11.5,1.0],"texture":"#0"},"down":{"uv":[12.0,1.25,11.5,1.5],"texture":"#0"}}},{"from":[2.0,1.0,-2.0],"to":[4.0,2.0,-1.0],"rotation":{"origin":[2.0,1.0,-2.0],"axis":"y","angle":0.0},"faces":{"north":{"uv":[1.5,11.5,2.0,11.75],"texture":"#0"},"east":{"uv":[11.75,10.0,12.0,10.25],"texture":"#0"},"south":{"uv":[11.5,1.5,12.0,1.75],"texture":"#0"},"west":{"uv":[10.25,11.75,10.5,12.0],"texture":"#0"},"up":{"uv":[2.5,11.75,2.0,11.5],"texture":"#0"},"down":{"uv":[12.0,2.0,11.5,2.25],"texture":"#0"}}},{"from":[13.0,5.0,-14.0],"to":[14.0,10.0,-13.0],"rotation":{"origin":[13.0,5.0,-14.0],"axis":"y","angle":0.0},"faces":{"north":{"uv":[4.5,7.0,4.75,8.25],"texture":"#0"},"east":{"uv":[5.25,7.0,5.5,8.25],"texture":"#0"},"south":{"uv":[6.75,7.0,7.0,8.25],"texture":"#0"},"west":{"uv":[7.0,7.0,7.25,8.25],"texture":"#0"},"up":{"uv":[12.0,10.5,11.75,10.25],"texture":"#0"},"down":{"uv":[10.75,11.75,10.5,12.0],"texture":"#0"}}},{"from":[-1.0,5.0,-14.0],"to":[0.0,10.0,-13.0],"rotation":{"origin":[-1.0,5.0,-14.0],"axis":"y","angle":0.0},"faces":{"north":{"uv":[7.25,3.75,7.5,5.0],"texture":"#0"},"east":{"uv":[6.5,7.25,6.75,8.5],"texture":"#0"},"south":{"uv":[7.25,7.0,7.5,8.25],"texture":"#0"},"west":{"uv":[1.0,7.5,1.25,8.75],"texture":"#0"},"up":{"uv":[12.0,10.75,11.75,10.5],"texture":"#0"},"down":{"uv":[11.0,11.75,10.75,12.0],"texture":"#0"}}},{"from":[12.0,3.0,-14.0],"to":[13.0,5.0,-13.0],"rotation":{"origin":[12.0,3.0,-14.0],"axis":"y","angle":0.0},"faces":{"north":{"uv":[11.5,2.25,11.75,2.75],"texture":"#0"},"east":{"uv":[11.5,2.75,11.75,3.25],"texture":"#0"},"south":{"uv":[3.0,11.5,3.25,12.0],"texture":"#0"},"west":{"uv":[3.25,11.5,3.5,12.0],"texture":"#0"},"up":{"uv":[12.0,11.0,11.75,10.75],"texture":"#0"},"down":{"uv":[11.25,11.75,11.0,12.0],"texture":"#0"}}},{"from":[0.0,3.0,-14.0],"to":[1.0,5.0,-13.0],"rotation":{"origin":[0.0,3.0,-14.0],"axis":"y","angle":0.0},"faces":{"north":{"uv":[3.5,11.5,3.75,12.0],"texture":"#0"},"east":{"uv":[4.0,11.5,4.25,12.0],"texture":"#0"},"south":{"uv":[11.5,4.0,11.75,4.5],"texture":"#0"},"west":{"uv":[4.25,11.5,4.5,12.0],"texture":"#0"},"up":{"uv":[12.0,11.25,11.75,11.0],"texture":"#0"},"down":{"uv":[11.5,11.75,11.25,12.0],"texture":"#0"}}},{"from":[11.0,2.0,-14.0],"to":[12.0,3.0,-13.0],"rotation":{"origin":[11.0,2.0,-14.0],"axis":"y","angle":0.0},"faces":{"north":{"uv":[11.75,11.25,12.0,11.5],"texture":"#0"},"east":{"uv":[11.5,11.75,11.75,12.0],"texture":"#0"},"south":{"uv":[11.75,11.5,12.0,11.75],"texture":"#0"},"west":{"uv":[11.75,11.75,12.0,12.0],"texture":"#0"},"up":{"uv":[0.25,12.25,0.0,12.0],"texture":"#0"},"down":{"uv":[12.25,0.0,12.0,0.25],"texture":"#0"}}},{"from":[1.0,2.0,-14.0],"to":[2.0,3.0,-13.0],"rotation":{"origin":[1.0,2.0,-14.0],"axis":"y","angle":0.0},"faces":{"north":{"uv":[0.25,12.0,0.5,12.25],"texture":"#0"},"east":{"uv":[12.0,0.25,12.25,0.5],"texture":"#0"},"south":{"uv":[0.5,12.0,0.75,12.25],"texture":"#0"},"west":{"uv":[12.0,0.5,12.25,0.75],"texture":"#0"},"up":{"uv":[1.0,12.25,0.75,12.0],"texture":"#0"},"down":{"uv":[12.25,0.75,12.0,1.0],"texture":"#0"}}},{"from":[9.0,1.0,-14.0],"to":[11.0,2.0,-13.0],"rotation":{"origin":[9.0,1.0,-14.0],"axis":"y","angle":0.0},"faces":{"north":{"uv":[11.5,4.5,12.0,4.75],"texture":"#0"},"east":{"uv":[1.0,12.0,1.25,12.25],"texture":"#0"},"south":{"uv":[4.75,11.5,5.25,11.75],"texture":"#0"},"west":{"uv":[12.0,1.0,12.25,1.25],"texture":"#0"},"up":{"uv":[12.0,5.0,11.5,4.75],"texture":"#0"},"down":{"uv":[5.75,11.5,5.25,11.75],"texture":"#0"}}},{"from":[2.0,1.0,-14.0],"to":[4.0,2.0,-13.0],"rotation":{"origin":[2.0,1.0,-14.0],"axis":"y","angle":0.0},"faces":{"north":{"uv":[11.5,5.25,12.0,5.5],"texture":"#0"},"east":{"uv":[1.25,12.0,1.5,12.25],"texture":"#0"},"south":{"uv":[6.0,11.5,6.5,11.75],"texture":"#0"},"west":{"uv":[12.0,1.25,12.25,1.5],"texture":"#0"},"up":{"uv":[7.0,11.75,6.5,11.5],"texture":"#0"},"down":{"uv":[7.5,11.5,7.0,11.75],"texture":"#0"}}},{"from":[4.0,0.0,-14.0],"to":[9.0,1.0,-13.0],"rotation":{"origin":[4.0,0.0,-14.0],"axis":"y","angle":0.0},"faces":{"north":{"uv":[7.0,5.0,8.25,5.25],"texture":"#0"},"east":{"uv":[1.5,12.0,1.75,12.25],"texture":"#0"},"south":{"uv":[7.0,5.5,8.25,5.75],"texture":"#0"},"west":{"uv":[12.0,1.5,12.25,1.75],"texture":"#0"},"up":{"uv":[8.25,6.0,7.0,5.75],"texture":"#0"},"down":{"uv":[8.5,0.0,7.25,0.25],"texture":"#0"}}},{"from":[13.0,5.0,-6.0],"to":[14.0,6.0,-2.0],"rotation":{"origin":[13.0,5.0,-6.0],"axis":"y","angle":0.0},"faces":{"north":{"uv":[5.5,12.0,5.75,12.25],"texture":"#0"},"east":{"uv":[8.25,5.75,9.25,6.0],"texture":"#0"},"south":{"uv":[12.0,5.5,12.25,5.75],"texture":"#0"},"west":{"uv":[7.0,8.25,8.0,8.5],"texture":"#0"},"up":{"uv":[8.5,8.25,8.25,7.25],"texture":"#0"},"down":{"uv":[8.25,8.25,8.0,9.25],"texture":"#0"}}},{"from":[13.0,9.0,-6.0],"to":[14.0,10.0,-2.0],"rotation":{"origin":[13.0,9.0,-6.0],"axis":"y","angle":0.0},"faces":{"north":{"uv":[5.25,12.0,5.5,12.25],"texture":"#0"},"east":{"uv":[8.25,5.0,9.25,5.25],"texture":"#0"},"south":{"uv":[12.0,5.25,12.25,5.5],"texture":"#0"},"west":{"uv":[8.25,5.5,9.25,5.75],"texture":"#0"},"up":{"uv":[5.5,9.25,5.25,8.25],"texture":"#0"},"down":{"uv":[7.0,8.25,6.75,9.25],"texture":"#0"}}},{"from":[-1.0,9.0,-6.0],"to":[0.0,10.0,-2.0],"rotation":{"origin":[-1.0,9.0,-6.0],"axis":"y","angle":0.0},"faces":{"north":{"uv":[5.0,12.0,5.25,12.25],"texture":"#0"},"east":{"uv":[8.25,0.5,9.25,0.75],"texture":"#0"},"south":{"uv":[12.0,5.0,12.25,5.25],"texture":"#0"},"west":{"uv":[8.25,0.75,9.25,1.0],"texture":"#0"},"up":{"uv":[3.0,9.25,2.75,8.25],"texture":"#0"},"down":{"uv":[4.75,8.25,4.5,9.25],"texture":"#0"}}},{"from":[-1.0,5.0,-6.0],"to":[0.0,6.0,-2.0],"rotation":{"origin":[-1.0,5.0,-6.0],"axis":"y","angle":0.0},"faces":{"north":{"uv":[4.75,12.0,5.0,12.25],"texture":"#0"},"east":{"uv":[8.0,6.75,9.0,7.0],"texture":"#0"},"south":{"uv":[12.0,4.75,12.25,5.0],"texture":"#0"},"west":{"uv":[8.25,0.25,9.25,0.5],"texture":"#0"},"up":{"uv":[2.5,9.25,2.25,8.25],"texture":"#0"},"down":{"uv":[2.75,8.25,2.5,9.25],"texture":"#0"}}},{"from":[8.0,0.0,-6.0],"to":[9.0,1.0,-2.0],"rotation":{"origin":[8.0,0.0,-6.0],"axis":"y","angle":0.0},"faces":{"north":{"uv":[4.5,12.0,4.75,12.25],"texture":"#0"},"east":{"uv":[8.0,6.25,9.0,6.5],"texture":"#0"},"south":{"uv":[12.0,4.5,12.25,4.75],"texture":"#0"},"west":{"uv":[8.0,6.5,9.0,6.75],"texture":"#0"},"up":{"uv":[2.0,9.25,1.75,8.25],"texture":"#0"},"down":{"uv":[2.25,8.25,2.0,9.25],"texture":"#0"}}},{"from":[11.0,2.0,-6.0],"to":[12.0,3.0,-2.0],"rotation":{"origin":[11.0,2.0,-6.0],"axis":"y","angle":0.0},"faces":{"north":{"uv":[4.25,12.0,4.5,12.25],"texture":"#0"},"east":{"uv":[8.0,5.25,9.0,5.5],"texture":"#0"},"south":{"uv":[12.0,4.25,12.25,4.5],"texture":"#0"},"west":{"uv":[8.0,6.0,9.0,6.25],"texture":"#0"},"up":{"uv":[8.25,8.25,8.0,7.25],"texture":"#0"},"down":{"uv":[1.75,8.25,1.5,9.25],"texture":"#0"}}},{"from":[1.0,2.0,-6.0],"to":[2.0,3.0,-2.0],"rotation":{"origin":[1.0,2.0,-6.0],"axis":"y","angle":0.0},"faces":{"north":{"uv":[4.0,12.0,4.25,12.25],"texture":"#0"},"east":{"uv":[8.0,3.0,9.0,3.25],"texture":"#0"},"south":{"uv":[12.0,4.0,12.25,4.25],"texture":"#0"},"west":{"uv":[8.0,3.25,9.0,3.5],"texture":"#0"},"up":{"uv":[0.75,9.0,0.5,8.0],"texture":"#0"},"down":{"uv":[5.25,8.0,5.0,9.0],"texture":"#0"}}},{"from":[4.0,0.0,-6.0],"to":[5.0,1.0,-2.0],"rotation":{"origin":[4.0,0.0,-6.0],"axis":"y","angle":0.0},"faces":{"north":{"uv":[3.75,12.0,4.0,12.25],"texture":"#0"},"east":{"uv":[7.75,4.5,8.75,4.75],"texture":"#0"},"south":{"uv":[12.0,3.75,12.25,4.0],"texture":"#0"},"west":{"uv":[8.0,2.75,9.0,3.0],"texture":"#0"},"up":{"uv":[0.25,9.0,0.0,8.0],"texture":"#0"},"down":{"uv":[0.5,8.0,0.25,9.0],"texture":"#0"}}},{"from":[4.0,0.0,-13.0],"to":[5.0,1.0,-7.0],"rotation":{"origin":[4.0,0.0,-13.0],"axis":"y","angle":0.0},"faces":{"north":{"uv":[5.75,12.0,6.0,12.25],"texture":"#0"},"east":{"uv":[4.75,2.0,6.25,2.25],"texture":"#0"},"south":{"uv":[12.0,5.75,12.25,6.0],"texture":"#0"},"west":{"uv":[4.75,2.25,6.25,2.5],"texture":"#0"},"up":{"uv":[4.5,6.0,4.25,4.5],"texture":"#0"},"down":{"uv":[5.0,3.5,4.75,5.0],"texture":"#0"}}},{"from":[1.0,2.0,-13.0],"to":[2.0,3.0,-7.0],"rotation":{"origin":[1.0,2.0,-13.0],"axis":"y","angle":0.0},"faces":{"north":{"uv":[6.0,12.0,6.25,12.25],"texture":"#0"},"east":{"uv":[4.75,2.5,6.25,2.75],"texture":"#0"},"south":{"uv":[12.0,6.0,12.25,6.25],"texture":"#0"},"west":{"uv":[5.0,3.5,6.5,3.75],"texture":"#0"},"up":{"uv":[5.25,5.25,5.0,3.75],"texture":"#0"},"down":{"uv":[5.0,5.0,4.75,6.5],"texture":"#0"}}},{"from":[11.0,2.0,-13.0],"to":[12.0,3.0,-7.0],"rotation":{"origin":[11.0,2.0,-13.0],"axis":"y","angle":0.0},"faces":{"north":{"uv":[6.25,12.0,6.5,12.25],"texture":"#0"},"east":{"uv":[5.25,2.75,6.75,3.0],"texture":"#0"},"south":{"uv":[12.0,6.25,12.25,6.5],"texture":"#0"},"west":{"uv":[5.25,3.0,6.75,3.25],"texture":"#0"},"up":{"uv":[5.5,5.25,5.25,3.75],"texture":"#0"},"down":{"uv":[5.25,5.25,5.0,6.75],"texture":"#0"}}},{"from":[8.0,0.0,-13.0],"to":[9.0,1.0,-7.0],"rotation":{"origin":[8.0,0.0,-13.0],"axis":"y","angle":0.0},"faces":{"north":{"uv":[6.5,12.0,6.75,12.25],"texture":"#0"},"east":{"uv":[5.25,3.25,6.75,3.5],"texture":"#0"},"south":{"uv":[12.0,6.5,12.25,6.75],"texture":"#0"},"west":{"uv":[5.25,5.25,6.75,5.5],"texture":"#0"},"up":{"uv":[1.75,7.0,1.5,5.5],"texture":"#0"},"down":{"uv":[2.0,5.5,1.75,7.0],"texture":"#0"}}},{"from":[-1.0,5.0,-13.0],"to":[0.0,6.0,-7.0],"rotation":{"origin":[-1.0,5.0,-13.0],"axis":"y","angle":0.0},"faces":{"north":{"uv":[6.75,12.0,7.0,12.25],"texture":"#0"},"east":{"uv":[5.5,3.75,7.0,4.0],"texture":"#0"},"south":{"uv":[12.0,6.75,12.25,7.0],"texture":"#0"},"west":{"uv":[5.5,4.0,7.0,4.25],"texture":"#0"},"up":{"uv":[2.25,7.0,2.0,5.5],"texture":"#0"},"down":{"uv":[2.5,5.5,2.25,7.0],"texture":"#0"}}},{"from":[-1.0,9.0,-13.0],"to":[0.0,10.0,-7.0],"rotation":{"origin":[-1.0,9.0,-13.0],"axis":"y","angle":0.0},"faces":{"north":{"uv":[7.0,12.0,7.25,12.25],"texture":"#0"},"east":{"uv":[5.5,4.25,7.0,4.5],"texture":"#0"},"south":{"uv":[12.0,7.0,12.25,7.25],"texture":"#0"},"west":{"uv":[5.5,4.5,7.0,4.75],"texture":"#0"},"up":{"uv":[2.75,7.0,2.5,5.5],"texture":"#0"},"down":{"uv":[3.0,5.5,2.75,7.0],"texture":"#0"}}},{"from":[13.0,9.0,-13.0],"to":[14.0,10.0,-7.0],"rotation":{"origin":[13.0,9.0,-13.0],"axis":"y","angle":0.0},"faces":{"north":{"uv":[7.25,12.0,7.5,12.25],"texture":"#0"},"east":{"uv":[5.5,4.75,7.0,5.0],"texture":"#0"},"south":{"uv":[12.0,7.25,12.25,7.5],"texture":"#0"},"west":{"uv":[5.5,5.0,7.0,5.25],"texture":"#0"},"up":{"uv":[4.75,7.0,4.5,5.5],"texture":"#0"},"down":{"uv":[5.5,5.5,5.25,7.0],"texture":"#0"}}},{"from":[13.0,5.0,-13.0],"to":[14.0,6.0,-7.0],"rotation":{"origin":[13.0,5.0,-13.0],"axis":"y","angle":0.0},"faces":{"north":{"uv":[7.5,12.0,7.75,12.25],"texture":"#0"},"east":{"uv":[5.5,5.5,7.0,5.75],"texture":"#0"},"south":{"uv":[12.0,7.5,12.25,7.75],"texture":"#0"},"west":{"uv":[5.5,5.75,7.0,6.0],"texture":"#0"},"up":{"uv":[1.25,7.5,1.0,6.0],"texture":"#0"},"down":{"uv":[1.5,6.0,1.25,7.5],"texture":"#0"}}},{"from":[1.0,12.0,-6.0],"to":[2.0,13.0,-2.0],"rotation":{"origin":[1.0,12.0,-6.0],"axis":"y","angle":0.0},"faces":{"north":{"uv":[7.75,12.0,8.0,12.25],"texture":"#0"},"east":{"uv":[8.25,8.25,9.25,8.5],"texture":"#0"},"south":{"uv":[12.0,7.75,12.25,8.0],"texture":"#0"},"west":{"uv":[8.5,0.0,9.5,0.25],"texture":"#0"},"up":{"uv":[1.5,9.5,1.25,8.5],"texture":"#0"},"down":{"uv":[4.5,8.5,4.25,9.5],"texture":"#0"}}},{"from":[4.0,14.0,-6.0],"to":[5.0,15.0,-2.0],"rotation":{"origin":[4.0,14.0,-6.0],"axis":"y","angle":0.0},"faces":{"north":{"uv":[8.0,12.0,8.25,12.25],"texture":"#0"},"east":{"uv":[8.5,2.0,9.5,2.25],"texture":"#0"},"south":{"uv":[12.0,8.0,12.25,8.25],"texture":"#0"},"west":{"uv":[8.5,2.25,9.5,2.5],"texture":"#0"},"up":{"uv":[5.75,9.5,5.5,8.5],"texture":"#0"},"down":{"uv":[6.0,8.5,5.75,9.5],"texture":"#0"}}},{"from":[8.0,14.0,-6.0],"to":[9.0,15.0,-2.0],"rotation":{"origin":[8.0,14.0,-6.0],"axis":"y","angle":0.0},"faces":{"north":{"uv":[8.25,12.0,8.5,12.25],"texture":"#0"},"east":{"uv":[8.5,2.5,9.5,2.75],"texture":"#0"},"south":{"uv":[12.0,8.25,12.25,8.5],"texture":"#0"},"west":{"uv":[8.5,4.75,9.5,5.0],"texture":"#0"},"up":{"uv":[6.25,9.5,6.0,8.5],"texture":"#0"},"down":{"uv":[6.5,8.5,6.25,9.5],"texture":"#0"}}},{"from":[11.0,12.0,-6.0],"to":[12.0,13.0,-2.0],"rotation":{"origin":[11.0,12.0,-6.0],"axis":"y","angle":0.0},"faces":{"north":{"uv":[8.5,12.0,8.75,12.25],"texture":"#0"},"east":{"uv":[7.0,8.5,8.0,8.75],"texture":"#0"},"south":{"uv":[12.0,8.5,12.25,8.75],"texture":"#0"},"west":{"uv":[8.5,7.0,9.5,7.25],"texture":"#0"},"up":{"uv":[6.75,9.5,6.5,8.5],"texture":"#0"},"down":{"uv":[8.75,7.25,8.5,8.25],"texture":"#0"}}},{"from":[4.0,0.0,-1.0],"to":[5.0,1.0,3.0],"rotation":{"origin":[4.0,0.0,-1.0],"axis":"y","angle":0.0},"faces":{"north":{"uv":[10.75,12.0,11.0,12.25],"texture":"#0"},"east":{"uv":[9.0,3.0,10.0,3.25],"texture":"#0"},"south":{"uv":[12.0,10.75,12.25,11.0],"texture":"#0"},"west":{"uv":[9.0,3.25,10.0,3.5],"texture":"#0"},"up":{"uv":[0.75,10.0,0.5,9.0],"texture":"#0"},"down":{"uv":[5.25,9.0,5.0,10.0],"texture":"#0"}}},{"from":[1.0,2.0,-1.0],"to":[2.0,3.0,3.0],"rotation":{"origin":[1.0,2.0,-1.0],"axis":"y","angle":0.0},"faces":{"north":{"uv":[11.0,12.0,11.25,12.25],"texture":"#0"},"east":{"uv":[9.0,5.25,10.0,5.5],"texture":"#0"},"south":{"uv":[12.0,11.0,12.25,11.25],"texture":"#0"},"west":{"uv":[9.0,6.0,10.0,6.25],"texture":"#0"},"up":{"uv":[9.0,10.0,8.75,9.0],"texture":"#0"},"down":{"uv":[9.25,9.0,9.0,10.0],"texture":"#0"}}},{"from":[11.0,2.0,-1.0],"to":[12.0,3.0,3.0],"rotation":{"origin":[11.0,2.0,-1.0],"axis":"y","angle":0.0},"faces":{"north":{"uv":[11.25,12.0,11.5,12.25],"texture":"#0"},"east":{"uv":[9.0,6.25,10.0,6.5],"texture":"#0"},"south":{"uv":[12.0,11.25,12.25,11.5],"texture":"#0"},"west":{"uv":[9.0,6.5,10.0,6.75],"texture":"#0"},"up":{"uv":[1.75,10.25,1.5,9.25],"texture":"#0"},"down":{"uv":[2.0,9.25,1.75,10.25],"texture":"#0"}}},{"from":[8.0,0.0,-1.0],"to":[9.0,1.0,3.0],"rotation":{"origin":[8.0,0.0,-1.0],"axis":"y","angle":0.0},"faces":{"north":{"uv":[11.5,12.0,11.75,12.25],"texture":"#0"},"east":{"uv":[9.0,6.75,10.0,7.0],"texture":"#0"},"south":{"uv":[12.0,11.5,12.25,11.75],"texture":"#0"},"west":{"uv":[9.25,0.25,10.25,0.5],"texture":"#0"},"up":{"uv":[2.25,10.25,2.0,9.25],"texture":"#0"},"down":{"uv":[2.5,9.25,2.25,10.25],"texture":"#0"}}},{"from":[-1.0,5.0,-1.0],"to":[0.0,6.0,3.0],"rotation":{"origin":[-1.0,5.0,-1.0],"axis":"y","angle":0.0},"faces":{"north":{"uv":[11.75,12.0,12.0,12.25],"texture":"#0"},"east":{"uv":[9.25,0.5,10.25,0.75],"texture":"#0"},"south":{"uv":[12.0,11.75,12.25,12.0],"texture":"#0"},"west":{"uv":[9.25,0.75,10.25,1.0],"texture":"#0"},"up":{"uv":[2.75,10.25,2.5,9.25],"texture":"#0"},"down":{"uv":[3.0,9.25,2.75,10.25],"texture":"#0"}}},{"from":[-1.0,9.0,-1.0],"to":[0.0,10.0,3.0],"rotation":{"origin":[-1.0,9.0,-1.0],"axis":"y","angle":0.0},"faces":{"north":{"uv":[12.0,12.0,12.25,12.25],"texture":"#0"},"east":{"uv":[9.25,5.0,10.25,5.25],"texture":"#0"},"south":{"uv":[0.0,12.25,0.25,12.5],"texture":"#0"},"west":{"uv":[9.25,5.5,10.25,5.75],"texture":"#0"},"up":{"uv":[4.75,10.25,4.5,9.25],"texture":"#0"},"down":{"uv":[5.5,9.25,5.25,10.25],"texture":"#0"}}},{"from":[13.0,9.0,-1.0],"to":[14.0,10.0,3.0],"rotation":{"origin":[13.0,9.0,-1.0],"axis":"y","angle":0.0},"faces":{"north":{"uv":[12.25,0.0,12.5,0.25],"texture":"#0"},"east":{"uv":[9.25,5.75,10.25,6.0],"texture":"#0"},"south":{"uv":[0.25,12.25,0.5,12.5],"texture":"#0"},"west":{"uv":[9.25,8.25,10.25,8.5],"texture":"#0"},"up":{"uv":[7.0,10.25,6.75,9.25],"texture":"#0"},"down":{"uv":[8.25,9.25,8.0,10.25],"texture":"#0"}}},{"from":[13.0,5.0,-1.0],"to":[14.0,6.0,3.0],"rotation":{"origin":[13.0,5.0,-1.0],"axis":"y","angle":0.0},"faces":{"north":{"uv":[12.25,0.25,12.5,0.5],"texture":"#0"},"east":{"uv":[9.25,8.5,10.25,8.75],"texture":"#0"},"south":{"uv":[0.5,12.25,0.75,12.5],"texture":"#0"},"west":{"uv":[9.25,9.0,10.25,9.25],"texture":"#0"},"up":{"uv":[9.5,10.25,9.25,9.25],"texture":"#0"},"down":{"uv":[1.5,9.5,1.25,10.5],"texture":"#0"}}},{"from":[1.0,12.0,-1.0],"to":[2.0,13.0,3.0],"rotation":{"origin":[1.0,12.0,-1.0],"axis":"y","angle":0.0},"faces":{"north":{"uv":[12.25,0.5,12.5,0.75],"texture":"#0"},"east":{"uv":[9.5,0.0,10.5,0.25],"texture":"#0"},"south":{"uv":[0.75,12.25,1.0,12.5],"texture":"#0"},"west":{"uv":[9.5,2.0,10.5,2.25],"texture":"#0"},"up":{"uv":[4.5,10.5,4.25,9.5],"texture":"#0"},"down":{"uv":[5.75,9.5,5.5,10.5],"texture":"#0"}}},{"from":[4.0,14.0,-1.0],"to":[5.0,15.0,3.0],"rotation":{"origin":[4.0,14.0,-1.0],"axis":"y","angle":0.0},"faces":{"north":{"uv":[12.25,0.75,12.5,1.0],"texture":"#0"},"east":{"uv":[9.5,2.25,10.5,2.5],"texture":"#0"},"south":{"uv":[1.0,12.25,1.25,12.5],"texture":"#0"},"west":{"uv":[9.5,2.5,10.5,2.75],"texture":"#0"},"up":{"uv":[6.0,10.5,5.75,9.5],"texture":"#0"},"down":{"uv":[6.25,9.5,6.0,10.5],"texture":"#0"}}},{"from":[8.0,14.0,-1.0],"to":[9.0,15.0,3.0],"rotation":{"origin":[8.0,14.0,-1.0],"axis":"y","angle":0.0},"faces":{"north":{"uv":[12.25,1.0,12.5,1.25],"texture":"#0"},"east":{"uv":[9.5,4.75,10.5,5.0],"texture":"#0"},"south":{"uv":[1.25,12.25,1.5,12.5],"texture":"#0"},"west":{"uv":[9.5,7.0,10.5,7.25],"texture":"#0"},"up":{"uv":[6.5,10.5,6.25,9.5],"texture":"#0"},"down":{"uv":[6.75,9.5,6.5,10.5],"texture":"#0"}}},{"from":[11.0,12.0,-1.0],"to":[12.0,13.0,3.0],"rotation":{"origin":[11.0,12.0,-1.0],"axis":"y","angle":0.0},"faces":{"north":{"uv":[12.25,1.25,12.5,1.5],"texture":"#0"},"east":{"uv":[9.5,9.25,10.5,9.5],"texture":"#0"},"south":{"uv":[1.5,12.25,1.75,12.5],"texture":"#0"},"west":{"uv":[9.5,9.5,10.5,9.75],"texture":"#0"},"up":{"uv":[1.0,10.75,0.75,9.75],"texture":"#0"},"down":{"uv":[1.25,9.75,1.0,10.75],"texture":"#0"}}},{"from":[8.0,10.0,3.0],"to":[9.0,14.0,4.0],"rotation":{"origin":[8.0,10.0,3.0],"axis":"y","angle":0.0},"faces":{"north":{"uv":[9.75,1.0,10.0,2.0],"texture":"#0"},"east":{"uv":[3.0,9.75,3.25,10.75],"texture":"#0"},"south":{"uv":[3.25,9.75,3.5,10.75],"texture":"#0"},"west":{"uv":[3.5,9.75,3.75,10.75],"texture":"#0"},"up":{"uv":[12.5,1.75,12.25,1.5],"texture":"#0"},"down":{"uv":[2.0,12.25,1.75,12.5],"texture":"#0"}}},{"from":[4.0,10.0,3.0],"to":[5.0,14.0,4.0],"rotation":{"origin":[4.0,10.0,3.0],"axis":"y","angle":0.0},"faces":{"north":{"uv":[9.75,3.5,10.0,4.5],"texture":"#0"},"east":{"uv":[3.75,9.75,4.0,10.75],"texture":"#0"},"south":{"uv":[4.0,9.75,4.25,10.75],"texture":"#0"},"west":{"uv":[4.75,9.75,5.0,10.75],"texture":"#0"},"up":{"uv":[12.5,2.0,12.25,1.75],"texture":"#0"},"down":{"uv":[2.25,12.25,2.0,12.5],"texture":"#0"}}},{"from":[5.0,4.0,4.0],"to":[8.0,5.0,5.0],"rotation":{"origin":[5.0,4.0,4.0],"axis":"y","angle":0.0},"faces":{"north":{"uv":[3.25,10.75,4.0,11.0],"texture":"#0"},"east":{"uv":[12.25,2.0,12.5,2.25],"texture":"#0"},"south":{"uv":[10.75,4.5,11.5,4.75],"texture":"#0"},"west":{"uv":[2.25,12.25,2.5,12.5],"texture":"#0"},"up":{"uv":[6.25,11.0,5.5,10.75],"texture":"#0"},"down":{"uv":[11.5,7.25,10.75,7.5],"texture":"#0"}}},{"from":[5.0,10.0,4.0],"to":[8.0,11.0,5.0],"rotation":{"origin":[5.0,10.0,4.0],"axis":"y","angle":0.0},"faces":{"north":{"uv":[10.75,7.5,11.5,7.75],"texture":"#0"},"east":{"uv":[12.25,2.25,12.5,2.5],"texture":"#0"},"south":{"uv":[10.75,7.75,11.5,8.0],"texture":"#0"},"west":{"uv":[2.5,12.25,2.75,12.5],"texture":"#0"},"up":{"uv":[11.5,8.25,10.75,8.0],"texture":"#0"},"down":{"uv":[11.5,8.75,10.75,9.0],"texture":"#0"}}},{"from":[4.0,5.0,4.0],"to":[5.0,6.0,5.0],"rotation":{"origin":[4.0,5.0,4.0],"axis":"y","angle":0.0},"faces":{"north":{"uv":[12.25,2.5,12.5,2.75],"texture":"#0"},"east":{"uv":[2.75,12.25,3.0,12.5],"texture":"#0"},"south":{"uv":[12.25,2.75,12.5,3.0],"texture":"#0"},"west":{"uv":[3.0,12.25,3.25,12.5],"texture":"#0"},"up":{"uv":[12.5,3.25,12.25,3.0],"texture":"#0"},"down":{"uv":[3.5,12.25,3.25,12.5],"texture":"#0"}}},{"from":[3.0,6.0,4.0],"to":[4.0,9.0,5.0],"rotation":{"origin":[3.0,6.0,4.0],"axis":"y","angle":0.0},"faces":{"north":{"uv":[10.5,9.25,10.75,10.0],"texture":"#0"},"east":{"uv":[0.75,10.75,1.0,11.5],"texture":"#0"},"south":{"uv":[1.0,10.75,1.25,11.5],"texture":"#0"},"west":{"uv":[3.0,10.75,3.25,11.5],"texture":"#0"},"up":{"uv":[11.75,7.25,11.5,7.0],"texture":"#0"},"down":{"uv":[11.75,7.25,11.5,7.5],"texture":"#0"}}},{"from":[8.0,9.0,4.0],"to":[9.0,10.0,5.0],"rotation":{"origin":[8.0,9.0,4.0],"axis":"y","angle":0.0},"faces":{"north":{"uv":[12.25,4.0,12.5,4.25],"texture":"#0"},"east":{"uv":[4.25,12.25,4.5,12.5],"texture":"#0"},"south":{"uv":[12.25,4.25,12.5,4.5],"texture":"#0"},"west":{"uv":[4.5,12.25,4.75,12.5],"texture":"#0"},"up":{"uv":[12.5,4.75,12.25,4.5],"texture":"#0"},"down":{"uv":[5.0,12.25,4.75,12.5],"texture":"#0"}}},{"from":[8.0,5.0,4.0],"to":[9.0,6.0,5.0],"rotation":{"origin":[8.0,5.0,4.0],"axis":"y","angle":0.0},"faces":{"north":{"uv":[12.25,4.75,12.5,5.0],"texture":"#0"},"east":{"uv":[5.0,12.25,5.25,12.5],"texture":"#0"},"south":{"uv":[12.25,5.0,12.5,5.25],"texture":"#0"},"west":{"uv":[5.25,12.25,5.5,12.5],"texture":"#0"},"up":{"uv":[12.5,5.5,12.25,5.25],"texture":"#0"},"down":{"uv":[5.75,12.25,5.5,12.5],"texture":"#0"}}},{"from":[9.0,6.0,4.0],"to":[10.0,9.0,5.0],"rotation":{"origin":[9.0,6.0,4.0],"axis":"y","angle":0.0},"faces":{"north":{"uv":[4.0,10.75,4.25,11.5],"texture":"#0"},"east":{"uv":[4.75,10.75,5.0,11.5],"texture":"#0"},"south":{"uv":[6.25,10.75,6.5,11.5],"texture":"#0"},"west":{"uv":[8.25,10.75,8.5,11.5],"texture":"#0"},"up":{"uv":[12.5,5.75,12.25,5.5],"texture":"#0"},"down":{"uv":[6.0,12.25,5.75,12.5],"texture":"#0"}}},{"from":[4.0,6.0,8.0],"to":[5.0,9.0,18.0],"rotation":{"origin":[4.0,6.0,8.0],"axis":"y","angle":0.0},"faces":{"north":{"uv":[8.5,10.75,8.75,11.5],"texture":"#0"},"east":{"uv":[0.0,0.0,2.5,0.75],"texture":"#0"},"south":{"uv":[10.75,9.25,11.0,10.0],"texture":"#0"},"west":{"uv":[0.0,0.75,2.5,1.5],"texture":"#0"},"up":{"uv":[0.25,6.5,0.0,4.0],"texture":"#0"},"down":{"uv":[0.5,4.0,0.25,6.5],"texture":"#0"}}},{"from":[4.0,9.0,4.0],"to":[5.0,10.0,5.0],"rotation":{"origin":[4.0,9.0,4.0],"axis":"y","angle":0.0},"faces":{"north":{"uv":[12.25,5.75,12.5,6.0],"texture":"#0"},"east":{"uv":[6.0,12.25,6.25,12.5],"texture":"#0"},"south":{"uv":[12.25,6.0,12.5,6.25],"texture":"#0"},"west":{"uv":[6.25,12.25,6.5,12.5],"texture":"#0"},"up":{"uv":[12.5,6.5,12.25,6.25],"texture":"#0"},"down":{"uv":[6.75,12.25,6.5,12.5],"texture":"#0"}}},{"from":[5.0,9.0,8.0],"to":[8.0,10.0,18.0],"rotation":{"origin":[5.0,9.0,8.0],"axis":"y","angle":0.0},"faces":{"north":{"uv":[10.75,10.0,11.5,10.25],"texture":"#0"},"east":{"uv":[4.0,1.0,6.5,1.25],"texture":"#0"},"south":{"uv":[10.75,10.25,11.5,10.5],"texture":"#0"},"west":{"uv":[4.0,1.25,6.5,1.5],"texture":"#0"},"up":{"uv":[0.75,4.0,0.0,1.5],"texture":"#0"},"down":{"uv":[1.5,1.5,0.75,4.0],"texture":"#0"}}},{"from":[8.0,6.0,8.0],"to":[9.0,9.0,18.0],"rotation":{"origin":[8.0,6.0,8.0],"axis":"y","angle":0.0},"faces":{"north":{"uv":[10.75,10.5,11.0,11.25],"texture":"#0"},"east":{"uv":[1.5,1.5,4.0,2.25],"texture":"#0"},"south":{"uv":[0.0,11.0,0.25,11.75],"texture":"#0"},"west":{"uv":[1.5,2.25,4.0,3.0],"texture":"#0"},"up":{"uv":[0.75,6.5,0.5,4.0],"texture":"#0"},"down":{"uv":[1.0,4.0,0.75,6.5],"texture":"#0"}}},{"from":[5.0,5.0,8.0],"to":[8.0,6.0,18.0],"rotation":{"origin":[5.0,5.0,8.0],"axis":"y","angle":0.0},"faces":{"north":{"uv":[3.25,11.0,4.0,11.25],"texture":"#0"},"east":{"uv":[4.0,1.5,6.5,1.75],"texture":"#0"},"south":{"uv":[11.0,3.75,11.75,4.0],"texture":"#0"},"west":{"uv":[4.0,1.75,6.5,2.0],"texture":"#0"},"up":{"uv":[2.25,5.5,1.5,3.0],"texture":"#0"},"down":{"uv":[3.0,3.0,2.25,5.5],"texture":"#0"}}},{"from":[5.0,6.0,18.0],"to":[8.0,9.0,24.0],"rotation":{"origin":[5.0,6.0,18.0],"axis":"y","angle":0.0},"faces":{"north":{"uv":[4.0,2.0,4.75,2.75],"texture":"#0"},"east":{"uv":[2.5,0.0,4.0,0.75],"texture":"#0"},"south":{"uv":[4.5,2.75,5.25,3.5],"texture":"#0"},"west":{"uv":[2.5,0.75,4.0,1.5],"texture":"#0"},"up":{"uv":[3.75,4.5,3.0,3.0],"texture":"#0"},"down":{"uv":[4.5,3.0,3.75,4.5],"texture":"#0"}}},{"from":[2.0,11.0,3.0],"to":[3.0,12.0,4.0],"rotation":{"origin":[2.0,11.0,3.0],"axis":"y","angle":0.0},"faces":{"north":{"uv":[12.25,6.5,12.5,6.75],"texture":"#0"},"east":{"uv":[6.75,12.25,7.0,12.5],"texture":"#0"},"south":{"uv":[12.25,6.75,12.5,7.0],"texture":"#0"},"west":{"uv":[7.0,12.25,7.25,12.5],"texture":"#0"},"up":{"uv":[12.5,7.25,12.25,7.0],"texture":"#0"},"down":{"uv":[7.5,12.25,7.25,12.5],"texture":"#0"}}},{"from":[2.0,3.0,3.0],"to":[3.0,4.0,4.0],"rotation":{"origin":[2.0,3.0,3.0],"axis":"y","angle":0.0},"faces":{"north":{"uv":[12.25,7.25,12.5,7.5],"texture":"#0"},"east":{"uv":[7.5,12.25,7.75,12.5],"texture":"#0"},"south":{"uv":[12.25,7.5,12.5,7.75],"texture":"#0"},"west":{"uv":[7.75,12.25,8.0,12.5],"texture":"#0"},"up":{"uv":[12.5,8.0,12.25,7.75],"texture":"#0"},"down":{"uv":[8.25,12.25,8.0,12.5],"texture":"#0"}}},{"from":[10.0,3.0,3.0],"to":[11.0,4.0,4.0],"rotation":{"origin":[10.0,3.0,3.0],"axis":"y","angle":0.0},"faces":{"north":{"uv":[12.25,8.0,12.5,8.25],"texture":"#0"},"east":{"uv":[8.25,12.25,8.5,12.5],"texture":"#0"},"south":{"uv":[12.25,8.25,12.5,8.5],"texture":"#0"},"west":{"uv":[8.5,12.25,8.75,12.5],"texture":"#0"},"up":{"uv":[12.5,8.75,12.25,8.5],"texture":"#0"},"down":{"uv":[9.0,12.25,8.75,12.5],"texture":"#0"}}},{"from":[10.0,11.0,3.0],"to":[11.0,12.0,4.0],"rotation":{"origin":[10.0,11.0,3.0],"axis":"y","angle":0.0},"faces":{"north":{"uv":[12.25,8.75,12.5,9.0],"texture":"#0"},"east":{"uv":[9.0,12.25,9.25,12.5],"texture":"#0"},"south":{"uv":[12.25,9.0,12.5,9.25],"texture":"#0"},"west":{"uv":[9.25,12.25,9.5,12.5],"texture":"#0"},"up":{"uv":[12.5,9.5,12.25,9.25],"texture":"#0"},"down":{"uv":[9.75,12.25,9.5,12.5],"texture":"#0"}}},{"from":[3.0,4.0,4.0],"to":[4.0,5.0,5.0],"rotation":{"origin":[3.0,4.0,4.0],"axis":"y","angle":0.0},"faces":{"north":{"uv":[12.25,9.5,12.5,9.75],"texture":"#0"},"east":{"uv":[9.75,12.25,10.0,12.5],"texture":"#0"},"south":{"uv":[12.25,9.75,12.5,10.0],"texture":"#0"},"west":{"uv":[10.0,12.25,10.25,12.5],"texture":"#0"},"up":{"uv":[12.5,10.25,12.25,10.0],"texture":"#0"},"down":{"uv":[10.5,12.25,10.25,12.5],"texture":"#0"}}},{"from":[3.0,10.0,4.0],"to":[4.0,11.0,5.0],"rotation":{"origin":[3.0,10.0,4.0],"axis":"y","angle":0.0},"faces":{"north":{"uv":[12.25,10.25,12.5,10.5],"texture":"#0"},"east":{"uv":[10.5,12.25,10.75,12.5],"texture":"#0"},"south":{"uv":[12.25,10.5,12.5,10.75],"texture":"#0"},"west":{"uv":[10.75,12.25,11.0,12.5],"texture":"#0"},"up":{"uv":[12.5,11.0,12.25,10.75],"texture":"#0"},"down":{"uv":[11.25,12.25,11.0,12.5],"texture":"#0"}}},{"from":[9.0,10.0,4.0],"to":[10.0,11.0,5.0],"rotation":{"origin":[9.0,10.0,4.0],"axis":"y","angle":0.0},"faces":{"north":{"uv":[12.25,11.0,12.5,11.25],"texture":"#0"},"east":{"uv":[11.25,12.25,11.5,12.5],"texture":"#0"},"south":{"uv":[12.25,11.25,12.5,11.5],"texture":"#0"},"west":{"uv":[11.5,12.25,11.75,12.5],"texture":"#0"},"up":{"uv":[12.5,11.75,12.25,11.5],"texture":"#0"},"down":{"uv":[12.0,12.25,11.75,12.5],"texture":"#0"}}},{"from":[0.0,5.0,3.0],"to":[4.0,6.0,4.0],"rotation":{"origin":[0.0,5.0,3.0],"axis":"y","angle":0.0},"faces":{"north":{"uv":[9.75,4.5,10.75,4.75],"texture":"#0"},"east":{"uv":[12.25,11.75,12.5,12.0],"texture":"#0"},"south":{"uv":[7.0,9.75,8.0,10.0],"texture":"#0"},"west":{"uv":[12.0,12.25,12.25,12.5],"texture":"#0"},"up":{"uv":[10.75,7.5,9.75,7.25],"texture":"#0"},"down":{"uv":[10.75,7.5,9.75,7.75],"texture":"#0"}}},{"from":[0.0,9.0,3.0],"to":[4.0,10.0,4.0],"rotation":{"origin":[0.0,9.0,3.0],"axis":"y","angle":0.0},"faces":{"north":{"uv":[9.75,7.75,10.75,8.0],"texture":"#0"},"east":{"uv":[12.25,12.0,12.5,12.25],"texture":"#0"},"south":{"uv":[9.75,8.0,10.75,8.25],"texture":"#0"},"west":{"uv":[12.25,12.25,12.5,12.5],"texture":"#0"},"up":{"uv":[10.75,9.0,9.75,8.75],"texture":"#0"},"down":{"uv":[10.5,9.75,9.5,10.0],"texture":"#0"}}},{"from":[9.0,4.0,4.0],"to":[10.0,5.0,5.0],"rotation":{"origin":[9.0,4.0,4.0],"axis":"y","angle":0.0},"faces":{"north":{"uv":[0.0,12.5,0.25,12.75],"texture":"#0"},"east":{"uv":[12.5,0.0,12.75,0.25],"texture":"#0"},"south":{"uv":[0.25,12.5,0.5,12.75],"texture":"#0"},"west":{"uv":[12.5,0.25,12.75,0.5],"texture":"#0"},"up":{"uv":[0.75,12.75,0.5,12.5],"texture":"#0"},"down":{"uv":[12.75,0.5,12.5,0.75],"texture":"#0"}}},{"from":[8.0,1.0,3.0],"to":[9.0,5.0,4.0],"rotation":{"origin":[8.0,1.0,3.0],"axis":"y","angle":0.0},"faces":{"north":{"uv":[10.0,6.0,10.25,7.0],"texture":"#0"},"east":{"uv":[7.0,10.0,7.25,11.0],"texture":"#0"},"south":{"uv":[7.25,10.0,7.5,11.0],"texture":"#0"},"west":{"uv":[7.5,10.0,7.75,11.0],"texture":"#0"},"up":{"uv":[1.5,12.75,1.25,12.5],"texture":"#0"},"down":{"uv":[12.75,1.25,12.5,1.5],"texture":"#0"}}},{"from":[4.0,1.0,3.0],"to":[5.0,5.0,4.0],"rotation":{"origin":[4.0,1.0,3.0],"axis":"y","angle":0.0},"faces":{"north":{"uv":[7.75,10.0,8.0,11.0],"texture":"#0"},"east":{"uv":[8.75,10.0,9.0,11.0],"texture":"#0"},"south":{"uv":[9.0,10.0,9.25,11.0],"texture":"#0"},"west":{"uv":[9.5,10.0,9.75,11.0],"texture":"#0"},"up":{"uv":[1.75,12.75,1.5,12.5],"texture":"#0"},"down":{"uv":[12.75,1.5,12.5,1.75],"texture":"#0"}}},{"from":[9.0,9.0,3.0],"to":[13.0,10.0,4.0],"rotation":{"origin":[9.0,9.0,3.0],"axis":"y","angle":0.0},"faces":{"north":{"uv":[10.25,1.0,11.25,1.25],"texture":"#0"},"east":{"uv":[2.25,12.5,2.5,12.75],"texture":"#0"},"south":{"uv":[10.25,1.25,11.25,1.5],"texture":"#0"},"west":{"uv":[12.5,2.25,12.75,2.5],"texture":"#0"},"up":{"uv":[2.5,10.5,1.5,10.25],"texture":"#0"},"down":{"uv":[11.25,1.5,10.25,1.75],"texture":"#0"}}},{"from":[9.0,5.0,3.0],"to":[13.0,6.0,4.0],"rotation":{"origin":[9.0,5.0,3.0],"axis":"y","angle":0.0},"faces":{"north":{"uv":[10.25,1.75,11.25,2.0],"texture":"#0"},"east":{"uv":[2.5,12.5,2.75,12.75],"texture":"#0"},"south":{"uv":[10.25,2.75,11.25,3.0],"texture":"#0"},"west":{"uv":[12.5,2.5,12.75,2.75],"texture":"#0"},"up":{"uv":[11.25,3.25,10.25,3.0],"texture":"#0"},"down":{"uv":[11.25,3.25,10.25,3.5],"texture":"#0"}}},{"from":[4.0,5.0,5.0],"to":[5.0,6.0,9.0],"rotation":{"origin":[4.0,5.0,5.0],"axis":"y","angle":0.0},"faces":{"north":{"uv":[2.75,12.5,3.0,12.75],"texture":"#0"},"east":{"uv":[10.25,3.5,11.25,3.75],"texture":"#0"},"south":{"uv":[12.5,2.75,12.75,3.0],"texture":"#0"},"west":{"uv":[10.25,5.0,11.25,5.25],"texture":"#0"},"up":{"uv":[2.75,11.25,2.5,10.25],"texture":"#0"},"down":{"uv":[3.0,10.25,2.75,11.25],"texture":"#0"}}},{"from":[4.0,9.0,5.0],"to":[5.0,10.0,9.0],"rotation":{"origin":[4.0,9.0,5.0],"axis":"y","angle":0.0},"faces":{"north":{"uv":[3.0,12.5,3.25,12.75],"texture":"#0"},"east":{"uv":[10.25,5.5,11.25,5.75],"texture":"#0"},"south":{"uv":[12.5,3.0,12.75,3.25],"texture":"#0"},"west":{"uv":[10.25,5.75,11.25,6.0],"texture":"#0"},"up":{"uv":[4.75,11.25,4.5,10.25],"texture":"#0"},"down":{"uv":[5.5,10.25,5.25,11.25],"texture":"#0"}}},{"from":[8.0,9.0,5.0],"to":[9.0,10.0,9.0],"rotation":{"origin":[8.0,9.0,5.0],"axis":"y","angle":0.0},"faces":{"north":{"uv":[3.25,12.5,3.5,12.75],"texture":"#0"},"east":{"uv":[10.25,6.0,11.25,6.25],"texture":"#0"},"south":{"uv":[12.5,3.25,12.75,3.5],"texture":"#0"},"west":{"uv":[10.25,6.25,11.25,6.5],"texture":"#0"},"up":{"uv":[7.0,11.25,6.75,10.25],"texture":"#0"},"down":{"uv":[8.25,10.25,8.0,11.25],"texture":"#0"}}},{"from":[8.0,5.0,5.0],"to":[9.0,6.0,9.0],"rotation":{"origin":[8.0,5.0,5.0],"axis":"y","angle":0.0},"faces":{"north":{"uv":[3.5,12.5,3.75,12.75],"texture":"#0"},"east":{"uv":[10.25,6.5,11.25,6.75],"texture":"#0"},"south":{"uv":[12.5,3.5,12.75,3.75],"texture":"#0"},"west":{"uv":[10.25,6.75,11.25,7.0],"texture":"#0"},"up":{"uv":[9.5,11.25,9.25,10.25],"texture":"#0"},"down":{"uv":[10.0,10.25,9.75,11.25],"texture":"#0"}}},{"from":[6.0,6.0,24.0],"to":[7.0,7.0,28.0],"rotation":{"origin":[6.0,6.0,24.0],"axis":"y","angle":0.0},"faces":{"north":{"uv":[3.75,12.5,4.0,12.75],"texture":"#0"},"east":{"uv":[10.25,8.25,11.25,8.5],"texture":"#0"},"south":{"uv":[12.5,3.75,12.75,4.0],"texture":"#0"},"west":{"uv":[10.25,8.5,11.25,8.75],"texture":"#0"},"up":{"uv":[10.25,11.25,10.0,10.25],"texture":"#0"},"down":{"uv":[10.5,10.25,10.25,11.25],"texture":"#0"}}},{"from":[7.0,7.0,24.0],"to":[8.0,8.0,28.0],"rotation":{"origin":[7.0,7.0,24.0],"axis":"y","angle":0.0},"faces":{"north":{"uv":[4.0,12.5,4.25,12.75],"texture":"#0"},"east":{"uv":[10.25,9.0,11.25,9.25],"texture":"#0"},"south":{"uv":[12.5,4.0,12.75,4.25],"texture":"#0"},"west":{"uv":[10.5,0.0,11.5,0.25],"texture":"#0"},"up":{"uv":[1.5,11.5,1.25,10.5],"texture":"#0"},"down":{"uv":[1.75,10.5,1.5,11.5],"texture":"#0"}}},{"from":[6.0,7.0,24.0],"to":[7.0,8.0,28.0],"rotation":{"origin":[6.0,7.0,24.0],"axis":"y","angle":0.0},"faces":{"north":{"uv":[4.25,12.5,4.5,12.75],"texture":"#0"},"east":{"uv":[10.5,2.0,11.5,2.25],"texture":"#0"},"south":{"uv":[12.5,4.25,12.75,4.5],"texture":"#0"},"west":{"uv":[10.5,2.25,11.5,2.5],"texture":"#0"},"up":{"uv":[2.0,11.5,1.75,10.5],"texture":"#0"},"down":{"uv":[2.25,10.5,2.0,11.5],"texture":"#0"}}},{"from":[5.0,7.0,24.0],"to":[6.0,8.0,28.0],"rotation":{"origin":[5.0,7.0,24.0],"axis":"y","angle":0.0},"faces":{"north":{"uv":[4.5,12.5,4.75,12.75],"texture":"#0"},"east":{"uv":[10.5,2.5,11.5,2.75],"texture":"#0"},"south":{"uv":[12.5,4.5,12.75,4.75],"texture":"#0"},"west":{"uv":[10.5,4.75,11.5,5.0],"texture":"#0"},"up":{"uv":[2.5,11.5,2.25,10.5],"texture":"#0"},"down":{"uv":[4.5,10.5,4.25,11.5],"texture":"#0"}}},{"from":[6.0,8.0,24.0],"to":[7.0,9.0,28.0],"rotation":{"origin":[6.0,8.0,24.0],"axis":"y","angle":0.0},"faces":{"north":{"uv":[4.75,12.5,5.0,12.75],"texture":"#0"},"east":{"uv":[5.5,10.5,6.5,10.75],"texture":"#0"},"south":{"uv":[12.5,4.75,12.75,5.0],"texture":"#0"},"west":{"uv":[10.5,7.0,11.5,7.25],"texture":"#0"},"up":{"uv":[6.75,11.5,6.5,10.5],"texture":"#0"},"down":{"uv":[10.75,10.25,10.5,11.25],"texture":"#0"}}},{"from":[8.0,1.0,-14.0],"to":[9.0,9.0,-13.0],"rotation":{"origin":[8.0,1.0,-14.0],"axis":"y","angle":0.0},"faces":{"north":{"uv":[1.0,4.0,1.25,6.0],"texture":"#0"},"east":{"uv":[1.25,4.0,1.5,6.0],"texture":"#0"},"south":{"uv":[3.0,4.5,3.25,6.5],"texture":"#0"},"west":{"uv":[3.25,4.5,3.5,6.5],"texture":"#0"},"up":{"uv":[5.25,12.75,5.0,12.5],"texture":"#0"},"down":{"uv":[12.75,5.0,12.5,5.25],"texture":"#0"}}},{"from":[4.0,1.0,-14.0],"to":[5.0,9.0,-13.0],"rotation":{"origin":[4.0,1.0,-14.0],"axis":"y","angle":0.0},"faces":{"north":{"uv":[3.5,4.5,3.75,6.5],"texture":"#0"},"east":{"uv":[4.5,3.5,4.75,5.5],"texture":"#0"},"south":{"uv":[3.75,4.5,4.0,6.5],"texture":"#0"},"west":{"uv":[4.0,4.5,4.25,6.5],"texture":"#0"},"up":{"uv":[5.5,12.75,5.25,12.5],"texture":"#0"},"down":{"uv":[12.75,5.25,12.5,5.5],"texture":"#0"}}},{"from":[11.0,3.0,-14.0],"to":[12.0,9.0,-13.0],"rotation":{"origin":[11.0,3.0,-14.0],"axis":"y","angle":0.0},"faces":{"north":{"uv":[4.25,6.0,4.5,7.5],"texture":"#0"},"east":{"uv":[5.5,6.0,5.75,7.5],"texture":"#0"},"south":{"uv":[5.75,6.0,6.0,7.5],"texture":"#0"},"west":{"uv":[6.0,6.0,6.25,7.5],"texture":"#0"},"up":{"uv":[5.75,12.75,5.5,12.5],"texture":"#0"},"down":{"uv":[12.75,5.5,12.5,5.75],"texture":"#0"}}},{"from":[1.0,3.0,-14.0],"to":[2.0,9.0,-13.0],"rotation":{"origin":[1.0,3.0,-14.0],"axis":"y","angle":0.0},"faces":{"north":{"uv":[6.25,6.0,6.5,7.5],"texture":"#0"},"east":{"uv":[0.0,6.5,0.25,8.0],"texture":"#0"},"south":{"uv":[0.25,6.5,0.5,8.0],"texture":"#0"},"west":{"uv":[0.5,6.5,0.75,8.0],"texture":"#0"},"up":{"uv":[6.0,12.75,5.75,12.5],"texture":"#0"},"down":{"uv":[12.75,5.75,12.5,6.0],"texture":"#0"}}},{"from":[0.0,9.0,-14.0],"to":[13.0,10.0,-13.0],"rotation":{"origin":[0.0,9.0,-14.0],"axis":"y","angle":0.0},"faces":{"north":{"uv":[4.0,0.0,7.25,0.25],"texture":"#0"},"east":{"uv":[6.0,12.5,6.25,12.75],"texture":"#0"},"south":{"uv":[4.0,0.25,7.25,0.5],"texture":"#0"},"west":{"uv":[12.5,6.0,12.75,6.25],"texture":"#0"},"up":{"uv":[7.25,0.75,4.0,0.5],"texture":"#0"},"down":{"uv":[7.25,0.75,4.0,1.0],"texture":"#0"}}},{"from":[5.0,6.0,7.0],"to":[8.0,9.0,8.0],"rotation":{"origin":[5.0,6.0,7.0],"axis":"y","angle":0.0},"faces":{"north":{"uv":[4.0,2.0,4.75,2.75],"texture":"#0"},"east":{"uv":[2.5,0.0,4.0,0.75],"texture":"#0"},"south":{"uv":[4.5,2.75,5.25,3.5],"texture":"#0"},"west":{"uv":[2.5,0.75,4.0,1.5],"texture":"#0"},"up":{"uv":[3.75,4.5,3.0,3.0],"texture":"#0"},"down":{"uv":[4.5,3.0,3.75,4.5],"texture":"#0"}}}],"textures":{"0":"infinitecrops:3649a7e2-f440-4697-867a-e0f9404480c7"}}