{"parent":"infinitecrops:1e75fd25-bf43-41d1-a763-6d8b8a99e1b3","display":{"thirdperson_righthand":{"translation":[0.0,1.75,-0.5],"scale":[0.7,0.7,0.7]},"thirdperson_lefthand":{"translation":[0.0,1.75,-0.5],"scale":[0.7,0.7,0.7]},"firstperson_righthand":{"translation":[4.0,3.5,0.0],"scale":[0.6,0.6,0.6]},"firstperson_lefthand":{"translation":[4.0,3.5,0.0],"scale":[0.6,0.6,0.6]},"ground":{"translation":[0.0,3.0,0.0],"scale":[0.7,0.7,0.7]}},"textures":{"0":"infinitecrops:e3f071be-fe97-4de2-8227-df1f7227fb77"}}