{"display":{"thirdperson_righthand":{"rotation":[90.0,80.0,0.0],"translation":[-0.25,2.5,4.25],"scale":[0.5,0.5,0.5]},"thirdperson_lefthand":{"rotation":[-90.0,100.0,0.0],"translation":[-0.25,2.25,-3.25],"scale":[0.5,0.5,0.5]},"firstperson_righthand":{"rotation":[0.0,90.0,0.0],"translation":[0.0,6.0,1.0],"scale":[0.5,0.5,0.5]},"firstperson_lefthand":{"rotation":[0.0,-90.0,0.0],"translation":[0.0,5.75,1.25],"scale":[0.5,0.5,0.5]},"ground":{"translation":[0.0,1.75,0.0],"scale":[0.5,0.5,0.5]},"gui":{"rotation":[90.0,90.0,0.0],"translation":[0.25,0.0,0.0]},"head":{"rotation":[0.0,90.0,0.0],"translation":[0.0,13.25,0.0]},"fixed":{"rotation":[90.0,90.0,0.0],"translation":[0.5,0.75,6.25]}},"elements":[{"from":[11.0,0.0,7.0],"to":[12.0,1.0,8.0],"rotation":{"origin":[11.0,0.0,7.0],"axis":"y","angle":0.0},"faces":{"north":{"uv":[5.0,1.5,5.5,2.0],"texture":"#0"},"east":{"uv":[2.0,5.0,2.5,5.5],"texture":"#0"},"south":{"uv":[2.5,5.0,3.0,5.5],"texture":"#0"},"west":{"uv":[5.0,2.5,5.5,3.0],"texture":"#0"},"up":{"uv":[3.5,5.5,3.0,5.0],"texture":"#0"},"down":{"uv":[4.5,5.0,4.0,5.5],"texture":"#0"}}},{"from":[9.0,0.0,7.0],"to":[11.0,1.0,8.0],"rotation":{"origin":[9.0,0.0,7.0],"axis":"y","angle":0.0},"faces":{"north":{"uv":[4.5,2.0,5.5,2.5],"texture":"#0"},"east":{"uv":[7.5,7.0,8.0,7.5],"texture":"#0"},"south":{"uv":[2.5,4.5,3.5,5.0],"texture":"#0"},"west":{"uv":[7.5,7.5,8.0,8.0],"texture":"#0"},"up":{"uv":[5.5,3.5,4.5,3.0],"texture":"#0"},"down":{"uv":[5.5,3.5,4.5,4.0],"texture":"#0"}}},{"from":[8.0,0.0,4.0],"to":[9.0,1.0,6.0],"rotation":{"origin":[8.0,0.0,5.0],"axis":"y","angle":0.0},"faces":{"north":{"uv":[7.5,6.5,8.0,7.0],"texture":"#0"},"east":{"uv":[4.5,0.5,5.5,1.0],"texture":"#0"},"south":{"uv":[7.0,7.5,7.5,8.0],"texture":"#0"},"west":{"uv":[4.5,1.0,5.5,1.5],"texture":"#0"},"up":{"uv":[0.5,5.5,0.0,4.5],"texture":"#0"},"down":{"uv":[2.0,4.5,1.5,5.5],"texture":"#0"}}},{"from":[7.0,0.0,5.0],"to":[8.0,1.0,7.0],"rotation":{"origin":[7.0,0.0,5.0],"axis":"y","angle":0.0},"faces":{"north":{"uv":[5.5,1.0,6.0,1.5],"texture":"#0"},"east":{"uv":[0.0,2.0,1.0,2.5],"texture":"#0"},"south":{"uv":[1.5,5.5,2.0,6.0],"texture":"#0"},"west":{"uv":[1.0,2.0,2.0,2.5],"texture":"#0"},"up":{"uv":[2.5,3.0,2.0,2.0],"texture":"#0"},"down":{"uv":[0.5,2.5,0.0,3.5],"texture":"#0"}}},{"from":[12.0,0.0,8.0],"to":[13.0,1.0,9.0],"rotation":{"origin":[12.0,0.0,8.0],"axis":"y","angle":0.0},"faces":{"north":{"uv":[4.5,5.0,5.0,5.5],"texture":"#0"},"east":{"uv":[5.0,5.0,5.5,5.5],"texture":"#0"},"south":{"uv":[0.0,5.5,0.5,6.0],"texture":"#0"},"west":{"uv":[5.5,0.0,6.0,0.5],"texture":"#0"},"up":{"uv":[6.0,1.0,5.5,0.5],"texture":"#0"},"down":{"uv":[1.5,5.5,1.0,6.0],"texture":"#0"}}},{"from":[6.0,0.0,6.0],"to":[7.0,1.0,7.0],"rotation":{"origin":[6.0,0.0,6.0],"axis":"y","angle":0.0},"faces":{"north":{"uv":[5.5,1.5,6.0,2.0],"texture":"#0"},"east":{"uv":[2.0,5.5,2.5,6.0],"texture":"#0"},"south":{"uv":[5.5,2.0,6.0,2.5],"texture":"#0"},"west":{"uv":[2.5,5.5,3.0,6.0],"texture":"#0"},"up":{"uv":[6.0,3.0,5.5,2.5],"texture":"#0"},"down":{"uv":[3.5,5.5,3.0,6.0],"texture":"#0"}}},{"from":[5.0,0.0,6.0],"to":[6.0,1.0,7.0],"rotation":{"origin":[5.0,0.0,6.0],"axis":"y","angle":0.0},"faces":{"north":{"uv":[5.5,3.0,6.0,3.5],"texture":"#0"},"east":{"uv":[3.5,5.5,4.0,6.0],"texture":"#0"},"south":{"uv":[5.5,3.5,6.0,4.0],"texture":"#0"},"west":{"uv":[4.0,5.5,4.5,6.0],"texture":"#0"},"up":{"uv":[6.0,4.5,5.5,4.0],"texture":"#0"},"down":{"uv":[5.0,5.5,4.5,6.0],"texture":"#0"}}},{"from":[4.0,0.0,6.0],"to":[5.0,1.0,7.0],"rotation":{"origin":[4.0,0.0,6.0],"axis":"y","angle":0.0},"faces":{"north":{"uv":[5.5,4.5,6.0,5.0],"texture":"#0"},"east":{"uv":[5.0,5.5,5.5,6.0],"texture":"#0"},"south":{"uv":[5.5,5.0,6.0,5.5],"texture":"#0"},"west":{"uv":[5.5,5.5,6.0,6.0],"texture":"#0"},"up":{"uv":[0.5,6.5,0.0,6.0],"texture":"#0"},"down":{"uv":[6.5,0.0,6.0,0.5],"texture":"#0"}}},{"from":[3.0,0.0,6.0],"to":[4.0,1.0,7.0],"rotation":{"origin":[3.0,0.0,6.0],"axis":"y","angle":0.0},"faces":{"north":{"uv":[0.5,6.0,1.0,6.5],"texture":"#0"},"east":{"uv":[6.0,0.5,6.5,1.0],"texture":"#0"},"south":{"uv":[1.0,6.0,1.5,6.5],"texture":"#0"},"west":{"uv":[6.0,1.0,6.5,1.5],"texture":"#0"},"up":{"uv":[2.0,6.5,1.5,6.0],"texture":"#0"},"down":{"uv":[6.5,1.5,6.0,2.0],"texture":"#0"}}},{"from":[2.0,0.0,6.0],"to":[3.0,1.0,7.0],"rotation":{"origin":[2.0,0.0,6.0],"axis":"y","angle":0.0},"faces":{"north":{"uv":[2.0,6.0,2.5,6.5],"texture":"#0"},"east":{"uv":[6.0,2.0,6.5,2.5],"texture":"#0"},"south":{"uv":[2.5,6.0,3.0,6.5],"texture":"#0"},"west":{"uv":[6.0,2.5,6.5,3.0],"texture":"#0"},"up":{"uv":[3.5,6.5,3.0,6.0],"texture":"#0"},"down":{"uv":[6.5,3.0,6.0,3.5],"texture":"#0"}}},{"from":[10.0,0.0,3.0],"to":[11.0,1.0,4.0],"rotation":{"origin":[10.0,0.0,3.0],"axis":"y","angle":0.0},"faces":{"north":{"uv":[3.5,8.0,4.0,8.5],"texture":"#0"},"east":{"uv":[8.0,3.5,8.5,4.0],"texture":"#0"},"south":{"uv":[4.0,8.0,4.5,8.5],"texture":"#0"},"west":{"uv":[8.0,4.0,8.5,4.5],"texture":"#0"},"up":{"uv":[5.0,8.5,4.5,8.0],"texture":"#0"},"down":{"uv":[8.5,4.5,8.0,5.0],"texture":"#0"}}},{"from":[13.0,0.0,3.0],"to":[14.0,1.0,4.0],"rotation":{"origin":[13.0,0.0,3.0],"axis":"y","angle":0.0},"faces":{"north":{"uv":[5.0,8.0,5.5,8.5],"texture":"#0"},"east":{"uv":[8.0,5.0,8.5,5.5],"texture":"#0"},"south":{"uv":[5.5,8.0,6.0,8.5],"texture":"#0"},"west":{"uv":[8.0,5.5,8.5,6.0],"texture":"#0"},"up":{"uv":[6.5,8.5,6.0,8.0],"texture":"#0"},"down":{"uv":[8.5,6.0,8.0,6.5],"texture":"#0"}}},{"from":[13.0,0.0,8.0],"to":[14.0,1.0,9.0],"rotation":{"origin":[13.0,0.0,8.0],"axis":"y","angle":0.0},"faces":{"north":{"uv":[1.5,8.0,2.0,8.5],"texture":"#0"},"east":{"uv":[8.0,1.5,8.5,2.0],"texture":"#0"},"south":{"uv":[2.0,8.0,2.5,8.5],"texture":"#0"},"west":{"uv":[8.0,2.0,8.5,2.5],"texture":"#0"},"up":{"uv":[3.0,8.5,2.5,8.0],"texture":"#0"},"down":{"uv":[8.5,2.5,8.0,3.0],"texture":"#0"}}},{"from":[11.0,0.0,8.0],"to":[12.0,1.0,9.0],"rotation":{"origin":[11.0,0.0,8.0],"axis":"y","angle":0.0},"faces":{"north":{"uv":[0.0,8.0,0.5,8.5],"texture":"#0"},"east":{"uv":[8.0,0.0,8.5,0.5],"texture":"#0"},"south":{"uv":[0.5,8.0,1.0,8.5],"texture":"#0"},"west":{"uv":[8.0,0.5,8.5,1.0],"texture":"#0"},"up":{"uv":[1.5,8.5,1.0,8.0],"texture":"#0"},"down":{"uv":[8.5,1.0,8.0,1.5],"texture":"#0"}}},{"from":[8.0,0.0,8.0],"to":[11.0,1.0,9.0],"rotation":{"origin":[8.0,0.0,8.0],"axis":"y","angle":0.0},"faces":{"north":{"uv":[0.0,0.0,1.5,0.5],"texture":"#0"},"east":{"uv":[5.0,0.0,5.5,0.5],"texture":"#0"},"south":{"uv":[0.0,0.5,1.5,1.0],"texture":"#0"},"west":{"uv":[1.0,5.0,1.5,5.5],"texture":"#0"},"up":{"uv":[1.5,1.5,0.0,1.0],"texture":"#0"},"down":{"uv":[1.5,1.5,0.0,2.0],"texture":"#0"}}},{"from":[9.0,0.0,4.0],"to":[10.0,1.0,6.0],"rotation":{"origin":[9.0,0.0,4.0],"axis":"y","angle":0.0},"faces":{"north":{"uv":[3.5,6.0,4.0,6.5],"texture":"#0"},"east":{"uv":[0.5,2.5,1.5,3.0],"texture":"#0"},"south":{"uv":[6.0,3.5,6.5,4.0],"texture":"#0"},"west":{"uv":[2.5,2.0,3.5,2.5],"texture":"#0"},"up":{"uv":[2.0,3.5,1.5,2.5],"texture":"#0"},"down":{"uv":[3.0,2.5,2.5,3.5],"texture":"#0"}}},{"from":[10.0,0.0,4.0],"to":[11.0,1.0,6.0],"rotation":{"origin":[10.0,0.0,4.0],"axis":"y","angle":0.0},"faces":{"north":{"uv":[3.0,8.0,3.5,8.5],"texture":"#0"},"east":{"uv":[4.5,4.0,5.5,4.5],"texture":"#0"},"south":{"uv":[8.0,3.0,8.5,3.5],"texture":"#0"},"west":{"uv":[4.5,4.5,5.5,5.0],"texture":"#0"},"up":{"uv":[4.0,5.5,3.5,4.5],"texture":"#0"},"down":{"uv":[1.0,5.0,0.5,6.0],"texture":"#0"}}},{"from":[11.0,0.0,3.0],"to":[12.0,1.0,4.0],"rotation":{"origin":[11.0,0.0,3.0],"axis":"y","angle":0.0},"faces":{"north":{"uv":[4.0,6.0,4.5,6.5],"texture":"#0"},"east":{"uv":[6.0,4.0,6.5,4.5],"texture":"#0"},"south":{"uv":[4.5,6.0,5.0,6.5],"texture":"#0"},"west":{"uv":[6.0,4.5,6.5,5.0],"texture":"#0"},"up":{"uv":[5.5,6.5,5.0,6.0],"texture":"#0"},"down":{"uv":[6.5,5.0,6.0,5.5],"texture":"#0"}}},{"from":[4.0,0.0,10.0],"to":[5.0,1.0,12.0],"rotation":{"origin":[4.0,0.0,10.0],"axis":"y","angle":0.0},"faces":{"north":{"uv":[5.5,6.0,6.0,6.5],"texture":"#0"},"east":{"uv":[3.0,0.0,4.0,0.5],"texture":"#0"},"south":{"uv":[6.0,5.5,6.5,6.0],"texture":"#0"},"west":{"uv":[0.5,3.0,1.5,3.5],"texture":"#0"},"up":{"uv":[3.5,1.5,3.0,0.5],"texture":"#0"},"down":{"uv":[2.5,3.0,2.0,4.0],"texture":"#0"}}},{"from":[5.0,0.0,9.0],"to":[6.0,1.0,10.0],"rotation":{"origin":[5.0,0.0,9.0],"axis":"y","angle":0.0},"faces":{"north":{"uv":[6.0,6.0,6.5,6.5],"texture":"#0"},"east":{"uv":[0.0,6.5,0.5,7.0],"texture":"#0"},"south":{"uv":[6.5,0.0,7.0,0.5],"texture":"#0"},"west":{"uv":[0.5,6.5,1.0,7.0],"texture":"#0"},"up":{"uv":[7.0,1.0,6.5,0.5],"texture":"#0"},"down":{"uv":[1.5,6.5,1.0,7.0],"texture":"#0"}}},{"from":[6.0,0.0,7.0],"to":[7.0,1.0,8.0],"rotation":{"origin":[6.0,0.0,7.0],"axis":"y","angle":0.0},"faces":{"north":{"uv":[6.5,1.0,7.0,1.5],"texture":"#0"},"east":{"uv":[1.5,6.5,2.0,7.0],"texture":"#0"},"south":{"uv":[6.5,1.5,7.0,2.0],"texture":"#0"},"west":{"uv":[2.0,6.5,2.5,7.0],"texture":"#0"},"up":{"uv":[7.0,2.5,6.5,2.0],"texture":"#0"},"down":{"uv":[3.0,6.5,2.5,7.0],"texture":"#0"}}},{"from":[5.0,0.0,7.0],"to":[6.0,1.0,8.0],"rotation":{"origin":[5.0,0.0,7.0],"axis":"y","angle":0.0},"faces":{"north":{"uv":[6.5,2.5,7.0,3.0],"texture":"#0"},"east":{"uv":[3.0,6.5,3.5,7.0],"texture":"#0"},"south":{"uv":[6.5,3.0,7.0,3.5],"texture":"#0"},"west":{"uv":[3.5,6.5,4.0,7.0],"texture":"#0"},"up":{"uv":[7.0,4.0,6.5,3.5],"texture":"#0"},"down":{"uv":[4.5,6.5,4.0,7.0],"texture":"#0"}}},{"from":[4.0,0.0,7.0],"to":[5.0,1.0,8.0],"rotation":{"origin":[4.0,0.0,7.0],"axis":"y","angle":0.0},"faces":{"north":{"uv":[6.5,4.0,7.0,4.5],"texture":"#0"},"east":{"uv":[4.5,6.5,5.0,7.0],"texture":"#0"},"south":{"uv":[6.5,4.5,7.0,5.0],"texture":"#0"},"west":{"uv":[5.0,6.5,5.5,7.0],"texture":"#0"},"up":{"uv":[7.0,5.5,6.5,5.0],"texture":"#0"},"down":{"uv":[6.0,6.5,5.5,7.0],"texture":"#0"}}},{"from":[3.0,0.0,7.0],"to":[4.0,1.0,8.0],"rotation":{"origin":[3.0,0.0,7.0],"axis":"y","angle":0.0},"faces":{"north":{"uv":[6.5,5.5,7.0,6.0],"texture":"#0"},"east":{"uv":[6.0,6.5,6.5,7.0],"texture":"#0"},"south":{"uv":[6.5,6.0,7.0,6.5],"texture":"#0"},"west":{"uv":[6.5,6.5,7.0,7.0],"texture":"#0"},"up":{"uv":[0.5,7.5,0.0,7.0],"texture":"#0"},"down":{"uv":[7.5,0.0,7.0,0.5],"texture":"#0"}}},{"from":[2.0,0.0,7.0],"to":[3.0,1.0,8.0],"rotation":{"origin":[2.0,0.0,7.0],"axis":"y","angle":0.0},"faces":{"north":{"uv":[0.5,7.0,1.0,7.5],"texture":"#0"},"east":{"uv":[7.0,0.5,7.5,1.0],"texture":"#0"},"south":{"uv":[1.0,7.0,1.5,7.5],"texture":"#0"},"west":{"uv":[7.0,1.0,7.5,1.5],"texture":"#0"},"up":{"uv":[2.0,7.5,1.5,7.0],"texture":"#0"},"down":{"uv":[7.5,1.5,7.0,2.0],"texture":"#0"}}},{"from":[7.0,0.0,7.0],"to":[8.0,1.0,9.0],"rotation":{"origin":[7.0,0.0,7.0],"axis":"y","angle":0.0},"faces":{"north":{"uv":[7.5,6.0,8.0,6.5],"texture":"#0"},"east":{"uv":[4.0,2.5,5.0,3.0],"texture":"#0"},"south":{"uv":[6.5,7.5,7.0,8.0],"texture":"#0"},"west":{"uv":[3.0,4.0,4.0,4.5],"texture":"#0"},"up":{"uv":[4.5,4.0,4.0,3.0],"texture":"#0"},"down":{"uv":[4.5,4.0,4.0,5.0],"texture":"#0"}}},{"from":[8.0,0.0,9.0],"to":[11.0,1.0,10.0],"rotation":{"origin":[8.0,0.0,9.0],"axis":"y","angle":0.0},"faces":{"north":{"uv":[1.5,0.0,3.0,0.5],"texture":"#0"},"east":{"uv":[2.0,7.0,2.5,7.5],"texture":"#0"},"south":{"uv":[1.5,0.5,3.0,1.0],"texture":"#0"},"west":{"uv":[7.0,2.0,7.5,2.5],"texture":"#0"},"up":{"uv":[3.0,1.5,1.5,1.0],"texture":"#0"},"down":{"uv":[3.0,1.5,1.5,2.0],"texture":"#0"}}},{"from":[8.0,0.0,6.0],"to":[9.0,1.0,8.0],"rotation":{"origin":[8.0,0.0,7.0],"axis":"y","angle":0.0},"faces":{"north":{"uv":[2.5,7.0,3.0,7.5],"texture":"#0"},"east":{"uv":[3.0,1.5,4.0,2.0],"texture":"#0"},"south":{"uv":[7.0,2.5,7.5,3.0],"texture":"#0"},"west":{"uv":[3.0,2.5,4.0,3.0],"texture":"#0"},"up":{"uv":[3.5,4.0,3.0,3.0],"texture":"#0"},"down":{"uv":[0.5,3.5,0.0,4.5],"texture":"#0"}}},{"from":[9.0,0.0,5.0],"to":[10.0,1.0,6.0],"rotation":{"origin":[9.0,0.0,5.0],"axis":"y","angle":0.0},"faces":{"north":{"uv":[3.0,7.0,3.5,7.5],"texture":"#0"},"east":{"uv":[7.0,3.0,7.5,3.5],"texture":"#0"},"south":{"uv":[3.5,7.0,4.0,7.5],"texture":"#0"},"west":{"uv":[7.0,3.5,7.5,4.0],"texture":"#0"},"up":{"uv":[4.5,7.5,4.0,7.0],"texture":"#0"},"down":{"uv":[7.5,4.0,7.0,4.5],"texture":"#0"}}},{"from":[12.0,0.0,3.0],"to":[13.0,1.0,4.0],"rotation":{"origin":[12.0,0.0,3.0],"axis":"y","angle":0.0},"faces":{"north":{"uv":[4.5,7.0,5.0,7.5],"texture":"#0"},"east":{"uv":[7.0,4.5,7.5,5.0],"texture":"#0"},"south":{"uv":[5.0,7.0,5.5,7.5],"texture":"#0"},"west":{"uv":[7.0,5.0,7.5,5.5],"texture":"#0"},"up":{"uv":[6.0,7.5,5.5,7.0],"texture":"#0"},"down":{"uv":[7.5,5.5,7.0,6.0],"texture":"#0"}}},{"from":[11.0,0.0,4.0],"to":[12.0,1.0,5.0],"rotation":{"origin":[11.0,0.0,4.0],"axis":"y","angle":0.0},"faces":{"north":{"uv":[6.0,7.0,6.5,7.5],"texture":"#0"},"east":{"uv":[7.0,6.0,7.5,6.5],"texture":"#0"},"south":{"uv":[6.5,7.0,7.0,7.5],"texture":"#0"},"west":{"uv":[7.0,6.5,7.5,7.0],"texture":"#0"},"up":{"uv":[7.5,7.5,7.0,7.0],"texture":"#0"},"down":{"uv":[0.5,7.5,0.0,8.0],"texture":"#0"}}},{"from":[4.0,0.0,12.0],"to":[5.0,1.0,13.0],"rotation":{"origin":[4.0,0.0,12.0],"axis":"y","angle":0.0},"faces":{"north":{"uv":[7.5,3.0,8.0,3.5],"texture":"#0"},"east":{"uv":[3.5,7.5,4.0,8.0],"texture":"#0"},"south":{"uv":[7.5,3.5,8.0,4.0],"texture":"#0"},"west":{"uv":[4.0,7.5,4.5,8.0],"texture":"#0"},"up":{"uv":[8.0,4.5,7.5,4.0],"texture":"#0"},"down":{"uv":[5.0,7.5,4.5,8.0],"texture":"#0"}}},{"from":[5.0,0.0,10.0],"to":[6.0,1.0,12.0],"rotation":{"origin":[5.0,0.0,10.0],"axis":"y","angle":0.0},"faces":{"north":{"uv":[7.5,0.0,8.0,0.5],"texture":"#0"},"east":{"uv":[0.5,3.5,1.5,4.0],"texture":"#0"},"south":{"uv":[0.5,7.5,1.0,8.0],"texture":"#0"},"west":{"uv":[3.5,0.5,4.5,1.0],"texture":"#0"},"up":{"uv":[2.0,4.5,1.5,3.5],"texture":"#0"},"down":{"uv":[3.0,3.5,2.5,4.5],"texture":"#0"}}},{"from":[12.0,0.0,7.0],"to":[13.0,1.0,8.0],"rotation":{"origin":[12.0,0.0,7.0],"axis":"y","angle":0.0},"faces":{"north":{"uv":[7.5,0.5,8.0,1.0],"texture":"#0"},"east":{"uv":[1.0,7.5,1.5,8.0],"texture":"#0"},"south":{"uv":[7.5,1.0,8.0,1.5],"texture":"#0"},"west":{"uv":[1.5,7.5,2.0,8.0],"texture":"#0"},"up":{"uv":[8.0,2.0,7.5,1.5],"texture":"#0"},"down":{"uv":[2.5,7.5,2.0,8.0],"texture":"#0"}}},{"from":[6.0,0.0,9.0],"to":[7.0,1.0,11.0],"rotation":{"origin":[6.0,0.0,9.0],"axis":"y","angle":0.0},"faces":{"north":{"uv":[7.5,2.0,8.0,2.5],"texture":"#0"},"east":{"uv":[3.5,1.0,4.5,1.5],"texture":"#0"},"south":{"uv":[2.5,7.5,3.0,8.0],"texture":"#0"},"west":{"uv":[3.5,2.0,4.5,2.5],"texture":"#0"},"up":{"uv":[4.0,4.0,3.5,3.0],"texture":"#0"},"down":{"uv":[1.0,4.0,0.5,5.0],"texture":"#0"}}},{"from":[6.0,0.0,8.0],"to":[7.0,1.0,9.0],"rotation":{"origin":[6.0,0.0,8.0],"axis":"y","angle":0.0},"faces":{"north":{"uv":[7.5,4.5,8.0,5.0],"texture":"#0"},"east":{"uv":[5.0,7.5,5.5,8.0],"texture":"#0"},"south":{"uv":[7.5,5.0,8.0,5.5],"texture":"#0"},"west":{"uv":[5.5,7.5,6.0,8.0],"texture":"#0"},"up":{"uv":[8.0,6.0,7.5,5.5],"texture":"#0"},"down":{"uv":[6.5,7.5,6.0,8.0],"texture":"#0"}}},{"from":[3.0,0.0,11.0],"to":[4.0,1.0,13.0],"rotation":{"origin":[3.0,0.0,11.0],"axis":"y","angle":0.0},"faces":{"north":{"uv":[7.5,2.5,8.0,3.0],"texture":"#0"},"east":{"uv":[4.0,0.0,5.0,0.5],"texture":"#0"},"south":{"uv":[3.0,7.5,3.5,8.0],"texture":"#0"},"west":{"uv":[4.0,1.5,5.0,2.0],"texture":"#0"},"up":{"uv":[1.5,5.0,1.0,4.0],"texture":"#0"},"down":{"uv":[2.5,4.0,2.0,5.0],"texture":"#0"}}}],"textures":{"0":"infinitecrops:13fc7c3b-1321-495f-aaf3-eba087d24bb7"}}