{"parent":"infinitecrops:61fb85ec-ae0c-497e-9e24-3312e7a1a974","display":{"thirdperson_righthand":{"rotation":[0.0,-180.0,0.0],"translation":[0.0,2.75,0.75],"scale":[0.4,0.4,0.4]},"thirdperson_lefthand":{"translation":[0.0,2.75,0.75],"scale":[0.4,0.4,0.4]},"firstperson_righthand":{"rotation":[0.0,140.0,0.0],"translation":[3.5,2.5,0.0],"scale":[0.4,0.4,0.4]},"firstperson_lefthand":{"rotation":[0.0,-44.0,0.0],"translation":[-1.0,4.25,2.75],"scale":[0.4,0.4,0.4]},"ground":{"translation":[0.0,2.0,0.0],"scale":[0.5,0.5,0.5]}},"textures":{"particle":"infinitecrops:14329c33-59ec-456c-a682-bf4e6d4866cb","1":"infinitecrops:6864e8f6-9b72-49e8-9cd1-7f338117f40b","2":"infinitecrops:14329c33-59ec-456c-a682-bf4e6d4866cb","3":"infinitecrops:498a8333-1559-4266-be57-0a4ecf7b006a"}}