{"display":{"thirdperson_righthand":{"rotation":[0.0,-180.0,0.0],"translation":[0.0,2.75,0.75],"scale":[0.4,0.4,0.4]},"gui":{"rotation":[19.29,9.7,-3.38],"translation":[0.0,0.75,0.0]},"fixed":{"rotation":[-90.0,0.0,0.0],"translation":[0.0,0.0,-19.0],"scale":[2.5,2.5,2.5]},"thirdperson_lefthand":{"translation":[0.0,2.75,0.75],"scale":[0.4,0.4,0.4]},"firstperson_righthand":{"rotation":[0.0,140.0,0.0],"translation":[3.5,2.5,0.0],"scale":[0.4,0.4,0.4]},"firstperson_lefthand":{"rotation":[0.0,-44.0,0.0],"translation":[-1.0,4.25,2.75],"scale":[0.4,0.4,0.4]},"ground":{"translation":[0.0,2.0,0.0],"scale":[0.5,0.5,0.5]}},"elements":[{"from":[0.0,0.6,8.0],"to":[18.0,18.6,8.0],"rotation":{"origin":[8.0,9.0,8.0],"axis":"y","angle":-45.0},"faces":{"north":{"uv":[0.0,0.0,16.0,16.0],"texture":"#1"},"east":{"uv":[0.0,0.0,0.0,16.0],"texture":"#1"},"south":{"uv":[16.0,0.0,0.0,16.0],"texture":"#1"},"west":{"uv":[0.0,0.0,0.0,16.0],"texture":"#1"},"up":{"uv":[0.0,0.0,16.0,0.0],"texture":"#1"},"down":{"uv":[0.0,0.0,16.0,0.0],"texture":"#1"}}},{"from":[8.0,0.6,-1.0],"to":[8.0,18.6,17.0],"rotation":{"origin":[8.0,9.0,8.0],"axis":"y","angle":-45.0},"faces":{"north":{"uv":[0.0,0.0,0.0,16.0],"texture":"#1"},"east":{"uv":[16.0,0.0,0.0,16.0],"texture":"#1"},"south":{"uv":[0.0,0.0,0.0,16.0],"texture":"#1"},"west":{"uv":[0.0,0.0,16.0,16.0],"texture":"#1"},"up":{"uv":[0.0,0.0,16.0,0.0],"texture":"#1","rotation":270},"down":{"uv":[0.0,0.0,16.0,0.0],"texture":"#1","rotation":90}}},{"from":[6.8,0.0,4.7],"to":[8.0,0.6,5.8],"rotation":{"origin":[9.0,1.0,1.0],"axis":"y","angle":45.0},"faces":{"north":{"uv":[4.08,15.28,4.7,15.96],"texture":"#1"},"east":{"uv":[4.08,15.28,4.7,15.96],"texture":"#1"},"south":{"uv":[4.08,15.28,4.7,15.96],"texture":"#1"},"west":{"uv":[4.08,15.28,4.7,15.96],"texture":"#1"},"up":{"uv":[4.08,15.28,4.7,15.96],"texture":"#1"},"down":{"uv":[4.08,15.28,4.7,15.96],"texture":"#1"}}},{"from":[5.0,0.0,4.7],"to":[6.2,0.6,5.8],"rotation":{"origin":[9.0,1.0,1.0],"axis":"y","angle":45.0},"faces":{"north":{"uv":[4.08,15.28,4.7,15.96],"texture":"#1"},"east":{"uv":[4.08,15.28,4.7,15.96],"texture":"#1"},"south":{"uv":[4.08,15.28,4.7,15.96],"texture":"#1"},"west":{"uv":[4.08,15.28,4.7,15.96],"texture":"#1"},"up":{"uv":[4.08,15.28,4.7,15.96],"texture":"#1"},"down":{"uv":[4.08,15.28,4.7,15.96],"texture":"#1"}}},{"from":[3.2,0.0,4.7],"to":[4.4,0.6,5.8],"rotation":{"origin":[9.0,1.0,1.0],"axis":"y","angle":45.0},"faces":{"north":{"uv":[4.08,15.28,4.7,15.96],"texture":"#1"},"east":{"uv":[4.08,15.28,4.7,15.96],"texture":"#1"},"south":{"uv":[4.08,15.28,4.7,15.96],"texture":"#1"},"west":{"uv":[4.08,15.28,4.7,15.96],"texture":"#1"},"up":{"uv":[4.08,15.28,4.7,15.96],"texture":"#1"},"down":{"uv":[4.08,15.28,4.7,15.96],"texture":"#1"}}},{"from":[-1.3,0.0,4.7],"to":[-0.1,0.6,5.8],"rotation":{"origin":[9.0,1.0,1.0],"axis":"y","angle":45.0},"faces":{"north":{"uv":[4.08,15.28,4.7,15.96],"texture":"#1"},"east":{"uv":[4.08,15.28,4.7,15.96],"texture":"#1"},"south":{"uv":[4.08,15.28,4.7,15.96],"texture":"#1"},"west":{"uv":[4.08,15.28,4.7,15.96],"texture":"#1"},"up":{"uv":[4.08,15.28,4.7,15.96],"texture":"#1"},"down":{"uv":[4.08,15.28,4.7,15.96],"texture":"#1"}}},{"from":[0.5,0.0,4.7],"to":[1.7,0.6,5.8],"rotation":{"origin":[9.0,1.0,1.0],"axis":"y","angle":45.0},"faces":{"north":{"uv":[4.08,15.28,4.7,15.96],"texture":"#1"},"east":{"uv":[4.08,15.28,4.7,15.96],"texture":"#1"},"south":{"uv":[4.08,15.28,4.7,15.96],"texture":"#1"},"west":{"uv":[4.08,15.28,4.7,15.96],"texture":"#1"},"up":{"uv":[4.08,15.28,4.7,15.96],"texture":"#1"},"down":{"uv":[4.08,15.28,4.7,15.96],"texture":"#1"}}},{"from":[2.9,0.0,1.6],"to":[3.9,0.6,2.8],"rotation":{"origin":[9.0,1.0,1.0],"axis":"y","angle":45.0},"faces":{"north":{"uv":[4.08,15.28,4.7,15.96],"texture":"#1"},"east":{"uv":[4.08,15.28,4.7,15.96],"texture":"#1"},"south":{"uv":[4.08,15.28,4.7,15.96],"texture":"#1"},"west":{"uv":[4.08,15.28,4.7,15.96],"texture":"#1"},"up":{"uv":[4.08,15.28,4.7,15.96],"texture":"#1"},"down":{"uv":[4.08,15.28,4.7,15.96],"texture":"#1"}}},{"from":[2.9,0.0,3.4],"to":[3.9,0.6,4.6],"rotation":{"origin":[9.0,1.0,1.0],"axis":"y","angle":45.0},"faces":{"north":{"uv":[4.08,15.28,4.7,15.96],"texture":"#1"},"east":{"uv":[4.08,15.28,4.7,15.96],"texture":"#1"},"south":{"uv":[4.08,15.28,4.7,15.96],"texture":"#1"},"west":{"uv":[4.08,15.28,4.7,15.96],"texture":"#1"},"up":{"uv":[4.08,15.28,4.7,15.96],"texture":"#1"},"down":{"uv":[4.08,15.28,4.7,15.96],"texture":"#1"}}},{"from":[2.9,0.0,6.1],"to":[3.9,0.6,7.3],"rotation":{"origin":[9.0,1.0,1.0],"axis":"y","angle":45.0},"faces":{"north":{"uv":[4.08,15.28,4.7,15.96],"texture":"#1"},"east":{"uv":[4.08,15.28,4.7,15.96],"texture":"#1"},"south":{"uv":[4.08,15.28,4.7,15.96],"texture":"#1"},"west":{"uv":[4.08,15.28,4.7,15.96],"texture":"#1"},"up":{"uv":[4.08,15.28,4.7,15.96],"texture":"#1"},"down":{"uv":[4.08,15.28,4.7,15.96],"texture":"#1"}}},{"from":[2.9,0.0,7.9],"to":[3.9,0.6,9.1],"rotation":{"origin":[9.0,1.0,1.0],"axis":"y","angle":45.0},"faces":{"north":{"uv":[4.08,15.28,4.7,15.96],"texture":"#1"},"east":{"uv":[4.08,15.28,4.7,15.96],"texture":"#1"},"south":{"uv":[4.08,15.28,4.7,15.96],"texture":"#1"},"west":{"uv":[4.08,15.28,4.7,15.96],"texture":"#1"},"up":{"uv":[4.08,15.28,4.7,15.96],"texture":"#1"},"down":{"uv":[4.08,15.28,4.7,15.96],"texture":"#1"}}},{"from":[2.9,0.0,9.7],"to":[3.9,0.6,10.9],"rotation":{"origin":[9.0,1.0,1.0],"axis":"y","angle":45.0},"faces":{"north":{"uv":[4.08,15.28,4.7,15.96],"texture":"#1"},"east":{"uv":[4.08,15.28,4.7,15.96],"texture":"#1"},"south":{"uv":[4.08,15.28,4.7,15.96],"texture":"#1"},"west":{"uv":[4.08,15.28,4.7,15.96],"texture":"#1"},"up":{"uv":[4.08,15.28,4.7,15.96],"texture":"#1"},"down":{"uv":[4.08,15.28,4.7,15.96],"texture":"#1"}}}],"textures":{"1":"infinitecrops:74792076-8104-44fb-bf1e-c85395917a6a"},"gui_light":"front"}