{"display":{"gui":{"rotation":[13.14,19.17,10.86],"translation":[0.0,-2.0,0.0],"scale":[0.8,0.8,0.8]},"fixed":{"rotation":[-90.0,0.0,0.0],"translation":[0.0,0.0,-20.25],"scale":[3.0,3.0,3.0]},"thirdperson_righthand":{"rotation":[0.0,-180.0,0.0],"translation":[0.0,2.75,0.75],"scale":[0.4,0.4,0.4]},"thirdperson_lefthand":{"translation":[0.0,2.75,0.75],"scale":[0.4,0.4,0.4]},"firstperson_righthand":{"rotation":[0.0,140.0,0.0],"translation":[3.5,2.5,0.0],"scale":[0.4,0.4,0.4]},"firstperson_lefthand":{"rotation":[0.0,-44.0,0.0],"translation":[-1.0,4.25,2.75],"scale":[0.4,0.4,0.4]},"ground":{"translation":[0.0,2.0,0.0],"scale":[0.5,0.5,0.5]}},"elements":[{"from":[6.44,7.2,6.08],"to":[9.92,12.12,9.44],"rotation":{"origin":[-1.6,0.0,-1.6],"axis":"y","angle":0.0},"faces":{"north":{"uv":[15.5,4.5,16.0,6.25],"texture":"#0"},"east":{"uv":[15.5,4.5,16.0,6.25],"texture":"#0"},"south":{"uv":[15.5,4.5,16.0,6.25],"texture":"#0"},"west":{"uv":[15.5,4.5,16.0,6.25],"texture":"#0"},"up":{"uv":[15.5,4.5,16.0,6.25],"texture":"#0"},"down":{"uv":[15.5,4.5,16.0,6.25],"texture":"#0"}}},{"from":[5.72,0.0,5.36],"to":[10.52,7.32,10.04],"rotation":{"origin":[-1.6,0.0,-1.6],"axis":"y","angle":0.0},"faces":{"north":{"uv":[15.25,4.5,16.0,6.25],"texture":"#0"},"east":{"uv":[15.25,4.5,16.0,6.25],"texture":"#0"},"south":{"uv":[15.25,4.5,16.0,6.25],"texture":"#0"},"west":{"uv":[15.25,4.5,16.0,6.25],"texture":"#0"},"up":{"uv":[15.25,4.5,16.0,6.25],"texture":"#0"},"down":{"uv":[15.25,4.5,16.0,6.25],"texture":"#0"}}},{"from":[7.16,12.0,6.68],"to":[9.32,16.92,8.6],"rotation":{"origin":[-1.6,0.0,-1.6],"axis":"y","angle":0.0},"faces":{"north":{"uv":[15.25,2.5,15.75,4.25],"texture":"#0"},"east":{"uv":[15.25,2.5,15.75,4.25],"texture":"#0"},"south":{"uv":[15.25,2.5,15.75,4.25],"texture":"#0"},"west":{"uv":[15.25,2.5,15.75,4.25],"texture":"#0"},"up":{"uv":[15.25,2.5,15.75,2.75],"texture":"#0"},"down":{"uv":[15.25,2.5,15.75,4.25],"texture":"#0"}}},{"from":[14.0,18.22709,5.67444],"to":[17.6,18.22709,9.75444],"rotation":{"origin":[15.8,18.22709,7.71444],"axis":"z","angle":-45.0},"faces":{"north":{"uv":[0.35,5.5,1.7,3.75],"texture":"#0"},"east":{"uv":[0.35,5.5,1.7,3.75],"texture":"#0"},"south":{"uv":[0.35,5.5,1.7,3.75],"texture":"#0"},"west":{"uv":[0.35,5.5,1.7,3.75],"texture":"#0"},"up":{"uv":[0.35,10.0,1.7,8.25],"texture":"#0","rotation":90},"down":{"uv":[0.35,8.25,1.7,10.0],"texture":"#0","rotation":270}}},{"from":[17.76136,11.0917,5.67444],"to":[17.76136,17.0917,9.75444],"rotation":{"origin":[17.76136,15.2917,7.71444],"axis":"z","angle":22.5},"faces":{"north":{"uv":[0.35,5.5,1.7,3.75],"texture":"#0","rotation":270},"east":{"uv":[0.35,13.0,1.7,10.5],"texture":"#0","rotation":180},"south":{"uv":[0.35,5.5,1.7,3.75],"texture":"#0","rotation":90},"west":{"uv":[0.35,10.5,1.7,13.0],"texture":"#0"},"up":{"uv":[0.35,5.5,1.7,3.75],"texture":"#0","rotation":90},"down":{"uv":[0.35,5.5,1.7,3.75],"texture":"#0","rotation":90}}},{"from":[8.64556,17.76,5.67444],"to":[12.24556,17.76,9.75444],"rotation":{"origin":[9.48556,17.04,7.71444],"axis":"z","angle":45.0},"faces":{"north":{"uv":[0.35,5.5,1.7,3.75],"texture":"#0"},"east":{"uv":[0.35,5.5,1.7,3.75],"texture":"#0"},"south":{"uv":[0.35,5.5,1.7,3.75],"texture":"#0"},"west":{"uv":[0.35,5.5,1.7,3.75],"texture":"#0"},"up":{"uv":[0.35,5.5,1.7,3.75],"texture":"#0","rotation":90},"down":{"uv":[0.35,3.75,1.7,5.5],"texture":"#0","rotation":270}}},{"from":[10.92806,19.49953,5.67444],"to":[14.52806,19.49953,9.75444],"rotation":{"origin":[12.72806,19.49953,7.71444],"axis":"y","angle":0.0},"faces":{"north":{"uv":[0.35,7.25,1.7,5.5],"texture":"#0"},"east":{"uv":[0.35,5.5,1.7,3.75],"texture":"#0"},"south":{"uv":[0.35,5.5,1.7,3.75],"texture":"#0"},"west":{"uv":[0.35,5.5,1.7,3.75],"texture":"#0"},"up":{"uv":[0.35,7.25,1.7,5.5],"texture":"#0","rotation":90},"down":{"uv":[0.35,5.5,1.7,7.25],"texture":"#0","rotation":270}}},{"from":[-1.76136,11.0917,5.67444],"to":[-1.76136,17.0917,9.75444],"rotation":{"origin":[-1.76136,15.2917,7.71444],"axis":"z","angle":-22.5},"faces":{"north":{"uv":[0.35,3.75,1.7,5.5],"texture":"#0","rotation":270},"east":{"uv":[1.7,10.5,0.35,13.0],"texture":"#0"},"south":{"uv":[0.35,3.75,1.7,5.5],"texture":"#0","rotation":90},"west":{"uv":[1.7,13.0,0.35,10.5],"texture":"#0","rotation":180},"up":{"uv":[0.35,3.75,1.7,5.5],"texture":"#0","rotation":90},"down":{"uv":[0.35,3.75,1.7,5.5],"texture":"#0","rotation":90}}},{"from":[1.47194,19.49953,5.67444],"to":[5.07194,19.49953,9.75444],"rotation":{"origin":[3.27194,19.49953,7.71444],"axis":"y","angle":0.0},"faces":{"north":{"uv":[1.7,7.25,0.35,5.5],"texture":"#0"},"east":{"uv":[1.7,5.5,0.35,3.75],"texture":"#0"},"south":{"uv":[1.7,5.5,0.35,3.75],"texture":"#0"},"west":{"uv":[1.7,5.5,0.35,3.75],"texture":"#0"},"up":{"uv":[0.35,5.5,1.7,7.25],"texture":"#0","rotation":90},"down":{"uv":[0.35,7.25,1.7,5.5],"texture":"#0","rotation":270}}},{"from":[3.75444,17.76,5.67444],"to":[7.35444,17.76,9.75444],"rotation":{"origin":[6.51444,17.04,7.71444],"axis":"z","angle":-45.0},"faces":{"north":{"uv":[1.7,5.5,0.35,3.75],"texture":"#0"},"east":{"uv":[1.7,5.5,0.35,3.75],"texture":"#0"},"south":{"uv":[1.7,5.5,0.35,3.75],"texture":"#0"},"west":{"uv":[1.7,5.5,0.35,3.75],"texture":"#0"},"up":{"uv":[0.35,3.75,1.7,5.5],"texture":"#0","rotation":90},"down":{"uv":[0.35,5.5,1.7,3.75],"texture":"#0","rotation":270}}},{"from":[-1.6,18.22709,5.67444],"to":[2.0,18.22709,9.75444],"rotation":{"origin":[0.2,18.22709,7.71444],"axis":"z","angle":45.0},"faces":{"north":{"uv":[1.7,5.5,0.35,3.75],"texture":"#0"},"east":{"uv":[1.7,5.5,0.35,3.75],"texture":"#0"},"south":{"uv":[1.7,5.5,0.35,3.75],"texture":"#0"},"west":{"uv":[1.7,5.5,0.35,3.75],"texture":"#0"},"up":{"uv":[0.35,8.25,1.7,10.0],"texture":"#0","rotation":90},"down":{"uv":[0.35,10.0,1.7,8.25],"texture":"#0","rotation":270}}},{"from":[5.86,18.22709,-1.58556],"to":[9.94,18.22709,2.01444],"rotation":{"origin":[7.9,18.22709,0.21444],"axis":"x","angle":-45.0},"faces":{"north":{"uv":[1.7,5.5,0.35,3.75],"texture":"#0"},"east":{"uv":[1.7,5.5,0.35,3.75],"texture":"#0"},"south":{"uv":[1.7,5.5,0.35,3.75],"texture":"#0"},"west":{"uv":[1.7,5.5,0.35,3.75],"texture":"#0"},"up":{"uv":[0.35,8.25,1.7,10.0],"texture":"#0","rotation":180},"down":{"uv":[0.35,10.0,1.7,8.25],"texture":"#0","rotation":180}}},{"from":[5.86,11.0917,-1.74693],"to":[9.94,17.0917,-1.74693],"rotation":{"origin":[7.9,15.2917,-1.74693],"axis":"x","angle":22.5},"faces":{"north":{"uv":[1.7,13.0,0.35,10.5],"texture":"#0","rotation":180},"east":{"uv":[0.35,3.75,1.7,5.5],"texture":"#0","rotation":270},"south":{"uv":[1.7,10.5,0.35,13.0],"texture":"#0"},"west":{"uv":[0.35,3.75,1.7,5.5],"texture":"#0","rotation":90},"up":{"uv":[0.35,3.75,1.7,5.5],"texture":"#0","rotation":180},"down":{"uv":[0.35,3.75,1.7,5.5],"texture":"#0"}}},{"from":[5.86,19.49953,1.48638],"to":[9.94,19.49953,5.08638],"rotation":{"origin":[7.9,19.49953,3.28638],"axis":"y","angle":0.0},"faces":{"north":{"uv":[1.7,5.5,0.35,3.75],"texture":"#0"},"east":{"uv":[1.7,7.25,0.35,5.5],"texture":"#0"},"south":{"uv":[1.7,5.5,0.35,3.75],"texture":"#0"},"west":{"uv":[1.7,5.5,0.35,3.75],"texture":"#0"},"up":{"uv":[0.35,5.5,1.7,7.25],"texture":"#0","rotation":180},"down":{"uv":[0.35,7.25,1.7,5.5],"texture":"#0","rotation":180}}},{"from":[5.86,17.76,3.76887],"to":[9.94,17.76,7.36887],"rotation":{"origin":[7.9,17.04,6.52887],"axis":"x","angle":45.0},"faces":{"north":{"uv":[1.7,5.5,0.35,3.75],"texture":"#0"},"east":{"uv":[1.7,5.5,0.35,3.75],"texture":"#0"},"south":{"uv":[1.7,5.5,0.35,3.75],"texture":"#0"},"west":{"uv":[1.7,5.5,0.35,3.75],"texture":"#0"},"up":{"uv":[0.35,3.75,1.7,5.5],"texture":"#0","rotation":180},"down":{"uv":[0.35,5.5,1.7,3.75],"texture":"#0","rotation":180}}},{"from":[5.86,11.0917,17.74693],"to":[9.94,17.0917,17.74693],"rotation":{"origin":[7.9,15.2917,17.74693],"axis":"x","angle":-22.5},"faces":{"north":{"uv":[0.35,10.5,1.7,13.0],"texture":"#0"},"east":{"uv":[0.35,5.5,1.7,3.75],"texture":"#0","rotation":270},"south":{"uv":[0.35,13.0,1.7,10.5],"texture":"#0","rotation":180},"west":{"uv":[0.35,5.5,1.7,3.75],"texture":"#0","rotation":90},"up":{"uv":[0.35,5.5,1.7,3.75],"texture":"#0","rotation":180},"down":{"uv":[0.35,5.5,1.7,3.75],"texture":"#0"}}},{"from":[5.86,19.49953,10.91362],"to":[9.94,19.49953,14.51362],"rotation":{"origin":[7.9,19.49953,12.71362],"axis":"y","angle":0.0},"faces":{"north":{"uv":[0.35,5.5,1.7,3.75],"texture":"#0"},"east":{"uv":[0.35,7.25,1.7,5.5],"texture":"#0"},"south":{"uv":[0.35,5.5,1.7,3.75],"texture":"#0"},"west":{"uv":[0.35,5.5,1.7,3.75],"texture":"#0"},"up":{"uv":[0.35,7.25,1.7,5.5],"texture":"#0","rotation":180},"down":{"uv":[0.35,5.5,1.7,7.25],"texture":"#0","rotation":180}}},{"from":[5.86,17.76,8.63113],"to":[9.94,17.76,12.23113],"rotation":{"origin":[7.9,17.04,9.47113],"axis":"x","angle":-45.0},"faces":{"north":{"uv":[0.35,5.5,1.7,3.75],"texture":"#0"},"east":{"uv":[0.35,5.5,1.7,3.75],"texture":"#0"},"south":{"uv":[0.35,5.5,1.7,3.75],"texture":"#0"},"west":{"uv":[0.35,5.5,1.7,3.75],"texture":"#0"},"up":{"uv":[0.35,5.5,1.7,3.75],"texture":"#0","rotation":180},"down":{"uv":[0.35,3.75,1.7,5.5],"texture":"#0","rotation":180}}},{"from":[5.86,18.22709,13.98556],"to":[9.94,18.22709,17.58556],"rotation":{"origin":[7.9,18.22709,15.78556],"axis":"x","angle":45.0},"faces":{"north":{"uv":[0.35,5.5,1.7,3.75],"texture":"#0"},"east":{"uv":[0.35,5.5,1.7,3.75],"texture":"#0"},"south":{"uv":[0.35,5.5,1.7,3.75],"texture":"#0"},"west":{"uv":[0.35,5.5,1.7,3.75],"texture":"#0"},"up":{"uv":[0.35,10.0,1.7,8.25],"texture":"#0","rotation":180},"down":{"uv":[0.35,8.25,1.7,10.0],"texture":"#0","rotation":180}}},{"from":[7.3,10.5,-3.3],"to":[8.2,11.2,-2.1],"rotation":{"origin":[6.875,12.25,-1.2],"axis":"x","angle":-22.5},"faces":{"north":{"uv":[6.25,0.5,6.975,0.975],"texture":"#0"},"east":{"uv":[6.25,0.5,6.975,0.975],"texture":"#0"},"south":{"uv":[6.25,0.5,6.975,0.975],"texture":"#0"},"west":{"uv":[6.25,0.5,6.975,0.975],"texture":"#0"},"up":{"uv":[6.25,0.5,6.975,0.975],"texture":"#0"},"down":{"uv":[6.25,0.65,6.7,0.95],"texture":"#0"}}},{"from":[6.4,10.5,-2.7],"to":[9.1,12.9,-2.7],"rotation":{"origin":[6.875,12.25,-1.2],"axis":"x","angle":-22.5},"faces":{"north":{"uv":[8.25,0.75,10.475,2.5],"texture":"#0"},"east":{"uv":[8.25,0.75,10.475,2.5],"texture":"#0"},"south":{"uv":[8.25,0.75,10.475,2.5],"texture":"#0"},"west":{"uv":[8.25,0.75,10.475,2.5],"texture":"#0"},"up":{"uv":[8.25,0.75,10.475,2.5],"texture":"#0","rotation":270},"down":{"uv":[8.25,0.75,10.475,2.5],"texture":"#0","rotation":90}}},{"from":[7.4,10.5,-4.1],"to":[7.4,12.9,-1.3],"rotation":{"origin":[6.875,12.25,-1.2],"axis":"x","angle":-22.5},"faces":{"north":{"uv":[8.25,0.75,10.475,2.5],"texture":"#0"},"east":{"uv":[8.25,0.75,10.475,2.5],"texture":"#0"},"south":{"uv":[8.25,0.75,10.475,2.5],"texture":"#0"},"west":{"uv":[8.25,0.75,10.475,2.5],"texture":"#0"},"up":{"uv":[8.25,0.75,10.475,2.5],"texture":"#0"},"down":{"uv":[8.25,0.75,10.475,2.5],"texture":"#0"}}},{"from":[7.0,11.2,-3.5],"to":[8.5,12.9,-1.9],"rotation":{"origin":[6.875,12.25,-1.2],"axis":"x","angle":-22.5},"faces":{"north":{"uv":[6.25,0.5,6.975,1.5],"texture":"#0"},"east":{"uv":[6.25,0.5,6.975,1.5],"texture":"#0"},"south":{"uv":[6.25,0.5,6.975,1.5],"texture":"#0"},"west":{"uv":[6.25,0.5,6.975,1.5],"texture":"#0"},"up":{"uv":[6.25,0.5,6.975,1.5],"texture":"#0"},"down":{"uv":[6.25,0.5,6.975,1.5],"texture":"#0"}}},{"from":[-3.7,14.7,7.1],"to":[-2.8,15.4,8.3],"rotation":{"origin":[-0.125,12.25,5.8],"axis":"y","angle":45.0},"faces":{"north":{"uv":[6.25,0.5,6.975,0.975],"texture":"#0"},"east":{"uv":[6.25,0.5,6.975,0.975],"texture":"#0"},"south":{"uv":[6.25,0.5,6.975,0.975],"texture":"#0"},"west":{"uv":[6.25,0.5,6.975,0.975],"texture":"#0"},"up":{"uv":[6.25,0.5,6.975,0.975],"texture":"#0"},"down":{"uv":[6.25,0.65,6.7,0.95],"texture":"#0"}}},{"from":[-4.6,14.7,7.7],"to":[-1.9,17.1,7.7],"rotation":{"origin":[-0.125,12.25,5.8],"axis":"y","angle":45.0},"faces":{"north":{"uv":[8.25,0.75,10.475,2.5],"texture":"#0"},"east":{"uv":[8.25,0.75,10.475,2.5],"texture":"#0"},"south":{"uv":[8.25,0.75,10.475,2.5],"texture":"#0"},"west":{"uv":[8.25,0.75,10.475,2.5],"texture":"#0"},"up":{"uv":[8.25,0.75,10.475,2.5],"texture":"#0","rotation":270},"down":{"uv":[8.25,0.75,10.475,2.5],"texture":"#0","rotation":90}}},{"from":[-3.6,14.7,6.3],"to":[-3.6,17.1,9.1],"rotation":{"origin":[-0.125,12.25,5.8],"axis":"y","angle":45.0},"faces":{"north":{"uv":[8.25,0.75,10.475,2.5],"texture":"#0"},"east":{"uv":[8.25,0.75,10.475,2.5],"texture":"#0"},"south":{"uv":[8.25,0.75,10.475,2.5],"texture":"#0"},"west":{"uv":[8.25,0.75,10.475,2.5],"texture":"#0"},"up":{"uv":[8.25,0.75,10.475,2.5],"texture":"#0"},"down":{"uv":[8.25,0.75,10.475,2.5],"texture":"#0"}}},{"from":[-4.0,15.4,6.9],"to":[-2.5,17.1,8.5],"rotation":{"origin":[-0.125,12.25,5.8],"axis":"y","angle":45.0},"faces":{"north":{"uv":[6.25,0.5,6.975,1.5],"texture":"#0"},"east":{"uv":[6.25,0.5,6.975,1.5],"texture":"#0"},"south":{"uv":[6.25,0.5,6.975,1.5],"texture":"#0"},"west":{"uv":[6.25,0.5,6.975,1.5],"texture":"#0"},"up":{"uv":[6.25,0.5,6.975,1.5],"texture":"#0"},"down":{"uv":[6.25,0.5,6.975,1.5],"texture":"#0"}}},{"from":[8.3,16.5,9.7],"to":[9.2,17.2,10.9],"rotation":{"origin":[11.575,17.05,11.7],"axis":"x","angle":-22.5},"faces":{"north":{"uv":[6.25,0.5,6.975,0.975],"texture":"#0"},"east":{"uv":[6.25,0.5,6.975,0.975],"texture":"#0"},"south":{"uv":[6.25,0.5,6.975,0.975],"texture":"#0"},"west":{"uv":[6.25,0.5,6.975,0.975],"texture":"#0"},"up":{"uv":[6.25,0.5,6.975,0.975],"texture":"#0"},"down":{"uv":[6.25,0.65,6.7,0.95],"texture":"#0"}}},{"from":[7.4,16.5,10.3],"to":[10.1,18.9,10.3],"rotation":{"origin":[11.575,17.05,11.7],"axis":"x","angle":-22.5},"faces":{"north":{"uv":[8.25,0.75,10.475,2.5],"texture":"#0"},"east":{"uv":[8.25,0.75,10.475,2.5],"texture":"#0"},"south":{"uv":[8.25,0.75,10.475,2.5],"texture":"#0"},"west":{"uv":[8.25,0.75,10.475,2.5],"texture":"#0"},"up":{"uv":[8.25,0.75,10.475,2.5],"texture":"#0","rotation":270},"down":{"uv":[8.25,0.75,10.475,2.5],"texture":"#0","rotation":90}}},{"from":[8.4,16.5,8.9],"to":[8.4,18.9,11.7],"rotation":{"origin":[11.575,17.05,11.7],"axis":"x","angle":-22.5},"faces":{"north":{"uv":[8.25,0.75,10.475,2.5],"texture":"#0"},"east":{"uv":[8.25,0.75,10.475,2.5],"texture":"#0"},"south":{"uv":[8.25,0.75,10.475,2.5],"texture":"#0"},"west":{"uv":[8.25,0.75,10.475,2.5],"texture":"#0"},"up":{"uv":[8.25,0.75,10.475,2.5],"texture":"#0"},"down":{"uv":[8.25,0.75,10.475,2.5],"texture":"#0"}}},{"from":[8.0,17.2,9.5],"to":[9.5,18.9,11.1],"rotation":{"origin":[11.575,17.05,11.7],"axis":"x","angle":-22.5},"faces":{"north":{"uv":[6.25,0.5,6.975,1.5],"texture":"#0"},"east":{"uv":[6.25,0.5,6.975,1.5],"texture":"#0"},"south":{"uv":[6.25,0.5,6.975,1.5],"texture":"#0"},"west":{"uv":[6.25,0.5,6.975,1.5],"texture":"#0"},"up":{"uv":[6.25,0.5,6.975,1.5],"texture":"#0"},"down":{"uv":[6.25,0.5,6.975,1.5],"texture":"#0"}}},{"from":[7.2,6.8,15.7],"to":[8.1,7.5,16.9],"rotation":{"origin":[11.575,17.05,11.7],"axis":"x","angle":-22.5},"faces":{"north":{"uv":[6.25,0.5,6.975,0.975],"texture":"#0"},"east":{"uv":[6.25,0.5,6.975,0.975],"texture":"#0"},"south":{"uv":[6.25,0.5,6.975,0.975],"texture":"#0"},"west":{"uv":[6.25,0.5,6.975,0.975],"texture":"#0"},"up":{"uv":[6.25,0.5,6.975,0.975],"texture":"#0"},"down":{"uv":[6.25,0.65,6.7,0.95],"texture":"#0"}}},{"from":[6.3,6.8,16.3],"to":[9.0,9.2,16.3],"rotation":{"origin":[11.575,17.05,11.7],"axis":"x","angle":-22.5},"faces":{"north":{"uv":[8.25,0.75,10.475,2.5],"texture":"#0"},"east":{"uv":[8.25,0.75,10.475,2.5],"texture":"#0"},"south":{"uv":[8.25,0.75,10.475,2.5],"texture":"#0"},"west":{"uv":[8.25,0.75,10.475,2.5],"texture":"#0"},"up":{"uv":[8.25,0.75,10.475,2.5],"texture":"#0","rotation":270},"down":{"uv":[8.25,0.75,10.475,2.5],"texture":"#0","rotation":90}}},{"from":[7.3,6.8,14.9],"to":[7.3,9.2,17.7],"rotation":{"origin":[11.575,17.05,11.7],"axis":"x","angle":-22.5},"faces":{"north":{"uv":[8.25,0.75,10.475,2.5],"texture":"#0"},"east":{"uv":[8.25,0.75,10.475,2.5],"texture":"#0"},"south":{"uv":[8.25,0.75,10.475,2.5],"texture":"#0"},"west":{"uv":[8.25,0.75,10.475,2.5],"texture":"#0"},"up":{"uv":[8.25,0.75,10.475,2.5],"texture":"#0"},"down":{"uv":[8.25,0.75,10.475,2.5],"texture":"#0"}}},{"from":[6.9,7.5,15.5],"to":[8.4,9.2,17.1],"rotation":{"origin":[11.575,17.05,11.7],"axis":"x","angle":-22.5},"faces":{"north":{"uv":[6.25,0.5,6.975,1.5],"texture":"#0"},"east":{"uv":[6.25,0.5,6.975,1.5],"texture":"#0"},"south":{"uv":[6.25,0.5,6.975,1.5],"texture":"#0"},"west":{"uv":[6.25,0.5,6.975,1.5],"texture":"#0"},"up":{"uv":[6.25,0.5,6.975,1.5],"texture":"#0"},"down":{"uv":[6.25,0.5,6.975,1.5],"texture":"#0"}}},{"from":[13.8,15.9,6.5],"to":[14.7,16.6,7.7],"rotation":{"origin":[14.675,17.45,9.0],"axis":"x","angle":22.5},"faces":{"north":{"uv":[6.25,0.5,6.975,0.975],"texture":"#0"},"east":{"uv":[6.25,0.5,6.975,0.975],"texture":"#0"},"south":{"uv":[6.25,0.5,6.975,0.975],"texture":"#0"},"west":{"uv":[6.25,0.5,6.975,0.975],"texture":"#0"},"up":{"uv":[6.25,0.5,6.975,0.975],"texture":"#0"},"down":{"uv":[6.25,0.65,6.7,0.95],"texture":"#0"}}},{"from":[12.9,15.9,7.1],"to":[15.6,18.3,7.1],"rotation":{"origin":[14.675,17.45,9.0],"axis":"x","angle":22.5},"faces":{"north":{"uv":[8.25,0.75,10.475,2.5],"texture":"#0"},"east":{"uv":[8.25,0.75,10.475,2.5],"texture":"#0"},"south":{"uv":[8.25,0.75,10.475,2.5],"texture":"#0"},"west":{"uv":[8.25,0.75,10.475,2.5],"texture":"#0"},"up":{"uv":[8.25,0.75,10.475,2.5],"texture":"#0","rotation":270},"down":{"uv":[8.25,0.75,10.475,2.5],"texture":"#0","rotation":90}}},{"from":[13.9,15.9,5.7],"to":[13.9,18.3,8.5],"rotation":{"origin":[14.675,17.45,9.0],"axis":"x","angle":22.5},"faces":{"north":{"uv":[8.25,0.75,10.475,2.5],"texture":"#0"},"east":{"uv":[8.25,0.75,10.475,2.5],"texture":"#0"},"south":{"uv":[8.25,0.75,10.475,2.5],"texture":"#0"},"west":{"uv":[8.25,0.75,10.475,2.5],"texture":"#0"},"up":{"uv":[8.25,0.75,10.475,2.5],"texture":"#0"},"down":{"uv":[8.25,0.75,10.475,2.5],"texture":"#0"}}},{"from":[13.5,16.6,6.3],"to":[15.0,18.3,7.9],"rotation":{"origin":[14.675,17.45,9.0],"axis":"x","angle":22.5},"faces":{"north":{"uv":[6.25,0.5,6.975,1.5],"texture":"#0"},"east":{"uv":[6.25,0.5,6.975,1.5],"texture":"#0"},"south":{"uv":[6.25,0.5,6.975,1.5],"texture":"#0"},"west":{"uv":[6.25,0.5,6.975,1.5],"texture":"#0"},"up":{"uv":[6.25,0.5,6.975,1.5],"texture":"#0"},"down":{"uv":[6.25,0.5,6.975,1.5],"texture":"#0"}}},{"from":[17.5,11.8857,5.84727],"to":[18.4,12.5857,7.04727],"rotation":{"origin":[17.775,13.2357,6.24727],"axis":"z","angle":-22.5},"faces":{"north":{"uv":[6.25,0.5,6.975,0.975],"texture":"#0"},"east":{"uv":[6.25,0.5,6.975,0.975],"texture":"#0"},"south":{"uv":[6.25,0.5,6.975,0.975],"texture":"#0"},"west":{"uv":[6.25,0.5,6.975,0.975],"texture":"#0"},"up":{"uv":[6.25,0.5,6.975,0.975],"texture":"#0"},"down":{"uv":[6.25,0.65,6.7,0.95],"texture":"#0"}}},{"from":[16.6,11.8857,6.44727],"to":[19.3,14.2857,6.44727],"rotation":{"origin":[17.775,13.2357,6.24727],"axis":"z","angle":-22.5},"faces":{"north":{"uv":[8.25,0.75,10.475,2.5],"texture":"#0"},"east":{"uv":[8.25,0.75,10.475,2.5],"texture":"#0"},"south":{"uv":[8.25,0.75,10.475,2.5],"texture":"#0"},"west":{"uv":[8.25,0.75,10.475,2.5],"texture":"#0"},"up":{"uv":[8.25,0.75,10.475,2.5],"texture":"#0","rotation":270},"down":{"uv":[8.25,0.75,10.475,2.5],"texture":"#0","rotation":90}}},{"from":[17.6,11.8857,5.04727],"to":[17.6,14.2857,7.84727],"rotation":{"origin":[17.775,13.2357,6.24727],"axis":"z","angle":-22.5},"faces":{"north":{"uv":[8.25,0.75,10.475,2.5],"texture":"#0"},"east":{"uv":[8.25,0.75,10.475,2.5],"texture":"#0"},"south":{"uv":[8.25,0.75,10.475,2.5],"texture":"#0"},"west":{"uv":[8.25,0.75,10.475,2.5],"texture":"#0"},"up":{"uv":[8.25,0.75,10.475,2.5],"texture":"#0"},"down":{"uv":[8.25,0.75,10.475,2.5],"texture":"#0"}}},{"from":[17.2,12.5857,5.64727],"to":[18.7,14.2857,7.24727],"rotation":{"origin":[17.775,13.2357,6.24727],"axis":"z","angle":-22.5},"faces":{"north":{"uv":[6.25,0.5,6.975,1.5],"texture":"#0"},"east":{"uv":[6.25,0.5,6.975,1.5],"texture":"#0"},"south":{"uv":[6.25,0.5,6.975,1.5],"texture":"#0"},"west":{"uv":[6.25,0.5,6.975,1.5],"texture":"#0"},"up":{"uv":[6.25,0.5,6.975,1.5],"texture":"#0"},"down":{"uv":[6.25,0.5,6.975,1.5],"texture":"#0"}}},{"from":[11.55872,0.43875,5.84727],"to":[12.45872,1.13875,7.04727],"rotation":{"origin":[12.80872,0.78875,6.44727],"axis":"z","angle":45.0},"faces":{"north":{"uv":[6.25,0.5,6.975,0.975],"texture":"#0"},"east":{"uv":[6.25,0.5,6.975,0.975],"texture":"#0"},"south":{"uv":[6.25,0.5,6.975,0.975],"texture":"#0"},"west":{"uv":[6.25,0.5,6.975,0.975],"texture":"#0"},"up":{"uv":[6.25,0.5,6.975,0.975],"texture":"#0"},"down":{"uv":[6.25,0.65,6.7,0.95],"texture":"#0"}}},{"from":[10.65872,0.43875,6.44727],"to":[13.35872,2.83875,6.44727],"rotation":{"origin":[12.80872,0.78875,6.44727],"axis":"z","angle":45.0},"faces":{"north":{"uv":[8.25,0.75,10.475,2.5],"texture":"#0"},"east":{"uv":[8.25,0.75,10.475,2.5],"texture":"#0"},"south":{"uv":[8.25,0.75,10.475,2.5],"texture":"#0"},"west":{"uv":[8.25,0.75,10.475,2.5],"texture":"#0"},"up":{"uv":[8.25,0.75,10.475,2.5],"texture":"#0","rotation":270},"down":{"uv":[8.25,0.75,10.475,2.5],"texture":"#0","rotation":90}}},{"from":[11.65872,0.43875,5.04727],"to":[11.65872,2.83875,7.84727],"rotation":{"origin":[12.80872,0.78875,6.44727],"axis":"z","angle":45.0},"faces":{"north":{"uv":[8.25,0.75,10.475,2.5],"texture":"#0"},"east":{"uv":[8.25,0.75,10.475,2.5],"texture":"#0"},"south":{"uv":[8.25,0.75,10.475,2.5],"texture":"#0"},"west":{"uv":[8.25,0.75,10.475,2.5],"texture":"#0"},"up":{"uv":[8.25,0.75,10.475,2.5],"texture":"#0"},"down":{"uv":[8.25,0.75,10.475,2.5],"texture":"#0"}}},{"from":[11.25872,1.13875,5.64727],"to":[12.75872,2.83875,7.24727],"rotation":{"origin":[12.80872,0.78875,6.44727],"axis":"z","angle":45.0},"faces":{"north":{"uv":[6.25,0.5,6.975,1.5],"texture":"#0"},"east":{"uv":[6.25,0.5,6.975,1.5],"texture":"#0"},"south":{"uv":[6.25,0.5,6.975,1.5],"texture":"#0"},"west":{"uv":[6.25,0.5,6.975,1.5],"texture":"#0"},"up":{"uv":[6.25,0.5,6.975,1.5],"texture":"#0"},"down":{"uv":[6.25,0.5,6.975,1.5],"texture":"#0"}}}],"textures":{"particle":"infinitecrops:b02fb8aa-9808-4a55-ac46-f82831bb58a4","0":"infinitecrops:b02fb8aa-9808-4a55-ac46-f82831bb58a4"},"gui_light":"front"}