{"display":{"thirdperson_righthand":{"rotation":[0.0,-180.0,0.0],"translation":[0.0,2.75,0.75],"scale":[0.4,0.4,0.4]},"thirdperson_lefthand":{"translation":[0.0,2.75,0.75],"scale":[0.4,0.4,0.4]},"firstperson_righthand":{"rotation":[0.0,140.0,0.0],"translation":[3.5,2.5,0.0],"scale":[0.4,0.4,0.4]},"firstperson_lefthand":{"rotation":[0.0,-44.0,0.0],"translation":[-1.0,4.25,2.75],"scale":[0.4,0.4,0.4]},"ground":{"translation":[0.0,2.0,0.0],"scale":[0.5,0.5,0.5]},"gui":{"rotation":[16.92,-44.47,12.05],"translation":[-0.25,1.0,0.0]},"fixed":{"rotation":[-90.0,0.0,0.0],"translation":[0.0,0.0,-16.0],"scale":[2.0,2.0,2.0]}},"elements":[{"from":[7.35,0.0,7.48],"to":[8.65,7.8,8.78],"rotation":{"origin":[-2.4,0.0,-2.4],"axis":"y","angle":0.0},"faces":{"north":{"uv":[16.0,3.975,15.5,5.725],"texture":"#1"},"east":{"uv":[15.5,3.975,16.0,5.725],"texture":"#1"},"south":{"uv":[16.0,3.975,15.5,5.725],"texture":"#1"},"west":{"uv":[15.5,3.975,16.0,5.725],"texture":"#1"},"up":{"uv":[15.5,0.0,16.0,0.5],"texture":"#1"},"down":{"uv":[15.5,0.0,16.0,0.5],"texture":"#1"}}},{"from":[7.74,0.0,8.0],"to":[9.04,0.78,10.6],"rotation":{"origin":[8.65,0.39,9.3],"axis":"x","angle":22.5},"faces":{"north":{"uv":[15.5,5.475,16.0,6.225],"texture":"#1"},"east":{"uv":[15.75,5.475,15.5,6.225],"texture":"#1"},"south":{"uv":[16.0,5.475,15.5,6.225],"texture":"#1"},"west":{"uv":[16.0,5.475,15.75,6.225],"texture":"#1"},"up":{"uv":[16.0,5.475,15.5,6.225],"texture":"#1"},"down":{"uv":[16.0,5.475,15.5,6.225],"texture":"#1"}}},{"from":[5.4,-0.26,8.13],"to":[8.0,0.52,9.43],"rotation":{"origin":[5.79,0.39,9.3],"axis":"z","angle":22.5},"faces":{"north":{"uv":[16.0,5.475,15.75,6.225],"texture":"#1","rotation":90},"east":{"uv":[15.5,5.475,16.0,6.225],"texture":"#1"},"south":{"uv":[15.75,5.475,15.5,6.225],"texture":"#1","rotation":90},"west":{"uv":[16.0,5.475,15.5,6.225],"texture":"#1"},"up":{"uv":[16.0,5.475,15.5,6.225],"texture":"#1","rotation":90},"down":{"uv":[15.5,5.475,16.0,6.225],"texture":"#1","rotation":90}}},{"from":[6.7,0.0,5.4],"to":[8.0,0.78,8.0],"rotation":{"origin":[8.65,0.39,6.7],"axis":"x","angle":-22.5},"faces":{"north":{"uv":[15.5,5.475,16.0,6.225],"texture":"#1"},"east":{"uv":[15.5,5.475,15.75,6.225],"texture":"#1"},"south":{"uv":[16.0,5.475,15.5,6.225],"texture":"#1"},"west":{"uv":[15.75,5.475,16.0,6.225],"texture":"#1"},"up":{"uv":[16.0,6.225,15.5,5.475],"texture":"#1"},"down":{"uv":[16.0,6.225,15.5,5.475],"texture":"#1"}}},{"from":[8.38336,-0.2195,6.83],"to":[10.98336,0.5605,8.13],"rotation":{"origin":[10.33336,1.9905,7.22],"axis":"z","angle":-22.5},"faces":{"north":{"uv":[15.75,6.225,15.5,5.475],"texture":"#1","rotation":90},"east":{"uv":[16.0,5.475,15.5,6.225],"texture":"#1"},"south":{"uv":[16.0,6.225,15.75,5.475],"texture":"#1","rotation":90},"west":{"uv":[15.5,5.475,16.0,6.225],"texture":"#1"},"up":{"uv":[15.5,5.475,16.0,6.225],"texture":"#1","rotation":90},"down":{"uv":[16.0,5.475,15.5,6.225],"texture":"#1","rotation":90}}},{"from":[6.0,6.2,4.9],"to":[10.0,10.2,8.9],"faces":{"north":{"uv":[0.0,0.0,1.25,1.25],"texture":"#1"},"east":{"uv":[0.0,0.0,1.25,1.25],"texture":"#1"},"south":{"uv":[0.0,0.0,1.25,1.25],"texture":"#1"},"west":{"uv":[0.0,0.0,1.25,1.25],"texture":"#1"},"up":{"uv":[0.0,0.0,1.25,1.25],"texture":"#1"},"down":{"uv":[0.0,0.0,1.25,1.25],"texture":"#1"}}},{"from":[6.8,4.6,8.2],"to":[9.8,7.6,11.2],"faces":{"north":{"uv":[1.5,1.25,2.5,2.25],"texture":"#1"},"east":{"uv":[1.5,1.25,2.5,2.25],"texture":"#1"},"south":{"uv":[1.5,1.25,2.5,2.25],"texture":"#1"},"west":{"uv":[1.5,1.25,2.5,2.25],"texture":"#1"},"up":{"uv":[1.5,1.25,2.5,2.25],"texture":"#1"},"down":{"uv":[1.5,1.25,2.5,2.25],"texture":"#1"}}},{"from":[8.0,4.2,5.9],"to":[12.0,8.2,9.9],"faces":{"north":{"uv":[0.0,0.0,1.25,1.25],"texture":"#1"},"east":{"uv":[0.0,0.0,1.25,1.25],"texture":"#1"},"south":{"uv":[0.0,0.0,1.25,1.25],"texture":"#1"},"west":{"uv":[0.0,0.0,1.25,1.25],"texture":"#1"},"up":{"uv":[0.0,0.0,1.25,1.25],"texture":"#1"},"down":{"uv":[0.0,0.0,1.25,1.25],"texture":"#1"}}}],"textures":{"1":"infinitecrops:f448594f-0581-4745-8800-a048d2b485ce"},"gui_light":"front"}