{"parent":"infinitecrops:0a873fb8-c92f-421c-9d37-96b41a2bc63b","display":{"thirdperson_righthand":{"rotation":[0.0,-180.0,0.0],"translation":[0.0,2.75,0.75],"scale":[0.4,0.4,0.4]},"thirdperson_lefthand":{"translation":[0.0,2.75,0.75],"scale":[0.4,0.4,0.4]},"firstperson_righthand":{"rotation":[0.0,140.0,0.0],"translation":[3.5,2.5,0.0],"scale":[0.4,0.4,0.4]},"firstperson_lefthand":{"rotation":[0.0,-44.0,0.0],"translation":[-1.0,4.25,2.75],"scale":[0.4,0.4,0.4]},"ground":{"translation":[0.0,2.0,0.0],"scale":[0.5,0.5,0.5]}},"textures":{"particle":"infinitecrops:b082d12f-c23f-40be-b2af-c54293496824","1":"infinitecrops:eb3b225b-99ba-45ca-bd07-adda2f98792c","2":"infinitecrops:b082d12f-c23f-40be-b2af-c54293496824"}}