{"display":{"gui":{"rotation":[9.96,14.54,-3.71],"translation":[0.0,-3.75,0.0],"scale":[0.5,0.5,0.5]},"fixed":{"rotation":[-90.0,0.0,0.0],"translation":[0.0,0.0,-14.75],"scale":[2.0,2.0,2.0]},"thirdperson_righthand":{"rotation":[0.0,-180.0,0.0],"translation":[0.0,2.75,0.75],"scale":[0.4,0.4,0.4]},"thirdperson_lefthand":{"translation":[0.0,2.75,0.75],"scale":[0.4,0.4,0.4]},"firstperson_righthand":{"rotation":[0.0,140.0,0.0],"translation":[3.5,2.5,0.0],"scale":[0.4,0.4,0.4]},"firstperson_lefthand":{"rotation":[0.0,-44.0,0.0],"translation":[-1.0,4.25,2.75],"scale":[0.4,0.4,0.4]},"ground":{"translation":[0.0,2.0,0.0],"scale":[0.5,0.5,0.5]}},"elements":[{"from":[-4.61168,0.0,7.89104],"to":[20.68432,29.636,7.89104],"rotation":{"origin":[7.91232,9.92,8.26304],"axis":"y","angle":0.0},"faces":{"north":{"uv":[0.0,0.0,16.0,16.0],"texture":"#1"},"east":{"uv":[0.0,0.0,0.0,16.0],"texture":"#1"},"south":{"uv":[16.0,0.0,0.0,16.0],"texture":"#1"},"west":{"uv":[0.0,0.0,0.0,16.0],"texture":"#1"},"up":{"uv":[0.0,0.0,16.0,0.0],"texture":"#1"},"down":{"uv":[0.0,0.0,16.0,0.0],"texture":"#1"}}},{"from":[7.91232,0.0,-3.88896],"to":[7.91232,29.636,20.04304],"rotation":{"origin":[7.91232,9.92,8.26304],"axis":"y","angle":0.0},"faces":{"north":{"uv":[0.0,0.0,0.0,16.0],"texture":"#1"},"east":{"uv":[0.0,0.0,16.0,16.0],"texture":"#1"},"south":{"uv":[0.0,0.0,0.0,16.0],"texture":"#1"},"west":{"uv":[16.0,0.0,0.0,16.0],"texture":"#1"},"up":{"uv":[0.0,0.0,16.0,0.0],"texture":"#1","rotation":270},"down":{"uv":[0.0,0.0,16.0,0.0],"texture":"#1","rotation":90}}},{"from":[14.5,0.0,7.4],"to":[15.5,32.0,8.4],"faces":{"north":{"uv":[0.0,0.0,1.0,16.0],"texture":"#2"},"east":{"uv":[0.0,0.0,1.0,16.0],"texture":"#2"},"south":{"uv":[0.0,0.0,1.0,16.0],"texture":"#2"},"west":{"uv":[0.0,0.0,1.0,16.0],"texture":"#2"},"up":{"uv":[0.0,0.0,1.0,0.8],"texture":"#2"},"down":{"uv":[0.0,0.0,1.0,0.8],"texture":"#2"}}},{"from":[0.0,0.0,7.4],"to":[1.0,32.0,8.4],"faces":{"north":{"uv":[0.0,0.0,1.0,16.0],"texture":"#2"},"east":{"uv":[0.0,0.0,1.0,16.0],"texture":"#2"},"south":{"uv":[0.0,0.0,1.0,16.0],"texture":"#2"},"west":{"uv":[0.0,0.0,1.0,16.0],"texture":"#2"},"up":{"uv":[0.0,0.0,1.0,0.8],"texture":"#2"},"down":{"uv":[0.0,0.0,1.0,0.8],"texture":"#2"}}},{"from":[0.5,30.0,7.9],"to":[15.5,31.0,7.9],"rotation":{"origin":[13.5,3.0,7.4],"axis":"y","angle":0.0},"faces":{"north":{"uv":[14.6,0.0,16.0,16.0],"texture":"#2","rotation":90},"east":{"uv":[14.6,0.0,16.0,16.0],"texture":"#2","rotation":90},"south":{"uv":[16.0,16.0,14.6,0.0],"texture":"#2","rotation":90},"west":{"uv":[14.6,0.0,16.0,16.0],"texture":"#2","rotation":90},"up":{"uv":[14.6,0.0,16.0,16.0],"texture":"#2","rotation":90},"down":{"uv":[14.6,0.0,16.0,16.0],"texture":"#2","rotation":90}}},{"from":[2.968,9.78,11.844],"to":[5.82,13.5,11.844],"rotation":{"origin":[13.146,10.54,4.28],"axis":"y","angle":-22.5},"faces":{"north":{"uv":[16.0,0.0,0.0,16.0],"texture":"#3"},"east":{"uv":[16.0,0.0,0.0,16.0],"texture":"#3"},"south":{"uv":[0.0,0.0,16.0,16.0],"texture":"#3"},"west":{"uv":[16.0,0.0,0.0,16.0],"texture":"#3"},"up":{"uv":[16.0,0.0,0.0,16.0],"texture":"#3"},"down":{"uv":[16.0,0.0,0.0,16.0],"texture":"#3"}}},{"from":[4.394,9.78,10.418],"to":[4.394,13.5,13.27],"rotation":{"origin":[13.146,10.54,4.28],"axis":"y","angle":-22.5},"faces":{"north":{"uv":[16.0,0.0,0.0,16.0],"texture":"#3"},"east":{"uv":[16.0,0.0,0.0,16.0],"texture":"#3"},"south":{"uv":[16.0,0.0,0.0,16.0],"texture":"#3"},"west":{"uv":[0.0,0.0,16.0,16.0],"texture":"#3"},"up":{"uv":[0.0,16.0,16.0,0.0],"texture":"#3","rotation":270},"down":{"uv":[0.0,16.0,16.0,0.0],"texture":"#3","rotation":90}}},{"from":[7.38,15.48,2.936],"to":[10.232,19.2,2.936],"rotation":{"origin":[2.854,10.54,4.28],"axis":"y","angle":22.5},"faces":{"north":{"uv":[0.0,0.0,16.0,16.0],"texture":"#3"},"east":{"uv":[0.0,0.0,16.0,16.0],"texture":"#3"},"south":{"uv":[16.0,0.0,0.0,16.0],"texture":"#3"},"west":{"uv":[0.0,0.0,16.0,16.0],"texture":"#3"},"up":{"uv":[0.0,0.0,16.0,16.0],"texture":"#3"},"down":{"uv":[0.0,0.0,16.0,16.0],"texture":"#3"}}},{"from":[8.806,15.48,1.51],"to":[8.806,19.2,4.362],"rotation":{"origin":[2.854,10.54,4.28],"axis":"y","angle":22.5},"faces":{"north":{"uv":[0.0,0.0,16.0,16.0],"texture":"#3"},"east":{"uv":[16.0,0.0,0.0,16.0],"texture":"#3"},"south":{"uv":[0.0,0.0,16.0,16.0],"texture":"#3"},"west":{"uv":[0.0,0.0,16.0,16.0],"texture":"#3"},"up":{"uv":[0.0,0.0,16.0,16.0],"texture":"#3","rotation":270},"down":{"uv":[0.0,0.0,16.0,16.0],"texture":"#3","rotation":90}}},{"from":[3.97,6.108,13.27],"to":[3.97,9.828,16.122],"rotation":{"origin":[2.854,10.54,4.28],"axis":"y","angle":22.5},"faces":{"north":{"uv":[0.0,0.0,16.0,16.0],"texture":"#3"},"east":{"uv":[16.0,0.0,0.0,16.0],"texture":"#3"},"south":{"uv":[0.0,0.0,16.0,16.0],"texture":"#3"},"west":{"uv":[0.0,0.0,16.0,16.0],"texture":"#3"},"up":{"uv":[0.0,0.0,16.0,16.0],"texture":"#3","rotation":270},"down":{"uv":[0.0,0.0,16.0,16.0],"texture":"#3","rotation":90}}},{"from":[2.544,6.108,14.696],"to":[5.396,9.828,14.696],"rotation":{"origin":[2.854,10.54,4.28],"axis":"y","angle":22.5},"faces":{"north":{"uv":[0.0,0.0,16.0,16.0],"texture":"#3"},"east":{"uv":[0.0,0.0,16.0,16.0],"texture":"#3"},"south":{"uv":[16.0,0.0,0.0,16.0],"texture":"#3"},"west":{"uv":[0.0,0.0,16.0,16.0],"texture":"#3"},"up":{"uv":[0.0,0.0,16.0,16.0],"texture":"#3"},"down":{"uv":[0.0,0.0,16.0,16.0],"texture":"#3"}}},{"from":[7.504,20.04,10.728],"to":[10.356,23.76,10.728],"rotation":{"origin":[2.854,10.54,4.28],"axis":"y","angle":22.5},"faces":{"north":{"uv":[0.0,0.0,16.0,16.0],"texture":"#3"},"east":{"uv":[0.0,0.0,16.0,16.0],"texture":"#3"},"south":{"uv":[16.0,0.0,0.0,16.0],"texture":"#3"},"west":{"uv":[0.0,0.0,16.0,16.0],"texture":"#3"},"up":{"uv":[0.0,0.0,16.0,16.0],"texture":"#3"},"down":{"uv":[0.0,0.0,16.0,16.0],"texture":"#3"}}},{"from":[8.93,20.04,9.302],"to":[8.93,23.76,12.154],"rotation":{"origin":[2.854,10.54,4.28],"axis":"y","angle":22.5},"faces":{"north":{"uv":[0.0,0.0,16.0,16.0],"texture":"#3"},"east":{"uv":[16.0,0.0,0.0,16.0],"texture":"#3"},"south":{"uv":[0.0,0.0,16.0,16.0],"texture":"#3"},"west":{"uv":[0.0,0.0,16.0,16.0],"texture":"#3"},"up":{"uv":[0.0,0.0,16.0,16.0],"texture":"#3","rotation":270},"down":{"uv":[0.0,0.0,16.0,16.0],"texture":"#3","rotation":90}}},{"from":[2.28,22.38,8.536],"to":[5.132,26.1,8.536],"rotation":{"origin":[2.854,10.54,4.28],"axis":"y","angle":22.5},"faces":{"north":{"uv":[0.0,0.0,16.0,16.0],"texture":"#3"},"east":{"uv":[0.0,0.0,16.0,16.0],"texture":"#3"},"south":{"uv":[16.0,0.0,0.0,16.0],"texture":"#3"},"west":{"uv":[0.0,0.0,16.0,16.0],"texture":"#3"},"up":{"uv":[0.0,0.0,16.0,16.0],"texture":"#3"},"down":{"uv":[0.0,0.0,16.0,16.0],"texture":"#3"}}},{"from":[3.706,22.38,7.11],"to":[3.706,26.1,9.962],"rotation":{"origin":[2.854,10.54,4.28],"axis":"y","angle":22.5},"faces":{"north":{"uv":[0.0,0.0,16.0,16.0],"texture":"#3"},"east":{"uv":[16.0,0.0,0.0,16.0],"texture":"#3"},"south":{"uv":[0.0,0.0,16.0,16.0],"texture":"#3"},"west":{"uv":[0.0,0.0,16.0,16.0],"texture":"#3"},"up":{"uv":[0.0,0.0,16.0,16.0],"texture":"#3","rotation":270},"down":{"uv":[0.0,0.0,16.0,16.0],"texture":"#3","rotation":90}}}],"textures":{"particle":"infinitecrops:adc3384c-7e5d-4567-9272-07e12fbe44f6","1":"infinitecrops:2e0f9931-9f64-4df2-8b8e-b47b4d0ac1c6","2":"infinitecrops:adc3384c-7e5d-4567-9272-07e12fbe44f6","3":"infinitecrops:121b49ad-8df2-4b29-b243-da990d7d6c80"},"gui_light":"front"}