{"parent":"infinitecrops:c53b7950-e72a-4fd4-8d51-1e75409353d4","display":{"thirdperson_righthand":{"rotation":[0.0,-180.0,0.0],"translation":[0.0,2.75,0.75],"scale":[0.4,0.4,0.4]},"thirdperson_lefthand":{"translation":[0.0,2.75,0.75],"scale":[0.4,0.4,0.4]},"firstperson_righthand":{"rotation":[0.0,140.0,0.0],"translation":[3.5,2.5,0.0],"scale":[0.4,0.4,0.4]},"firstperson_lefthand":{"rotation":[0.0,-44.0,0.0],"translation":[-1.0,4.25,2.75],"scale":[0.4,0.4,0.4]},"ground":{"translation":[0.0,2.0,0.0],"scale":[0.5,0.5,0.5]}},"textures":{"particle":"infinitecrops:2a7d2700-39de-47e3-9327-d6f5adbcd1e4","1":"infinitecrops:f448594f-0581-4745-8800-a048d2b485ce","2":"infinitecrops:2a7d2700-39de-47e3-9327-d6f5adbcd1e4"}}