{"parent":"infinitecrops:669ad0a7-f031-4066-a68a-80c3b8f2b1ce","display":{"thirdperson_righthand":{"rotation":[0.0,-180.0,0.0],"translation":[0.0,2.75,0.75],"scale":[0.4,0.4,0.4]},"thirdperson_lefthand":{"translation":[0.0,2.75,0.75],"scale":[0.4,0.4,0.4]},"firstperson_righthand":{"rotation":[0.0,140.0,0.0],"translation":[3.5,2.5,0.0],"scale":[0.4,0.4,0.4]},"firstperson_lefthand":{"rotation":[0.0,-44.0,0.0],"translation":[-1.0,4.25,2.75],"scale":[0.4,0.4,0.4]},"ground":{"translation":[0.0,2.0,0.0],"scale":[0.5,0.5,0.5]}},"textures":{"particle":"infinitecrops:d17b49e8-0d32-4023-b7ec-0da3ebbf54ea","1":"infinitecrops:5e40fe20-01a1-4dd1-9904-6729afb21655","2":"infinitecrops:d17b49e8-0d32-4023-b7ec-0da3ebbf54ea"}}