{"parent":"infinitecrops:669ad0a7-f031-4066-a68a-80c3b8f2b1ce","display":{"thirdperson_righthand":{"rotation":[0.0,-180.0,0.0],"translation":[0.0,2.75,0.75],"scale":[0.4,0.4,0.4]},"thirdperson_lefthand":{"translation":[0.0,2.75,0.75],"scale":[0.4,0.4,0.4]},"firstperson_righthand":{"rotation":[0.0,140.0,0.0],"translation":[3.5,2.5,0.0],"scale":[0.4,0.4,0.4]},"firstperson_lefthand":{"rotation":[0.0,-44.0,0.0],"translation":[-1.0,4.25,2.75],"scale":[0.4,0.4,0.4]},"ground":{"translation":[0.0,2.0,0.0],"scale":[0.5,0.5,0.5]}},"textures":{"particle":"infinitecrops:b4f423ee-3df1-49e2-9bfe-e6e825d9b47d","1":"infinitecrops:5e40fe20-01a1-4dd1-9904-6729afb21655","2":"infinitecrops:b4f423ee-3df1-49e2-9bfe-e6e825d9b47d","3":"infinitecrops:afac1fcf-46a0-421e-98e0-965591449919"}}