{"display":{"thirdperson_righthand":{"rotation":[75.0,0.0,0.0],"translation":[0.0,3.0,0.0],"scale":[0.5,0.5,0.5]},"thirdperson_lefthand":{"rotation":[75.0,0.0,0.0],"translation":[0.0,3.0,0.0],"scale":[0.5,0.5,0.5]},"firstperson_righthand":{"rotation":[34.0,116.0,0.0],"translation":[1.0,3.75,2.75],"scale":[0.5,0.5,0.5]},"firstperson_lefthand":{"rotation":[40.0,102.0,0.0],"translation":[1.5,3.75,4.0],"scale":[0.5,0.5,0.5]},"ground":{"translation":[0.0,2.0,0.0],"scale":[0.5,0.5,0.5]},"gui":{"rotation":[-137.24,33.52,171.2],"translation":[-1.0,1.5,0.0],"scale":[0.55,0.55,0.55]},"head":{"translation":[0.0,14.0,0.0]},"fixed":{"rotation":[-90.0,0.0,0.0],"translation":[0.0,1.5,-14.75],"scale":[2.0,2.0,2.0]}},"elements":[{"from":[10.0,0.5,-3.0],"to":[26.0,1.5,13.0],"rotation":{"origin":[18.0,8.0,0.5],"axis":"x","angle":-22.5},"faces":{"north":{"uv":[0.0,0.0,16.0,1.0],"texture":"#1","rotation":180},"east":{"uv":[0.0,0.0,1.0,16.0],"texture":"#1","rotation":270},"south":{"uv":[0.0,0.0,16.0,1.0],"texture":"#1"},"west":{"uv":[0.0,0.0,1.0,16.0],"texture":"#1","rotation":90},"up":{"uv":[0.0,0.0,16.0,16.0],"texture":"#1","rotation":180},"down":{"uv":[0.0,0.0,16.0,16.0],"texture":"#1"}}},{"from":[10.0,0.0,11.0],"to":[11.0,5.0,12.0],"rotation":{"origin":[10.0,0.0,0.0],"axis":"y","angle":0.0},"faces":{"north":{"uv":[0.0,0.0,1.0,5.0],"texture":"#1"},"east":{"uv":[0.0,0.0,1.0,5.0],"texture":"#1"},"south":{"uv":[0.0,0.0,1.0,5.0],"texture":"#1"},"west":{"uv":[0.0,0.0,1.0,5.0],"texture":"#1"},"up":{"uv":[0.0,0.0,1.0,1.0],"texture":"#1"},"down":{"uv":[0.0,0.0,1.0,1.0],"texture":"#1"}}},{"from":[25.0,0.0,11.0],"to":[26.0,5.0,12.0],"rotation":{"origin":[10.0,0.0,0.0],"axis":"y","angle":0.0},"faces":{"north":{"uv":[0.0,0.0,1.0,5.0],"texture":"#1"},"east":{"uv":[0.0,0.0,1.0,5.0],"texture":"#1"},"south":{"uv":[0.0,0.0,1.0,5.0],"texture":"#1"},"west":{"uv":[0.0,0.0,1.0,5.0],"texture":"#1"},"up":{"uv":[0.0,0.0,1.0,1.0],"texture":"#1"},"down":{"uv":[0.0,0.0,1.0,1.0],"texture":"#1"}}},{"from":[-9.0,0.5,-3.0],"to":[7.0,1.5,13.0],"rotation":{"origin":[-1.0,8.0,0.5],"axis":"x","angle":-22.5},"faces":{"north":{"uv":[0.0,0.0,16.0,1.0],"texture":"#1","rotation":180},"east":{"uv":[0.0,0.0,1.0,16.0],"texture":"#1","rotation":270},"south":{"uv":[0.0,0.0,16.0,1.0],"texture":"#1"},"west":{"uv":[0.0,0.0,1.0,16.0],"texture":"#1","rotation":90},"up":{"uv":[0.0,0.0,16.0,16.0],"texture":"#1","rotation":180},"down":{"uv":[0.0,0.0,16.0,16.0],"texture":"#1"}}},{"from":[7.0,0.5,-3.0],"to":[10.0,1.5,13.0],"rotation":{"origin":[-1.0,8.0,0.5],"axis":"x","angle":-22.5},"faces":{"north":{"uv":[0.0,0.0,12.8,1.0],"texture":"#2","rotation":180},"east":{"uv":[0.0,0.0,1.0,16.0],"texture":"#2","rotation":270},"south":{"uv":[0.0,0.0,12.8,1.0],"texture":"#2"},"west":{"uv":[0.0,0.0,1.0,16.0],"texture":"#2","rotation":90},"up":{"uv":[0.0,0.0,12.8,16.0],"texture":"#2","rotation":180},"down":{"uv":[0.0,0.0,12.8,16.0],"texture":"#2"}}},{"from":[-9.0,0.0,11.0],"to":[-8.0,5.0,12.0],"rotation":{"origin":[-9.0,0.0,0.0],"axis":"y","angle":0.0},"faces":{"north":{"uv":[0.0,0.0,1.0,5.0],"texture":"#1"},"east":{"uv":[0.0,0.0,1.0,5.0],"texture":"#1"},"south":{"uv":[0.0,0.0,1.0,5.0],"texture":"#1"},"west":{"uv":[0.0,0.0,1.0,5.0],"texture":"#1"},"up":{"uv":[0.0,0.0,1.0,1.0],"texture":"#1"},"down":{"uv":[0.0,0.0,1.0,1.0],"texture":"#1"}}},{"from":[6.0,0.0,11.0],"to":[7.0,5.0,12.0],"rotation":{"origin":[-9.0,0.0,0.0],"axis":"y","angle":0.0},"faces":{"north":{"uv":[0.0,0.0,1.0,5.0],"texture":"#1"},"east":{"uv":[0.0,0.0,1.0,5.0],"texture":"#1"},"south":{"uv":[0.0,0.0,1.0,5.0],"texture":"#1"},"west":{"uv":[0.0,0.0,1.0,5.0],"texture":"#1"},"up":{"uv":[0.0,0.0,1.0,1.0],"texture":"#1"},"down":{"uv":[0.0,0.0,1.0,1.0],"texture":"#1"}}}],"textures":{"particle":"infinitecrops:ad6a2677-7370-41cb-8ca6-9f179346c35b","1":"infinitecrops:1ac1fff9-acd3-4873-bb52-003601d9c309","2":"infinitecrops:ad6a2677-7370-41cb-8ca6-9f179346c35b"},"gui_light":"front"}