{"display":{"head":{},"firstperson_righthand":{},"thirdperson_lefthand":{},"firstperson_lefthand":{},"fixed":{},"ground":{},"thirdperson_righthand":{},"gui":{"rotation":[-150.0,-45.0,180.0]}},"elements":[{"from":[8.0,6.0,7.0],"to":[9.0,7.0,8.0],"faces":{"east":{"uv":[12.5,6.25,12.75,6.5],"texture":"#0","tintindex":0},"south":{"uv":[6.5,12.5,6.75,12.75],"texture":"#0","tintindex":0},"north":{"uv":[6.25,12.5,6.5,12.75],"texture":"#0","tintindex":0},"west":{"uv":[12.5,6.5,12.75,6.75],"texture":"#0","tintindex":0},"up":{"uv":[7.0,12.75,6.75,12.5],"texture":"#0","tintindex":0},"down":{"uv":[12.75,6.75,12.5,7.0],"texture":"#0","tintindex":0}}},{"from":[9.0,6.0,7.0],"to":[11.0,8.0,8.0],"faces":{"east":{"uv":[11.25,7.75,11.5,8.25],"texture":"#0","tintindex":0},"south":{"uv":[0.0,10.0,0.5,10.5],"texture":"#0","tintindex":0},"north":{"uv":[9.75,7.75,10.25,8.25],"texture":"#0","tintindex":0},"west":{"uv":[11.25,9.25,11.5,9.75],"texture":"#0","tintindex":0},"up":{"uv":[11.75,4.5,11.25,4.25],"texture":"#0","tintindex":0},"down":{"uv":[11.75,10.0,11.25,10.25],"texture":"#0","tintindex":0}}},{"from":[6.0,6.0,8.0],"to":[9.0,7.0,9.0],"faces":{"east":{"uv":[4.5,12.5,4.75,12.75],"texture":"#0","tintindex":0},"south":{"uv":[4.5,10.5,5.25,10.75],"texture":"#0","tintindex":0},"north":{"uv":[10.5,4.25,11.25,4.5],"texture":"#0","tintindex":0},"west":{"uv":[12.5,4.5,12.75,4.75],"texture":"#0","tintindex":0},"up":{"uv":[11.25,5.0,10.5,4.75],"texture":"#0","tintindex":0},"down":{"uv":[11.25,5.0,10.5,5.25],"texture":"#0","tintindex":0}}},{"from":[6.0,6.0,9.0],"to":[9.0,9.0,10.0],"faces":{"east":{"uv":[3.0,10.5,3.25,11.25],"texture":"#0","tintindex":0},"south":{"uv":[1.25,7.25,2.0,8.0],"texture":"#0","tintindex":0},"north":{"uv":[7.0,4.5,7.75,5.25],"texture":"#0","tintindex":0},"west":{"uv":[3.25,10.5,3.5,11.25],"texture":"#0","tintindex":0},"up":{"uv":[11.25,4.0,10.5,3.75],"texture":"#0","tintindex":0},"down":{"uv":[11.25,4.0,10.5,4.25],"texture":"#0","tintindex":0}}},{"from":[12.0,6.0,8.0],"to":[13.0,7.0,10.0],"faces":{"east":{"uv":[11.25,10.5,11.75,10.75],"texture":"#0","tintindex":0},"south":{"uv":[12.5,4.75,12.75,5.0],"texture":"#0","tintindex":0},"north":{"uv":[4.75,12.5,5.0,12.75],"texture":"#0","tintindex":0},"west":{"uv":[11.25,10.75,11.75,11.0],"texture":"#0","tintindex":0},"up":{"uv":[11.25,11.75,11.0,11.25],"texture":"#0","tintindex":0},"down":{"uv":[11.5,11.0,11.25,11.5],"texture":"#0","tintindex":0}}},{"from":[10.0,5.0,8.0],"to":[13.0,6.0,10.0],"faces":{"east":{"uv":[11.25,10.25,11.75,10.5],"texture":"#0","tintindex":0},"south":{"uv":[10.5,5.5,11.25,5.75],"texture":"#0","tintindex":0},"north":{"uv":[10.5,5.25,11.25,5.5],"texture":"#0","tintindex":0},"west":{"uv":[10.5,11.25,11.0,11.5],"texture":"#0","tintindex":0},"up":{"uv":[4.0,9.0,3.25,8.5],"texture":"#0","tintindex":0},"down":{"uv":[9.25,3.5,8.5,4.0],"texture":"#0","tintindex":0}}},{"from":[6.0,7.0,7.0],"to":[9.0,10.0,9.0],"faces":{"east":{"uv":[8.25,6.0,8.75,6.75],"texture":"#0","tintindex":0},"south":{"uv":[7.0,3.75,7.75,4.5],"texture":"#0","tintindex":0},"north":{"uv":[7.0,0.75,7.75,1.5],"texture":"#0","tintindex":0},"west":{"uv":[6.25,8.25,6.75,9.0],"texture":"#0","tintindex":0},"up":{"uv":[7.5,8.75,6.75,8.25],"texture":"#0","tintindex":0},"down":{"uv":[8.25,8.25,7.5,8.75],"texture":"#0","tintindex":0}}},{"from":[11.0,6.0,7.0],"to":[12.0,7.0,8.0],"faces":{"east":{"uv":[12.5,5.5,12.75,5.75],"texture":"#0","tintindex":0},"south":{"uv":[5.75,12.5,6.0,12.75],"texture":"#0","tintindex":0},"north":{"uv":[5.5,12.5,5.75,12.75],"texture":"#0","tintindex":0},"west":{"uv":[12.5,5.75,12.75,6.0],"texture":"#0","tintindex":0},"up":{"uv":[6.25,12.75,6.0,12.5],"texture":"#0","tintindex":0},"down":{"uv":[12.75,6.0,12.5,6.25],"texture":"#0","tintindex":0}}},{"from":[9.0,6.0,8.0],"to":[12.0,8.0,10.0],"faces":{"east":{"uv":[5.0,9.75,5.5,10.25],"texture":"#0","tintindex":0},"south":{"uv":[0.5,8.5,1.25,9.0],"texture":"#0","tintindex":0},"north":{"uv":[8.25,8.25,9.0,8.75],"texture":"#0","tintindex":0},"west":{"uv":[5.5,9.75,6.0,10.25],"texture":"#0","tintindex":0},"up":{"uv":[2.0,9.0,1.25,8.5],"texture":"#0","tintindex":0},"down":{"uv":[9.25,1.25,8.5,1.75],"texture":"#0","tintindex":0}}},{"from":[13.0,5.0,8.0],"to":[14.0,6.0,10.0],"faces":{"east":{"uv":[11.5,0.0,12.0,0.25],"texture":"#0","tintindex":0},"south":{"uv":[12.5,5.0,12.75,5.25],"texture":"#0","tintindex":0},"north":{"uv":[5.0,12.5,5.25,12.75],"texture":"#0","tintindex":0},"west":{"uv":[11.5,0.25,12.0,0.5],"texture":"#0","tintindex":0},"up":{"uv":[0.75,12.0,0.5,11.5],"texture":"#0","tintindex":0},"down":{"uv":[11.75,0.5,11.5,1.0],"texture":"#0","tintindex":0}}},{"from":[8.0,5.0,7.0],"to":[13.0,6.0,8.0],"faces":{"east":{"uv":[5.25,12.5,5.5,12.75],"texture":"#0","tintindex":0},"south":{"uv":[8.75,7.0,10.0,7.25],"texture":"#0","tintindex":0},"north":{"uv":[8.75,6.75,10.0,7.0],"texture":"#0","tintindex":0},"west":{"uv":[12.5,5.25,12.75,5.5],"texture":"#0","tintindex":0},"up":{"uv":[8.5,9.0,7.25,8.75],"texture":"#0","tintindex":0},"down":{"uv":[10.0,7.25,8.75,7.5],"texture":"#0","tintindex":0}}},{"from":[9.0,5.0,8.0],"to":[10.0,6.0,9.0],"faces":{"east":{"uv":[12.5,7.0,12.75,7.25],"texture":"#0","tintindex":0},"south":{"uv":[7.25,12.5,7.5,12.75],"texture":"#0","tintindex":0},"north":{"uv":[7.0,12.5,7.25,12.75],"texture":"#0","tintindex":0},"west":{"uv":[12.5,7.25,12.75,7.5],"texture":"#0","tintindex":0},"up":{"uv":[7.75,12.75,7.5,12.5],"texture":"#0","tintindex":0},"down":{"uv":[12.75,7.5,12.5,7.75],"texture":"#0","tintindex":0}}}],"textures":{"particle":"#0","0":"modelengine:07ad4ca6-1c12-4265-9ef5-0db7b55e5b07"}}