{"display":{"head":{},"firstperson_righthand":{},"thirdperson_lefthand":{},"firstperson_lefthand":{},"fixed":{},"ground":{},"thirdperson_righthand":{},"gui":{"rotation":[-150.0,-45.0,180.0]}},"elements":[{"from":[5.0,11.0,4.0],"to":[7.0,12.0,5.0],"faces":{"east":{"uv":[0.25,12.0,0.5,12.25],"texture":"#0","tintindex":0},"south":{"uv":[4.25,7.25,4.75,7.5],"texture":"#0","tintindex":0},"north":{"uv":[7.25,3.5,7.75,3.75],"texture":"#0","tintindex":0},"west":{"uv":[12.0,0.25,12.25,0.5],"texture":"#0","tintindex":0},"up":{"uv":[8.25,2.0,7.75,1.75],"texture":"#0","tintindex":0},"down":{"uv":[8.25,5.5,7.75,5.75],"texture":"#0","tintindex":0}}},{"from":[5.0,12.0,6.0],"to":[7.0,14.0,7.0],"faces":{"east":{"uv":[11.0,2.25,11.25,2.75],"texture":"#0","tintindex":0},"south":{"uv":[9.0,4.5,9.5,5.0],"texture":"#0","tintindex":0},"north":{"uv":[3.25,9.0,3.75,9.5],"texture":"#0","tintindex":0},"west":{"uv":[11.0,2.75,11.25,3.25],"texture":"#0","tintindex":0},"up":{"uv":[11.5,3.5,11.0,3.25],"texture":"#0","tintindex":0},"down":{"uv":[4.0,11.0,3.5,11.25],"texture":"#0","tintindex":0}}},{"from":[5.0,13.0,5.0],"to":[6.0,14.0,6.0],"faces":{"east":{"uv":[12.0,3.0,12.25,3.25],"texture":"#0","tintindex":0},"south":{"uv":[3.25,12.0,3.5,12.25],"texture":"#0","tintindex":0},"north":{"uv":[3.0,12.0,3.25,12.25],"texture":"#0","tintindex":0},"west":{"uv":[12.0,3.25,12.25,3.5],"texture":"#0","tintindex":0},"up":{"uv":[3.75,12.25,3.5,12.0],"texture":"#0","tintindex":0},"down":{"uv":[12.25,3.5,12.0,3.75],"texture":"#0","tintindex":0}}},{"from":[5.0,14.0,6.0],"to":[6.0,15.0,7.0],"faces":{"east":{"uv":[12.0,1.0,12.25,1.25],"texture":"#0","tintindex":0},"south":{"uv":[1.25,12.0,1.5,12.25],"texture":"#0","tintindex":0},"north":{"uv":[1.0,12.0,1.25,12.25],"texture":"#0","tintindex":0},"west":{"uv":[1.5,12.0,1.75,12.25],"texture":"#0","tintindex":0},"up":{"uv":[2.0,12.25,1.75,12.0],"texture":"#0","tintindex":0},"down":{"uv":[12.25,1.75,12.0,2.0],"texture":"#0","tintindex":0}}},{"from":[5.0,11.0,5.0],"to":[7.0,13.0,6.0],"faces":{"east":{"uv":[11.0,1.75,11.25,2.25],"texture":"#0","tintindex":0},"south":{"uv":[1.5,9.0,2.0,9.5],"texture":"#0","tintindex":0},"north":{"uv":[6.5,3.75,7.0,4.25],"texture":"#0","tintindex":0},"west":{"uv":[2.0,11.0,2.25,11.5],"texture":"#0","tintindex":0},"up":{"uv":[11.5,1.0,11.0,0.75],"texture":"#0","tintindex":0},"down":{"uv":[2.75,11.0,2.25,11.25],"texture":"#0","tintindex":0}}},{"from":[6.0,12.0,4.0],"to":[7.0,13.0,5.0],"faces":{"east":{"uv":[12.0,2.0,12.25,2.25],"texture":"#0","tintindex":0},"south":{"uv":[2.25,12.0,2.5,12.25],"texture":"#0","tintindex":0},"north":{"uv":[2.0,12.0,2.25,12.25],"texture":"#0","tintindex":0},"west":{"uv":[12.0,2.25,12.25,2.5],"texture":"#0","tintindex":0},"up":{"uv":[2.75,12.25,2.5,12.0],"texture":"#0","tintindex":0},"down":{"uv":[3.0,12.0,2.75,12.25],"texture":"#0","tintindex":0}}}],"textures":{"particle":"#0","0":"modelengine:07ad4ca6-1c12-4265-9ef5-0db7b55e5b07"}}