{"display":{"head":{},"firstperson_righthand":{},"thirdperson_lefthand":{},"firstperson_lefthand":{},"fixed":{},"ground":{},"thirdperson_righthand":{},"gui":{"rotation":[-150.0,-45.0,180.0]}},"elements":[{"from":[17.0,8.0,7.0],"to":[18.0,9.0,8.0],"faces":{"east":{"uv":[12.0,12.25,12.25,12.5],"texture":"#0","tintindex":0},"south":{"uv":[12.25,12.0,12.5,12.25],"texture":"#0","tintindex":0},"north":{"uv":[12.25,11.75,12.5,12.0],"texture":"#0","tintindex":0},"west":{"uv":[12.25,12.25,12.5,12.5],"texture":"#0","tintindex":0},"up":{"uv":[0.25,12.75,0.0,12.5],"texture":"#0","tintindex":0},"down":{"uv":[12.75,0.0,12.5,0.25],"texture":"#0","tintindex":0}}},{"from":[17.0,6.0,4.0],"to":[20.0,8.0,6.0],"faces":{"east":{"uv":[9.75,0.0,10.25,0.5],"texture":"#0","tintindex":0},"south":{"uv":[4.0,8.0,4.75,8.5],"texture":"#0","tintindex":0},"north":{"uv":[3.25,8.0,4.0,8.5],"texture":"#0","tintindex":0},"west":{"uv":[9.75,1.25,10.25,1.75],"texture":"#0","tintindex":0},"up":{"uv":[5.5,8.5,4.75,8.0],"texture":"#0","tintindex":0},"down":{"uv":[6.25,8.0,5.5,8.5],"texture":"#0","tintindex":0}}},{"from":[19.0,6.0,3.0],"to":[20.0,7.0,4.0],"faces":{"east":{"uv":[12.5,1.75,12.75,2.0],"texture":"#0","tintindex":0},"south":{"uv":[2.0,12.5,2.25,12.75],"texture":"#0","tintindex":0},"north":{"uv":[1.75,12.5,2.0,12.75],"texture":"#0","tintindex":0},"west":{"uv":[12.5,2.0,12.75,2.25],"texture":"#0","tintindex":0},"up":{"uv":[2.5,12.75,2.25,12.5],"texture":"#0","tintindex":0},"down":{"uv":[12.75,2.25,12.5,2.5],"texture":"#0","tintindex":0}}},{"from":[19.0,9.0,6.0],"to":[20.0,10.0,7.0],"faces":{"east":{"uv":[12.5,2.5,12.75,2.75],"texture":"#0","tintindex":0},"south":{"uv":[2.75,12.5,3.0,12.75],"texture":"#0","tintindex":0},"north":{"uv":[2.5,12.5,2.75,12.75],"texture":"#0","tintindex":0},"west":{"uv":[12.5,2.75,12.75,3.0],"texture":"#0","tintindex":0},"up":{"uv":[3.25,12.75,3.0,12.5],"texture":"#0","tintindex":0},"down":{"uv":[12.75,3.0,12.5,3.25],"texture":"#0","tintindex":0}}},{"from":[18.0,9.0,7.0],"to":[19.0,11.0,9.0],"faces":{"east":{"uv":[4.0,9.75,4.5,10.25],"texture":"#0","tintindex":0},"south":{"uv":[11.25,5.75,11.5,6.25],"texture":"#0","tintindex":0},"north":{"uv":[5.75,11.25,6.0,11.75],"texture":"#0","tintindex":0},"west":{"uv":[4.5,9.75,5.0,10.25],"texture":"#0","tintindex":0},"up":{"uv":[6.5,11.75,6.25,11.25],"texture":"#0","tintindex":0},"down":{"uv":[6.75,11.25,6.5,11.75],"texture":"#0","tintindex":0}}},{"from":[17.0,9.0,6.0],"to":[18.0,11.0,9.0],"faces":{"east":{"uv":[8.25,0.75,9.0,1.25],"texture":"#0","tintindex":0},"south":{"uv":[11.25,6.75,11.5,7.25],"texture":"#0","tintindex":0},"north":{"uv":[6.75,11.25,7.0,11.75],"texture":"#0","tintindex":0},"west":{"uv":[2.5,8.25,3.25,8.75],"texture":"#0","tintindex":0},"up":{"uv":[10.5,10.75,10.25,10.0],"texture":"#0","tintindex":0},"down":{"uv":[0.25,10.5,0.0,11.25],"texture":"#0","tintindex":0}}},{"from":[17.0,7.0,6.0],"to":[18.0,8.0,7.0],"faces":{"east":{"uv":[12.5,0.25,12.75,0.5],"texture":"#0","tintindex":0},"south":{"uv":[0.5,12.5,0.75,12.75],"texture":"#0","tintindex":0},"north":{"uv":[0.25,12.5,0.5,12.75],"texture":"#0","tintindex":0},"west":{"uv":[12.5,0.5,12.75,0.75],"texture":"#0","tintindex":0},"up":{"uv":[1.0,12.75,0.75,12.5],"texture":"#0","tintindex":0},"down":{"uv":[12.75,0.75,12.5,1.0],"texture":"#0","tintindex":0}}},{"from":[18.0,7.0,5.0],"to":[20.0,9.0,8.0],"faces":{"east":{"uv":[8.0,6.75,8.75,7.25],"texture":"#0","tintindex":0},"south":{"uv":[9.75,3.5,10.25,4.0],"texture":"#0","tintindex":0},"north":{"uv":[2.0,9.75,2.5,10.25],"texture":"#0","tintindex":0},"west":{"uv":[8.0,7.25,8.75,7.75],"texture":"#0","tintindex":0},"up":{"uv":[8.75,0.75,8.25,0.0],"texture":"#0","tintindex":0},"down":{"uv":[8.75,1.75,8.25,2.5],"texture":"#0","tintindex":0}}},{"from":[18.0,9.0,6.0],"to":[19.0,10.0,7.0],"faces":{"east":{"uv":[12.5,3.25,12.75,3.5],"texture":"#0","tintindex":0},"south":{"uv":[3.5,12.5,3.75,12.75],"texture":"#0","tintindex":0},"north":{"uv":[3.25,12.5,3.5,12.75],"texture":"#0","tintindex":0},"west":{"uv":[12.5,3.5,12.75,3.75],"texture":"#0","tintindex":0},"up":{"uv":[4.0,12.75,3.75,12.5],"texture":"#0","tintindex":0},"down":{"uv":[12.75,3.75,12.5,4.0],"texture":"#0","tintindex":0}}},{"from":[17.0,6.0,3.0],"to":[18.0,7.0,4.0],"faces":{"east":{"uv":[12.5,1.0,12.75,1.25],"texture":"#0","tintindex":0},"south":{"uv":[1.25,12.5,1.5,12.75],"texture":"#0","tintindex":0},"north":{"uv":[1.0,12.5,1.25,12.75],"texture":"#0","tintindex":0},"west":{"uv":[12.5,1.25,12.75,1.5],"texture":"#0","tintindex":0},"up":{"uv":[1.75,12.75,1.5,12.5],"texture":"#0","tintindex":0},"down":{"uv":[12.75,1.5,12.5,1.75],"texture":"#0","tintindex":0}}}],"textures":{"particle":"#0","0":"modelengine:07ad4ca6-1c12-4265-9ef5-0db7b55e5b07"}}