{"display":{"head":{},"firstperson_righthand":{},"thirdperson_lefthand":{},"firstperson_lefthand":{},"fixed":{},"ground":{},"thirdperson_righthand":{},"gui":{"rotation":[-150.0,-45.0,180.0]}},"elements":[{"from":[18.0,6.0,4.0],"to":[21.0,8.0,6.0],"faces":{"east":{"uv":[3.25,9.5,3.75,10.0],"texture":"#0","tintindex":0},"south":{"uv":[7.75,4.0,8.5,4.5],"texture":"#0","tintindex":0},"north":{"uv":[7.75,3.5,8.5,4.0],"texture":"#0","tintindex":0},"west":{"uv":[9.5,4.5,10.0,5.0],"texture":"#0","tintindex":0},"up":{"uv":[8.5,5.0,7.75,4.5],"texture":"#0","tintindex":0},"down":{"uv":[8.5,5.0,7.75,5.5],"texture":"#0","tintindex":0}}},{"from":[21.0,8.0,7.0],"to":[22.0,9.0,8.0],"faces":{"east":{"uv":[7.5,12.25,7.75,12.5],"texture":"#0","tintindex":0},"south":{"uv":[12.25,7.5,12.5,7.75],"texture":"#0","tintindex":0},"north":{"uv":[12.25,7.25,12.5,7.5],"texture":"#0","tintindex":0},"west":{"uv":[7.75,12.25,8.0,12.5],"texture":"#0","tintindex":0},"up":{"uv":[12.5,8.0,12.25,7.75],"texture":"#0","tintindex":0},"down":{"uv":[8.25,12.25,8.0,12.5],"texture":"#0","tintindex":0}}},{"from":[19.0,7.0,5.0],"to":[21.0,9.0,8.0],"faces":{"east":{"uv":[7.0,7.75,7.75,8.25],"texture":"#0","tintindex":0},"south":{"uv":[9.5,5.5,10.0,6.0],"texture":"#0","tintindex":0},"north":{"uv":[9.5,5.0,10.0,5.5],"texture":"#0","tintindex":0},"west":{"uv":[7.75,7.75,8.5,8.25],"texture":"#0","tintindex":0},"up":{"uv":[1.25,8.5,0.75,7.75],"texture":"#0","tintindex":0},"down":{"uv":[0.5,8.0,0.0,8.75],"texture":"#0","tintindex":0}}},{"from":[18.0,6.0,3.0],"to":[19.0,7.0,4.0],"faces":{"east":{"uv":[9.0,12.25,9.25,12.5],"texture":"#0","tintindex":0},"south":{"uv":[12.25,9.0,12.5,9.25],"texture":"#0","tintindex":0},"north":{"uv":[12.25,8.75,12.5,9.0],"texture":"#0","tintindex":0},"west":{"uv":[9.25,12.25,9.5,12.5],"texture":"#0","tintindex":0},"up":{"uv":[12.5,9.5,12.25,9.25],"texture":"#0","tintindex":0},"down":{"uv":[9.75,12.25,9.5,12.5],"texture":"#0","tintindex":0}}},{"from":[21.0,9.0,5.0],"to":[22.0,10.0,6.0],"faces":{"east":{"uv":[10.5,12.25,10.75,12.5],"texture":"#0","tintindex":0},"south":{"uv":[12.25,10.5,12.5,10.75],"texture":"#0","tintindex":0},"north":{"uv":[12.25,10.25,12.5,10.5],"texture":"#0","tintindex":0},"west":{"uv":[10.75,12.25,11.0,12.5],"texture":"#0","tintindex":0},"up":{"uv":[12.5,11.0,12.25,10.75],"texture":"#0","tintindex":0},"down":{"uv":[11.25,12.25,11.0,12.5],"texture":"#0","tintindex":0}}},{"from":[20.0,9.0,6.0],"to":[22.0,11.0,8.0],"faces":{"east":{"uv":[7.25,9.5,7.75,10.0],"texture":"#0","tintindex":0},"south":{"uv":[9.5,8.25,10.0,8.75],"texture":"#0","tintindex":0},"north":{"uv":[6.25,9.5,6.75,10.0],"texture":"#0","tintindex":0},"west":{"uv":[9.0,9.5,9.5,10.0],"texture":"#0","tintindex":0},"up":{"uv":[10.0,9.5,9.5,9.0],"texture":"#0","tintindex":0},"down":{"uv":[10.0,9.5,9.5,10.0],"texture":"#0","tintindex":0}}},{"from":[20.0,6.0,3.0],"to":[21.0,7.0,4.0],"faces":{"east":{"uv":[9.75,12.25,10.0,12.5],"texture":"#0","tintindex":0},"south":{"uv":[12.25,9.75,12.5,10.0],"texture":"#0","tintindex":0},"north":{"uv":[12.25,9.5,12.5,9.75],"texture":"#0","tintindex":0},"west":{"uv":[10.0,12.25,10.25,12.5],"texture":"#0","tintindex":0},"up":{"uv":[12.5,10.25,12.25,10.0],"texture":"#0","tintindex":0},"down":{"uv":[10.5,12.25,10.25,12.5],"texture":"#0","tintindex":0}}},{"from":[19.0,9.0,6.0],"to":[20.0,10.0,7.0],"faces":{"east":{"uv":[11.25,12.25,11.5,12.5],"texture":"#0","tintindex":0},"south":{"uv":[12.25,11.25,12.5,11.5],"texture":"#0","tintindex":0},"north":{"uv":[12.25,11.0,12.5,11.25],"texture":"#0","tintindex":0},"west":{"uv":[11.5,12.25,11.75,12.5],"texture":"#0","tintindex":0},"up":{"uv":[12.5,11.75,12.25,11.5],"texture":"#0","tintindex":0},"down":{"uv":[12.0,12.25,11.75,12.5],"texture":"#0","tintindex":0}}},{"from":[18.0,7.0,6.0],"to":[19.0,8.0,7.0],"faces":{"east":{"uv":[8.25,12.25,8.5,12.5],"texture":"#0","tintindex":0},"south":{"uv":[12.25,8.25,12.5,8.5],"texture":"#0","tintindex":0},"north":{"uv":[12.25,8.0,12.5,8.25],"texture":"#0","tintindex":0},"west":{"uv":[8.5,12.25,8.75,12.5],"texture":"#0","tintindex":0},"up":{"uv":[12.5,8.75,12.25,8.5],"texture":"#0","tintindex":0},"down":{"uv":[9.0,12.25,8.75,12.5],"texture":"#0","tintindex":0}}}],"textures":{"particle":"#0","0":"modelengine:07ad4ca6-1c12-4265-9ef5-0db7b55e5b07"}}