{"overrides":[{"predicate":{"custom_model_data":1},"model":"modelengine:hv_zalthor/left_leg"},{"predicate":{"custom_model_data":2},"model":"modelengine:hv_zalthor/right_leg"},{"predicate":{"custom_model_data":3},"model":"modelengine:hv_zalthor/body"},{"predicate":{"custom_model_data":4},"model":"modelengine:hv_zalthor/left_leg2"},{"predicate":{"custom_model_data":5},"model":"modelengine:hv_zalthor/right_leg2"},{"predicate":{"custom_model_data":6},"model":"modelengine:hv_zalthor/coat"},{"predicate":{"custom_model_data":7},"model":"modelengine:hv_zalthor/left_banner"},{"predicate":{"custom_model_data":8},"model":"modelengine:hv_zalthor/right_banner"},{"predicate":{"custom_model_data":9},"model":"modelengine:hv_zalthor/right_arm"},{"predicate":{"custom_model_data":10},"model":"modelengine:hv_zalthor/left_arm"},{"predicate":{"custom_model_data":11},"model":"modelengine:hv_zalthor/bone2"},{"predicate":{"custom_model_data":12},"model":"modelengine:hv_zalthor/bone"},{"predicate":{"custom_model_data":13},"model":"modelengine:hv_zalthor/head"},{"predicate":{"custom_model_data":14},"model":"modelengine:hv_zalthor/left_leg3"},{"predicate":{"custom_model_data":15},"model":"modelengine:hv_zalthor/right_leg3"},{"predicate":{"custom_model_data":16},"model":"modelengine:hv_zalthor/coat2"},{"predicate":{"custom_model_data":17},"model":"modelengine:hv_zalthor/left_banner2"},{"predicate":{"custom_model_data":18},"model":"modelengine:hv_zalthor/right_banner2"},{"predicate":{"custom_model_data":19},"model":"modelengine:hv_zalthor/right_arm2"},{"predicate":{"custom_model_data":20},"model":"modelengine:hv_zalthor/left_arm2"},{"predicate":{"custom_model_data":21},"model":"modelengine:hv_zalthor/stars"},{"predicate":{"custom_model_data":22},"model":"modelengine:hv_zalthor/eye"},{"predicate":{"custom_model_data":23},"model":"modelengine:hv_zalthor/coat3"},{"predicate":{"custom_model_data":24},"model":"modelengine:hv_zalthor/left_banner_coat"},{"predicate":{"custom_model_data":25},"model":"modelengine:hv_zalthor/right_banner_coat"},{"predicate":{"custom_model_data":26},"model":"modelengine:hv_zalthor/right_arm3"},{"predicate":{"custom_model_data":27},"model":"modelengine:hv_zalthor/left_arm3"},{"predicate":{"custom_model_data":28},"model":"modelengine:hv_zalthor/left_banner_coat2"},{"predicate":{"custom_model_data":29},"model":"modelengine:hv_zalthor/right_banner_coat2"},{"predicate":{"custom_model_data":30},"model":"modelengine:hv_zalthor/right_index_finger"},{"predicate":{"custom_model_data":31},"model":"modelengine:hv_zalthor/hammer"},{"predicate":{"custom_model_data":32},"model":"modelengine:hv_zalthor/right_little_finger"},{"predicate":{"custom_model_data":33},"model":"modelengine:hv_zalthor/right_middle_finger"},{"predicate":{"custom_model_data":34},"model":"modelengine:hv_zalthor/left_little_finger"},{"predicate":{"custom_model_data":35},"model":"modelengine:hv_zalthor/left_index_finger"},{"predicate":{"custom_model_data":36},"model":"modelengine:hv_zalthor/left_middle_finger"},{"predicate":{"custom_model_data":37},"model":"modelengine:hv_zalthor/left_banner_coat3"},{"predicate":{"custom_model_data":38},"model":"modelengine:hv_zalthor/right_banner_coat3"},{"predicate":{"custom_model_data":39},"model":"modelengine:hv_zalthor/right_index_finger2"},{"predicate":{"custom_model_data":40},"model":"modelengine:hv_zalthor/right_little_finger2"},{"predicate":{"custom_model_data":41},"model":"modelengine:hv_zalthor/right_middle_finger2"},{"predicate":{"custom_model_data":42},"model":"modelengine:hv_zalthor/left_little_finger2"},{"predicate":{"custom_model_data":43},"model":"modelengine:hv_zalthor/left_index_finger2"},{"predicate":{"custom_model_data":44},"model":"modelengine:hv_zalthor/left_middle_finger2"}],"parent":"minecraft:item/generated","textures":{"layer0":"minecraft:item/leather_horse_armor"}}