{"parent":"minecraft:item/template_skull","overrides":[{"predicate":{"custom_model_data":1},"model":"custom/entities/player/head"},{"predicate":{"custom_model_data":2},"model":"custom/entities/player/right_arm"},{"predicate":{"custom_model_data":3},"model":"custom/entities/player/left_arm"},{"predicate":{"custom_model_data":4},"model":"custom/entities/player/torso"},{"predicate":{"custom_model_data":5},"model":"custom/entities/player/right_leg"},{"predicate":{"custom_model_data":6},"model":"custom/entities/player/left_leg"},{"predicate":{"custom_model_data":7},"model":"custom/entities/player/slim_right"},{"predicate":{"custom_model_data":8},"model":"custom/entities/player/slim_left"}],"mcmodels":"a2b9941f4c829633b96bfc76f75ad991"}