{"display":{"head":{},"firstperson_righthand":{},"thirdperson_lefthand":{},"firstperson_lefthand":{},"fixed":{},"ground":{},"thirdperson_righthand":{},"gui":{"rotation":[-150.0,-45.0,180.0]}},"elements":[{"from":[6.6,4.2000003,6.6],"to":[9.4,9.0,9.4],"faces":{"east":{"uv":[9.25,4.5,10.0,5.75],"texture":"#0","tintindex":0},"south":{"uv":[9.25,8.25,10.0,9.5],"texture":"#0","tintindex":0},"north":{"uv":[9.25,3.0,10.0,4.25],"texture":"#0","tintindex":0},"west":{"uv":[9.5,0.0,10.25,1.25],"texture":"#0","tintindex":0},"up":{"uv":[10.25,11.25,9.5,10.5],"texture":"#0","tintindex":0},"down":{"uv":[11.25,10.5,10.5,11.25],"texture":"#0","tintindex":0}}}],"textures":{"particle":"#0","0":"modelengine:faa38cbb-b396-49cb-ab5d-ec22c06b254d"}}