{"display":{"head":{},"firstperson_righthand":{},"thirdperson_lefthand":{},"firstperson_lefthand":{},"fixed":{},"ground":{},"thirdperson_righthand":{},"gui":{"rotation":[-150.0,-45.0,180.0]}},"elements":[{"from":[6.6,4.1,6.6],"to":[9.4,8.9,9.4],"faces":{"east":{"uv":[0.0,8.25,0.75,9.5],"texture":"#0","tintindex":0},"south":{"uv":[1.0,8.25,1.75,9.5],"texture":"#0","tintindex":0},"north":{"uv":[8.0,6.75,8.75,8.0],"texture":"#0","tintindex":0},"west":{"uv":[2.0,8.25,2.75,9.5],"texture":"#0","tintindex":0},"up":{"uv":[11.0,4.25,10.25,3.5],"texture":"#0","tintindex":0},"down":{"uv":[11.0,4.5,10.25,5.25],"texture":"#0","tintindex":0}}}],"textures":{"particle":"#0","0":"modelengine:faa38cbb-b396-49cb-ab5d-ec22c06b254d"}}