{"textures":{"0":"modelengine:entity/duck44","particle":"#0"},"elements":[{"from":[6.0,2.9638767,9.992413],"to":[9.0,3.9638767,12.992413],"faces":{"east":{"uv":[5.5,13.5,6.25,13.75],"tintindex":0,"rotation":0,"texture":"#0"},"south":{"uv":[6.25,13.5,7.0,13.75],"tintindex":0,"rotation":0,"texture":"#0"},"north":{"uv":[13.5,5.25,14.25,5.5],"tintindex":0,"rotation":0,"texture":"#0"},"west":{"uv":[7.0,13.5,7.75,13.75],"tintindex":0,"rotation":0,"texture":"#0"},"up":{"uv":[8.5,10.75,7.75,10.0],"tintindex":0,"rotation":0,"texture":"#0"},"down":{"uv":[11.25,2.5,10.5,3.25],"tintindex":0,"rotation":0,"texture":"#0"}}}],"display":{"head":{"rotation":[25.0,0.0,-0.0]},"firstperson_righthand":{"rotation":[25.0,0.0,-0.0]},"thirdperson_lefthand":{"rotation":[25.0,-0.0,0.0]},"firstperson_lefthand":{"rotation":[25.0,-0.0,0.0]},"fixed":{"rotation":[25.0,0.0,-0.0]},"ground":{"rotation":[25.0,0.0,-0.0]},"thirdperson_righthand":{"rotation":[25.0,0.0,-0.0]},"gui":{"rotation":[176.5968,-39.85571,157.0902]}}}