{"textures":{"0":"modelengine:entity/robot","particle":"#0"},"elements":[{"from":[1.0,8.0,2.0],"to":[15.0,31.0,13.0],"faces":{"east":{"uv":[0.0,0.0,3.6666667,7.666667],"tintindex":0,"rotation":0,"texture":"#0"},"south":{"uv":[0.0,0.0,4.666667,7.666667],"tintindex":0,"rotation":0,"texture":"#0"},"north":{"uv":[0.0,0.0,4.666667,7.666667],"tintindex":0,"rotation":0,"texture":"#0"},"west":{"uv":[0.0,0.0,3.6666667,7.666667],"tintindex":0,"rotation":0,"texture":"#0"},"up":{"uv":[0.0,0.0,4.666667,3.6666667],"tintindex":0,"rotation":0,"texture":"#0"},"down":{"uv":[0.0,0.0,4.666667,3.6666667],"tintindex":0,"rotation":0,"texture":"#0"}}}],"display":{"head":{"rotation":[0.0,0.0,0.0]},"firstperson_righthand":{"rotation":[0.0,0.0,0.0]},"thirdperson_lefthand":{"rotation":[0.0,-0.0,-0.0]},"firstperson_lefthand":{"rotation":[0.0,-0.0,-0.0]},"fixed":{"rotation":[0.0,0.0,0.0]},"ground":{"rotation":[0.0,0.0,0.0]},"thirdperson_righthand":{"rotation":[0.0,0.0,0.0]},"gui":{"rotation":[-150.0,-45.0,180.0]}}}