{"display":{"head":{},"firstperson_righthand":{},"thirdperson_lefthand":{},"firstperson_lefthand":{},"fixed":{},"ground":{},"thirdperson_righthand":{},"gui":{"rotation":[-150.0,-45.0,180.0]}},"elements":[{"from":[1.0,8.0,7.0],"to":[3.0,12.0,9.0],"faces":{"east":{"uv":[6.3333335,8.666667,7.0,10.0],"texture":"#0","tintindex":0},"south":{"uv":[0.0,11.0,0.6666667,12.333334],"texture":"#0","tintindex":0},"north":{"uv":[6.3333335,7.3333335,7.0,8.666667],"texture":"#0","tintindex":0},"west":{"uv":[0.6666667,11.0,1.3333334,12.333334],"texture":"#0","tintindex":0},"up":{"uv":[6.0,10.0,5.3333335,9.333334],"texture":"#0","tintindex":0},"down":{"uv":[12.0,1.0,11.333334,1.6666667],"texture":"#0","tintindex":0}}},{"from":[13.0,8.0,7.0],"to":[15.0,12.0,9.0],"faces":{"east":{"uv":[6.666667,11.0,7.3333335,12.333334],"texture":"#0","tintindex":0},"south":{"uv":[7.3333335,11.0,8.0,12.333334],"texture":"#0","tintindex":0},"north":{"uv":[6.0,11.0,6.666667,12.333334],"texture":"#0","tintindex":0},"west":{"uv":[8.0,11.0,8.666667,12.333334],"texture":"#0","tintindex":0},"up":{"uv":[12.0,5.666667,11.333334,5.0],"texture":"#0","tintindex":0},"down":{"uv":[12.0,5.666667,11.333334,6.3333335],"texture":"#0","tintindex":0}}},{"from":[13.0,4.0,7.0],"to":[15.0,8.0,9.0],"faces":{"east":{"uv":[9.333334,11.0,10.0,12.333334],"texture":"#0","tintindex":0},"south":{"uv":[10.0,11.0,10.666667,12.333334],"texture":"#0","tintindex":0},"north":{"uv":[8.666667,11.0,9.333334,12.333334],"texture":"#0","tintindex":0},"west":{"uv":[10.666667,11.0,11.333334,12.333334],"texture":"#0","tintindex":0},"up":{"uv":[12.0,7.0,11.333334,6.3333335],"texture":"#0","tintindex":0},"down":{"uv":[12.0,7.0,11.333334,7.666667],"texture":"#0","tintindex":0}}},{"from":[1.0,4.0,7.0],"to":[3.0,8.0,9.0],"faces":{"east":{"uv":[2.0,11.0,2.6666667,12.333334],"texture":"#0","tintindex":0},"south":{"uv":[2.6666667,11.0,3.3333335,12.333334],"texture":"#0","tintindex":0},"north":{"uv":[1.3333334,11.0,2.0,12.333334],"texture":"#0","tintindex":0},"west":{"uv":[5.3333335,11.0,6.0,12.333334],"texture":"#0","tintindex":0},"up":{"uv":[12.0,2.3333335,11.333334,1.6666667],"texture":"#0","tintindex":0},"down":{"uv":[12.0,2.3333335,11.333334,3.0],"texture":"#0","tintindex":0}}}],"textures":{"particle":"#0","0":"modelengine:034026fa-584f-4b11-9550-c5c144f45d23"}}