{"display":{"head":{},"firstperson_righthand":{},"thirdperson_lefthand":{},"firstperson_lefthand":{},"fixed":{},"ground":{},"thirdperson_righthand":{},"gui":{"rotation":[-150.0,-45.0,180.0]}},"elements":[{"from":[3.0,8.0,2.0],"to":[13.0,18.0,13.0],"faces":{"east":{"uv":[0.0,0.0,3.6666667,3.3333335],"texture":"#0","tintindex":0},"south":{"uv":[7.0,0.0,10.333334,3.3333335],"texture":"#0","tintindex":0},"north":{"uv":[0.0,6.666667,3.3333335,10.0],"texture":"#0","tintindex":0},"west":{"uv":[0.0,3.3333335,3.6666667,6.666667],"texture":"#0","tintindex":0},"up":{"uv":[7.0,3.6666667,3.6666667,0.0],"texture":"#0","tintindex":0},"down":{"uv":[7.0,3.6666667,3.6666667,7.3333335],"texture":"#0","tintindex":0}}},{"from":[3.0,-2.0,7.0],"to":[13.0,8.0,10.0],"faces":{"east":{"uv":[3.3333335,7.3333335,4.3333335,10.666667],"texture":"#0","tintindex":0},"south":{"uv":[7.0,6.666667,10.333334,10.0],"texture":"#0","tintindex":0},"north":{"uv":[7.0,3.3333335,10.333334,6.666667],"texture":"#0","tintindex":0},"west":{"uv":[4.3333335,7.3333335,5.3333335,10.666667],"texture":"#0","tintindex":0},"up":{"uv":[3.3333335,11.0,0.0,10.0],"texture":"#0","tintindex":0},"down":{"uv":[8.666667,10.0,5.3333335,11.0],"texture":"#0","tintindex":0}}}],"textures":{"particle":"#0","0":"modelengine:034026fa-584f-4b11-9550-c5c144f45d23"}}